image_id,experimental_split,experimental_image_path,experimental_mask_path,image_width,image_height,image_channels,image_dtype,image_format,mask_width,mask_height,mask_channels,mask_dtype,mask_format,mask_values,same_dimensions,metadata_source
789,train,data/processed/MMOTU_OTU_2D_experimental/train/images/789.JPG,data/processed/MMOTU_OTU_2D_experimental/train/masks/789_binary.PNG,860,622,3,uint8,.JPG,860,622,1,uint8,.PNG,"0,1",True,recalculated_from_experimental_copy
312,train,data/processed/MMOTU_OTU_2D_experimental/train/images/312.JPG,data/processed/MMOTU_OTU_2D_experimental/train/masks/312_binary.PNG,479,532,3,uint8,.JPG,479,532,1,uint8,.PNG,"0,1",True,recalculated_from_experimental_copy
1196,train,data/processed/MMOTU_OTU_2D_experimental/train/images/1196.JPG,data/processed/MMOTU_OTU_2D_experimental/train/masks/1196_binary.PNG,958,534,3,uint8,.JPG,958,534,1,uint8,.PNG,"0,1",True,recalculated_from_experimental_copy
297,train,data/processed/MMOTU_OTU_2D_experimental/train/images/297.JPG,data/processed/MMOTU_OTU_2D_experimental/train/masks/297_binary.PNG,958,531,3,uint8,.JPG,958,531,1,uint8,.PNG,"0,1",True,recalculated_from_experimental_copy
263,train,data/processed/MMOTU_OTU_2D_experimental/train/images/263.JPG,data/processed/MMOTU_OTU_2D_experimental/train/masks/263_binary.PNG,480,532,3,uint8,.JPG,480,532,1,uint8,.PNG,"0,1",True,recalculated_from_experimental_copy
1067,train,data/processed/MMOTU_OTU_2D_experimental/train/images/1067.JPG,data/processed/MMOTU_OTU_2D_experimental/train/masks/1067_binary.PNG,481,530,3,uint8,.JPG,481,530,1,uint8,.PNG,"0,1",True,recalculated_from_experimental_copy
222,train,data/processed/MMOTU_OTU_2D_experimental/train/images/222.JPG,data/processed/MMOTU_OTU_2D_experimental/train/masks/222_binary.PNG,479,532,3,uint8,.JPG,479,532,1,uint8,.PNG,"0,1",True,recalculated_from_experimental_copy
122,train,data/processed/MMOTU_OTU_2D_experimental/train/images/122.JPG,data/processed/MMOTU_OTU_2D_experimental/train/masks/122_binary.PNG,480,530,3,uint8,.JPG,480,530,1,uint8,.PNG,"0,1",True,recalculated_from_experimental_copy
1,train,data/processed/MMOTU_OTU_2D_experimental/train/images/1.JPG,data/processed/MMOTU_OTU_2D_experimental/train/masks/1_binary.PNG,959,537,3,uint8,.JPG,959,537,1,uint8,.PNG,"0,1",True,recalculated_from_experimental_copy
78,train,data/processed/MMOTU_OTU_2D_experimental/train/images/78.JPG,data/processed/MMOTU_OTU_2D_experimental/train/masks/78_binary.PNG,962,661,3,uint8,.JPG,962,661,1,uint8,.PNG,"0,1",True,recalculated_from_experimental_copy
994,train,data/processed/MMOTU_OTU_2D_experimental/train/images/994.JPG,data/processed/MMOTU_OTU_2D_experimental/train/masks/994_binary.PNG,477,517,3,uint8,.JPG,477,517,1,uint8,.PNG,"0,1",True,recalculated_from_experimental_copy
1131,train,data/processed/MMOTU_OTU_2D_experimental/train/images/1131.JPG,data/processed/MMOTU_OTU_2D_experimental/train/masks/1131_binary.PNG,959,530,3,uint8,.JPG,959,530,1,uint8,.PNG,"0,1",True,recalculated_from_experimental_copy
1424,train,data/processed/MMOTU_OTU_2D_experimental/train/images/1424.JPG,data/processed/MMOTU_OTU_2D_experimental/train/masks/1424_binary.PNG,959,531,3,uint8,.JPG,959,531,1,uint8,.PNG,"0,1",True,recalculated_from_experimental_copy
1309,train,data/processed/MMOTU_OTU_2D_experimental/train/images/1309.JPG,data/processed/MMOTU_OTU_2D_experimental/train/masks/1309_binary.PNG,964,616,3,uint8,.JPG,964,616,1,uint8,.PNG,"0,1",True,recalculated_from_experimental_copy
941,train,data/processed/MMOTU_OTU_2D_experimental/train/images/941.JPG,data/processed/MMOTU_OTU_2D_experimental/train/masks/941_binary.PNG,569,591,3,uint8,.JPG,569,591,1,uint8,.PNG,"0,1",True,recalculated_from_experimental_copy
1465,train,data/processed/MMOTU_OTU_2D_experimental/train/images/1465.JPG,data/processed/MMOTU_OTU_2D_experimental/train/masks/1465_binary.PNG,958,535,3,uint8,.JPG,958,535,1,uint8,.PNG,"0,1",True,recalculated_from_experimental_copy
710,train,data/processed/MMOTU_OTU_2D_experimental/train/images/710.JPG,data/processed/MMOTU_OTU_2D_experimental/train/masks/710_binary.PNG,480,552,3,uint8,.JPG,480,552,1,uint8,.PNG,"0,1",True,recalculated_from_experimental_copy
507,train,data/processed/MMOTU_OTU_2D_experimental/train/images/507.JPG,data/processed/MMOTU_OTU_2D_experimental/train/masks/507_binary.PNG,479,545,3,uint8,.JPG,479,545,1,uint8,.PNG,"0,1",True,recalculated_from_experimental_copy
1126,train,data/processed/MMOTU_OTU_2D_experimental/train/images/1126.JPG,data/processed/MMOTU_OTU_2D_experimental/train/masks/1126_binary.PNG,957,604,3,uint8,.JPG,957,604,1,uint8,.PNG,"0,1",True,recalculated_from_experimental_copy
1237,train,data/processed/MMOTU_OTU_2D_experimental/train/images/1237.JPG,data/processed/MMOTU_OTU_2D_experimental/train/masks/1237_binary.PNG,1135,595,3,uint8,.JPG,1135,595,1,uint8,.PNG,"0,1",True,recalculated_from_experimental_copy
50,train,data/processed/MMOTU_OTU_2D_experimental/train/images/50.JPG,data/processed/MMOTU_OTU_2D_experimental/train/masks/50_binary.PNG,847,614,3,uint8,.JPG,847,614,1,uint8,.PNG,"0,1",True,recalculated_from_experimental_copy
766,train,data/processed/MMOTU_OTU_2D_experimental/train/images/766.JPG,data/processed/MMOTU_OTU_2D_experimental/train/masks/766_binary.PNG,566,611,3,uint8,.JPG,566,611,1,uint8,.PNG,"0,1",True,recalculated_from_experimental_copy
1093,train,data/processed/MMOTU_OTU_2D_experimental/train/images/1093.JPG,data/processed/MMOTU_OTU_2D_experimental/train/masks/1093_binary.PNG,957,525,3,uint8,.JPG,957,525,1,uint8,.PNG,"0,1",True,recalculated_from_experimental_copy
32,train,data/processed/MMOTU_OTU_2D_experimental/train/images/32.JPG,data/processed/MMOTU_OTU_2D_experimental/train/masks/32_binary.PNG,479,533,3,uint8,.JPG,479,533,1,uint8,.PNG,"0,1",True,recalculated_from_experimental_copy
211,train,data/processed/MMOTU_OTU_2D_experimental/train/images/211.JPG,data/processed/MMOTU_OTU_2D_experimental/train/masks/211_binary.PNG,972,531,3,uint8,.JPG,972,531,1,uint8,.PNG,"0,1",True,recalculated_from_experimental_copy
859,train,data/processed/MMOTU_OTU_2D_experimental/train/images/859.JPG,data/processed/MMOTU_OTU_2D_experimental/train/masks/859_binary.PNG,956,537,3,uint8,.JPG,956,537,1,uint8,.PNG,"0,1",True,recalculated_from_experimental_copy
990,train,data/processed/MMOTU_OTU_2D_experimental/train/images/990.JPG,data/processed/MMOTU_OTU_2D_experimental/train/masks/990_binary.PNG,690,545,3,uint8,.JPG,690,545,1,uint8,.PNG,"0,1",True,recalculated_from_experimental_copy
828,train,data/processed/MMOTU_OTU_2D_experimental/train/images/828.JPG,data/processed/MMOTU_OTU_2D_experimental/train/masks/828_binary.PNG,971,531,3,uint8,.JPG,971,531,1,uint8,.PNG,"0,1",True,recalculated_from_experimental_copy
1318,train,data/processed/MMOTU_OTU_2D_experimental/train/images/1318.JPG,data/processed/MMOTU_OTU_2D_experimental/train/masks/1318_binary.PNG,483,536,3,uint8,.JPG,483,536,1,uint8,.PNG,"0,1",True,recalculated_from_experimental_copy
373,train,data/processed/MMOTU_OTU_2D_experimental/train/images/373.JPG,data/processed/MMOTU_OTU_2D_experimental/train/masks/373_binary.PNG,480,536,3,uint8,.JPG,480,536,1,uint8,.PNG,"0,1",True,recalculated_from_experimental_copy
984,train,data/processed/MMOTU_OTU_2D_experimental/train/images/984.JPG,data/processed/MMOTU_OTU_2D_experimental/train/masks/984_binary.PNG,569,590,3,uint8,.JPG,569,590,1,uint8,.PNG,"0,1",True,recalculated_from_experimental_copy
578,train,data/processed/MMOTU_OTU_2D_experimental/train/images/578.JPG,data/processed/MMOTU_OTU_2D_experimental/train/masks/578_binary.PNG,480,556,3,uint8,.JPG,480,556,1,uint8,.PNG,"0,1",True,recalculated_from_experimental_copy
744,train,data/processed/MMOTU_OTU_2D_experimental/train/images/744.JPG,data/processed/MMOTU_OTU_2D_experimental/train/masks/744_binary.PNG,958,543,3,uint8,.JPG,958,543,1,uint8,.PNG,"0,1",True,recalculated_from_experimental_copy
1153,train,data/processed/MMOTU_OTU_2D_experimental/train/images/1153.JPG,data/processed/MMOTU_OTU_2D_experimental/train/masks/1153_binary.PNG,1135,640,3,uint8,.JPG,1135,640,1,uint8,.PNG,"0,1",True,recalculated_from_experimental_copy
157,train,data/processed/MMOTU_OTU_2D_experimental/train/images/157.JPG,data/processed/MMOTU_OTU_2D_experimental/train/masks/157_binary.PNG,961,529,3,uint8,.JPG,961,529,1,uint8,.PNG,"0,1",True,recalculated_from_experimental_copy
1226,train,data/processed/MMOTU_OTU_2D_experimental/train/images/1226.JPG,data/processed/MMOTU_OTU_2D_experimental/train/masks/1226_binary.PNG,1135,592,3,uint8,.JPG,1135,592,1,uint8,.PNG,"0,1",True,recalculated_from_experimental_copy
1326,train,data/processed/MMOTU_OTU_2D_experimental/train/images/1326.JPG,data/processed/MMOTU_OTU_2D_experimental/train/masks/1326_binary.PNG,483,539,3,uint8,.JPG,483,539,1,uint8,.PNG,"0,1",True,recalculated_from_experimental_copy
583,train,data/processed/MMOTU_OTU_2D_experimental/train/images/583.JPG,data/processed/MMOTU_OTU_2D_experimental/train/masks/583_binary.PNG,481,555,3,uint8,.JPG,481,555,1,uint8,.PNG,"0,1",True,recalculated_from_experimental_copy
1195,train,data/processed/MMOTU_OTU_2D_experimental/train/images/1195.JPG,data/processed/MMOTU_OTU_2D_experimental/train/masks/1195_binary.PNG,957,534,3,uint8,.JPG,957,534,1,uint8,.PNG,"0,1",True,recalculated_from_experimental_copy
555,train,data/processed/MMOTU_OTU_2D_experimental/train/images/555.JPG,data/processed/MMOTU_OTU_2D_experimental/train/masks/555_binary.PNG,480,544,3,uint8,.JPG,480,544,1,uint8,.PNG,"0,1",True,recalculated_from_experimental_copy
1228,train,data/processed/MMOTU_OTU_2D_experimental/train/images/1228.JPG,data/processed/MMOTU_OTU_2D_experimental/train/masks/1228_binary.PNG,480,538,3,uint8,.JPG,480,538,1,uint8,.PNG,"0,1",True,recalculated_from_experimental_copy
45,train,data/processed/MMOTU_OTU_2D_experimental/train/images/45.JPG,data/processed/MMOTU_OTU_2D_experimental/train/masks/45_binary.PNG,941,536,3,uint8,.JPG,941,536,1,uint8,.PNG,"0,1",True,recalculated_from_experimental_copy
603,train,data/processed/MMOTU_OTU_2D_experimental/train/images/603.JPG,data/processed/MMOTU_OTU_2D_experimental/train/masks/603_binary.PNG,959,542,3,uint8,.JPG,959,542,1,uint8,.PNG,"0,1",True,recalculated_from_experimental_copy
1118,train,data/processed/MMOTU_OTU_2D_experimental/train/images/1118.JPG,data/processed/MMOTU_OTU_2D_experimental/train/masks/1118_binary.PNG,958,662,3,uint8,.JPG,958,662,1,uint8,.PNG,"0,1",True,recalculated_from_experimental_copy
737,train,data/processed/MMOTU_OTU_2D_experimental/train/images/737.JPG,data/processed/MMOTU_OTU_2D_experimental/train/masks/737_binary.PNG,477,557,3,uint8,.JPG,477,557,1,uint8,.PNG,"0,1",True,recalculated_from_experimental_copy
1304,train,data/processed/MMOTU_OTU_2D_experimental/train/images/1304.JPG,data/processed/MMOTU_OTU_2D_experimental/train/masks/1304_binary.PNG,958,537,3,uint8,.JPG,958,537,1,uint8,.PNG,"0,1",True,recalculated_from_experimental_copy
769,train,data/processed/MMOTU_OTU_2D_experimental/train/images/769.JPG,data/processed/MMOTU_OTU_2D_experimental/train/masks/769_binary.PNG,388,524,3,uint8,.JPG,388,524,1,uint8,.PNG,"0,1",True,recalculated_from_experimental_copy
1182,train,data/processed/MMOTU_OTU_2D_experimental/train/images/1182.JPG,data/processed/MMOTU_OTU_2D_experimental/train/masks/1182_binary.PNG,1134,595,3,uint8,.JPG,1134,595,1,uint8,.PNG,"0,1",True,recalculated_from_experimental_copy
1301,train,data/processed/MMOTU_OTU_2D_experimental/train/images/1301.JPG,data/processed/MMOTU_OTU_2D_experimental/train/masks/1301_binary.PNG,1135,587,3,uint8,.JPG,1135,587,1,uint8,.PNG,"0,1",True,recalculated_from_experimental_copy
1394,train,data/processed/MMOTU_OTU_2D_experimental/train/images/1394.JPG,data/processed/MMOTU_OTU_2D_experimental/train/masks/1394_binary.PNG,571,590,3,uint8,.JPG,571,590,1,uint8,.PNG,"0,1",True,recalculated_from_experimental_copy
696,train,data/processed/MMOTU_OTU_2D_experimental/train/images/696.JPG,data/processed/MMOTU_OTU_2D_experimental/train/masks/696_binary.PNG,866,617,3,uint8,.JPG,866,617,1,uint8,.PNG,"0,1",True,recalculated_from_experimental_copy
886,train,data/processed/MMOTU_OTU_2D_experimental/train/images/886.JPG,data/processed/MMOTU_OTU_2D_experimental/train/masks/886_binary.PNG,565,587,3,uint8,.JPG,565,587,1,uint8,.PNG,"0,1",True,recalculated_from_experimental_copy
65,train,data/processed/MMOTU_OTU_2D_experimental/train/images/65.JPG,data/processed/MMOTU_OTU_2D_experimental/train/masks/65_binary.PNG,863,605,3,uint8,.JPG,863,605,1,uint8,.PNG,"0,1",True,recalculated_from_experimental_copy
499,train,data/processed/MMOTU_OTU_2D_experimental/train/images/499.JPG,data/processed/MMOTU_OTU_2D_experimental/train/masks/499_binary.PNG,483,549,3,uint8,.JPG,483,549,1,uint8,.PNG,"0,1",True,recalculated_from_experimental_copy
105,train,data/processed/MMOTU_OTU_2D_experimental/train/images/105.JPG,data/processed/MMOTU_OTU_2D_experimental/train/masks/105_binary.PNG,823,597,3,uint8,.JPG,823,597,1,uint8,.PNG,"0,1",True,recalculated_from_experimental_copy
389,train,data/processed/MMOTU_OTU_2D_experimental/train/images/389.JPG,data/processed/MMOTU_OTU_2D_experimental/train/masks/389_binary.PNG,938,537,3,uint8,.JPG,938,537,1,uint8,.PNG,"0,1",True,recalculated_from_experimental_copy
72,train,data/processed/MMOTU_OTU_2D_experimental/train/images/72.JPG,data/processed/MMOTU_OTU_2D_experimental/train/masks/72_binary.PNG,959,535,3,uint8,.JPG,959,535,1,uint8,.PNG,"0,1",True,recalculated_from_experimental_copy
55,train,data/processed/MMOTU_OTU_2D_experimental/train/images/55.JPG,data/processed/MMOTU_OTU_2D_experimental/train/masks/55_binary.PNG,548,624,3,uint8,.JPG,548,624,1,uint8,.PNG,"0,1",True,recalculated_from_experimental_copy
262,train,data/processed/MMOTU_OTU_2D_experimental/train/images/262.JPG,data/processed/MMOTU_OTU_2D_experimental/train/masks/262_binary.PNG,481,530,3,uint8,.JPG,481,530,1,uint8,.PNG,"0,1",True,recalculated_from_experimental_copy
646,train,data/processed/MMOTU_OTU_2D_experimental/train/images/646.JPG,data/processed/MMOTU_OTU_2D_experimental/train/masks/646_binary.PNG,970,557,3,uint8,.JPG,970,557,1,uint8,.PNG,"0,1",True,recalculated_from_experimental_copy
513,train,data/processed/MMOTU_OTU_2D_experimental/train/images/513.JPG,data/processed/MMOTU_OTU_2D_experimental/train/masks/513_binary.PNG,479,549,3,uint8,.JPG,479,549,1,uint8,.PNG,"0,1",True,recalculated_from_experimental_copy
564,train,data/processed/MMOTU_OTU_2D_experimental/train/images/564.JPG,data/processed/MMOTU_OTU_2D_experimental/train/masks/564_binary.PNG,481,544,3,uint8,.JPG,481,544,1,uint8,.PNG,"0,1",True,recalculated_from_experimental_copy
142,train,data/processed/MMOTU_OTU_2D_experimental/train/images/142.JPG,data/processed/MMOTU_OTU_2D_experimental/train/masks/142_binary.PNG,479,532,3,uint8,.JPG,479,532,1,uint8,.PNG,"0,1",True,recalculated_from_experimental_copy
688,train,data/processed/MMOTU_OTU_2D_experimental/train/images/688.JPG,data/processed/MMOTU_OTU_2D_experimental/train/masks/688_binary.PNG,478,544,3,uint8,.JPG,478,544,1,uint8,.PNG,"0,1",True,recalculated_from_experimental_copy
286,train,data/processed/MMOTU_OTU_2D_experimental/train/images/286.JPG,data/processed/MMOTU_OTU_2D_experimental/train/masks/286_binary.PNG,958,533,3,uint8,.JPG,958,533,1,uint8,.PNG,"0,1",True,recalculated_from_experimental_copy
961,train,data/processed/MMOTU_OTU_2D_experimental/train/images/961.JPG,data/processed/MMOTU_OTU_2D_experimental/train/masks/961_binary.PNG,957,518,3,uint8,.JPG,957,518,1,uint8,.PNG,"0,1",True,recalculated_from_experimental_copy
721,train,data/processed/MMOTU_OTU_2D_experimental/train/images/721.JPG,data/processed/MMOTU_OTU_2D_experimental/train/masks/721_binary.PNG,482,560,3,uint8,.JPG,482,560,1,uint8,.PNG,"0,1",True,recalculated_from_experimental_copy
1040,train,data/processed/MMOTU_OTU_2D_experimental/train/images/1040.JPG,data/processed/MMOTU_OTU_2D_experimental/train/masks/1040_binary.PNG,958,527,3,uint8,.JPG,958,527,1,uint8,.PNG,"0,1",True,recalculated_from_experimental_copy
38,train,data/processed/MMOTU_OTU_2D_experimental/train/images/38.JPG,data/processed/MMOTU_OTU_2D_experimental/train/masks/38_binary.PNG,481,535,3,uint8,.JPG,481,535,1,uint8,.PNG,"0,1",True,recalculated_from_experimental_copy
681,train,data/processed/MMOTU_OTU_2D_experimental/train/images/681.JPG,data/processed/MMOTU_OTU_2D_experimental/train/masks/681_binary.PNG,478,534,3,uint8,.JPG,478,534,1,uint8,.PNG,"0,1",True,recalculated_from_experimental_copy
270,train,data/processed/MMOTU_OTU_2D_experimental/train/images/270.JPG,data/processed/MMOTU_OTU_2D_experimental/train/masks/270_binary.PNG,568,593,3,uint8,.JPG,568,593,1,uint8,.PNG,"0,1",True,recalculated_from_experimental_copy
518,train,data/processed/MMOTU_OTU_2D_experimental/train/images/518.JPG,data/processed/MMOTU_OTU_2D_experimental/train/masks/518_binary.PNG,959,565,3,uint8,.JPG,959,565,1,uint8,.PNG,"0,1",True,recalculated_from_experimental_copy
176,train,data/processed/MMOTU_OTU_2D_experimental/train/images/176.JPG,data/processed/MMOTU_OTU_2D_experimental/train/masks/176_binary.PNG,958,533,3,uint8,.JPG,958,533,1,uint8,.PNG,"0,1",True,recalculated_from_experimental_copy
343,train,data/processed/MMOTU_OTU_2D_experimental/train/images/343.JPG,data/processed/MMOTU_OTU_2D_experimental/train/masks/343_binary.PNG,958,531,3,uint8,.JPG,958,531,1,uint8,.PNG,"0,1",True,recalculated_from_experimental_copy
708,train,data/processed/MMOTU_OTU_2D_experimental/train/images/708.JPG,data/processed/MMOTU_OTU_2D_experimental/train/masks/708_binary.PNG,480,550,3,uint8,.JPG,480,550,1,uint8,.PNG,"0,1",True,recalculated_from_experimental_copy
612,train,data/processed/MMOTU_OTU_2D_experimental/train/images/612.JPG,data/processed/MMOTU_OTU_2D_experimental/train/masks/612_binary.PNG,964,548,3,uint8,.JPG,964,548,1,uint8,.PNG,"0,1",True,recalculated_from_experimental_copy
43,train,data/processed/MMOTU_OTU_2D_experimental/train/images/43.JPG,data/processed/MMOTU_OTU_2D_experimental/train/masks/43_binary.PNG,481,534,3,uint8,.JPG,481,534,1,uint8,.PNG,"0,1",True,recalculated_from_experimental_copy
1142,train,data/processed/MMOTU_OTU_2D_experimental/train/images/1142.JPG,data/processed/MMOTU_OTU_2D_experimental/train/masks/1142_binary.PNG,958,530,3,uint8,.JPG,958,530,1,uint8,.PNG,"0,1",True,recalculated_from_experimental_copy
115,train,data/processed/MMOTU_OTU_2D_experimental/train/images/115.JPG,data/processed/MMOTU_OTU_2D_experimental/train/masks/115_binary.PNG,957,535,3,uint8,.JPG,957,535,1,uint8,.PNG,"0,1",True,recalculated_from_experimental_copy
1239,train,data/processed/MMOTU_OTU_2D_experimental/train/images/1239.JPG,data/processed/MMOTU_OTU_2D_experimental/train/masks/1239_binary.PNG,567,594,3,uint8,.JPG,567,594,1,uint8,.PNG,"0,1",True,recalculated_from_experimental_copy
519,train,data/processed/MMOTU_OTU_2D_experimental/train/images/519.JPG,data/processed/MMOTU_OTU_2D_experimental/train/masks/519_binary.PNG,479,527,3,uint8,.JPG,479,527,1,uint8,.PNG,"0,1",True,recalculated_from_experimental_copy
570,train,data/processed/MMOTU_OTU_2D_experimental/train/images/570.JPG,data/processed/MMOTU_OTU_2D_experimental/train/masks/570_binary.PNG,569,612,3,uint8,.JPG,569,612,1,uint8,.PNG,"0,1",True,recalculated_from_experimental_copy
192,train,data/processed/MMOTU_OTU_2D_experimental/train/images/192.JPG,data/processed/MMOTU_OTU_2D_experimental/train/masks/192_binary.PNG,480,532,3,uint8,.JPG,480,532,1,uint8,.PNG,"0,1",True,recalculated_from_experimental_copy
852,train,data/processed/MMOTU_OTU_2D_experimental/train/images/852.JPG,data/processed/MMOTU_OTU_2D_experimental/train/masks/852_binary.PNG,482,274,3,uint8,.JPG,482,274,1,uint8,.PNG,"0,1",True,recalculated_from_experimental_copy
630,train,data/processed/MMOTU_OTU_2D_experimental/train/images/630.JPG,data/processed/MMOTU_OTU_2D_experimental/train/masks/630_binary.PNG,957,614,3,uint8,.JPG,957,614,1,uint8,.PNG,"0,1",True,recalculated_from_experimental_copy
942,train,data/processed/MMOTU_OTU_2D_experimental/train/images/942.JPG,data/processed/MMOTU_OTU_2D_experimental/train/masks/942_binary.PNG,567,588,3,uint8,.JPG,567,588,1,uint8,.PNG,"0,1",True,recalculated_from_experimental_copy
879,train,data/processed/MMOTU_OTU_2D_experimental/train/images/879.JPG,data/processed/MMOTU_OTU_2D_experimental/train/masks/879_binary.PNG,959,586,3,uint8,.JPG,959,586,1,uint8,.PNG,"0,1",True,recalculated_from_experimental_copy
1282,train,data/processed/MMOTU_OTU_2D_experimental/train/images/1282.JPG,data/processed/MMOTU_OTU_2D_experimental/train/masks/1282_binary.PNG,1116,588,3,uint8,.JPG,1116,588,1,uint8,.PNG,"0,1",True,recalculated_from_experimental_copy
903,train,data/processed/MMOTU_OTU_2D_experimental/train/images/903.JPG,data/processed/MMOTU_OTU_2D_experimental/train/masks/903_binary.PNG,566,585,3,uint8,.JPG,566,585,1,uint8,.PNG,"0,1",True,recalculated_from_experimental_copy
182,train,data/processed/MMOTU_OTU_2D_experimental/train/images/182.JPG,data/processed/MMOTU_OTU_2D_experimental/train/masks/182_binary.PNG,958,535,3,uint8,.JPG,958,535,1,uint8,.PNG,"0,1",True,recalculated_from_experimental_copy
407,train,data/processed/MMOTU_OTU_2D_experimental/train/images/407.JPG,data/processed/MMOTU_OTU_2D_experimental/train/masks/407_binary.PNG,958,531,3,uint8,.JPG,958,531,1,uint8,.PNG,"0,1",True,recalculated_from_experimental_copy
1159,train,data/processed/MMOTU_OTU_2D_experimental/train/images/1159.JPG,data/processed/MMOTU_OTU_2D_experimental/train/masks/1159_binary.PNG,569,595,3,uint8,.JPG,569,595,1,uint8,.PNG,"0,1",True,recalculated_from_experimental_copy
643,train,data/processed/MMOTU_OTU_2D_experimental/train/images/643.JPG,data/processed/MMOTU_OTU_2D_experimental/train/masks/643_binary.PNG,1111,618,3,uint8,.JPG,1111,618,1,uint8,.PNG,"0,1",True,recalculated_from_experimental_copy
525,train,data/processed/MMOTU_OTU_2D_experimental/train/images/525.JPG,data/processed/MMOTU_OTU_2D_experimental/train/masks/525_binary.PNG,958,556,3,uint8,.JPG,958,556,1,uint8,.PNG,"0,1",True,recalculated_from_experimental_copy
607,train,data/processed/MMOTU_OTU_2D_experimental/train/images/607.JPG,data/processed/MMOTU_OTU_2D_experimental/train/masks/607_binary.PNG,958,561,3,uint8,.JPG,958,561,1,uint8,.PNG,"0,1",True,recalculated_from_experimental_copy
492,train,data/processed/MMOTU_OTU_2D_experimental/train/images/492.JPG,data/processed/MMOTU_OTU_2D_experimental/train/masks/492_binary.PNG,958,552,3,uint8,.JPG,958,552,1,uint8,.PNG,"0,1",True,recalculated_from_experimental_copy
140,train,data/processed/MMOTU_OTU_2D_experimental/train/images/140.JPG,data/processed/MMOTU_OTU_2D_experimental/train/masks/140_binary.PNG,835,607,3,uint8,.JPG,835,607,1,uint8,.PNG,"0,1",True,recalculated_from_experimental_copy
823,train,data/processed/MMOTU_OTU_2D_experimental/train/images/823.JPG,data/processed/MMOTU_OTU_2D_experimental/train/masks/823_binary.PNG,959,552,3,uint8,.JPG,959,552,1,uint8,.PNG,"0,1",True,recalculated_from_experimental_copy
596,train,data/processed/MMOTU_OTU_2D_experimental/train/images/596.JPG,data/processed/MMOTU_OTU_2D_experimental/train/masks/596_binary.PNG,494,537,3,uint8,.JPG,494,537,1,uint8,.PNG,"0,1",True,recalculated_from_experimental_copy
1231,train,data/processed/MMOTU_OTU_2D_experimental/train/images/1231.JPG,data/processed/MMOTU_OTU_2D_experimental/train/masks/1231_binary.PNG,961,531,3,uint8,.JPG,961,531,1,uint8,.PNG,"0,1",True,recalculated_from_experimental_copy
782,train,data/processed/MMOTU_OTU_2D_experimental/train/images/782.JPG,data/processed/MMOTU_OTU_2D_experimental/train/masks/782_binary.PNG,479,551,3,uint8,.JPG,479,551,1,uint8,.PNG,"0,1",True,recalculated_from_experimental_copy
230,train,data/processed/MMOTU_OTU_2D_experimental/train/images/230.JPG,data/processed/MMOTU_OTU_2D_experimental/train/masks/230_binary.PNG,481,532,3,uint8,.JPG,481,532,1,uint8,.PNG,"0,1",True,recalculated_from_experimental_copy
1289,train,data/processed/MMOTU_OTU_2D_experimental/train/images/1289.JPG,data/processed/MMOTU_OTU_2D_experimental/train/masks/1289_binary.PNG,958,535,3,uint8,.JPG,958,535,1,uint8,.PNG,"0,1",True,recalculated_from_experimental_copy
458,train,data/processed/MMOTU_OTU_2D_experimental/train/images/458.JPG,data/processed/MMOTU_OTU_2D_experimental/train/masks/458_binary.PNG,959,530,3,uint8,.JPG,959,530,1,uint8,.PNG,"0,1",True,recalculated_from_experimental_copy
444,train,data/processed/MMOTU_OTU_2D_experimental/train/images/444.JPG,data/processed/MMOTU_OTU_2D_experimental/train/masks/444_binary.PNG,957,532,3,uint8,.JPG,957,532,1,uint8,.PNG,"0,1",True,recalculated_from_experimental_copy
530,train,data/processed/MMOTU_OTU_2D_experimental/train/images/530.JPG,data/processed/MMOTU_OTU_2D_experimental/train/masks/530_binary.PNG,972,549,3,uint8,.JPG,972,549,1,uint8,.PNG,"0,1",True,recalculated_from_experimental_copy
932,train,data/processed/MMOTU_OTU_2D_experimental/train/images/932.JPG,data/processed/MMOTU_OTU_2D_experimental/train/masks/932_binary.PNG,568,585,3,uint8,.JPG,568,585,1,uint8,.PNG,"0,1",True,recalculated_from_experimental_copy
969,train,data/processed/MMOTU_OTU_2D_experimental/train/images/969.JPG,data/processed/MMOTU_OTU_2D_experimental/train/masks/969_binary.PNG,957,525,3,uint8,.JPG,957,525,1,uint8,.PNG,"0,1",True,recalculated_from_experimental_copy
1219,train,data/processed/MMOTU_OTU_2D_experimental/train/images/1219.JPG,data/processed/MMOTU_OTU_2D_experimental/train/masks/1219_binary.PNG,959,531,3,uint8,.JPG,959,531,1,uint8,.PNG,"0,1",True,recalculated_from_experimental_copy
1392,train,data/processed/MMOTU_OTU_2D_experimental/train/images/1392.JPG,data/processed/MMOTU_OTU_2D_experimental/train/masks/1392_binary.PNG,483,533,3,uint8,.JPG,483,533,1,uint8,.PNG,"0,1",True,recalculated_from_experimental_copy
556,train,data/processed/MMOTU_OTU_2D_experimental/train/images/556.JPG,data/processed/MMOTU_OTU_2D_experimental/train/masks/556_binary.PNG,480,551,3,uint8,.JPG,480,551,1,uint8,.PNG,"0,1",True,recalculated_from_experimental_copy
133,train,data/processed/MMOTU_OTU_2D_experimental/train/images/133.JPG,data/processed/MMOTU_OTU_2D_experimental/train/masks/133_binary.PNG,481,555,3,uint8,.JPG,481,555,1,uint8,.PNG,"0,1",True,recalculated_from_experimental_copy
307,train,data/processed/MMOTU_OTU_2D_experimental/train/images/307.JPG,data/processed/MMOTU_OTU_2D_experimental/train/masks/307_binary.PNG,480,529,3,uint8,.JPG,480,529,1,uint8,.PNG,"0,1",True,recalculated_from_experimental_copy
224,train,data/processed/MMOTU_OTU_2D_experimental/train/images/224.JPG,data/processed/MMOTU_OTU_2D_experimental/train/masks/224_binary.PNG,876,445,3,uint8,.JPG,876,445,1,uint8,.PNG,"0,1",True,recalculated_from_experimental_copy
456,train,data/processed/MMOTU_OTU_2D_experimental/train/images/456.JPG,data/processed/MMOTU_OTU_2D_experimental/train/masks/456_binary.PNG,959,662,3,uint8,.JPG,959,662,1,uint8,.PNG,"0,1",True,recalculated_from_experimental_copy
33,train,data/processed/MMOTU_OTU_2D_experimental/train/images/33.JPG,data/processed/MMOTU_OTU_2D_experimental/train/masks/33_binary.PNG,959,534,3,uint8,.JPG,959,534,1,uint8,.PNG,"0,1",True,recalculated_from_experimental_copy
1166,train,data/processed/MMOTU_OTU_2D_experimental/train/images/1166.JPG,data/processed/MMOTU_OTU_2D_experimental/train/masks/1166_binary.PNG,569,591,3,uint8,.JPG,569,591,1,uint8,.PNG,"0,1",True,recalculated_from_experimental_copy
1084,train,data/processed/MMOTU_OTU_2D_experimental/train/images/1084.JPG,data/processed/MMOTU_OTU_2D_experimental/train/masks/1084_binary.PNG,481,520,3,uint8,.JPG,481,520,1,uint8,.PNG,"0,1",True,recalculated_from_experimental_copy
282,train,data/processed/MMOTU_OTU_2D_experimental/train/images/282.JPG,data/processed/MMOTU_OTU_2D_experimental/train/masks/282_binary.PNG,479,533,3,uint8,.JPG,479,533,1,uint8,.PNG,"0,1",True,recalculated_from_experimental_copy
424,train,data/processed/MMOTU_OTU_2D_experimental/train/images/424.JPG,data/processed/MMOTU_OTU_2D_experimental/train/masks/424_binary.PNG,956,557,3,uint8,.JPG,956,557,1,uint8,.PNG,"0,1",True,recalculated_from_experimental_copy
527,train,data/processed/MMOTU_OTU_2D_experimental/train/images/527.JPG,data/processed/MMOTU_OTU_2D_experimental/train/masks/527_binary.PNG,480,558,3,uint8,.JPG,480,558,1,uint8,.PNG,"0,1",True,recalculated_from_experimental_copy
24,train,data/processed/MMOTU_OTU_2D_experimental/train/images/24.JPG,data/processed/MMOTU_OTU_2D_experimental/train/masks/24_binary.PNG,478,534,3,uint8,.JPG,478,534,1,uint8,.PNG,"0,1",True,recalculated_from_experimental_copy
1186,train,data/processed/MMOTU_OTU_2D_experimental/train/images/1186.JPG,data/processed/MMOTU_OTU_2D_experimental/train/masks/1186_binary.PNG,1134,593,3,uint8,.JPG,1134,593,1,uint8,.PNG,"0,1",True,recalculated_from_experimental_copy
794,train,data/processed/MMOTU_OTU_2D_experimental/train/images/794.JPG,data/processed/MMOTU_OTU_2D_experimental/train/masks/794_binary.PNG,959,554,3,uint8,.JPG,959,554,1,uint8,.PNG,"0,1",True,recalculated_from_experimental_copy
1422,train,data/processed/MMOTU_OTU_2D_experimental/train/images/1422.JPG,data/processed/MMOTU_OTU_2D_experimental/train/masks/1422_binary.PNG,913,732,3,uint8,.JPG,913,732,1,uint8,.PNG,"0,1",True,recalculated_from_experimental_copy
1356,train,data/processed/MMOTU_OTU_2D_experimental/train/images/1356.JPG,data/processed/MMOTU_OTU_2D_experimental/train/masks/1356_binary.PNG,964,530,3,uint8,.JPG,964,530,1,uint8,.PNG,"0,1",True,recalculated_from_experimental_copy
351,train,data/processed/MMOTU_OTU_2D_experimental/train/images/351.JPG,data/processed/MMOTU_OTU_2D_experimental/train/masks/351_binary.PNG,473,601,3,uint8,.JPG,473,601,1,uint8,.PNG,"0,1",True,recalculated_from_experimental_copy
1433,train,data/processed/MMOTU_OTU_2D_experimental/train/images/1433.JPG,data/processed/MMOTU_OTU_2D_experimental/train/masks/1433_binary.PNG,479,534,3,uint8,.JPG,479,534,1,uint8,.PNG,"0,1",True,recalculated_from_experimental_copy
1286,train,data/processed/MMOTU_OTU_2D_experimental/train/images/1286.JPG,data/processed/MMOTU_OTU_2D_experimental/train/masks/1286_binary.PNG,569,592,3,uint8,.JPG,569,592,1,uint8,.PNG,"0,1",True,recalculated_from_experimental_copy
1106,train,data/processed/MMOTU_OTU_2D_experimental/train/images/1106.JPG,data/processed/MMOTU_OTU_2D_experimental/train/masks/1106_binary.PNG,1133,584,3,uint8,.JPG,1133,584,1,uint8,.PNG,"0,1",True,recalculated_from_experimental_copy
865,train,data/processed/MMOTU_OTU_2D_experimental/train/images/865.JPG,data/processed/MMOTU_OTU_2D_experimental/train/masks/865_binary.PNG,972,547,3,uint8,.JPG,972,547,1,uint8,.PNG,"0,1",True,recalculated_from_experimental_copy
119,train,data/processed/MMOTU_OTU_2D_experimental/train/images/119.JPG,data/processed/MMOTU_OTU_2D_experimental/train/masks/119_binary.PNG,480,530,3,uint8,.JPG,480,530,1,uint8,.PNG,"0,1",True,recalculated_from_experimental_copy
278,train,data/processed/MMOTU_OTU_2D_experimental/train/images/278.JPG,data/processed/MMOTU_OTU_2D_experimental/train/masks/278_binary.PNG,959,532,3,uint8,.JPG,959,532,1,uint8,.PNG,"0,1",True,recalculated_from_experimental_copy
340,train,data/processed/MMOTU_OTU_2D_experimental/train/images/340.JPG,data/processed/MMOTU_OTU_2D_experimental/train/masks/340_binary.PNG,569,587,3,uint8,.JPG,569,587,1,uint8,.PNG,"0,1",True,recalculated_from_experimental_copy
166,train,data/processed/MMOTU_OTU_2D_experimental/train/images/166.JPG,data/processed/MMOTU_OTU_2D_experimental/train/masks/166_binary.PNG,480,537,3,uint8,.JPG,480,537,1,uint8,.PNG,"0,1",True,recalculated_from_experimental_copy
1383,train,data/processed/MMOTU_OTU_2D_experimental/train/images/1383.JPG,data/processed/MMOTU_OTU_2D_experimental/train/masks/1383_binary.PNG,957,533,3,uint8,.JPG,957,533,1,uint8,.PNG,"0,1",True,recalculated_from_experimental_copy
749,train,data/processed/MMOTU_OTU_2D_experimental/train/images/749.JPG,data/processed/MMOTU_OTU_2D_experimental/train/masks/749_binary.PNG,498,541,3,uint8,.JPG,498,541,1,uint8,.PNG,"0,1",True,recalculated_from_experimental_copy
1259,train,data/processed/MMOTU_OTU_2D_experimental/train/images/1259.JPG,data/processed/MMOTU_OTU_2D_experimental/train/masks/1259_binary.PNG,739,551,3,uint8,.JPG,739,551,1,uint8,.PNG,"0,1",True,recalculated_from_experimental_copy
577,train,data/processed/MMOTU_OTU_2D_experimental/train/images/577.JPG,data/processed/MMOTU_OTU_2D_experimental/train/masks/577_binary.PNG,479,559,3,uint8,.JPG,479,559,1,uint8,.PNG,"0,1",True,recalculated_from_experimental_copy
1180,train,data/processed/MMOTU_OTU_2D_experimental/train/images/1180.JPG,data/processed/MMOTU_OTU_2D_experimental/train/masks/1180_binary.PNG,569,592,3,uint8,.JPG,569,592,1,uint8,.PNG,"0,1",True,recalculated_from_experimental_copy
1193,train,data/processed/MMOTU_OTU_2D_experimental/train/images/1193.JPG,data/processed/MMOTU_OTU_2D_experimental/train/masks/1193_binary.PNG,353,390,3,uint8,.JPG,353,390,1,uint8,.PNG,"0,1",True,recalculated_from_experimental_copy
497,train,data/processed/MMOTU_OTU_2D_experimental/train/images/497.JPG,data/processed/MMOTU_OTU_2D_experimental/train/masks/497_binary.PNG,481,554,3,uint8,.JPG,481,554,1,uint8,.PNG,"0,1",True,recalculated_from_experimental_copy
187,train,data/processed/MMOTU_OTU_2D_experimental/train/images/187.JPG,data/processed/MMOTU_OTU_2D_experimental/train/masks/187_binary.PNG,478,533,3,uint8,.JPG,478,533,1,uint8,.PNG,"0,1",True,recalculated_from_experimental_copy
951,train,data/processed/MMOTU_OTU_2D_experimental/train/images/951.JPG,data/processed/MMOTU_OTU_2D_experimental/train/masks/951_binary.PNG,568,586,3,uint8,.JPG,568,586,1,uint8,.PNG,"0,1",True,recalculated_from_experimental_copy
173,train,data/processed/MMOTU_OTU_2D_experimental/train/images/173.JPG,data/processed/MMOTU_OTU_2D_experimental/train/masks/173_binary.PNG,958,533,3,uint8,.JPG,958,533,1,uint8,.PNG,"0,1",True,recalculated_from_experimental_copy
543,train,data/processed/MMOTU_OTU_2D_experimental/train/images/543.JPG,data/processed/MMOTU_OTU_2D_experimental/train/masks/543_binary.PNG,478,558,3,uint8,.JPG,478,558,1,uint8,.PNG,"0,1",True,recalculated_from_experimental_copy
660,train,data/processed/MMOTU_OTU_2D_experimental/train/images/660.JPG,data/processed/MMOTU_OTU_2D_experimental/train/masks/660_binary.PNG,480,600,3,uint8,.JPG,480,600,1,uint8,.PNG,"0,1",True,recalculated_from_experimental_copy
1343,train,data/processed/MMOTU_OTU_2D_experimental/train/images/1343.JPG,data/processed/MMOTU_OTU_2D_experimental/train/masks/1343_binary.PNG,568,592,3,uint8,.JPG,568,592,1,uint8,.PNG,"0,1",True,recalculated_from_experimental_copy
172,train,data/processed/MMOTU_OTU_2D_experimental/train/images/172.JPG,data/processed/MMOTU_OTU_2D_experimental/train/masks/172_binary.PNG,958,534,3,uint8,.JPG,958,534,1,uint8,.PNG,"0,1",True,recalculated_from_experimental_copy
576,train,data/processed/MMOTU_OTU_2D_experimental/train/images/576.JPG,data/processed/MMOTU_OTU_2D_experimental/train/masks/576_binary.PNG,480,550,3,uint8,.JPG,480,550,1,uint8,.PNG,"0,1",True,recalculated_from_experimental_copy
183,train,data/processed/MMOTU_OTU_2D_experimental/train/images/183.JPG,data/processed/MMOTU_OTU_2D_experimental/train/masks/183_binary.PNG,958,532,3,uint8,.JPG,958,532,1,uint8,.PNG,"0,1",True,recalculated_from_experimental_copy
235,train,data/processed/MMOTU_OTU_2D_experimental/train/images/235.JPG,data/processed/MMOTU_OTU_2D_experimental/train/masks/235_binary.PNG,481,534,3,uint8,.JPG,481,534,1,uint8,.PNG,"0,1",True,recalculated_from_experimental_copy
575,train,data/processed/MMOTU_OTU_2D_experimental/train/images/575.JPG,data/processed/MMOTU_OTU_2D_experimental/train/masks/575_binary.PNG,479,546,3,uint8,.JPG,479,546,1,uint8,.PNG,"0,1",True,recalculated_from_experimental_copy
54,train,data/processed/MMOTU_OTU_2D_experimental/train/images/54.JPG,data/processed/MMOTU_OTU_2D_experimental/train/masks/54_binary.PNG,1069,632,3,uint8,.JPG,1069,632,1,uint8,.PNG,"0,1",True,recalculated_from_experimental_copy
829,train,data/processed/MMOTU_OTU_2D_experimental/train/images/829.JPG,data/processed/MMOTU_OTU_2D_experimental/train/masks/829_binary.PNG,1101,586,3,uint8,.JPG,1101,586,1,uint8,.PNG,"0,1",True,recalculated_from_experimental_copy
1206,train,data/processed/MMOTU_OTU_2D_experimental/train/images/1206.JPG,data/processed/MMOTU_OTU_2D_experimental/train/masks/1206_binary.PNG,958,534,3,uint8,.JPG,958,534,1,uint8,.PNG,"0,1",True,recalculated_from_experimental_copy
798,train,data/processed/MMOTU_OTU_2D_experimental/train/images/798.JPG,data/processed/MMOTU_OTU_2D_experimental/train/masks/798_binary.PNG,958,536,3,uint8,.JPG,958,536,1,uint8,.PNG,"0,1",True,recalculated_from_experimental_copy
1148,train,data/processed/MMOTU_OTU_2D_experimental/train/images/1148.JPG,data/processed/MMOTU_OTU_2D_experimental/train/masks/1148_binary.PNG,958,532,3,uint8,.JPG,958,532,1,uint8,.PNG,"0,1",True,recalculated_from_experimental_copy
214,train,data/processed/MMOTU_OTU_2D_experimental/train/images/214.JPG,data/processed/MMOTU_OTU_2D_experimental/train/masks/214_binary.PNG,483,532,3,uint8,.JPG,483,532,1,uint8,.PNG,"0,1",True,recalculated_from_experimental_copy
1314,train,data/processed/MMOTU_OTU_2D_experimental/train/images/1314.JPG,data/processed/MMOTU_OTU_2D_experimental/train/masks/1314_binary.PNG,482,532,3,uint8,.JPG,482,532,1,uint8,.PNG,"0,1",True,recalculated_from_experimental_copy
410,train,data/processed/MMOTU_OTU_2D_experimental/train/images/410.JPG,data/processed/MMOTU_OTU_2D_experimental/train/masks/410_binary.PNG,833,604,3,uint8,.JPG,833,604,1,uint8,.PNG,"0,1",True,recalculated_from_experimental_copy
1113,train,data/processed/MMOTU_OTU_2D_experimental/train/images/1113.JPG,data/processed/MMOTU_OTU_2D_experimental/train/masks/1113_binary.PNG,959,531,3,uint8,.JPG,959,531,1,uint8,.PNG,"0,1",True,recalculated_from_experimental_copy
291,train,data/processed/MMOTU_OTU_2D_experimental/train/images/291.JPG,data/processed/MMOTU_OTU_2D_experimental/train/masks/291_binary.PNG,495,531,3,uint8,.JPG,495,531,1,uint8,.PNG,"0,1",True,recalculated_from_experimental_copy
968,train,data/processed/MMOTU_OTU_2D_experimental/train/images/968.JPG,data/processed/MMOTU_OTU_2D_experimental/train/masks/968_binary.PNG,1133,585,3,uint8,.JPG,1133,585,1,uint8,.PNG,"0,1",True,recalculated_from_experimental_copy
907,train,data/processed/MMOTU_OTU_2D_experimental/train/images/907.JPG,data/processed/MMOTU_OTU_2D_experimental/train/masks/907_binary.PNG,963,523,3,uint8,.JPG,963,523,1,uint8,.PNG,"0,1",True,recalculated_from_experimental_copy
665,train,data/processed/MMOTU_OTU_2D_experimental/train/images/665.JPG,data/processed/MMOTU_OTU_2D_experimental/train/masks/665_binary.PNG,481,554,3,uint8,.JPG,481,554,1,uint8,.PNG,"0,1",True,recalculated_from_experimental_copy
289,train,data/processed/MMOTU_OTU_2D_experimental/train/images/289.JPG,data/processed/MMOTU_OTU_2D_experimental/train/masks/289_binary.PNG,961,532,3,uint8,.JPG,961,532,1,uint8,.PNG,"0,1",True,recalculated_from_experimental_copy
666,train,data/processed/MMOTU_OTU_2D_experimental/train/images/666.JPG,data/processed/MMOTU_OTU_2D_experimental/train/masks/666_binary.PNG,958,550,3,uint8,.JPG,958,550,1,uint8,.PNG,"0,1",True,recalculated_from_experimental_copy
871,train,data/processed/MMOTU_OTU_2D_experimental/train/images/871.JPG,data/processed/MMOTU_OTU_2D_experimental/train/masks/871_binary.PNG,956,544,3,uint8,.JPG,956,544,1,uint8,.PNG,"0,1",True,recalculated_from_experimental_copy
174,train,data/processed/MMOTU_OTU_2D_experimental/train/images/174.JPG,data/processed/MMOTU_OTU_2D_experimental/train/masks/174_binary.PNG,478,534,3,uint8,.JPG,478,534,1,uint8,.PNG,"0,1",True,recalculated_from_experimental_copy
880,train,data/processed/MMOTU_OTU_2D_experimental/train/images/880.JPG,data/processed/MMOTU_OTU_2D_experimental/train/masks/880_binary.PNG,1135,610,3,uint8,.JPG,1135,610,1,uint8,.PNG,"0,1",True,recalculated_from_experimental_copy
485,train,data/processed/MMOTU_OTU_2D_experimental/train/images/485.JPG,data/processed/MMOTU_OTU_2D_experimental/train/masks/485_binary.PNG,566,695,3,uint8,.JPG,566,695,1,uint8,.PNG,"0,1",True,recalculated_from_experimental_copy
787,train,data/processed/MMOTU_OTU_2D_experimental/train/images/787.JPG,data/processed/MMOTU_OTU_2D_experimental/train/masks/787_binary.PNG,738,685,3,uint8,.JPG,738,685,1,uint8,.PNG,"0,1",True,recalculated_from_experimental_copy
615,train,data/processed/MMOTU_OTU_2D_experimental/train/images/615.JPG,data/processed/MMOTU_OTU_2D_experimental/train/masks/615_binary.PNG,971,539,3,uint8,.JPG,971,539,1,uint8,.PNG,"0,1",True,recalculated_from_experimental_copy
720,train,data/processed/MMOTU_OTU_2D_experimental/train/images/720.JPG,data/processed/MMOTU_OTU_2D_experimental/train/masks/720_binary.PNG,479,544,3,uint8,.JPG,479,544,1,uint8,.PNG,"0,1",True,recalculated_from_experimental_copy
801,train,data/processed/MMOTU_OTU_2D_experimental/train/images/801.JPG,data/processed/MMOTU_OTU_2D_experimental/train/masks/801_binary.PNG,958,543,3,uint8,.JPG,958,543,1,uint8,.PNG,"0,1",True,recalculated_from_experimental_copy
1246,train,data/processed/MMOTU_OTU_2D_experimental/train/images/1246.JPG,data/processed/MMOTU_OTU_2D_experimental/train/masks/1246_binary.PNG,958,533,3,uint8,.JPG,958,533,1,uint8,.PNG,"0,1",True,recalculated_from_experimental_copy
796,train,data/processed/MMOTU_OTU_2D_experimental/train/images/796.JPG,data/processed/MMOTU_OTU_2D_experimental/train/masks/796_binary.PNG,959,541,3,uint8,.JPG,959,541,1,uint8,.PNG,"0,1",True,recalculated_from_experimental_copy
537,train,data/processed/MMOTU_OTU_2D_experimental/train/images/537.JPG,data/processed/MMOTU_OTU_2D_experimental/train/masks/537_binary.PNG,478,551,3,uint8,.JPG,478,551,1,uint8,.PNG,"0,1",True,recalculated_from_experimental_copy
598,train,data/processed/MMOTU_OTU_2D_experimental/train/images/598.JPG,data/processed/MMOTU_OTU_2D_experimental/train/masks/598_binary.PNG,566,604,3,uint8,.JPG,566,604,1,uint8,.PNG,"0,1",True,recalculated_from_experimental_copy
346,train,data/processed/MMOTU_OTU_2D_experimental/train/images/346.JPG,data/processed/MMOTU_OTU_2D_experimental/train/masks/346_binary.PNG,958,535,3,uint8,.JPG,958,535,1,uint8,.PNG,"0,1",True,recalculated_from_experimental_copy
724,train,data/processed/MMOTU_OTU_2D_experimental/train/images/724.JPG,data/processed/MMOTU_OTU_2D_experimental/train/masks/724_binary.PNG,481,563,3,uint8,.JPG,481,563,1,uint8,.PNG,"0,1",True,recalculated_from_experimental_copy
498,train,data/processed/MMOTU_OTU_2D_experimental/train/images/498.JPG,data/processed/MMOTU_OTU_2D_experimental/train/masks/498_binary.PNG,478,544,3,uint8,.JPG,478,544,1,uint8,.PNG,"0,1",True,recalculated_from_experimental_copy
813,train,data/processed/MMOTU_OTU_2D_experimental/train/images/813.JPG,data/processed/MMOTU_OTU_2D_experimental/train/masks/813_binary.PNG,490,273,3,uint8,.JPG,490,273,1,uint8,.PNG,"0,1",True,recalculated_from_experimental_copy
891,train,data/processed/MMOTU_OTU_2D_experimental/train/images/891.JPG,data/processed/MMOTU_OTU_2D_experimental/train/masks/891_binary.PNG,479,528,3,uint8,.JPG,479,528,1,uint8,.PNG,"0,1",True,recalculated_from_experimental_copy
915,train,data/processed/MMOTU_OTU_2D_experimental/train/images/915.JPG,data/processed/MMOTU_OTU_2D_experimental/train/masks/915_binary.PNG,958,530,3,uint8,.JPG,958,530,1,uint8,.PNG,"0,1",True,recalculated_from_experimental_copy
1344,train,data/processed/MMOTU_OTU_2D_experimental/train/images/1344.JPG,data/processed/MMOTU_OTU_2D_experimental/train/masks/1344_binary.PNG,567,596,3,uint8,.JPG,567,596,1,uint8,.PNG,"0,1",True,recalculated_from_experimental_copy
597,train,data/processed/MMOTU_OTU_2D_experimental/train/images/597.JPG,data/processed/MMOTU_OTU_2D_experimental/train/masks/597_binary.PNG,567,608,3,uint8,.JPG,567,608,1,uint8,.PNG,"0,1",True,recalculated_from_experimental_copy
634,train,data/processed/MMOTU_OTU_2D_experimental/train/images/634.JPG,data/processed/MMOTU_OTU_2D_experimental/train/masks/634_binary.PNG,567,620,3,uint8,.JPG,567,620,1,uint8,.PNG,"0,1",True,recalculated_from_experimental_copy
1276,train,data/processed/MMOTU_OTU_2D_experimental/train/images/1276.JPG,data/processed/MMOTU_OTU_2D_experimental/train/masks/1276_binary.PNG,1115,592,3,uint8,.JPG,1115,592,1,uint8,.PNG,"0,1",True,recalculated_from_experimental_copy
454,train,data/processed/MMOTU_OTU_2D_experimental/train/images/454.JPG,data/processed/MMOTU_OTU_2D_experimental/train/masks/454_binary.PNG,484,532,3,uint8,.JPG,484,532,1,uint8,.PNG,"0,1",True,recalculated_from_experimental_copy
686,train,data/processed/MMOTU_OTU_2D_experimental/train/images/686.JPG,data/processed/MMOTU_OTU_2D_experimental/train/masks/686_binary.PNG,495,541,3,uint8,.JPG,495,541,1,uint8,.PNG,"0,1",True,recalculated_from_experimental_copy
729,train,data/processed/MMOTU_OTU_2D_experimental/train/images/729.JPG,data/processed/MMOTU_OTU_2D_experimental/train/masks/729_binary.PNG,973,533,3,uint8,.JPG,973,533,1,uint8,.PNG,"0,1",True,recalculated_from_experimental_copy
1248,train,data/processed/MMOTU_OTU_2D_experimental/train/images/1248.JPG,data/processed/MMOTU_OTU_2D_experimental/train/masks/1248_binary.PNG,959,535,3,uint8,.JPG,959,535,1,uint8,.PNG,"0,1",True,recalculated_from_experimental_copy
940,train,data/processed/MMOTU_OTU_2D_experimental/train/images/940.JPG,data/processed/MMOTU_OTU_2D_experimental/train/masks/940_binary.PNG,568,588,3,uint8,.JPG,568,588,1,uint8,.PNG,"0,1",True,recalculated_from_experimental_copy
226,train,data/processed/MMOTU_OTU_2D_experimental/train/images/226.JPG,data/processed/MMOTU_OTU_2D_experimental/train/masks/226_binary.PNG,480,444,3,uint8,.JPG,480,444,1,uint8,.PNG,"0,1",True,recalculated_from_experimental_copy
1361,train,data/processed/MMOTU_OTU_2D_experimental/train/images/1361.JPG,data/processed/MMOTU_OTU_2D_experimental/train/masks/1361_binary.PNG,569,645,3,uint8,.JPG,569,645,1,uint8,.PNG,"0,1",True,recalculated_from_experimental_copy
357,train,data/processed/MMOTU_OTU_2D_experimental/train/images/357.JPG,data/processed/MMOTU_OTU_2D_experimental/train/masks/357_binary.PNG,480,533,3,uint8,.JPG,480,533,1,uint8,.PNG,"0,1",True,recalculated_from_experimental_copy
1225,train,data/processed/MMOTU_OTU_2D_experimental/train/images/1225.JPG,data/processed/MMOTU_OTU_2D_experimental/train/masks/1225_binary.PNG,1135,592,3,uint8,.JPG,1135,592,1,uint8,.PNG,"0,1",True,recalculated_from_experimental_copy
785,train,data/processed/MMOTU_OTU_2D_experimental/train/images/785.JPG,data/processed/MMOTU_OTU_2D_experimental/train/masks/785_binary.PNG,959,582,3,uint8,.JPG,959,582,1,uint8,.PNG,"0,1",True,recalculated_from_experimental_copy
450,train,data/processed/MMOTU_OTU_2D_experimental/train/images/450.JPG,data/processed/MMOTU_OTU_2D_experimental/train/masks/450_binary.PNG,955,532,3,uint8,.JPG,955,532,1,uint8,.PNG,"0,1",True,recalculated_from_experimental_copy
516,train,data/processed/MMOTU_OTU_2D_experimental/train/images/516.JPG,data/processed/MMOTU_OTU_2D_experimental/train/masks/516_binary.PNG,481,559,3,uint8,.JPG,481,559,1,uint8,.PNG,"0,1",True,recalculated_from_experimental_copy
1146,train,data/processed/MMOTU_OTU_2D_experimental/train/images/1146.JPG,data/processed/MMOTU_OTU_2D_experimental/train/masks/1146_binary.PNG,957,528,3,uint8,.JPG,957,528,1,uint8,.PNG,"0,1",True,recalculated_from_experimental_copy
478,train,data/processed/MMOTU_OTU_2D_experimental/train/images/478.JPG,data/processed/MMOTU_OTU_2D_experimental/train/masks/478_binary.PNG,485,283,3,uint8,.JPG,485,283,1,uint8,.PNG,"0,1",True,recalculated_from_experimental_copy
367,train,data/processed/MMOTU_OTU_2D_experimental/train/images/367.JPG,data/processed/MMOTU_OTU_2D_experimental/train/masks/367_binary.PNG,958,534,3,uint8,.JPG,958,534,1,uint8,.PNG,"0,1",True,recalculated_from_experimental_copy
1164,train,data/processed/MMOTU_OTU_2D_experimental/train/images/1164.JPG,data/processed/MMOTU_OTU_2D_experimental/train/masks/1164_binary.PNG,568,591,3,uint8,.JPG,568,591,1,uint8,.PNG,"0,1",True,recalculated_from_experimental_copy
438,train,data/processed/MMOTU_OTU_2D_experimental/train/images/438.JPG,data/processed/MMOTU_OTU_2D_experimental/train/masks/438_binary.PNG,959,533,3,uint8,.JPG,959,533,1,uint8,.PNG,"0,1",True,recalculated_from_experimental_copy
875,train,data/processed/MMOTU_OTU_2D_experimental/train/images/875.JPG,data/processed/MMOTU_OTU_2D_experimental/train/masks/875_binary.PNG,954,545,3,uint8,.JPG,954,545,1,uint8,.PNG,"0,1",True,recalculated_from_experimental_copy
538,train,data/processed/MMOTU_OTU_2D_experimental/train/images/538.JPG,data/processed/MMOTU_OTU_2D_experimental/train/masks/538_binary.PNG,480,549,3,uint8,.JPG,480,549,1,uint8,.PNG,"0,1",True,recalculated_from_experimental_copy
812,train,data/processed/MMOTU_OTU_2D_experimental/train/images/812.JPG,data/processed/MMOTU_OTU_2D_experimental/train/masks/812_binary.PNG,1135,705,3,uint8,.JPG,1135,705,1,uint8,.PNG,"0,1",True,recalculated_from_experimental_copy
273,train,data/processed/MMOTU_OTU_2D_experimental/train/images/273.JPG,data/processed/MMOTU_OTU_2D_experimental/train/masks/273_binary.PNG,959,534,3,uint8,.JPG,959,534,1,uint8,.PNG,"0,1",True,recalculated_from_experimental_copy
118,train,data/processed/MMOTU_OTU_2D_experimental/train/images/118.JPG,data/processed/MMOTU_OTU_2D_experimental/train/masks/118_binary.PNG,480,532,3,uint8,.JPG,480,532,1,uint8,.PNG,"0,1",True,recalculated_from_experimental_copy
1041,train,data/processed/MMOTU_OTU_2D_experimental/train/images/1041.JPG,data/processed/MMOTU_OTU_2D_experimental/train/masks/1041_binary.PNG,1134,583,3,uint8,.JPG,1134,583,1,uint8,.PNG,"0,1",True,recalculated_from_experimental_copy
593,train,data/processed/MMOTU_OTU_2D_experimental/train/images/593.JPG,data/processed/MMOTU_OTU_2D_experimental/train/masks/593_binary.PNG,478,543,3,uint8,.JPG,478,543,1,uint8,.PNG,"0,1",True,recalculated_from_experimental_copy
888,train,data/processed/MMOTU_OTU_2D_experimental/train/images/888.JPG,data/processed/MMOTU_OTU_2D_experimental/train/masks/888_binary.PNG,477,529,3,uint8,.JPG,477,529,1,uint8,.PNG,"0,1",True,recalculated_from_experimental_copy
1003,train,data/processed/MMOTU_OTU_2D_experimental/train/images/1003.JPG,data/processed/MMOTU_OTU_2D_experimental/train/masks/1003_binary.PNG,958,531,3,uint8,.JPG,958,531,1,uint8,.PNG,"0,1",True,recalculated_from_experimental_copy
774,train,data/processed/MMOTU_OTU_2D_experimental/train/images/774.JPG,data/processed/MMOTU_OTU_2D_experimental/train/masks/774_binary.PNG,461,493,3,uint8,.JPG,461,493,1,uint8,.PNG,"0,1",True,recalculated_from_experimental_copy
913,train,data/processed/MMOTU_OTU_2D_experimental/train/images/913.JPG,data/processed/MMOTU_OTU_2D_experimental/train/masks/913_binary.PNG,957,521,3,uint8,.JPG,957,521,1,uint8,.PNG,"0,1",True,recalculated_from_experimental_copy
545,train,data/processed/MMOTU_OTU_2D_experimental/train/images/545.JPG,data/processed/MMOTU_OTU_2D_experimental/train/masks/545_binary.PNG,958,556,3,uint8,.JPG,958,556,1,uint8,.PNG,"0,1",True,recalculated_from_experimental_copy
1370,train,data/processed/MMOTU_OTU_2D_experimental/train/images/1370.JPG,data/processed/MMOTU_OTU_2D_experimental/train/masks/1370_binary.PNG,482,542,3,uint8,.JPG,482,542,1,uint8,.PNG,"0,1",True,recalculated_from_experimental_copy
579,train,data/processed/MMOTU_OTU_2D_experimental/train/images/579.JPG,data/processed/MMOTU_OTU_2D_experimental/train/masks/579_binary.PNG,476,553,3,uint8,.JPG,476,553,1,uint8,.PNG,"0,1",True,recalculated_from_experimental_copy
1243,train,data/processed/MMOTU_OTU_2D_experimental/train/images/1243.JPG,data/processed/MMOTU_OTU_2D_experimental/train/masks/1243_binary.PNG,956,532,3,uint8,.JPG,956,532,1,uint8,.PNG,"0,1",True,recalculated_from_experimental_copy
1150,train,data/processed/MMOTU_OTU_2D_experimental/train/images/1150.JPG,data/processed/MMOTU_OTU_2D_experimental/train/masks/1150_binary.PNG,481,531,3,uint8,.JPG,481,531,1,uint8,.PNG,"0,1",True,recalculated_from_experimental_copy
218,train,data/processed/MMOTU_OTU_2D_experimental/train/images/218.JPG,data/processed/MMOTU_OTU_2D_experimental/train/masks/218_binary.PNG,480,531,3,uint8,.JPG,480,531,1,uint8,.PNG,"0,1",True,recalculated_from_experimental_copy
1009,train,data/processed/MMOTU_OTU_2D_experimental/train/images/1009.JPG,data/processed/MMOTU_OTU_2D_experimental/train/masks/1009_binary.PNG,951,545,3,uint8,.JPG,951,545,1,uint8,.PNG,"0,1",True,recalculated_from_experimental_copy
799,train,data/processed/MMOTU_OTU_2D_experimental/train/images/799.JPG,data/processed/MMOTU_OTU_2D_experimental/train/masks/799_binary.PNG,957,541,3,uint8,.JPG,957,541,1,uint8,.PNG,"0,1",True,recalculated_from_experimental_copy
1212,train,data/processed/MMOTU_OTU_2D_experimental/train/images/1212.JPG,data/processed/MMOTU_OTU_2D_experimental/train/masks/1212_binary.PNG,957,539,3,uint8,.JPG,957,539,1,uint8,.PNG,"0,1",True,recalculated_from_experimental_copy
725,train,data/processed/MMOTU_OTU_2D_experimental/train/images/725.JPG,data/processed/MMOTU_OTU_2D_experimental/train/masks/725_binary.PNG,476,557,3,uint8,.JPG,476,557,1,uint8,.PNG,"0,1",True,recalculated_from_experimental_copy
1063,train,data/processed/MMOTU_OTU_2D_experimental/train/images/1063.JPG,data/processed/MMOTU_OTU_2D_experimental/train/masks/1063_binary.PNG,957,545,3,uint8,.JPG,957,545,1,uint8,.PNG,"0,1",True,recalculated_from_experimental_copy
321,train,data/processed/MMOTU_OTU_2D_experimental/train/images/321.JPG,data/processed/MMOTU_OTU_2D_experimental/train/masks/321_binary.PNG,959,529,3,uint8,.JPG,959,529,1,uint8,.PNG,"0,1",True,recalculated_from_experimental_copy
1210,train,data/processed/MMOTU_OTU_2D_experimental/train/images/1210.JPG,data/processed/MMOTU_OTU_2D_experimental/train/masks/1210_binary.PNG,959,536,3,uint8,.JPG,959,536,1,uint8,.PNG,"0,1",True,recalculated_from_experimental_copy
1348,train,data/processed/MMOTU_OTU_2D_experimental/train/images/1348.JPG,data/processed/MMOTU_OTU_2D_experimental/train/masks/1348_binary.PNG,569,593,3,uint8,.JPG,569,593,1,uint8,.PNG,"0,1",True,recalculated_from_experimental_copy
709,train,data/processed/MMOTU_OTU_2D_experimental/train/images/709.JPG,data/processed/MMOTU_OTU_2D_experimental/train/masks/709_binary.PNG,481,553,3,uint8,.JPG,481,553,1,uint8,.PNG,"0,1",True,recalculated_from_experimental_copy
1163,train,data/processed/MMOTU_OTU_2D_experimental/train/images/1163.JPG,data/processed/MMOTU_OTU_2D_experimental/train/masks/1163_binary.PNG,961,535,3,uint8,.JPG,961,535,1,uint8,.PNG,"0,1",True,recalculated_from_experimental_copy
59,train,data/processed/MMOTU_OTU_2D_experimental/train/images/59.JPG,data/processed/MMOTU_OTU_2D_experimental/train/masks/59_binary.PNG,957,608,3,uint8,.JPG,957,608,1,uint8,.PNG,"0,1",True,recalculated_from_experimental_copy
777,train,data/processed/MMOTU_OTU_2D_experimental/train/images/777.JPG,data/processed/MMOTU_OTU_2D_experimental/train/masks/777_binary.PNG,973,537,3,uint8,.JPG,973,537,1,uint8,.PNG,"0,1",True,recalculated_from_experimental_copy
198,train,data/processed/MMOTU_OTU_2D_experimental/train/images/198.JPG,data/processed/MMOTU_OTU_2D_experimental/train/masks/198_binary.PNG,959,534,3,uint8,.JPG,959,534,1,uint8,.PNG,"0,1",True,recalculated_from_experimental_copy
1375,train,data/processed/MMOTU_OTU_2D_experimental/train/images/1375.JPG,data/processed/MMOTU_OTU_2D_experimental/train/masks/1375_binary.PNG,959,537,3,uint8,.JPG,959,537,1,uint8,.PNG,"0,1",True,recalculated_from_experimental_copy
74,train,data/processed/MMOTU_OTU_2D_experimental/train/images/74.JPG,data/processed/MMOTU_OTU_2D_experimental/train/masks/74_binary.PNG,959,660,3,uint8,.JPG,959,660,1,uint8,.PNG,"0,1",True,recalculated_from_experimental_copy
293,train,data/processed/MMOTU_OTU_2D_experimental/train/images/293.JPG,data/processed/MMOTU_OTU_2D_experimental/train/masks/293_binary.PNG,962,532,3,uint8,.JPG,962,532,1,uint8,.PNG,"0,1",True,recalculated_from_experimental_copy
305,train,data/processed/MMOTU_OTU_2D_experimental/train/images/305.JPG,data/processed/MMOTU_OTU_2D_experimental/train/masks/305_binary.PNG,477,531,3,uint8,.JPG,477,531,1,uint8,.PNG,"0,1",True,recalculated_from_experimental_copy
836,train,data/processed/MMOTU_OTU_2D_experimental/train/images/836.JPG,data/processed/MMOTU_OTU_2D_experimental/train/masks/836_binary.PNG,959,612,3,uint8,.JPG,959,612,1,uint8,.PNG,"0,1",True,recalculated_from_experimental_copy
372,train,data/processed/MMOTU_OTU_2D_experimental/train/images/372.JPG,data/processed/MMOTU_OTU_2D_experimental/train/masks/372_binary.PNG,806,669,3,uint8,.JPG,806,669,1,uint8,.PNG,"0,1",True,recalculated_from_experimental_copy
1406,train,data/processed/MMOTU_OTU_2D_experimental/train/images/1406.JPG,data/processed/MMOTU_OTU_2D_experimental/train/masks/1406_binary.PNG,958,535,3,uint8,.JPG,958,535,1,uint8,.PNG,"0,1",True,recalculated_from_experimental_copy
1316,train,data/processed/MMOTU_OTU_2D_experimental/train/images/1316.JPG,data/processed/MMOTU_OTU_2D_experimental/train/masks/1316_binary.PNG,959,528,3,uint8,.JPG,959,528,1,uint8,.PNG,"0,1",True,recalculated_from_experimental_copy
835,train,data/processed/MMOTU_OTU_2D_experimental/train/images/835.JPG,data/processed/MMOTU_OTU_2D_experimental/train/masks/835_binary.PNG,959,611,3,uint8,.JPG,959,611,1,uint8,.PNG,"0,1",True,recalculated_from_experimental_copy
1396,train,data/processed/MMOTU_OTU_2D_experimental/train/images/1396.JPG,data/processed/MMOTU_OTU_2D_experimental/train/masks/1396_binary.PNG,568,595,3,uint8,.JPG,568,595,1,uint8,.PNG,"0,1",True,recalculated_from_experimental_copy
617,train,data/processed/MMOTU_OTU_2D_experimental/train/images/617.JPG,data/processed/MMOTU_OTU_2D_experimental/train/masks/617_binary.PNG,497,546,3,uint8,.JPG,497,546,1,uint8,.PNG,"0,1",True,recalculated_from_experimental_copy
1127,train,data/processed/MMOTU_OTU_2D_experimental/train/images/1127.JPG,data/processed/MMOTU_OTU_2D_experimental/train/masks/1127_binary.PNG,826,608,3,uint8,.JPG,826,608,1,uint8,.PNG,"0,1",True,recalculated_from_experimental_copy
1080,train,data/processed/MMOTU_OTU_2D_experimental/train/images/1080.JPG,data/processed/MMOTU_OTU_2D_experimental/train/masks/1080_binary.PNG,955,527,3,uint8,.JPG,955,527,1,uint8,.PNG,"0,1",True,recalculated_from_experimental_copy
899,train,data/processed/MMOTU_OTU_2D_experimental/train/images/899.JPG,data/processed/MMOTU_OTU_2D_experimental/train/masks/899_binary.PNG,959,523,3,uint8,.JPG,959,523,1,uint8,.PNG,"0,1",True,recalculated_from_experimental_copy
490,train,data/processed/MMOTU_OTU_2D_experimental/train/images/490.JPG,data/processed/MMOTU_OTU_2D_experimental/train/masks/490_binary.PNG,957,538,3,uint8,.JPG,957,538,1,uint8,.PNG,"0,1",True,recalculated_from_experimental_copy
165,train,data/processed/MMOTU_OTU_2D_experimental/train/images/165.JPG,data/processed/MMOTU_OTU_2D_experimental/train/masks/165_binary.PNG,479,536,3,uint8,.JPG,479,536,1,uint8,.PNG,"0,1",True,recalculated_from_experimental_copy
1020,train,data/processed/MMOTU_OTU_2D_experimental/train/images/1020.JPG,data/processed/MMOTU_OTU_2D_experimental/train/masks/1020_binary.PNG,565,595,3,uint8,.JPG,565,595,1,uint8,.PNG,"0,1",True,recalculated_from_experimental_copy
933,train,data/processed/MMOTU_OTU_2D_experimental/train/images/933.JPG,data/processed/MMOTU_OTU_2D_experimental/train/masks/933_binary.PNG,567,581,3,uint8,.JPG,567,581,1,uint8,.PNG,"0,1",True,recalculated_from_experimental_copy
901,train,data/processed/MMOTU_OTU_2D_experimental/train/images/901.JPG,data/processed/MMOTU_OTU_2D_experimental/train/masks/901_binary.PNG,480,528,3,uint8,.JPG,480,528,1,uint8,.PNG,"0,1",True,recalculated_from_experimental_copy
1451,train,data/processed/MMOTU_OTU_2D_experimental/train/images/1451.JPG,data/processed/MMOTU_OTU_2D_experimental/train/masks/1451_binary.PNG,962,528,3,uint8,.JPG,962,528,1,uint8,.PNG,"0,1",True,recalculated_from_experimental_copy
1074,train,data/processed/MMOTU_OTU_2D_experimental/train/images/1074.JPG,data/processed/MMOTU_OTU_2D_experimental/train/masks/1074_binary.PNG,476,518,3,uint8,.JPG,476,518,1,uint8,.PNG,"0,1",True,recalculated_from_experimental_copy
655,train,data/processed/MMOTU_OTU_2D_experimental/train/images/655.JPG,data/processed/MMOTU_OTU_2D_experimental/train/masks/655_binary.PNG,480,569,3,uint8,.JPG,480,569,1,uint8,.PNG,"0,1",True,recalculated_from_experimental_copy
1072,train,data/processed/MMOTU_OTU_2D_experimental/train/images/1072.JPG,data/processed/MMOTU_OTU_2D_experimental/train/masks/1072_binary.PNG,959,527,3,uint8,.JPG,959,527,1,uint8,.PNG,"0,1",True,recalculated_from_experimental_copy
209,train,data/processed/MMOTU_OTU_2D_experimental/train/images/209.JPG,data/processed/MMOTU_OTU_2D_experimental/train/masks/209_binary.PNG,478,534,3,uint8,.JPG,478,534,1,uint8,.PNG,"0,1",True,recalculated_from_experimental_copy
1403,train,data/processed/MMOTU_OTU_2D_experimental/train/images/1403.JPG,data/processed/MMOTU_OTU_2D_experimental/train/masks/1403_binary.PNG,958,534,3,uint8,.JPG,958,534,1,uint8,.PNG,"0,1",True,recalculated_from_experimental_copy
423,train,data/processed/MMOTU_OTU_2D_experimental/train/images/423.JPG,data/processed/MMOTU_OTU_2D_experimental/train/masks/423_binary.PNG,961,534,3,uint8,.JPG,961,534,1,uint8,.PNG,"0,1",True,recalculated_from_experimental_copy
427,train,data/processed/MMOTU_OTU_2D_experimental/train/images/427.JPG,data/processed/MMOTU_OTU_2D_experimental/train/masks/427_binary.PNG,479,536,3,uint8,.JPG,479,536,1,uint8,.PNG,"0,1",True,recalculated_from_experimental_copy
335,train,data/processed/MMOTU_OTU_2D_experimental/train/images/335.JPG,data/processed/MMOTU_OTU_2D_experimental/train/masks/335_binary.PNG,1135,590,3,uint8,.JPG,1135,590,1,uint8,.PNG,"0,1",True,recalculated_from_experimental_copy
668,train,data/processed/MMOTU_OTU_2D_experimental/train/images/668.JPG,data/processed/MMOTU_OTU_2D_experimental/train/masks/668_binary.PNG,482,540,3,uint8,.JPG,482,540,1,uint8,.PNG,"0,1",True,recalculated_from_experimental_copy
200,train,data/processed/MMOTU_OTU_2D_experimental/train/images/200.JPG,data/processed/MMOTU_OTU_2D_experimental/train/masks/200_binary.PNG,480,531,3,uint8,.JPG,480,531,1,uint8,.PNG,"0,1",True,recalculated_from_experimental_copy
290,train,data/processed/MMOTU_OTU_2D_experimental/train/images/290.JPG,data/processed/MMOTU_OTU_2D_experimental/train/masks/290_binary.PNG,487,531,3,uint8,.JPG,487,531,1,uint8,.PNG,"0,1",True,recalculated_from_experimental_copy
1408,train,data/processed/MMOTU_OTU_2D_experimental/train/images/1408.JPG,data/processed/MMOTU_OTU_2D_experimental/train/masks/1408_binary.PNG,960,533,3,uint8,.JPG,960,533,1,uint8,.PNG,"0,1",True,recalculated_from_experimental_copy
692,train,data/processed/MMOTU_OTU_2D_experimental/train/images/692.JPG,data/processed/MMOTU_OTU_2D_experimental/train/masks/692_binary.PNG,959,535,3,uint8,.JPG,959,535,1,uint8,.PNG,"0,1",True,recalculated_from_experimental_copy
1138,train,data/processed/MMOTU_OTU_2D_experimental/train/images/1138.JPG,data/processed/MMOTU_OTU_2D_experimental/train/masks/1138_binary.PNG,973,528,3,uint8,.JPG,973,528,1,uint8,.PNG,"0,1",True,recalculated_from_experimental_copy
1158,train,data/processed/MMOTU_OTU_2D_experimental/train/images/1158.JPG,data/processed/MMOTU_OTU_2D_experimental/train/masks/1158_binary.PNG,1135,592,3,uint8,.JPG,1135,592,1,uint8,.PNG,"0,1",True,recalculated_from_experimental_copy
1110,train,data/processed/MMOTU_OTU_2D_experimental/train/images/1110.JPG,data/processed/MMOTU_OTU_2D_experimental/train/masks/1110_binary.PNG,958,535,3,uint8,.JPG,958,535,1,uint8,.PNG,"0,1",True,recalculated_from_experimental_copy
526,train,data/processed/MMOTU_OTU_2D_experimental/train/images/526.JPG,data/processed/MMOTU_OTU_2D_experimental/train/masks/526_binary.PNG,957,554,3,uint8,.JPG,957,554,1,uint8,.PNG,"0,1",True,recalculated_from_experimental_copy
860,train,data/processed/MMOTU_OTU_2D_experimental/train/images/860.JPG,data/processed/MMOTU_OTU_2D_experimental/train/masks/860_binary.PNG,959,541,3,uint8,.JPG,959,541,1,uint8,.PNG,"0,1",True,recalculated_from_experimental_copy
46,train,data/processed/MMOTU_OTU_2D_experimental/train/images/46.JPG,data/processed/MMOTU_OTU_2D_experimental/train/masks/46_binary.PNG,480,534,3,uint8,.JPG,480,534,1,uint8,.PNG,"0,1",True,recalculated_from_experimental_copy
983,train,data/processed/MMOTU_OTU_2D_experimental/train/images/983.JPG,data/processed/MMOTU_OTU_2D_experimental/train/masks/983_binary.PNG,1135,587,3,uint8,.JPG,1135,587,1,uint8,.PNG,"0,1",True,recalculated_from_experimental_copy
1338,train,data/processed/MMOTU_OTU_2D_experimental/train/images/1338.JPG,data/processed/MMOTU_OTU_2D_experimental/train/masks/1338_binary.PNG,302,327,3,uint8,.JPG,302,327,1,uint8,.PNG,"0,1",True,recalculated_from_experimental_copy
808,train,data/processed/MMOTU_OTU_2D_experimental/train/images/808.JPG,data/processed/MMOTU_OTU_2D_experimental/train/masks/808_binary.PNG,959,541,3,uint8,.JPG,959,541,1,uint8,.PNG,"0,1",True,recalculated_from_experimental_copy
590,train,data/processed/MMOTU_OTU_2D_experimental/train/images/590.JPG,data/processed/MMOTU_OTU_2D_experimental/train/masks/590_binary.PNG,568,560,3,uint8,.JPG,568,560,1,uint8,.PNG,"0,1",True,recalculated_from_experimental_copy
422,train,data/processed/MMOTU_OTU_2D_experimental/train/images/422.JPG,data/processed/MMOTU_OTU_2D_experimental/train/masks/422_binary.PNG,959,532,3,uint8,.JPG,959,532,1,uint8,.PNG,"0,1",True,recalculated_from_experimental_copy
284,train,data/processed/MMOTU_OTU_2D_experimental/train/images/284.JPG,data/processed/MMOTU_OTU_2D_experimental/train/masks/284_binary.PNG,480,532,3,uint8,.JPG,480,532,1,uint8,.PNG,"0,1",True,recalculated_from_experimental_copy
780,train,data/processed/MMOTU_OTU_2D_experimental/train/images/780.JPG,data/processed/MMOTU_OTU_2D_experimental/train/masks/780_binary.PNG,481,542,3,uint8,.JPG,481,542,1,uint8,.PNG,"0,1",True,recalculated_from_experimental_copy
1223,train,data/processed/MMOTU_OTU_2D_experimental/train/images/1223.JPG,data/processed/MMOTU_OTU_2D_experimental/train/masks/1223_binary.PNG,569,594,3,uint8,.JPG,569,594,1,uint8,.PNG,"0,1",True,recalculated_from_experimental_copy
1446,train,data/processed/MMOTU_OTU_2D_experimental/train/images/1446.JPG,data/processed/MMOTU_OTU_2D_experimental/train/masks/1446_binary.PNG,565,582,3,uint8,.JPG,565,582,1,uint8,.PNG,"0,1",True,recalculated_from_experimental_copy
625,train,data/processed/MMOTU_OTU_2D_experimental/train/images/625.JPG,data/processed/MMOTU_OTU_2D_experimental/train/masks/625_binary.PNG,959,537,3,uint8,.JPG,959,537,1,uint8,.PNG,"0,1",True,recalculated_from_experimental_copy
601,train,data/processed/MMOTU_OTU_2D_experimental/train/images/601.JPG,data/processed/MMOTU_OTU_2D_experimental/train/masks/601_binary.PNG,568,608,3,uint8,.JPG,568,608,1,uint8,.PNG,"0,1",True,recalculated_from_experimental_copy
1192,train,data/processed/MMOTU_OTU_2D_experimental/train/images/1192.JPG,data/processed/MMOTU_OTU_2D_experimental/train/masks/1192_binary.PNG,481,544,3,uint8,.JPG,481,544,1,uint8,.PNG,"0,1",True,recalculated_from_experimental_copy
1362,train,data/processed/MMOTU_OTU_2D_experimental/train/images/1362.JPG,data/processed/MMOTU_OTU_2D_experimental/train/masks/1362_binary.PNG,1135,640,3,uint8,.JPG,1135,640,1,uint8,.PNG,"0,1",True,recalculated_from_experimental_copy
1070,train,data/processed/MMOTU_OTU_2D_experimental/train/images/1070.JPG,data/processed/MMOTU_OTU_2D_experimental/train/masks/1070_binary.PNG,956,531,3,uint8,.JPG,956,531,1,uint8,.PNG,"0,1",True,recalculated_from_experimental_copy
834,train,data/processed/MMOTU_OTU_2D_experimental/train/images/834.JPG,data/processed/MMOTU_OTU_2D_experimental/train/masks/834_binary.PNG,967,537,3,uint8,.JPG,967,537,1,uint8,.PNG,"0,1",True,recalculated_from_experimental_copy
1183,train,data/processed/MMOTU_OTU_2D_experimental/train/images/1183.JPG,data/processed/MMOTU_OTU_2D_experimental/train/masks/1183_binary.PNG,1121,591,3,uint8,.JPG,1121,591,1,uint8,.PNG,"0,1",True,recalculated_from_experimental_copy
874,train,data/processed/MMOTU_OTU_2D_experimental/train/images/874.JPG,data/processed/MMOTU_OTU_2D_experimental/train/masks/874_binary.PNG,958,545,3,uint8,.JPG,958,545,1,uint8,.PNG,"0,1",True,recalculated_from_experimental_copy
761,train,data/processed/MMOTU_OTU_2D_experimental/train/images/761.JPG,data/processed/MMOTU_OTU_2D_experimental/train/masks/761_binary.PNG,1108,632,3,uint8,.JPG,1108,632,1,uint8,.PNG,"0,1",True,recalculated_from_experimental_copy
310,train,data/processed/MMOTU_OTU_2D_experimental/train/images/310.JPG,data/processed/MMOTU_OTU_2D_experimental/train/masks/310_binary.PNG,799,623,3,uint8,.JPG,799,623,1,uint8,.PNG,"0,1",True,recalculated_from_experimental_copy
900,train,data/processed/MMOTU_OTU_2D_experimental/train/images/900.JPG,data/processed/MMOTU_OTU_2D_experimental/train/masks/900_binary.PNG,478,526,3,uint8,.JPG,478,526,1,uint8,.PNG,"0,1",True,recalculated_from_experimental_copy
139,train,data/processed/MMOTU_OTU_2D_experimental/train/images/139.JPG,data/processed/MMOTU_OTU_2D_experimental/train/masks/139_binary.PNG,958,533,3,uint8,.JPG,958,533,1,uint8,.PNG,"0,1",True,recalculated_from_experimental_copy
82,train,data/processed/MMOTU_OTU_2D_experimental/train/images/82.JPG,data/processed/MMOTU_OTU_2D_experimental/train/masks/82_binary.PNG,958,532,3,uint8,.JPG,958,532,1,uint8,.PNG,"0,1",True,recalculated_from_experimental_copy
272,train,data/processed/MMOTU_OTU_2D_experimental/train/images/272.JPG,data/processed/MMOTU_OTU_2D_experimental/train/masks/272_binary.PNG,959,534,3,uint8,.JPG,959,534,1,uint8,.PNG,"0,1",True,recalculated_from_experimental_copy
818,train,data/processed/MMOTU_OTU_2D_experimental/train/images/818.JPG,data/processed/MMOTU_OTU_2D_experimental/train/masks/818_binary.PNG,972,534,3,uint8,.JPG,972,534,1,uint8,.PNG,"0,1",True,recalculated_from_experimental_copy
589,train,data/processed/MMOTU_OTU_2D_experimental/train/images/589.JPG,data/processed/MMOTU_OTU_2D_experimental/train/masks/589_binary.PNG,568,568,3,uint8,.JPG,568,568,1,uint8,.PNG,"0,1",True,recalculated_from_experimental_copy
276,train,data/processed/MMOTU_OTU_2D_experimental/train/images/276.JPG,data/processed/MMOTU_OTU_2D_experimental/train/masks/276_binary.PNG,958,533,3,uint8,.JPG,958,533,1,uint8,.PNG,"0,1",True,recalculated_from_experimental_copy
767,train,data/processed/MMOTU_OTU_2D_experimental/train/images/767.JPG,data/processed/MMOTU_OTU_2D_experimental/train/masks/767_binary.PNG,562,622,3,uint8,.JPG,562,622,1,uint8,.PNG,"0,1",True,recalculated_from_experimental_copy
147,train,data/processed/MMOTU_OTU_2D_experimental/train/images/147.JPG,data/processed/MMOTU_OTU_2D_experimental/train/masks/147_binary.PNG,1104,573,3,uint8,.JPG,1104,573,1,uint8,.PNG,"0,1",True,recalculated_from_experimental_copy
1346,train,data/processed/MMOTU_OTU_2D_experimental/train/images/1346.JPG,data/processed/MMOTU_OTU_2D_experimental/train/masks/1346_binary.PNG,570,589,3,uint8,.JPG,570,589,1,uint8,.PNG,"0,1",True,recalculated_from_experimental_copy
974,train,data/processed/MMOTU_OTU_2D_experimental/train/images/974.JPG,data/processed/MMOTU_OTU_2D_experimental/train/masks/974_binary.PNG,478,536,3,uint8,.JPG,478,536,1,uint8,.PNG,"0,1",True,recalculated_from_experimental_copy
421,train,data/processed/MMOTU_OTU_2D_experimental/train/images/421.JPG,data/processed/MMOTU_OTU_2D_experimental/train/masks/421_binary.PNG,957,531,3,uint8,.JPG,957,531,1,uint8,.PNG,"0,1",True,recalculated_from_experimental_copy
244,train,data/processed/MMOTU_OTU_2D_experimental/train/images/244.JPG,data/processed/MMOTU_OTU_2D_experimental/train/masks/244_binary.PNG,479,531,3,uint8,.JPG,479,531,1,uint8,.PNG,"0,1",True,recalculated_from_experimental_copy
1310,train,data/processed/MMOTU_OTU_2D_experimental/train/images/1310.JPG,data/processed/MMOTU_OTU_2D_experimental/train/masks/1310_binary.PNG,573,321,3,uint8,.JPG,573,321,1,uint8,.PNG,"0,1",True,recalculated_from_experimental_copy
611,train,data/processed/MMOTU_OTU_2D_experimental/train/images/611.JPG,data/processed/MMOTU_OTU_2D_experimental/train/masks/611_binary.PNG,788,559,3,uint8,.JPG,788,559,1,uint8,.PNG,"0,1",True,recalculated_from_experimental_copy
69,train,data/processed/MMOTU_OTU_2D_experimental/train/images/69.JPG,data/processed/MMOTU_OTU_2D_experimental/train/masks/69_binary.PNG,959,660,3,uint8,.JPG,959,660,1,uint8,.PNG,"0,1",True,recalculated_from_experimental_copy
53,train,data/processed/MMOTU_OTU_2D_experimental/train/images/53.JPG,data/processed/MMOTU_OTU_2D_experimental/train/masks/53_binary.PNG,1067,594,3,uint8,.JPG,1067,594,1,uint8,.PNG,"0,1",True,recalculated_from_experimental_copy
604,train,data/processed/MMOTU_OTU_2D_experimental/train/images/604.JPG,data/processed/MMOTU_OTU_2D_experimental/train/masks/604_binary.PNG,958,547,3,uint8,.JPG,958,547,1,uint8,.PNG,"0,1",True,recalculated_from_experimental_copy
587,train,data/processed/MMOTU_OTU_2D_experimental/train/images/587.JPG,data/processed/MMOTU_OTU_2D_experimental/train/masks/587_binary.PNG,477,550,3,uint8,.JPG,477,550,1,uint8,.PNG,"0,1",True,recalculated_from_experimental_copy
1459,train,data/processed/MMOTU_OTU_2D_experimental/train/images/1459.JPG,data/processed/MMOTU_OTU_2D_experimental/train/masks/1459_binary.PNG,957,529,3,uint8,.JPG,957,529,1,uint8,.PNG,"0,1",True,recalculated_from_experimental_copy
676,train,data/processed/MMOTU_OTU_2D_experimental/train/images/676.JPG,data/processed/MMOTU_OTU_2D_experimental/train/masks/676_binary.PNG,974,662,3,uint8,.JPG,974,662,1,uint8,.PNG,"0,1",True,recalculated_from_experimental_copy
542,train,data/processed/MMOTU_OTU_2D_experimental/train/images/542.JPG,data/processed/MMOTU_OTU_2D_experimental/train/masks/542_binary.PNG,480,554,3,uint8,.JPG,480,554,1,uint8,.PNG,"0,1",True,recalculated_from_experimental_copy
759,train,data/processed/MMOTU_OTU_2D_experimental/train/images/759.JPG,data/processed/MMOTU_OTU_2D_experimental/train/masks/759_binary.PNG,1106,628,3,uint8,.JPG,1106,628,1,uint8,.PNG,"0,1",True,recalculated_from_experimental_copy
905,train,data/processed/MMOTU_OTU_2D_experimental/train/images/905.JPG,data/processed/MMOTU_OTU_2D_experimental/train/masks/905_binary.PNG,568,583,3,uint8,.JPG,568,583,1,uint8,.PNG,"0,1",True,recalculated_from_experimental_copy
20,train,data/processed/MMOTU_OTU_2D_experimental/train/images/20.JPG,data/processed/MMOTU_OTU_2D_experimental/train/masks/20_binary.PNG,479,531,3,uint8,.JPG,479,531,1,uint8,.PNG,"0,1",True,recalculated_from_experimental_copy
184,train,data/processed/MMOTU_OTU_2D_experimental/train/images/184.JPG,data/processed/MMOTU_OTU_2D_experimental/train/masks/184_binary.PNG,481,535,3,uint8,.JPG,481,535,1,uint8,.PNG,"0,1",True,recalculated_from_experimental_copy
645,train,data/processed/MMOTU_OTU_2D_experimental/train/images/645.JPG,data/processed/MMOTU_OTU_2D_experimental/train/masks/645_binary.PNG,973,556,3,uint8,.JPG,973,556,1,uint8,.PNG,"0,1",True,recalculated_from_experimental_copy
1385,train,data/processed/MMOTU_OTU_2D_experimental/train/images/1385.JPG,data/processed/MMOTU_OTU_2D_experimental/train/masks/1385_binary.PNG,959,533,3,uint8,.JPG,959,533,1,uint8,.PNG,"0,1",True,recalculated_from_experimental_copy
1156,train,data/processed/MMOTU_OTU_2D_experimental/train/images/1156.JPG,data/processed/MMOTU_OTU_2D_experimental/train/masks/1156_binary.PNG,1135,667,3,uint8,.JPG,1135,667,1,uint8,.PNG,"0,1",True,recalculated_from_experimental_copy
57,train,data/processed/MMOTU_OTU_2D_experimental/train/images/57.JPG,data/processed/MMOTU_OTU_2D_experimental/train/masks/57_binary.PNG,1099,793,3,uint8,.JPG,1099,793,1,uint8,.PNG,"0,1",True,recalculated_from_experimental_copy
613,train,data/processed/MMOTU_OTU_2D_experimental/train/images/613.JPG,data/processed/MMOTU_OTU_2D_experimental/train/masks/613_binary.PNG,974,534,3,uint8,.JPG,974,534,1,uint8,.PNG,"0,1",True,recalculated_from_experimental_copy
547,train,data/processed/MMOTU_OTU_2D_experimental/train/images/547.JPG,data/processed/MMOTU_OTU_2D_experimental/train/masks/547_binary.PNG,796,581,3,uint8,.JPG,796,581,1,uint8,.PNG,"0,1",True,recalculated_from_experimental_copy
757,train,data/processed/MMOTU_OTU_2D_experimental/train/images/757.JPG,data/processed/MMOTU_OTU_2D_experimental/train/masks/757_binary.PNG,1084,617,3,uint8,.JPG,1084,617,1,uint8,.PNG,"0,1",True,recalculated_from_experimental_copy
861,train,data/processed/MMOTU_OTU_2D_experimental/train/images/861.JPG,data/processed/MMOTU_OTU_2D_experimental/train/masks/861_binary.PNG,959,538,3,uint8,.JPG,959,538,1,uint8,.PNG,"0,1",True,recalculated_from_experimental_copy
809,train,data/processed/MMOTU_OTU_2D_experimental/train/images/809.JPG,data/processed/MMOTU_OTU_2D_experimental/train/masks/809_binary.PNG,484,558,3,uint8,.JPG,484,558,1,uint8,.PNG,"0,1",True,recalculated_from_experimental_copy
502,train,data/processed/MMOTU_OTU_2D_experimental/train/images/502.JPG,data/processed/MMOTU_OTU_2D_experimental/train/masks/502_binary.PNG,478,542,3,uint8,.JPG,478,542,1,uint8,.PNG,"0,1",True,recalculated_from_experimental_copy
670,train,data/processed/MMOTU_OTU_2D_experimental/train/images/670.JPG,data/processed/MMOTU_OTU_2D_experimental/train/masks/670_binary.PNG,1135,784,3,uint8,.JPG,1135,784,1,uint8,.PNG,"0,1",True,recalculated_from_experimental_copy
1324,train,data/processed/MMOTU_OTU_2D_experimental/train/images/1324.JPG,data/processed/MMOTU_OTU_2D_experimental/train/masks/1324_binary.PNG,482,538,3,uint8,.JPG,482,538,1,uint8,.PNG,"0,1",True,recalculated_from_experimental_copy
1350,train,data/processed/MMOTU_OTU_2D_experimental/train/images/1350.JPG,data/processed/MMOTU_OTU_2D_experimental/train/masks/1350_binary.PNG,571,587,3,uint8,.JPG,571,587,1,uint8,.PNG,"0,1",True,recalculated_from_experimental_copy
1386,train,data/processed/MMOTU_OTU_2D_experimental/train/images/1386.JPG,data/processed/MMOTU_OTU_2D_experimental/train/masks/1386_binary.PNG,959,531,3,uint8,.JPG,959,531,1,uint8,.PNG,"0,1",True,recalculated_from_experimental_copy
1036,train,data/processed/MMOTU_OTU_2D_experimental/train/images/1036.JPG,data/processed/MMOTU_OTU_2D_experimental/train/masks/1036_binary.PNG,959,563,3,uint8,.JPG,959,563,1,uint8,.PNG,"0,1",True,recalculated_from_experimental_copy
49,train,data/processed/MMOTU_OTU_2D_experimental/train/images/49.JPG,data/processed/MMOTU_OTU_2D_experimental/train/masks/49_binary.PNG,846,614,3,uint8,.JPG,846,614,1,uint8,.PNG,"0,1",True,recalculated_from_experimental_copy
819,train,data/processed/MMOTU_OTU_2D_experimental/train/images/819.JPG,data/processed/MMOTU_OTU_2D_experimental/train/masks/819_binary.PNG,972,548,3,uint8,.JPG,972,548,1,uint8,.PNG,"0,1",True,recalculated_from_experimental_copy
265,train,data/processed/MMOTU_OTU_2D_experimental/train/images/265.JPG,data/processed/MMOTU_OTU_2D_experimental/train/masks/265_binary.PNG,478,531,3,uint8,.JPG,478,531,1,uint8,.PNG,"0,1",True,recalculated_from_experimental_copy
647,train,data/processed/MMOTU_OTU_2D_experimental/train/images/647.JPG,data/processed/MMOTU_OTU_2D_experimental/train/masks/647_binary.PNG,972,546,3,uint8,.JPG,972,546,1,uint8,.PNG,"0,1",True,recalculated_from_experimental_copy
1292,train,data/processed/MMOTU_OTU_2D_experimental/train/images/1292.JPG,data/processed/MMOTU_OTU_2D_experimental/train/masks/1292_binary.PNG,958,534,3,uint8,.JPG,958,534,1,uint8,.PNG,"0,1",True,recalculated_from_experimental_copy
250,train,data/processed/MMOTU_OTU_2D_experimental/train/images/250.JPG,data/processed/MMOTU_OTU_2D_experimental/train/masks/250_binary.PNG,485,530,3,uint8,.JPG,485,530,1,uint8,.PNG,"0,1",True,recalculated_from_experimental_copy
10,train,data/processed/MMOTU_OTU_2D_experimental/train/images/10.JPG,data/processed/MMOTU_OTU_2D_experimental/train/masks/10_binary.PNG,483,542,3,uint8,.JPG,483,542,1,uint8,.PNG,"0,1",True,recalculated_from_experimental_copy
659,train,data/processed/MMOTU_OTU_2D_experimental/train/images/659.JPG,data/processed/MMOTU_OTU_2D_experimental/train/masks/659_binary.PNG,477,554,3,uint8,.JPG,477,554,1,uint8,.PNG,"0,1",True,recalculated_from_experimental_copy
893,train,data/processed/MMOTU_OTU_2D_experimental/train/images/893.JPG,data/processed/MMOTU_OTU_2D_experimental/train/masks/893_binary.PNG,958,528,3,uint8,.JPG,958,528,1,uint8,.PNG,"0,1",True,recalculated_from_experimental_copy
588,train,data/processed/MMOTU_OTU_2D_experimental/train/images/588.JPG,data/processed/MMOTU_OTU_2D_experimental/train/masks/588_binary.PNG,480,541,3,uint8,.JPG,480,541,1,uint8,.PNG,"0,1",True,recalculated_from_experimental_copy
733,train,data/processed/MMOTU_OTU_2D_experimental/train/images/733.JPG,data/processed/MMOTU_OTU_2D_experimental/train/masks/733_binary.PNG,480,556,3,uint8,.JPG,480,556,1,uint8,.PNG,"0,1",True,recalculated_from_experimental_copy
275,train,data/processed/MMOTU_OTU_2D_experimental/train/images/275.JPG,data/processed/MMOTU_OTU_2D_experimental/train/masks/275_binary.PNG,959,533,3,uint8,.JPG,959,533,1,uint8,.PNG,"0,1",True,recalculated_from_experimental_copy
902,train,data/processed/MMOTU_OTU_2D_experimental/train/images/902.JPG,data/processed/MMOTU_OTU_2D_experimental/train/masks/902_binary.PNG,479,529,3,uint8,.JPG,479,529,1,uint8,.PNG,"0,1",True,recalculated_from_experimental_copy
1155,train,data/processed/MMOTU_OTU_2D_experimental/train/images/1155.JPG,data/processed/MMOTU_OTU_2D_experimental/train/masks/1155_binary.PNG,1135,638,3,uint8,.JPG,1135,638,1,uint8,.PNG,"0,1",True,recalculated_from_experimental_copy
684,train,data/processed/MMOTU_OTU_2D_experimental/train/images/684.JPG,data/processed/MMOTU_OTU_2D_experimental/train/masks/684_binary.PNG,495,552,3,uint8,.JPG,495,552,1,uint8,.PNG,"0,1",True,recalculated_from_experimental_copy
811,train,data/processed/MMOTU_OTU_2D_experimental/train/images/811.JPG,data/processed/MMOTU_OTU_2D_experimental/train/masks/811_binary.PNG,569,602,3,uint8,.JPG,569,602,1,uint8,.PNG,"0,1",True,recalculated_from_experimental_copy
1094,train,data/processed/MMOTU_OTU_2D_experimental/train/images/1094.JPG,data/processed/MMOTU_OTU_2D_experimental/train/masks/1094_binary.PNG,562,577,3,uint8,.JPG,562,577,1,uint8,.PNG,"0,1",True,recalculated_from_experimental_copy
75,train,data/processed/MMOTU_OTU_2D_experimental/train/images/75.JPG,data/processed/MMOTU_OTU_2D_experimental/train/masks/75_binary.PNG,959,661,3,uint8,.JPG,959,661,1,uint8,.PNG,"0,1",True,recalculated_from_experimental_copy
706,train,data/processed/MMOTU_OTU_2D_experimental/train/images/706.JPG,data/processed/MMOTU_OTU_2D_experimental/train/masks/706_binary.PNG,477,550,3,uint8,.JPG,477,550,1,uint8,.PNG,"0,1",True,recalculated_from_experimental_copy
764,train,data/processed/MMOTU_OTU_2D_experimental/train/images/764.JPG,data/processed/MMOTU_OTU_2D_experimental/train/masks/764_binary.PNG,571,598,3,uint8,.JPG,571,598,1,uint8,.PNG,"0,1",True,recalculated_from_experimental_copy
28,train,data/processed/MMOTU_OTU_2D_experimental/train/images/28.JPG,data/processed/MMOTU_OTU_2D_experimental/train/masks/28_binary.PNG,959,534,3,uint8,.JPG,959,534,1,uint8,.PNG,"0,1",True,recalculated_from_experimental_copy
113,train,data/processed/MMOTU_OTU_2D_experimental/train/images/113.JPG,data/processed/MMOTU_OTU_2D_experimental/train/masks/113_binary.PNG,959,533,3,uint8,.JPG,959,533,1,uint8,.PNG,"0,1",True,recalculated_from_experimental_copy
439,train,data/processed/MMOTU_OTU_2D_experimental/train/images/439.JPG,data/processed/MMOTU_OTU_2D_experimental/train/masks/439_binary.PNG,957,531,3,uint8,.JPG,957,531,1,uint8,.PNG,"0,1",True,recalculated_from_experimental_copy
2,train,data/processed/MMOTU_OTU_2D_experimental/train/images/2.JPG,data/processed/MMOTU_OTU_2D_experimental/train/masks/2_binary.PNG,959,536,3,uint8,.JPG,959,536,1,uint8,.PNG,"0,1",True,recalculated_from_experimental_copy
1019,train,data/processed/MMOTU_OTU_2D_experimental/train/images/1019.JPG,data/processed/MMOTU_OTU_2D_experimental/train/masks/1019_binary.PNG,568,583,3,uint8,.JPG,568,583,1,uint8,.PNG,"0,1",True,recalculated_from_experimental_copy
705,train,data/processed/MMOTU_OTU_2D_experimental/train/images/705.JPG,data/processed/MMOTU_OTU_2D_experimental/train/masks/705_binary.PNG,482,547,3,uint8,.JPG,482,547,1,uint8,.PNG,"0,1",True,recalculated_from_experimental_copy
976,train,data/processed/MMOTU_OTU_2D_experimental/train/images/976.JPG,data/processed/MMOTU_OTU_2D_experimental/train/masks/976_binary.PNG,479,528,3,uint8,.JPG,479,528,1,uint8,.PNG,"0,1",True,recalculated_from_experimental_copy
571,train,data/processed/MMOTU_OTU_2D_experimental/train/images/571.JPG,data/processed/MMOTU_OTU_2D_experimental/train/masks/571_binary.PNG,565,628,3,uint8,.JPG,565,628,1,uint8,.PNG,"0,1",True,recalculated_from_experimental_copy
1342,train,data/processed/MMOTU_OTU_2D_experimental/train/images/1342.JPG,data/processed/MMOTU_OTU_2D_experimental/train/masks/1342_binary.PNG,958,532,3,uint8,.JPG,958,532,1,uint8,.PNG,"0,1",True,recalculated_from_experimental_copy
552,train,data/processed/MMOTU_OTU_2D_experimental/train/images/552.JPG,data/processed/MMOTU_OTU_2D_experimental/train/masks/552_binary.PNG,478,540,3,uint8,.JPG,478,540,1,uint8,.PNG,"0,1",True,recalculated_from_experimental_copy
298,train,data/processed/MMOTU_OTU_2D_experimental/train/images/298.JPG,data/processed/MMOTU_OTU_2D_experimental/train/masks/298_binary.PNG,479,536,3,uint8,.JPG,479,536,1,uint8,.PNG,"0,1",True,recalculated_from_experimental_copy
943,train,data/processed/MMOTU_OTU_2D_experimental/train/images/943.JPG,data/processed/MMOTU_OTU_2D_experimental/train/masks/943_binary.PNG,568,586,3,uint8,.JPG,568,586,1,uint8,.PNG,"0,1",True,recalculated_from_experimental_copy
858,train,data/processed/MMOTU_OTU_2D_experimental/train/images/858.JPG,data/processed/MMOTU_OTU_2D_experimental/train/masks/858_binary.PNG,958,548,3,uint8,.JPG,958,548,1,uint8,.PNG,"0,1",True,recalculated_from_experimental_copy
1191,train,data/processed/MMOTU_OTU_2D_experimental/train/images/1191.JPG,data/processed/MMOTU_OTU_2D_experimental/train/masks/1191_binary.PNG,956,533,3,uint8,.JPG,956,533,1,uint8,.PNG,"0,1",True,recalculated_from_experimental_copy
35,train,data/processed/MMOTU_OTU_2D_experimental/train/images/35.JPG,data/processed/MMOTU_OTU_2D_experimental/train/masks/35_binary.PNG,480,535,3,uint8,.JPG,480,535,1,uint8,.PNG,"0,1",True,recalculated_from_experimental_copy
1034,train,data/processed/MMOTU_OTU_2D_experimental/train/images/1034.JPG,data/processed/MMOTU_OTU_2D_experimental/train/masks/1034_binary.PNG,479,525,3,uint8,.JPG,479,525,1,uint8,.PNG,"0,1",True,recalculated_from_experimental_copy
567,train,data/processed/MMOTU_OTU_2D_experimental/train/images/567.JPG,data/processed/MMOTU_OTU_2D_experimental/train/masks/567_binary.PNG,478,589,3,uint8,.JPG,478,589,1,uint8,.PNG,"0,1",True,recalculated_from_experimental_copy
467,train,data/processed/MMOTU_OTU_2D_experimental/train/images/467.JPG,data/processed/MMOTU_OTU_2D_experimental/train/masks/467_binary.PNG,959,532,3,uint8,.JPG,959,532,1,uint8,.PNG,"0,1",True,recalculated_from_experimental_copy
1303,train,data/processed/MMOTU_OTU_2D_experimental/train/images/1303.JPG,data/processed/MMOTU_OTU_2D_experimental/train/masks/1303_binary.PNG,1135,594,3,uint8,.JPG,1135,594,1,uint8,.PNG,"0,1",True,recalculated_from_experimental_copy
18,train,data/processed/MMOTU_OTU_2D_experimental/train/images/18.JPG,data/processed/MMOTU_OTU_2D_experimental/train/masks/18_binary.PNG,958,533,3,uint8,.JPG,958,533,1,uint8,.PNG,"0,1",True,recalculated_from_experimental_copy
411,train,data/processed/MMOTU_OTU_2D_experimental/train/images/411.JPG,data/processed/MMOTU_OTU_2D_experimental/train/masks/411_binary.PNG,959,535,3,uint8,.JPG,959,535,1,uint8,.PNG,"0,1",True,recalculated_from_experimental_copy
95,train,data/processed/MMOTU_OTU_2D_experimental/train/images/95.JPG,data/processed/MMOTU_OTU_2D_experimental/train/masks/95_binary.PNG,958,663,3,uint8,.JPG,958,663,1,uint8,.PNG,"0,1",True,recalculated_from_experimental_copy
738,train,data/processed/MMOTU_OTU_2D_experimental/train/images/738.JPG,data/processed/MMOTU_OTU_2D_experimental/train/masks/738_binary.PNG,496,549,3,uint8,.JPG,496,549,1,uint8,.PNG,"0,1",True,recalculated_from_experimental_copy
1058,train,data/processed/MMOTU_OTU_2D_experimental/train/images/1058.JPG,data/processed/MMOTU_OTU_2D_experimental/train/masks/1058_binary.PNG,566,582,3,uint8,.JPG,566,582,1,uint8,.PNG,"0,1",True,recalculated_from_experimental_copy
803,train,data/processed/MMOTU_OTU_2D_experimental/train/images/803.JPG,data/processed/MMOTU_OTU_2D_experimental/train/masks/803_binary.PNG,957,542,3,uint8,.JPG,957,542,1,uint8,.PNG,"0,1",True,recalculated_from_experimental_copy
678,train,data/processed/MMOTU_OTU_2D_experimental/train/images/678.JPG,data/processed/MMOTU_OTU_2D_experimental/train/masks/678_binary.PNG,476,552,3,uint8,.JPG,476,552,1,uint8,.PNG,"0,1",True,recalculated_from_experimental_copy
867,train,data/processed/MMOTU_OTU_2D_experimental/train/images/867.JPG,data/processed/MMOTU_OTU_2D_experimental/train/masks/867_binary.PNG,477,296,3,uint8,.JPG,477,296,1,uint8,.PNG,"0,1",True,recalculated_from_experimental_copy
221,train,data/processed/MMOTU_OTU_2D_experimental/train/images/221.JPG,data/processed/MMOTU_OTU_2D_experimental/train/masks/221_binary.PNG,481,532,3,uint8,.JPG,481,532,1,uint8,.PNG,"0,1",True,recalculated_from_experimental_copy
1297,train,data/processed/MMOTU_OTU_2D_experimental/train/images/1297.JPG,data/processed/MMOTU_OTU_2D_experimental/train/masks/1297_binary.PNG,959,537,3,uint8,.JPG,959,537,1,uint8,.PNG,"0,1",True,recalculated_from_experimental_copy
722,train,data/processed/MMOTU_OTU_2D_experimental/train/images/722.JPG,data/processed/MMOTU_OTU_2D_experimental/train/masks/722_binary.PNG,480,556,3,uint8,.JPG,480,556,1,uint8,.PNG,"0,1",True,recalculated_from_experimental_copy
1097,train,data/processed/MMOTU_OTU_2D_experimental/train/images/1097.JPG,data/processed/MMOTU_OTU_2D_experimental/train/masks/1097_binary.PNG,959,530,3,uint8,.JPG,959,530,1,uint8,.PNG,"0,1",True,recalculated_from_experimental_copy
1098,train,data/processed/MMOTU_OTU_2D_experimental/train/images/1098.JPG,data/processed/MMOTU_OTU_2D_experimental/train/masks/1098_binary.PNG,957,522,3,uint8,.JPG,957,522,1,uint8,.PNG,"0,1",True,recalculated_from_experimental_copy
695,train,data/processed/MMOTU_OTU_2D_experimental/train/images/695.JPG,data/processed/MMOTU_OTU_2D_experimental/train/masks/695_binary.PNG,481,554,3,uint8,.JPG,481,554,1,uint8,.PNG,"0,1",True,recalculated_from_experimental_copy
1029,train,data/processed/MMOTU_OTU_2D_experimental/train/images/1029.JPG,data/processed/MMOTU_OTU_2D_experimental/train/masks/1029_binary.PNG,955,518,3,uint8,.JPG,955,518,1,uint8,.PNG,"0,1",True,recalculated_from_experimental_copy
892,train,data/processed/MMOTU_OTU_2D_experimental/train/images/892.JPG,data/processed/MMOTU_OTU_2D_experimental/train/masks/892_binary.PNG,959,528,3,uint8,.JPG,959,528,1,uint8,.PNG,"0,1",True,recalculated_from_experimental_copy
160,train,data/processed/MMOTU_OTU_2D_experimental/train/images/160.JPG,data/processed/MMOTU_OTU_2D_experimental/train/masks/160_binary.PNG,484,533,3,uint8,.JPG,484,533,1,uint8,.PNG,"0,1",True,recalculated_from_experimental_copy
992,train,data/processed/MMOTU_OTU_2D_experimental/train/images/992.JPG,data/processed/MMOTU_OTU_2D_experimental/train/masks/992_binary.PNG,723,542,3,uint8,.JPG,723,542,1,uint8,.PNG,"0,1",True,recalculated_from_experimental_copy
1380,train,data/processed/MMOTU_OTU_2D_experimental/train/images/1380.JPG,data/processed/MMOTU_OTU_2D_experimental/train/masks/1380_binary.PNG,959,545,3,uint8,.JPG,959,545,1,uint8,.PNG,"0,1",True,recalculated_from_experimental_copy
1209,train,data/processed/MMOTU_OTU_2D_experimental/train/images/1209.JPG,data/processed/MMOTU_OTU_2D_experimental/train/masks/1209_binary.PNG,958,534,3,uint8,.JPG,958,534,1,uint8,.PNG,"0,1",True,recalculated_from_experimental_copy
1363,train,data/processed/MMOTU_OTU_2D_experimental/train/images/1363.JPG,data/processed/MMOTU_OTU_2D_experimental/train/masks/1363_binary.PNG,565,632,3,uint8,.JPG,565,632,1,uint8,.PNG,"0,1",True,recalculated_from_experimental_copy
1145,train,data/processed/MMOTU_OTU_2D_experimental/train/images/1145.JPG,data/processed/MMOTU_OTU_2D_experimental/train/masks/1145_binary.PNG,481,539,3,uint8,.JPG,481,539,1,uint8,.PNG,"0,1",True,recalculated_from_experimental_copy
461,train,data/processed/MMOTU_OTU_2D_experimental/train/images/461.JPG,data/processed/MMOTU_OTU_2D_experimental/train/masks/461_binary.PNG,958,529,3,uint8,.JPG,958,529,1,uint8,.PNG,"0,1",True,recalculated_from_experimental_copy
889,train,data/processed/MMOTU_OTU_2D_experimental/train/images/889.JPG,data/processed/MMOTU_OTU_2D_experimental/train/masks/889_binary.PNG,479,531,3,uint8,.JPG,479,531,1,uint8,.PNG,"0,1",True,recalculated_from_experimental_copy
918,train,data/processed/MMOTU_OTU_2D_experimental/train/images/918.JPG,data/processed/MMOTU_OTU_2D_experimental/train/masks/918_binary.PNG,957,527,3,uint8,.JPG,957,527,1,uint8,.PNG,"0,1",True,recalculated_from_experimental_copy
853,train,data/processed/MMOTU_OTU_2D_experimental/train/images/853.JPG,data/processed/MMOTU_OTU_2D_experimental/train/masks/853_binary.PNG,958,546,3,uint8,.JPG,958,546,1,uint8,.PNG,"0,1",True,recalculated_from_experimental_copy
1247,train,data/processed/MMOTU_OTU_2D_experimental/train/images/1247.JPG,data/processed/MMOTU_OTU_2D_experimental/train/masks/1247_binary.PNG,957,531,3,uint8,.JPG,957,531,1,uint8,.PNG,"0,1",True,recalculated_from_experimental_copy
1253,train,data/processed/MMOTU_OTU_2D_experimental/train/images/1253.JPG,data/processed/MMOTU_OTU_2D_experimental/train/masks/1253_binary.PNG,565,544,3,uint8,.JPG,565,544,1,uint8,.PNG,"0,1",True,recalculated_from_experimental_copy
624,train,data/processed/MMOTU_OTU_2D_experimental/train/images/624.JPG,data/processed/MMOTU_OTU_2D_experimental/train/masks/624_binary.PNG,479,540,3,uint8,.JPG,479,540,1,uint8,.PNG,"0,1",True,recalculated_from_experimental_copy
77,train,data/processed/MMOTU_OTU_2D_experimental/train/images/77.JPG,data/processed/MMOTU_OTU_2D_experimental/train/masks/77_binary.PNG,961,663,3,uint8,.JPG,961,663,1,uint8,.PNG,"0,1",True,recalculated_from_experimental_copy
178,train,data/processed/MMOTU_OTU_2D_experimental/train/images/178.JPG,data/processed/MMOTU_OTU_2D_experimental/train/masks/178_binary.PNG,958,535,3,uint8,.JPG,958,535,1,uint8,.PNG,"0,1",True,recalculated_from_experimental_copy
1165,train,data/processed/MMOTU_OTU_2D_experimental/train/images/1165.JPG,data/processed/MMOTU_OTU_2D_experimental/train/masks/1165_binary.PNG,570,597,3,uint8,.JPG,570,597,1,uint8,.PNG,"0,1",True,recalculated_from_experimental_copy
963,train,data/processed/MMOTU_OTU_2D_experimental/train/images/963.JPG,data/processed/MMOTU_OTU_2D_experimental/train/masks/963_binary.PNG,959,520,3,uint8,.JPG,959,520,1,uint8,.PNG,"0,1",True,recalculated_from_experimental_copy
1174,train,data/processed/MMOTU_OTU_2D_experimental/train/images/1174.JPG,data/processed/MMOTU_OTU_2D_experimental/train/masks/1174_binary.PNG,719,556,3,uint8,.JPG,719,556,1,uint8,.PNG,"0,1",True,recalculated_from_experimental_copy
251,train,data/processed/MMOTU_OTU_2D_experimental/train/images/251.JPG,data/processed/MMOTU_OTU_2D_experimental/train/masks/251_binary.PNG,483,532,3,uint8,.JPG,483,532,1,uint8,.PNG,"0,1",True,recalculated_from_experimental_copy
1028,train,data/processed/MMOTU_OTU_2D_experimental/train/images/1028.JPG,data/processed/MMOTU_OTU_2D_experimental/train/masks/1028_binary.PNG,957,521,3,uint8,.JPG,957,521,1,uint8,.PNG,"0,1",True,recalculated_from_experimental_copy
52,train,data/processed/MMOTU_OTU_2D_experimental/train/images/52.JPG,data/processed/MMOTU_OTU_2D_experimental/train/masks/52_binary.PNG,1071,794,3,uint8,.JPG,1071,794,1,uint8,.PNG,"0,1",True,recalculated_from_experimental_copy
1320,train,data/processed/MMOTU_OTU_2D_experimental/train/images/1320.JPG,data/processed/MMOTU_OTU_2D_experimental/train/masks/1320_binary.PNG,482,536,3,uint8,.JPG,482,536,1,uint8,.PNG,"0,1",True,recalculated_from_experimental_copy
161,train,data/processed/MMOTU_OTU_2D_experimental/train/images/161.JPG,data/processed/MMOTU_OTU_2D_experimental/train/masks/161_binary.PNG,957,531,3,uint8,.JPG,957,531,1,uint8,.PNG,"0,1",True,recalculated_from_experimental_copy
1402,train,data/processed/MMOTU_OTU_2D_experimental/train/images/1402.JPG,data/processed/MMOTU_OTU_2D_experimental/train/masks/1402_binary.PNG,958,535,3,uint8,.JPG,958,535,1,uint8,.PNG,"0,1",True,recalculated_from_experimental_copy
529,train,data/processed/MMOTU_OTU_2D_experimental/train/images/529.JPG,data/processed/MMOTU_OTU_2D_experimental/train/masks/529_binary.PNG,959,559,3,uint8,.JPG,959,559,1,uint8,.PNG,"0,1",True,recalculated_from_experimental_copy
238,train,data/processed/MMOTU_OTU_2D_experimental/train/images/238.JPG,data/processed/MMOTU_OTU_2D_experimental/train/masks/238_binary.PNG,855,556,3,uint8,.JPG,855,556,1,uint8,.PNG,"0,1",True,recalculated_from_experimental_copy
750,train,data/processed/MMOTU_OTU_2D_experimental/train/images/750.JPG,data/processed/MMOTU_OTU_2D_experimental/train/masks/750_binary.PNG,476,520,3,uint8,.JPG,476,520,1,uint8,.PNG,"0,1",True,recalculated_from_experimental_copy
205,train,data/processed/MMOTU_OTU_2D_experimental/train/images/205.JPG,data/processed/MMOTU_OTU_2D_experimental/train/masks/205_binary.PNG,955,661,3,uint8,.JPG,955,661,1,uint8,.PNG,"0,1",True,recalculated_from_experimental_copy
591,train,data/processed/MMOTU_OTU_2D_experimental/train/images/591.JPG,data/processed/MMOTU_OTU_2D_experimental/train/masks/591_binary.PNG,568,607,3,uint8,.JPG,568,607,1,uint8,.PNG,"0,1",True,recalculated_from_experimental_copy
980,train,data/processed/MMOTU_OTU_2D_experimental/train/images/980.JPG,data/processed/MMOTU_OTU_2D_experimental/train/masks/980_binary.PNG,480,530,3,uint8,.JPG,480,530,1,uint8,.PNG,"0,1",True,recalculated_from_experimental_copy
841,train,data/processed/MMOTU_OTU_2D_experimental/train/images/841.JPG,data/processed/MMOTU_OTU_2D_experimental/train/masks/841_binary.PNG,570,627,3,uint8,.JPG,570,627,1,uint8,.PNG,"0,1",True,recalculated_from_experimental_copy
731,train,data/processed/MMOTU_OTU_2D_experimental/train/images/731.JPG,data/processed/MMOTU_OTU_2D_experimental/train/masks/731_binary.PNG,480,533,3,uint8,.JPG,480,533,1,uint8,.PNG,"0,1",True,recalculated_from_experimental_copy
1420,train,data/processed/MMOTU_OTU_2D_experimental/train/images/1420.JPG,data/processed/MMOTU_OTU_2D_experimental/train/masks/1420_binary.PNG,1106,607,3,uint8,.JPG,1106,607,1,uint8,.PNG,"0,1",True,recalculated_from_experimental_copy
1377,train,data/processed/MMOTU_OTU_2D_experimental/train/images/1377.JPG,data/processed/MMOTU_OTU_2D_experimental/train/masks/1377_binary.PNG,764,556,3,uint8,.JPG,764,556,1,uint8,.PNG,"0,1",True,recalculated_from_experimental_copy
569,train,data/processed/MMOTU_OTU_2D_experimental/train/images/569.JPG,data/processed/MMOTU_OTU_2D_experimental/train/masks/569_binary.PNG,565,619,3,uint8,.JPG,565,619,1,uint8,.PNG,"0,1",True,recalculated_from_experimental_copy
1220,train,data/processed/MMOTU_OTU_2D_experimental/train/images/1220.JPG,data/processed/MMOTU_OTU_2D_experimental/train/masks/1220_binary.PNG,483,539,3,uint8,.JPG,483,539,1,uint8,.PNG,"0,1",True,recalculated_from_experimental_copy
58,train,data/processed/MMOTU_OTU_2D_experimental/train/images/58.JPG,data/processed/MMOTU_OTU_2D_experimental/train/masks/58_binary.PNG,959,530,3,uint8,.JPG,959,530,1,uint8,.PNG,"0,1",True,recalculated_from_experimental_copy
1442,train,data/processed/MMOTU_OTU_2D_experimental/train/images/1442.JPG,data/processed/MMOTU_OTU_2D_experimental/train/masks/1442_binary.PNG,961,522,3,uint8,.JPG,961,522,1,uint8,.PNG,"0,1",True,recalculated_from_experimental_copy
1043,train,data/processed/MMOTU_OTU_2D_experimental/train/images/1043.JPG,data/processed/MMOTU_OTU_2D_experimental/train/masks/1043_binary.PNG,959,510,3,uint8,.JPG,959,510,1,uint8,.PNG,"0,1",True,recalculated_from_experimental_copy
319,train,data/processed/MMOTU_OTU_2D_experimental/train/images/319.JPG,data/processed/MMOTU_OTU_2D_experimental/train/masks/319_binary.PNG,482,534,3,uint8,.JPG,482,534,1,uint8,.PNG,"0,1",True,recalculated_from_experimental_copy
23,train,data/processed/MMOTU_OTU_2D_experimental/train/images/23.JPG,data/processed/MMOTU_OTU_2D_experimental/train/masks/23_binary.PNG,480,533,3,uint8,.JPG,480,533,1,uint8,.PNG,"0,1",True,recalculated_from_experimental_copy
1136,train,data/processed/MMOTU_OTU_2D_experimental/train/images/1136.JPG,data/processed/MMOTU_OTU_2D_experimental/train/masks/1136_binary.PNG,568,592,3,uint8,.JPG,568,592,1,uint8,.PNG,"0,1",True,recalculated_from_experimental_copy
1438,train,data/processed/MMOTU_OTU_2D_experimental/train/images/1438.JPG,data/processed/MMOTU_OTU_2D_experimental/train/masks/1438_binary.PNG,483,552,3,uint8,.JPG,483,552,1,uint8,.PNG,"0,1",True,recalculated_from_experimental_copy
132,train,data/processed/MMOTU_OTU_2D_experimental/train/images/132.JPG,data/processed/MMOTU_OTU_2D_experimental/train/masks/132_binary.PNG,477,555,3,uint8,.JPG,477,555,1,uint8,.PNG,"0,1",True,recalculated_from_experimental_copy
1418,train,data/processed/MMOTU_OTU_2D_experimental/train/images/1418.JPG,data/processed/MMOTU_OTU_2D_experimental/train/masks/1418_binary.PNG,551,618,3,uint8,.JPG,551,618,1,uint8,.PNG,"0,1",True,recalculated_from_experimental_copy
1116,train,data/processed/MMOTU_OTU_2D_experimental/train/images/1116.JPG,data/processed/MMOTU_OTU_2D_experimental/train/masks/1116_binary.PNG,959,535,3,uint8,.JPG,959,535,1,uint8,.PNG,"0,1",True,recalculated_from_experimental_copy
657,train,data/processed/MMOTU_OTU_2D_experimental/train/images/657.JPG,data/processed/MMOTU_OTU_2D_experimental/train/masks/657_binary.PNG,479,563,3,uint8,.JPG,479,563,1,uint8,.PNG,"0,1",True,recalculated_from_experimental_copy
1463,train,data/processed/MMOTU_OTU_2D_experimental/train/images/1463.JPG,data/processed/MMOTU_OTU_2D_experimental/train/masks/1463_binary.PNG,646,329,3,uint8,.JPG,646,329,1,uint8,.PNG,"0,1",True,recalculated_from_experimental_copy
772,train,data/processed/MMOTU_OTU_2D_experimental/train/images/772.JPG,data/processed/MMOTU_OTU_2D_experimental/train/masks/772_binary.PNG,474,548,3,uint8,.JPG,474,548,1,uint8,.PNG,"0,1",True,recalculated_from_experimental_copy
428,train,data/processed/MMOTU_OTU_2D_experimental/train/images/428.JPG,data/processed/MMOTU_OTU_2D_experimental/train/masks/428_binary.PNG,482,270,3,uint8,.JPG,482,270,1,uint8,.PNG,"0,1",True,recalculated_from_experimental_copy
1120,train,data/processed/MMOTU_OTU_2D_experimental/train/images/1120.JPG,data/processed/MMOTU_OTU_2D_experimental/train/masks/1120_binary.PNG,797,605,3,uint8,.JPG,797,605,1,uint8,.PNG,"0,1",True,recalculated_from_experimental_copy
417,train,data/processed/MMOTU_OTU_2D_experimental/train/images/417.JPG,data/processed/MMOTU_OTU_2D_experimental/train/masks/417_binary.PNG,957,534,3,uint8,.JPG,957,534,1,uint8,.PNG,"0,1",True,recalculated_from_experimental_copy
1260,train,data/processed/MMOTU_OTU_2D_experimental/train/images/1260.JPG,data/processed/MMOTU_OTU_2D_experimental/train/masks/1260_binary.PNG,959,533,3,uint8,.JPG,959,533,1,uint8,.PNG,"0,1",True,recalculated_from_experimental_copy
68,train,data/processed/MMOTU_OTU_2D_experimental/train/images/68.JPG,data/processed/MMOTU_OTU_2D_experimental/train/masks/68_binary.PNG,959,662,3,uint8,.JPG,959,662,1,uint8,.PNG,"0,1",True,recalculated_from_experimental_copy
1417,train,data/processed/MMOTU_OTU_2D_experimental/train/images/1417.JPG,data/processed/MMOTU_OTU_2D_experimental/train/masks/1417_binary.PNG,1071,633,3,uint8,.JPG,1071,633,1,uint8,.PNG,"0,1",True,recalculated_from_experimental_copy
717,train,data/processed/MMOTU_OTU_2D_experimental/train/images/717.JPG,data/processed/MMOTU_OTU_2D_experimental/train/masks/717_binary.PNG,480,550,3,uint8,.JPG,480,550,1,uint8,.PNG,"0,1",True,recalculated_from_experimental_copy
566,train,data/processed/MMOTU_OTU_2D_experimental/train/images/566.JPG,data/processed/MMOTU_OTU_2D_experimental/train/masks/566_binary.PNG,477,560,3,uint8,.JPG,477,560,1,uint8,.PNG,"0,1",True,recalculated_from_experimental_copy
924,train,data/processed/MMOTU_OTU_2D_experimental/train/images/924.JPG,data/processed/MMOTU_OTU_2D_experimental/train/masks/924_binary.PNG,479,529,3,uint8,.JPG,479,529,1,uint8,.PNG,"0,1",True,recalculated_from_experimental_copy
1101,train,data/processed/MMOTU_OTU_2D_experimental/train/images/1101.JPG,data/processed/MMOTU_OTU_2D_experimental/train/masks/1101_binary.PNG,956,525,3,uint8,.JPG,956,525,1,uint8,.PNG,"0,1",True,recalculated_from_experimental_copy
479,train,data/processed/MMOTU_OTU_2D_experimental/train/images/479.JPG,data/processed/MMOTU_OTU_2D_experimental/train/masks/479_binary.PNG,961,532,3,uint8,.JPG,961,532,1,uint8,.PNG,"0,1",True,recalculated_from_experimental_copy
637,train,data/processed/MMOTU_OTU_2D_experimental/train/images/637.JPG,data/processed/MMOTU_OTU_2D_experimental/train/masks/637_binary.PNG,566,631,3,uint8,.JPG,566,631,1,uint8,.PNG,"0,1",True,recalculated_from_experimental_copy
484,train,data/processed/MMOTU_OTU_2D_experimental/train/images/484.JPG,data/processed/MMOTU_OTU_2D_experimental/train/masks/484_binary.PNG,568,713,3,uint8,.JPG,568,713,1,uint8,.PNG,"0,1",True,recalculated_from_experimental_copy
283,train,data/processed/MMOTU_OTU_2D_experimental/train/images/283.JPG,data/processed/MMOTU_OTU_2D_experimental/train/masks/283_binary.PNG,958,534,3,uint8,.JPG,958,534,1,uint8,.PNG,"0,1",True,recalculated_from_experimental_copy
719,train,data/processed/MMOTU_OTU_2D_experimental/train/images/719.JPG,data/processed/MMOTU_OTU_2D_experimental/train/masks/719_binary.PNG,478,558,3,uint8,.JPG,478,558,1,uint8,.PNG,"0,1",True,recalculated_from_experimental_copy
723,train,data/processed/MMOTU_OTU_2D_experimental/train/images/723.JPG,data/processed/MMOTU_OTU_2D_experimental/train/masks/723_binary.PNG,479,554,3,uint8,.JPG,479,554,1,uint8,.PNG,"0,1",True,recalculated_from_experimental_copy
435,train,data/processed/MMOTU_OTU_2D_experimental/train/images/435.JPG,data/processed/MMOTU_OTU_2D_experimental/train/masks/435_binary.PNG,406,275,3,uint8,.JPG,406,275,1,uint8,.PNG,"0,1",True,recalculated_from_experimental_copy
449,train,data/processed/MMOTU_OTU_2D_experimental/train/images/449.JPG,data/processed/MMOTU_OTU_2D_experimental/train/masks/449_binary.PNG,486,273,3,uint8,.JPG,486,273,1,uint8,.PNG,"0,1",True,recalculated_from_experimental_copy
31,train,data/processed/MMOTU_OTU_2D_experimental/train/images/31.JPG,data/processed/MMOTU_OTU_2D_experimental/train/masks/31_binary.PNG,479,532,3,uint8,.JPG,479,532,1,uint8,.PNG,"0,1",True,recalculated_from_experimental_copy
1263,train,data/processed/MMOTU_OTU_2D_experimental/train/images/1263.JPG,data/processed/MMOTU_OTU_2D_experimental/train/masks/1263_binary.PNG,959,537,3,uint8,.JPG,959,537,1,uint8,.PNG,"0,1",True,recalculated_from_experimental_copy
1298,train,data/processed/MMOTU_OTU_2D_experimental/train/images/1298.JPG,data/processed/MMOTU_OTU_2D_experimental/train/masks/1298_binary.PNG,958,529,3,uint8,.JPG,958,529,1,uint8,.PNG,"0,1",True,recalculated_from_experimental_copy
463,train,data/processed/MMOTU_OTU_2D_experimental/train/images/463.JPG,data/processed/MMOTU_OTU_2D_experimental/train/masks/463_binary.PNG,958,530,3,uint8,.JPG,958,530,1,uint8,.PNG,"0,1",True,recalculated_from_experimental_copy
1299,train,data/processed/MMOTU_OTU_2D_experimental/train/images/1299.JPG,data/processed/MMOTU_OTU_2D_experimental/train/masks/1299_binary.PNG,959,533,3,uint8,.JPG,959,533,1,uint8,.PNG,"0,1",True,recalculated_from_experimental_copy
846,train,data/processed/MMOTU_OTU_2D_experimental/train/images/846.JPG,data/processed/MMOTU_OTU_2D_experimental/train/masks/846_binary.PNG,972,554,3,uint8,.JPG,972,554,1,uint8,.PNG,"0,1",True,recalculated_from_experimental_copy
121,train,data/processed/MMOTU_OTU_2D_experimental/train/images/121.JPG,data/processed/MMOTU_OTU_2D_experimental/train/masks/121_binary.PNG,478,531,3,uint8,.JPG,478,531,1,uint8,.PNG,"0,1",True,recalculated_from_experimental_copy
1152,train,data/processed/MMOTU_OTU_2D_experimental/train/images/1152.JPG,data/processed/MMOTU_OTU_2D_experimental/train/masks/1152_binary.PNG,958,529,3,uint8,.JPG,958,529,1,uint8,.PNG,"0,1",True,recalculated_from_experimental_copy
256,train,data/processed/MMOTU_OTU_2D_experimental/train/images/256.JPG,data/processed/MMOTU_OTU_2D_experimental/train/masks/256_binary.PNG,945,532,3,uint8,.JPG,945,532,1,uint8,.PNG,"0,1",True,recalculated_from_experimental_copy
328,train,data/processed/MMOTU_OTU_2D_experimental/train/images/328.JPG,data/processed/MMOTU_OTU_2D_experimental/train/masks/328_binary.PNG,1105,569,3,uint8,.JPG,1105,569,1,uint8,.PNG,"0,1",True,recalculated_from_experimental_copy
1448,train,data/processed/MMOTU_OTU_2D_experimental/train/images/1448.JPG,data/processed/MMOTU_OTU_2D_experimental/train/masks/1448_binary.PNG,478,557,3,uint8,.JPG,478,557,1,uint8,.PNG,"0,1",True,recalculated_from_experimental_copy
1453,train,data/processed/MMOTU_OTU_2D_experimental/train/images/1453.JPG,data/processed/MMOTU_OTU_2D_experimental/train/masks/1453_binary.PNG,953,523,3,uint8,.JPG,953,523,1,uint8,.PNG,"0,1",True,recalculated_from_experimental_copy
929,train,data/processed/MMOTU_OTU_2D_experimental/train/images/929.JPG,data/processed/MMOTU_OTU_2D_experimental/train/masks/929_binary.PNG,480,528,3,uint8,.JPG,480,528,1,uint8,.PNG,"0,1",True,recalculated_from_experimental_copy
727,train,data/processed/MMOTU_OTU_2D_experimental/train/images/727.JPG,data/processed/MMOTU_OTU_2D_experimental/train/masks/727_binary.PNG,974,564,3,uint8,.JPG,974,564,1,uint8,.PNG,"0,1",True,recalculated_from_experimental_copy
1455,train,data/processed/MMOTU_OTU_2D_experimental/train/images/1455.JPG,data/processed/MMOTU_OTU_2D_experimental/train/masks/1455_binary.PNG,959,530,3,uint8,.JPG,959,530,1,uint8,.PNG,"0,1",True,recalculated_from_experimental_copy
469,train,data/processed/MMOTU_OTU_2D_experimental/train/images/469.JPG,data/processed/MMOTU_OTU_2D_experimental/train/masks/469_binary.PNG,480,533,3,uint8,.JPG,480,533,1,uint8,.PNG,"0,1",True,recalculated_from_experimental_copy
674,train,data/processed/MMOTU_OTU_2D_experimental/train/images/674.JPG,data/processed/MMOTU_OTU_2D_experimental/train/masks/674_binary.PNG,971,572,3,uint8,.JPG,971,572,1,uint8,.PNG,"0,1",True,recalculated_from_experimental_copy
950,train,data/processed/MMOTU_OTU_2D_experimental/train/images/950.JPG,data/processed/MMOTU_OTU_2D_experimental/train/masks/950_binary.PNG,568,590,3,uint8,.JPG,568,590,1,uint8,.PNG,"0,1",True,recalculated_from_experimental_copy
1044,train,data/processed/MMOTU_OTU_2D_experimental/train/images/1044.JPG,data/processed/MMOTU_OTU_2D_experimental/train/masks/1044_binary.PNG,959,528,3,uint8,.JPG,959,528,1,uint8,.PNG,"0,1",True,recalculated_from_experimental_copy
745,train,data/processed/MMOTU_OTU_2D_experimental/train/images/745.JPG,data/processed/MMOTU_OTU_2D_experimental/train/masks/745_binary.PNG,959,536,3,uint8,.JPG,959,536,1,uint8,.PNG,"0,1",True,recalculated_from_experimental_copy
131,train,data/processed/MMOTU_OTU_2D_experimental/train/images/131.JPG,data/processed/MMOTU_OTU_2D_experimental/train/masks/131_binary.PNG,479,554,3,uint8,.JPG,479,554,1,uint8,.PNG,"0,1",True,recalculated_from_experimental_copy
1185,train,data/processed/MMOTU_OTU_2D_experimental/train/images/1185.JPG,data/processed/MMOTU_OTU_2D_experimental/train/masks/1185_binary.PNG,570,592,3,uint8,.JPG,570,592,1,uint8,.PNG,"0,1",True,recalculated_from_experimental_copy
314,train,data/processed/MMOTU_OTU_2D_experimental/train/images/314.JPG,data/processed/MMOTU_OTU_2D_experimental/train/masks/314_binary.PNG,480,533,3,uint8,.JPG,480,533,1,uint8,.PNG,"0,1",True,recalculated_from_experimental_copy
127,train,data/processed/MMOTU_OTU_2D_experimental/train/images/127.JPG,data/processed/MMOTU_OTU_2D_experimental/train/masks/127_binary.PNG,482,530,3,uint8,.JPG,482,530,1,uint8,.PNG,"0,1",True,recalculated_from_experimental_copy
7,train,data/processed/MMOTU_OTU_2D_experimental/train/images/7.JPG,data/processed/MMOTU_OTU_2D_experimental/train/masks/7_binary.PNG,957,531,3,uint8,.JPG,957,531,1,uint8,.PNG,"0,1",True,recalculated_from_experimental_copy
1233,train,data/processed/MMOTU_OTU_2D_experimental/train/images/1233.JPG,data/processed/MMOTU_OTU_2D_experimental/train/masks/1233_binary.PNG,482,534,3,uint8,.JPG,482,534,1,uint8,.PNG,"0,1",True,recalculated_from_experimental_copy
1008,train,data/processed/MMOTU_OTU_2D_experimental/train/images/1008.JPG,data/processed/MMOTU_OTU_2D_experimental/train/masks/1008_binary.PNG,954,530,3,uint8,.JPG,954,530,1,uint8,.PNG,"0,1",True,recalculated_from_experimental_copy
528,train,data/processed/MMOTU_OTU_2D_experimental/train/images/528.JPG,data/processed/MMOTU_OTU_2D_experimental/train/masks/528_binary.PNG,956,569,3,uint8,.JPG,956,569,1,uint8,.PNG,"0,1",True,recalculated_from_experimental_copy
150,train,data/processed/MMOTU_OTU_2D_experimental/train/images/150.JPG,data/processed/MMOTU_OTU_2D_experimental/train/masks/150_binary.PNG,959,533,3,uint8,.JPG,959,533,1,uint8,.PNG,"0,1",True,recalculated_from_experimental_copy
470,train,data/processed/MMOTU_OTU_2D_experimental/train/images/470.JPG,data/processed/MMOTU_OTU_2D_experimental/train/masks/470_binary.PNG,958,538,3,uint8,.JPG,958,538,1,uint8,.PNG,"0,1",True,recalculated_from_experimental_copy
100,train,data/processed/MMOTU_OTU_2D_experimental/train/images/100.JPG,data/processed/MMOTU_OTU_2D_experimental/train/masks/100_binary.PNG,958,531,3,uint8,.JPG,958,531,1,uint8,.PNG,"0,1",True,recalculated_from_experimental_copy
207,train,data/processed/MMOTU_OTU_2D_experimental/train/images/207.JPG,data/processed/MMOTU_OTU_2D_experimental/train/masks/207_binary.PNG,959,532,3,uint8,.JPG,959,532,1,uint8,.PNG,"0,1",True,recalculated_from_experimental_copy
1274,train,data/processed/MMOTU_OTU_2D_experimental/train/images/1274.JPG,data/processed/MMOTU_OTU_2D_experimental/train/masks/1274_binary.PNG,1118,595,3,uint8,.JPG,1118,595,1,uint8,.PNG,"0,1",True,recalculated_from_experimental_copy
1004,train,data/processed/MMOTU_OTU_2D_experimental/train/images/1004.JPG,data/processed/MMOTU_OTU_2D_experimental/train/masks/1004_binary.PNG,958,524,3,uint8,.JPG,958,524,1,uint8,.PNG,"0,1",True,recalculated_from_experimental_copy
406,train,data/processed/MMOTU_OTU_2D_experimental/train/images/406.JPG,data/processed/MMOTU_OTU_2D_experimental/train/masks/406_binary.PNG,959,530,3,uint8,.JPG,959,530,1,uint8,.PNG,"0,1",True,recalculated_from_experimental_copy
14,train,data/processed/MMOTU_OTU_2D_experimental/train/images/14.JPG,data/processed/MMOTU_OTU_2D_experimental/train/masks/14_binary.PNG,959,532,3,uint8,.JPG,959,532,1,uint8,.PNG,"0,1",True,recalculated_from_experimental_copy
1330,train,data/processed/MMOTU_OTU_2D_experimental/train/images/1330.JPG,data/processed/MMOTU_OTU_2D_experimental/train/masks/1330_binary.PNG,482,555,3,uint8,.JPG,482,555,1,uint8,.PNG,"0,1",True,recalculated_from_experimental_copy
300,train,data/processed/MMOTU_OTU_2D_experimental/train/images/300.JPG,data/processed/MMOTU_OTU_2D_experimental/train/masks/300_binary.PNG,477,530,3,uint8,.JPG,477,530,1,uint8,.PNG,"0,1",True,recalculated_from_experimental_copy
188,train,data/processed/MMOTU_OTU_2D_experimental/train/images/188.JPG,data/processed/MMOTU_OTU_2D_experimental/train/masks/188_binary.PNG,959,532,3,uint8,.JPG,959,532,1,uint8,.PNG,"0,1",True,recalculated_from_experimental_copy
855,train,data/processed/MMOTU_OTU_2D_experimental/train/images/855.JPG,data/processed/MMOTU_OTU_2D_experimental/train/masks/855_binary.PNG,958,539,3,uint8,.JPG,958,539,1,uint8,.PNG,"0,1",True,recalculated_from_experimental_copy
1121,train,data/processed/MMOTU_OTU_2D_experimental/train/images/1121.JPG,data/processed/MMOTU_OTU_2D_experimental/train/masks/1121_binary.PNG,477,536,3,uint8,.JPG,477,536,1,uint8,.PNG,"0,1",True,recalculated_from_experimental_copy
1068,train,data/processed/MMOTU_OTU_2D_experimental/train/images/1068.JPG,data/processed/MMOTU_OTU_2D_experimental/train/masks/1068_binary.PNG,479,496,3,uint8,.JPG,479,496,1,uint8,.PNG,"0,1",True,recalculated_from_experimental_copy
1045,train,data/processed/MMOTU_OTU_2D_experimental/train/images/1045.JPG,data/processed/MMOTU_OTU_2D_experimental/train/masks/1045_binary.PNG,959,533,3,uint8,.JPG,959,533,1,uint8,.PNG,"0,1",True,recalculated_from_experimental_copy
753,train,data/processed/MMOTU_OTU_2D_experimental/train/images/753.JPG,data/processed/MMOTU_OTU_2D_experimental/train/masks/753_binary.PNG,959,546,3,uint8,.JPG,959,546,1,uint8,.PNG,"0,1",True,recalculated_from_experimental_copy
839,train,data/processed/MMOTU_OTU_2D_experimental/train/images/839.JPG,data/processed/MMOTU_OTU_2D_experimental/train/masks/839_binary.PNG,958,609,3,uint8,.JPG,958,609,1,uint8,.PNG,"0,1",True,recalculated_from_experimental_copy
1349,train,data/processed/MMOTU_OTU_2D_experimental/train/images/1349.JPG,data/processed/MMOTU_OTU_2D_experimental/train/masks/1349_binary.PNG,566,592,3,uint8,.JPG,566,592,1,uint8,.PNG,"0,1",True,recalculated_from_experimental_copy
4,train,data/processed/MMOTU_OTU_2D_experimental/train/images/4.JPG,data/processed/MMOTU_OTU_2D_experimental/train/masks/4_binary.PNG,478,535,3,uint8,.JPG,478,535,1,uint8,.PNG,"0,1",True,recalculated_from_experimental_copy
838,train,data/processed/MMOTU_OTU_2D_experimental/train/images/838.JPG,data/processed/MMOTU_OTU_2D_experimental/train/masks/838_binary.PNG,955,534,3,uint8,.JPG,955,534,1,uint8,.PNG,"0,1",True,recalculated_from_experimental_copy
544,train,data/processed/MMOTU_OTU_2D_experimental/train/images/544.JPG,data/processed/MMOTU_OTU_2D_experimental/train/masks/544_binary.PNG,959,545,3,uint8,.JPG,959,545,1,uint8,.PNG,"0,1",True,recalculated_from_experimental_copy
397,train,data/processed/MMOTU_OTU_2D_experimental/train/images/397.JPG,data/processed/MMOTU_OTU_2D_experimental/train/masks/397_binary.PNG,479,534,3,uint8,.JPG,479,534,1,uint8,.PNG,"0,1",True,recalculated_from_experimental_copy
104,train,data/processed/MMOTU_OTU_2D_experimental/train/images/104.JPG,data/processed/MMOTU_OTU_2D_experimental/train/masks/104_binary.PNG,811,605,3,uint8,.JPG,811,605,1,uint8,.PNG,"0,1",True,recalculated_from_experimental_copy
1053,train,data/processed/MMOTU_OTU_2D_experimental/train/images/1053.JPG,data/processed/MMOTU_OTU_2D_experimental/train/masks/1053_binary.PNG,478,534,3,uint8,.JPG,478,534,1,uint8,.PNG,"0,1",True,recalculated_from_experimental_copy
1048,train,data/processed/MMOTU_OTU_2D_experimental/train/images/1048.JPG,data/processed/MMOTU_OTU_2D_experimental/train/masks/1048_binary.PNG,957,527,3,uint8,.JPG,957,527,1,uint8,.PNG,"0,1",True,recalculated_from_experimental_copy
460,train,data/processed/MMOTU_OTU_2D_experimental/train/images/460.JPG,data/processed/MMOTU_OTU_2D_experimental/train/masks/460_binary.PNG,959,662,3,uint8,.JPG,959,662,1,uint8,.PNG,"0,1",True,recalculated_from_experimental_copy
25,train,data/processed/MMOTU_OTU_2D_experimental/train/images/25.JPG,data/processed/MMOTU_OTU_2D_experimental/train/masks/25_binary.PNG,481,536,3,uint8,.JPG,481,536,1,uint8,.PNG,"0,1",True,recalculated_from_experimental_copy
522,train,data/processed/MMOTU_OTU_2D_experimental/train/images/522.JPG,data/processed/MMOTU_OTU_2D_experimental/train/masks/522_binary.PNG,959,545,3,uint8,.JPG,959,545,1,uint8,.PNG,"0,1",True,recalculated_from_experimental_copy
1371,train,data/processed/MMOTU_OTU_2D_experimental/train/images/1371.JPG,data/processed/MMOTU_OTU_2D_experimental/train/masks/1371_binary.PNG,959,539,3,uint8,.JPG,959,539,1,uint8,.PNG,"0,1",True,recalculated_from_experimental_copy
320,train,data/processed/MMOTU_OTU_2D_experimental/train/images/320.JPG,data/processed/MMOTU_OTU_2D_experimental/train/masks/320_binary.PNG,482,532,3,uint8,.JPG,482,532,1,uint8,.PNG,"0,1",True,recalculated_from_experimental_copy
1266,train,data/processed/MMOTU_OTU_2D_experimental/train/images/1266.JPG,data/processed/MMOTU_OTU_2D_experimental/train/masks/1266_binary.PNG,958,533,3,uint8,.JPG,958,533,1,uint8,.PNG,"0,1",True,recalculated_from_experimental_copy
698,train,data/processed/MMOTU_OTU_2D_experimental/train/images/698.JPG,data/processed/MMOTU_OTU_2D_experimental/train/masks/698_binary.PNG,852,613,3,uint8,.JPG,852,613,1,uint8,.PNG,"0,1",True,recalculated_from_experimental_copy
348,train,data/processed/MMOTU_OTU_2D_experimental/train/images/348.JPG,data/processed/MMOTU_OTU_2D_experimental/train/masks/348_binary.PNG,478,604,3,uint8,.JPG,478,604,1,uint8,.PNG,"0,1",True,recalculated_from_experimental_copy
822,train,data/processed/MMOTU_OTU_2D_experimental/train/images/822.JPG,data/processed/MMOTU_OTU_2D_experimental/train/masks/822_binary.PNG,1135,609,3,uint8,.JPG,1135,609,1,uint8,.PNG,"0,1",True,recalculated_from_experimental_copy
1279,train,data/processed/MMOTU_OTU_2D_experimental/train/images/1279.JPG,data/processed/MMOTU_OTU_2D_experimental/train/masks/1279_binary.PNG,961,622,3,uint8,.JPG,961,622,1,uint8,.PNG,"0,1",True,recalculated_from_experimental_copy
730,train,data/processed/MMOTU_OTU_2D_experimental/train/images/730.JPG,data/processed/MMOTU_OTU_2D_experimental/train/masks/730_binary.PNG,973,547,3,uint8,.JPG,973,547,1,uint8,.PNG,"0,1",True,recalculated_from_experimental_copy
658,train,data/processed/MMOTU_OTU_2D_experimental/train/images/658.JPG,data/processed/MMOTU_OTU_2D_experimental/train/masks/658_binary.PNG,480,559,3,uint8,.JPG,480,559,1,uint8,.PNG,"0,1",True,recalculated_from_experimental_copy
376,train,data/processed/MMOTU_OTU_2D_experimental/train/images/376.JPG,data/processed/MMOTU_OTU_2D_experimental/train/masks/376_binary.PNG,480,535,3,uint8,.JPG,480,535,1,uint8,.PNG,"0,1",True,recalculated_from_experimental_copy
108,train,data/processed/MMOTU_OTU_2D_experimental/train/images/108.JPG,data/processed/MMOTU_OTU_2D_experimental/train/masks/108_binary.PNG,957,535,3,uint8,.JPG,957,535,1,uint8,.PNG,"0,1",True,recalculated_from_experimental_copy
81,train,data/processed/MMOTU_OTU_2D_experimental/train/images/81.JPG,data/processed/MMOTU_OTU_2D_experimental/train/masks/81_binary.PNG,957,531,3,uint8,.JPG,957,531,1,uint8,.PNG,"0,1",True,recalculated_from_experimental_copy
509,train,data/processed/MMOTU_OTU_2D_experimental/train/images/509.JPG,data/processed/MMOTU_OTU_2D_experimental/train/masks/509_binary.PNG,480,270,3,uint8,.JPG,480,270,1,uint8,.PNG,"0,1",True,recalculated_from_experimental_copy
833,train,data/processed/MMOTU_OTU_2D_experimental/train/images/833.JPG,data/processed/MMOTU_OTU_2D_experimental/train/masks/833_binary.PNG,493,280,3,uint8,.JPG,493,280,1,uint8,.PNG,"0,1",True,recalculated_from_experimental_copy
742,train,data/processed/MMOTU_OTU_2D_experimental/train/images/742.JPG,data/processed/MMOTU_OTU_2D_experimental/train/masks/742_binary.PNG,958,662,3,uint8,.JPG,958,662,1,uint8,.PNG,"0,1",True,recalculated_from_experimental_copy
557,train,data/processed/MMOTU_OTU_2D_experimental/train/images/557.JPG,data/processed/MMOTU_OTU_2D_experimental/train/masks/557_binary.PNG,563,625,3,uint8,.JPG,563,625,1,uint8,.PNG,"0,1",True,recalculated_from_experimental_copy
374,train,data/processed/MMOTU_OTU_2D_experimental/train/images/374.JPG,data/processed/MMOTU_OTU_2D_experimental/train/masks/374_binary.PNG,480,535,3,uint8,.JPG,480,535,1,uint8,.PNG,"0,1",True,recalculated_from_experimental_copy
433,train,data/processed/MMOTU_OTU_2D_experimental/train/images/433.JPG,data/processed/MMOTU_OTU_2D_experimental/train/masks/433_binary.PNG,958,532,3,uint8,.JPG,958,532,1,uint8,.PNG,"0,1",True,recalculated_from_experimental_copy
1161,train,data/processed/MMOTU_OTU_2D_experimental/train/images/1161.JPG,data/processed/MMOTU_OTU_2D_experimental/train/masks/1161_binary.PNG,482,533,3,uint8,.JPG,482,533,1,uint8,.PNG,"0,1",True,recalculated_from_experimental_copy
167,train,data/processed/MMOTU_OTU_2D_experimental/train/images/167.JPG,data/processed/MMOTU_OTU_2D_experimental/train/masks/167_binary.PNG,479,534,3,uint8,.JPG,479,534,1,uint8,.PNG,"0,1",True,recalculated_from_experimental_copy
1197,train,data/processed/MMOTU_OTU_2D_experimental/train/images/1197.JPG,data/processed/MMOTU_OTU_2D_experimental/train/masks/1197_binary.PNG,958,536,3,uint8,.JPG,958,536,1,uint8,.PNG,"0,1",True,recalculated_from_experimental_copy
414,train,data/processed/MMOTU_OTU_2D_experimental/train/images/414.JPG,data/processed/MMOTU_OTU_2D_experimental/train/masks/414_binary.PNG,483,334,3,uint8,.JPG,483,334,1,uint8,.PNG,"0,1",True,recalculated_from_experimental_copy
987,train,data/processed/MMOTU_OTU_2D_experimental/train/images/987.JPG,data/processed/MMOTU_OTU_2D_experimental/train/masks/987_binary.PNG,567,580,3,uint8,.JPG,567,580,1,uint8,.PNG,"0,1",True,recalculated_from_experimental_copy
786,train,data/processed/MMOTU_OTU_2D_experimental/train/images/786.JPG,data/processed/MMOTU_OTU_2D_experimental/train/masks/786_binary.PNG,782,686,3,uint8,.JPG,782,686,1,uint8,.PNG,"0,1",True,recalculated_from_experimental_copy
106,train,data/processed/MMOTU_OTU_2D_experimental/train/images/106.JPG,data/processed/MMOTU_OTU_2D_experimental/train/masks/106_binary.PNG,959,534,3,uint8,.JPG,959,534,1,uint8,.PNG,"0,1",True,recalculated_from_experimental_copy
366,train,data/processed/MMOTU_OTU_2D_experimental/train/images/366.JPG,data/processed/MMOTU_OTU_2D_experimental/train/masks/366_binary.PNG,959,535,3,uint8,.JPG,959,535,1,uint8,.PNG,"0,1",True,recalculated_from_experimental_copy
195,train,data/processed/MMOTU_OTU_2D_experimental/train/images/195.JPG,data/processed/MMOTU_OTU_2D_experimental/train/masks/195_binary.PNG,480,532,3,uint8,.JPG,480,532,1,uint8,.PNG,"0,1",True,recalculated_from_experimental_copy
541,train,data/processed/MMOTU_OTU_2D_experimental/train/images/541.JPG,data/processed/MMOTU_OTU_2D_experimental/train/masks/541_binary.PNG,957,543,3,uint8,.JPG,957,543,1,uint8,.PNG,"0,1",True,recalculated_from_experimental_copy
146,train,data/processed/MMOTU_OTU_2D_experimental/train/images/146.JPG,data/processed/MMOTU_OTU_2D_experimental/train/masks/146_binary.PNG,480,532,3,uint8,.JPG,480,532,1,uint8,.PNG,"0,1",True,recalculated_from_experimental_copy
845,train,data/processed/MMOTU_OTU_2D_experimental/train/images/845.JPG,data/processed/MMOTU_OTU_2D_experimental/train/masks/845_binary.PNG,973,554,3,uint8,.JPG,973,554,1,uint8,.PNG,"0,1",True,recalculated_from_experimental_copy
236,train,data/processed/MMOTU_OTU_2D_experimental/train/images/236.JPG,data/processed/MMOTU_OTU_2D_experimental/train/masks/236_binary.PNG,855,557,3,uint8,.JPG,855,557,1,uint8,.PNG,"0,1",True,recalculated_from_experimental_copy
1328,train,data/processed/MMOTU_OTU_2D_experimental/train/images/1328.JPG,data/processed/MMOTU_OTU_2D_experimental/train/masks/1328_binary.PNG,957,535,3,uint8,.JPG,957,535,1,uint8,.PNG,"0,1",True,recalculated_from_experimental_copy
805,train,data/processed/MMOTU_OTU_2D_experimental/train/images/805.JPG,data/processed/MMOTU_OTU_2D_experimental/train/masks/805_binary.PNG,480,543,3,uint8,.JPG,480,543,1,uint8,.PNG,"0,1",True,recalculated_from_experimental_copy
622,train,data/processed/MMOTU_OTU_2D_experimental/train/images/622.JPG,data/processed/MMOTU_OTU_2D_experimental/train/masks/622_binary.PNG,774,627,3,uint8,.JPG,774,627,1,uint8,.PNG,"0,1",True,recalculated_from_experimental_copy
758,train,data/processed/MMOTU_OTU_2D_experimental/train/images/758.JPG,data/processed/MMOTU_OTU_2D_experimental/train/masks/758_binary.PNG,1096,614,3,uint8,.JPG,1096,614,1,uint8,.PNG,"0,1",True,recalculated_from_experimental_copy
1105,train,data/processed/MMOTU_OTU_2D_experimental/train/images/1105.JPG,data/processed/MMOTU_OTU_2D_experimental/train/masks/1105_binary.PNG,957,524,3,uint8,.JPG,957,524,1,uint8,.PNG,"0,1",True,recalculated_from_experimental_copy
1462,train,data/processed/MMOTU_OTU_2D_experimental/train/images/1462.JPG,data/processed/MMOTU_OTU_2D_experimental/train/masks/1462_binary.PNG,1113,565,3,uint8,.JPG,1113,565,1,uint8,.PNG,"0,1",True,recalculated_from_experimental_copy
1405,train,data/processed/MMOTU_OTU_2D_experimental/train/images/1405.JPG,data/processed/MMOTU_OTU_2D_experimental/train/masks/1405_binary.PNG,959,538,3,uint8,.JPG,959,538,1,uint8,.PNG,"0,1",True,recalculated_from_experimental_copy
1115,train,data/processed/MMOTU_OTU_2D_experimental/train/images/1115.JPG,data/processed/MMOTU_OTU_2D_experimental/train/masks/1115_binary.PNG,959,540,3,uint8,.JPG,959,540,1,uint8,.PNG,"0,1",True,recalculated_from_experimental_copy
1147,train,data/processed/MMOTU_OTU_2D_experimental/train/images/1147.JPG,data/processed/MMOTU_OTU_2D_experimental/train/masks/1147_binary.PNG,958,538,3,uint8,.JPG,958,538,1,uint8,.PNG,"0,1",True,recalculated_from_experimental_copy
572,train,data/processed/MMOTU_OTU_2D_experimental/train/images/572.JPG,data/processed/MMOTU_OTU_2D_experimental/train/masks/572_binary.PNG,568,606,3,uint8,.JPG,568,606,1,uint8,.PNG,"0,1",True,recalculated_from_experimental_copy
675,train,data/processed/MMOTU_OTU_2D_experimental/train/images/675.JPG,data/processed/MMOTU_OTU_2D_experimental/train/masks/675_binary.PNG,973,661,3,uint8,.JPG,973,661,1,uint8,.PNG,"0,1",True,recalculated_from_experimental_copy
87,train,data/processed/MMOTU_OTU_2D_experimental/train/images/87.JPG,data/processed/MMOTU_OTU_2D_experimental/train/masks/87_binary.PNG,957,532,3,uint8,.JPG,957,532,1,uint8,.PNG,"0,1",True,recalculated_from_experimental_copy
185,train,data/processed/MMOTU_OTU_2D_experimental/train/images/185.JPG,data/processed/MMOTU_OTU_2D_experimental/train/masks/185_binary.PNG,477,535,3,uint8,.JPG,477,535,1,uint8,.PNG,"0,1",True,recalculated_from_experimental_copy
1400,train,data/processed/MMOTU_OTU_2D_experimental/train/images/1400.JPG,data/processed/MMOTU_OTU_2D_experimental/train/masks/1400_binary.PNG,483,538,3,uint8,.JPG,483,538,1,uint8,.PNG,"0,1",True,recalculated_from_experimental_copy
549,train,data/processed/MMOTU_OTU_2D_experimental/train/images/549.JPG,data/processed/MMOTU_OTU_2D_experimental/train/masks/549_binary.PNG,479,557,3,uint8,.JPG,479,557,1,uint8,.PNG,"0,1",True,recalculated_from_experimental_copy
783,train,data/processed/MMOTU_OTU_2D_experimental/train/images/783.JPG,data/processed/MMOTU_OTU_2D_experimental/train/masks/783_binary.PNG,483,545,3,uint8,.JPG,483,545,1,uint8,.PNG,"0,1",True,recalculated_from_experimental_copy
1268,train,data/processed/MMOTU_OTU_2D_experimental/train/images/1268.JPG,data/processed/MMOTU_OTU_2D_experimental/train/masks/1268_binary.PNG,568,587,3,uint8,.JPG,568,587,1,uint8,.PNG,"0,1",True,recalculated_from_experimental_copy
409,train,data/processed/MMOTU_OTU_2D_experimental/train/images/409.JPG,data/processed/MMOTU_OTU_2D_experimental/train/masks/409_binary.PNG,958,532,3,uint8,.JPG,958,532,1,uint8,.PNG,"0,1",True,recalculated_from_experimental_copy
1419,train,data/processed/MMOTU_OTU_2D_experimental/train/images/1419.JPG,data/processed/MMOTU_OTU_2D_experimental/train/masks/1419_binary.PNG,550,645,3,uint8,.JPG,550,645,1,uint8,.PNG,"0,1",True,recalculated_from_experimental_copy
713,train,data/processed/MMOTU_OTU_2D_experimental/train/images/713.JPG,data/processed/MMOTU_OTU_2D_experimental/train/masks/713_binary.PNG,479,288,3,uint8,.JPG,479,288,1,uint8,.PNG,"0,1",True,recalculated_from_experimental_copy
1351,train,data/processed/MMOTU_OTU_2D_experimental/train/images/1351.JPG,data/processed/MMOTU_OTU_2D_experimental/train/masks/1351_binary.PNG,569,597,3,uint8,.JPG,569,597,1,uint8,.PNG,"0,1",True,recalculated_from_experimental_copy
1139,train,data/processed/MMOTU_OTU_2D_experimental/train/images/1139.JPG,data/processed/MMOTU_OTU_2D_experimental/train/masks/1139_binary.PNG,487,537,3,uint8,.JPG,487,537,1,uint8,.PNG,"0,1",True,recalculated_from_experimental_copy
1275,train,data/processed/MMOTU_OTU_2D_experimental/train/images/1275.JPG,data/processed/MMOTU_OTU_2D_experimental/train/masks/1275_binary.PNG,1112,591,3,uint8,.JPG,1112,591,1,uint8,.PNG,"0,1",True,recalculated_from_experimental_copy
664,train,data/processed/MMOTU_OTU_2D_experimental/train/images/664.JPG,data/processed/MMOTU_OTU_2D_experimental/train/masks/664_binary.PNG,479,562,3,uint8,.JPG,479,562,1,uint8,.PNG,"0,1",True,recalculated_from_experimental_copy
1398,train,data/processed/MMOTU_OTU_2D_experimental/train/images/1398.JPG,data/processed/MMOTU_OTU_2D_experimental/train/masks/1398_binary.PNG,955,541,3,uint8,.JPG,955,541,1,uint8,.PNG,"0,1",True,recalculated_from_experimental_copy
739,train,data/processed/MMOTU_OTU_2D_experimental/train/images/739.JPG,data/processed/MMOTU_OTU_2D_experimental/train/masks/739_binary.PNG,478,557,3,uint8,.JPG,478,557,1,uint8,.PNG,"0,1",True,recalculated_from_experimental_copy
988,train,data/processed/MMOTU_OTU_2D_experimental/train/images/988.JPG,data/processed/MMOTU_OTU_2D_experimental/train/masks/988_binary.PNG,566,581,3,uint8,.JPG,566,581,1,uint8,.PNG,"0,1",True,recalculated_from_experimental_copy
1112,train,data/processed/MMOTU_OTU_2D_experimental/train/images/1112.JPG,data/processed/MMOTU_OTU_2D_experimental/train/masks/1112_binary.PNG,958,530,3,uint8,.JPG,958,530,1,uint8,.PNG,"0,1",True,recalculated_from_experimental_copy
257,train,data/processed/MMOTU_OTU_2D_experimental/train/images/257.JPG,data/processed/MMOTU_OTU_2D_experimental/train/masks/257_binary.PNG,958,531,3,uint8,.JPG,958,531,1,uint8,.PNG,"0,1",True,recalculated_from_experimental_copy
1015,train,data/processed/MMOTU_OTU_2D_experimental/train/images/1015.JPG,data/processed/MMOTU_OTU_2D_experimental/train/masks/1015_binary.PNG,481,527,3,uint8,.JPG,481,527,1,uint8,.PNG,"0,1",True,recalculated_from_experimental_copy
378,train,data/processed/MMOTU_OTU_2D_experimental/train/images/378.JPG,data/processed/MMOTU_OTU_2D_experimental/train/masks/378_binary.PNG,479,538,3,uint8,.JPG,479,538,1,uint8,.PNG,"0,1",True,recalculated_from_experimental_copy
86,train,data/processed/MMOTU_OTU_2D_experimental/train/images/86.JPG,data/processed/MMOTU_OTU_2D_experimental/train/masks/86_binary.PNG,1113,604,3,uint8,.JPG,1113,604,1,uint8,.PNG,"0,1",True,recalculated_from_experimental_copy
37,train,data/processed/MMOTU_OTU_2D_experimental/train/images/37.JPG,data/processed/MMOTU_OTU_2D_experimental/train/masks/37_binary.PNG,958,534,3,uint8,.JPG,958,534,1,uint8,.PNG,"0,1",True,recalculated_from_experimental_copy
955,train,data/processed/MMOTU_OTU_2D_experimental/train/images/955.JPG,data/processed/MMOTU_OTU_2D_experimental/train/masks/955_binary.PNG,480,542,3,uint8,.JPG,480,542,1,uint8,.PNG,"0,1",True,recalculated_from_experimental_copy
381,train,data/processed/MMOTU_OTU_2D_experimental/train/images/381.JPG,data/processed/MMOTU_OTU_2D_experimental/train/masks/381_binary.PNG,481,533,3,uint8,.JPG,481,533,1,uint8,.PNG,"0,1",True,recalculated_from_experimental_copy
368,train,data/processed/MMOTU_OTU_2D_experimental/train/images/368.JPG,data/processed/MMOTU_OTU_2D_experimental/train/masks/368_binary.PNG,958,534,3,uint8,.JPG,958,534,1,uint8,.PNG,"0,1",True,recalculated_from_experimental_copy
760,train,data/processed/MMOTU_OTU_2D_experimental/train/images/760.JPG,data/processed/MMOTU_OTU_2D_experimental/train/masks/760_binary.PNG,1111,635,3,uint8,.JPG,1111,635,1,uint8,.PNG,"0,1",True,recalculated_from_experimental_copy
1421,train,data/processed/MMOTU_OTU_2D_experimental/train/images/1421.JPG,data/processed/MMOTU_OTU_2D_experimental/train/masks/1421_binary.PNG,1103,611,3,uint8,.JPG,1103,611,1,uint8,.PNG,"0,1",True,recalculated_from_experimental_copy
1431,train,data/processed/MMOTU_OTU_2D_experimental/train/images/1431.JPG,data/processed/MMOTU_OTU_2D_experimental/train/masks/1431_binary.PNG,1106,566,3,uint8,.JPG,1106,566,1,uint8,.PNG,"0,1",True,recalculated_from_experimental_copy
1052,train,data/processed/MMOTU_OTU_2D_experimental/train/images/1052.JPG,data/processed/MMOTU_OTU_2D_experimental/train/masks/1052_binary.PNG,479,527,3,uint8,.JPG,479,527,1,uint8,.PNG,"0,1",True,recalculated_from_experimental_copy
618,train,data/processed/MMOTU_OTU_2D_experimental/train/images/618.JPG,data/processed/MMOTU_OTU_2D_experimental/train/masks/618_binary.PNG,974,541,3,uint8,.JPG,974,541,1,uint8,.PNG,"0,1",True,recalculated_from_experimental_copy
1205,train,data/processed/MMOTU_OTU_2D_experimental/train/images/1205.JPG,data/processed/MMOTU_OTU_2D_experimental/train/masks/1205_binary.PNG,958,534,3,uint8,.JPG,958,534,1,uint8,.PNG,"0,1",True,recalculated_from_experimental_copy
1236,train,data/processed/MMOTU_OTU_2D_experimental/train/images/1236.JPG,data/processed/MMOTU_OTU_2D_experimental/train/masks/1236_binary.PNG,568,590,3,uint8,.JPG,568,590,1,uint8,.PNG,"0,1",True,recalculated_from_experimental_copy
1450,train,data/processed/MMOTU_OTU_2D_experimental/train/images/1450.JPG,data/processed/MMOTU_OTU_2D_experimental/train/masks/1450_binary.PNG,482,556,3,uint8,.JPG,482,556,1,uint8,.PNG,"0,1",True,recalculated_from_experimental_copy
1368,train,data/processed/MMOTU_OTU_2D_experimental/train/images/1368.JPG,data/processed/MMOTU_OTU_2D_experimental/train/masks/1368_binary.PNG,958,538,3,uint8,.JPG,958,538,1,uint8,.PNG,"0,1",True,recalculated_from_experimental_copy
1204,train,data/processed/MMOTU_OTU_2D_experimental/train/images/1204.JPG,data/processed/MMOTU_OTU_2D_experimental/train/masks/1204_binary.PNG,959,533,3,uint8,.JPG,959,533,1,uint8,.PNG,"0,1",True,recalculated_from_experimental_copy
1387,train,data/processed/MMOTU_OTU_2D_experimental/train/images/1387.JPG,data/processed/MMOTU_OTU_2D_experimental/train/masks/1387_binary.PNG,480,536,3,uint8,.JPG,480,536,1,uint8,.PNG,"0,1",True,recalculated_from_experimental_copy
40,train,data/processed/MMOTU_OTU_2D_experimental/train/images/40.JPG,data/processed/MMOTU_OTU_2D_experimental/train/masks/40_binary.PNG,478,533,3,uint8,.JPG,478,533,1,uint8,.PNG,"0,1",True,recalculated_from_experimental_copy
260,train,data/processed/MMOTU_OTU_2D_experimental/train/images/260.JPG,data/processed/MMOTU_OTU_2D_experimental/train/masks/260_binary.PNG,481,607,3,uint8,.JPG,481,607,1,uint8,.PNG,"0,1",True,recalculated_from_experimental_copy
788,train,data/processed/MMOTU_OTU_2D_experimental/train/images/788.JPG,data/processed/MMOTU_OTU_2D_experimental/train/masks/788_binary.PNG,761,687,3,uint8,.JPG,761,687,1,uint8,.PNG,"0,1",True,recalculated_from_experimental_copy
1409,train,data/processed/MMOTU_OTU_2D_experimental/train/images/1409.JPG,data/processed/MMOTU_OTU_2D_experimental/train/masks/1409_binary.PNG,959,539,3,uint8,.JPG,959,539,1,uint8,.PNG,"0,1",True,recalculated_from_experimental_copy
956,train,data/processed/MMOTU_OTU_2D_experimental/train/images/956.JPG,data/processed/MMOTU_OTU_2D_experimental/train/masks/956_binary.PNG,477,545,3,uint8,.JPG,477,545,1,uint8,.PNG,"0,1",True,recalculated_from_experimental_copy
396,train,data/processed/MMOTU_OTU_2D_experimental/train/images/396.JPG,data/processed/MMOTU_OTU_2D_experimental/train/masks/396_binary.PNG,959,532,3,uint8,.JPG,959,532,1,uint8,.PNG,"0,1",True,recalculated_from_experimental_copy
790,train,data/processed/MMOTU_OTU_2D_experimental/train/images/790.JPG,data/processed/MMOTU_OTU_2D_experimental/train/masks/790_binary.PNG,867,614,3,uint8,.JPG,867,614,1,uint8,.PNG,"0,1",True,recalculated_from_experimental_copy
294,train,data/processed/MMOTU_OTU_2D_experimental/train/images/294.JPG,data/processed/MMOTU_OTU_2D_experimental/train/masks/294_binary.PNG,953,533,3,uint8,.JPG,953,533,1,uint8,.PNG,"0,1",True,recalculated_from_experimental_copy
850,train,data/processed/MMOTU_OTU_2D_experimental/train/images/850.JPG,data/processed/MMOTU_OTU_2D_experimental/train/masks/850_binary.PNG,974,553,3,uint8,.JPG,974,553,1,uint8,.PNG,"0,1",True,recalculated_from_experimental_copy
1128,train,data/processed/MMOTU_OTU_2D_experimental/train/images/1128.JPG,data/processed/MMOTU_OTU_2D_experimental/train/masks/1128_binary.PNG,569,595,3,uint8,.JPG,569,595,1,uint8,.PNG,"0,1",True,recalculated_from_experimental_copy
1264,train,data/processed/MMOTU_OTU_2D_experimental/train/images/1264.JPG,data/processed/MMOTU_OTU_2D_experimental/train/masks/1264_binary.PNG,956,533,3,uint8,.JPG,956,533,1,uint8,.PNG,"0,1",True,recalculated_from_experimental_copy
212,train,data/processed/MMOTU_OTU_2D_experimental/train/images/212.JPG,data/processed/MMOTU_OTU_2D_experimental/train/masks/212_binary.PNG,973,530,3,uint8,.JPG,973,530,1,uint8,.PNG,"0,1",True,recalculated_from_experimental_copy
446,train,data/processed/MMOTU_OTU_2D_experimental/train/images/446.JPG,data/processed/MMOTU_OTU_2D_experimental/train/masks/446_binary.PNG,478,533,3,uint8,.JPG,478,533,1,uint8,.PNG,"0,1",True,recalculated_from_experimental_copy
736,train,data/processed/MMOTU_OTU_2D_experimental/train/images/736.JPG,data/processed/MMOTU_OTU_2D_experimental/train/masks/736_binary.PNG,498,546,3,uint8,.JPG,498,546,1,uint8,.PNG,"0,1",True,recalculated_from_experimental_copy
765,train,data/processed/MMOTU_OTU_2D_experimental/train/images/765.JPG,data/processed/MMOTU_OTU_2D_experimental/train/masks/765_binary.PNG,561,597,3,uint8,.JPG,561,597,1,uint8,.PNG,"0,1",True,recalculated_from_experimental_copy
726,train,data/processed/MMOTU_OTU_2D_experimental/train/images/726.JPG,data/processed/MMOTU_OTU_2D_experimental/train/masks/726_binary.PNG,973,540,3,uint8,.JPG,973,540,1,uint8,.PNG,"0,1",True,recalculated_from_experimental_copy
1261,train,data/processed/MMOTU_OTU_2D_experimental/train/images/1261.JPG,data/processed/MMOTU_OTU_2D_experimental/train/masks/1261_binary.PNG,958,530,3,uint8,.JPG,958,530,1,uint8,.PNG,"0,1",True,recalculated_from_experimental_copy
1102,train,data/processed/MMOTU_OTU_2D_experimental/train/images/1102.JPG,data/processed/MMOTU_OTU_2D_experimental/train/masks/1102_binary.PNG,959,524,3,uint8,.JPG,959,524,1,uint8,.PNG,"0,1",True,recalculated_from_experimental_copy
189,train,data/processed/MMOTU_OTU_2D_experimental/train/images/189.JPG,data/processed/MMOTU_OTU_2D_experimental/train/masks/189_binary.PNG,959,532,3,uint8,.JPG,959,532,1,uint8,.PNG,"0,1",True,recalculated_from_experimental_copy
1240,train,data/processed/MMOTU_OTU_2D_experimental/train/images/1240.JPG,data/processed/MMOTU_OTU_2D_experimental/train/masks/1240_binary.PNG,952,534,3,uint8,.JPG,952,534,1,uint8,.PNG,"0,1",True,recalculated_from_experimental_copy
1187,train,data/processed/MMOTU_OTU_2D_experimental/train/images/1187.JPG,data/processed/MMOTU_OTU_2D_experimental/train/masks/1187_binary.PNG,1135,590,3,uint8,.JPG,1135,590,1,uint8,.PNG,"0,1",True,recalculated_from_experimental_copy
362,train,data/processed/MMOTU_OTU_2D_experimental/train/images/362.JPG,data/processed/MMOTU_OTU_2D_experimental/train/masks/362_binary.PNG,958,556,3,uint8,.JPG,958,556,1,uint8,.PNG,"0,1",True,recalculated_from_experimental_copy
663,train,data/processed/MMOTU_OTU_2D_experimental/train/images/663.JPG,data/processed/MMOTU_OTU_2D_experimental/train/masks/663_binary.PNG,479,552,3,uint8,.JPG,479,552,1,uint8,.PNG,"0,1",True,recalculated_from_experimental_copy
887,train,data/processed/MMOTU_OTU_2D_experimental/train/images/887.JPG,data/processed/MMOTU_OTU_2D_experimental/train/masks/887_binary.PNG,565,581,3,uint8,.JPG,565,581,1,uint8,.PNG,"0,1",True,recalculated_from_experimental_copy
241,train,data/processed/MMOTU_OTU_2D_experimental/train/images/241.JPG,data/processed/MMOTU_OTU_2D_experimental/train/masks/241_binary.PNG,481,532,3,uint8,.JPG,481,532,1,uint8,.PNG,"0,1",True,recalculated_from_experimental_copy
641,train,data/processed/MMOTU_OTU_2D_experimental/train/images/641.JPG,data/processed/MMOTU_OTU_2D_experimental/train/masks/641_binary.PNG,1116,595,3,uint8,.JPG,1116,595,1,uint8,.PNG,"0,1",True,recalculated_from_experimental_copy
327,train,data/processed/MMOTU_OTU_2D_experimental/train/images/327.JPG,data/processed/MMOTU_OTU_2D_experimental/train/masks/327_binary.PNG,959,533,3,uint8,.JPG,959,533,1,uint8,.PNG,"0,1",True,recalculated_from_experimental_copy
505,train,data/processed/MMOTU_OTU_2D_experimental/train/images/505.JPG,data/processed/MMOTU_OTU_2D_experimental/train/masks/505_binary.PNG,480,549,3,uint8,.JPG,480,549,1,uint8,.PNG,"0,1",True,recalculated_from_experimental_copy
1047,train,data/processed/MMOTU_OTU_2D_experimental/train/images/1047.JPG,data/processed/MMOTU_OTU_2D_experimental/train/masks/1047_binary.PNG,955,537,3,uint8,.JPG,955,537,1,uint8,.PNG,"0,1",True,recalculated_from_experimental_copy
1397,train,data/processed/MMOTU_OTU_2D_experimental/train/images/1397.JPG,data/processed/MMOTU_OTU_2D_experimental/train/masks/1397_binary.PNG,481,530,3,uint8,.JPG,481,530,1,uint8,.PNG,"0,1",True,recalculated_from_experimental_copy
337,train,data/processed/MMOTU_OTU_2D_experimental/train/images/337.JPG,data/processed/MMOTU_OTU_2D_experimental/train/masks/337_binary.PNG,801,619,3,uint8,.JPG,801,619,1,uint8,.PNG,"0,1",True,recalculated_from_experimental_copy
1021,train,data/processed/MMOTU_OTU_2D_experimental/train/images/1021.JPG,data/processed/MMOTU_OTU_2D_experimental/train/masks/1021_binary.PNG,567,580,3,uint8,.JPG,567,580,1,uint8,.PNG,"0,1",True,recalculated_from_experimental_copy
1064,train,data/processed/MMOTU_OTU_2D_experimental/train/images/1064.JPG,data/processed/MMOTU_OTU_2D_experimental/train/masks/1064_binary.PNG,956,526,3,uint8,.JPG,956,526,1,uint8,.PNG,"0,1",True,recalculated_from_experimental_copy
1125,train,data/processed/MMOTU_OTU_2D_experimental/train/images/1125.JPG,data/processed/MMOTU_OTU_2D_experimental/train/masks/1125_binary.PNG,959,537,3,uint8,.JPG,959,537,1,uint8,.PNG,"0,1",True,recalculated_from_experimental_copy
565,train,data/processed/MMOTU_OTU_2D_experimental/train/images/565.JPG,data/processed/MMOTU_OTU_2D_experimental/train/masks/565_binary.PNG,482,550,3,uint8,.JPG,482,550,1,uint8,.PNG,"0,1",True,recalculated_from_experimental_copy
1060,train,data/processed/MMOTU_OTU_2D_experimental/train/images/1060.JPG,data/processed/MMOTU_OTU_2D_experimental/train/masks/1060_binary.PNG,963,520,3,uint8,.JPG,963,520,1,uint8,.PNG,"0,1",True,recalculated_from_experimental_copy
466,train,data/processed/MMOTU_OTU_2D_experimental/train/images/466.JPG,data/processed/MMOTU_OTU_2D_experimental/train/masks/466_binary.PNG,958,533,3,uint8,.JPG,958,533,1,uint8,.PNG,"0,1",True,recalculated_from_experimental_copy
287,train,data/processed/MMOTU_OTU_2D_experimental/train/images/287.JPG,data/processed/MMOTU_OTU_2D_experimental/train/masks/287_binary.PNG,958,533,3,uint8,.JPG,958,533,1,uint8,.PNG,"0,1",True,recalculated_from_experimental_copy
97,train,data/processed/MMOTU_OTU_2D_experimental/train/images/97.JPG,data/processed/MMOTU_OTU_2D_experimental/train/masks/97_binary.PNG,951,604,3,uint8,.JPG,951,604,1,uint8,.PNG,"0,1",True,recalculated_from_experimental_copy
677,train,data/processed/MMOTU_OTU_2D_experimental/train/images/677.JPG,data/processed/MMOTU_OTU_2D_experimental/train/masks/677_binary.PNG,974,661,3,uint8,.JPG,974,661,1,uint8,.PNG,"0,1",True,recalculated_from_experimental_copy
141,train,data/processed/MMOTU_OTU_2D_experimental/train/images/141.JPG,data/processed/MMOTU_OTU_2D_experimental/train/masks/141_binary.PNG,480,531,3,uint8,.JPG,480,531,1,uint8,.PNG,"0,1",True,recalculated_from_experimental_copy
922,train,data/processed/MMOTU_OTU_2D_experimental/train/images/922.JPG,data/processed/MMOTU_OTU_2D_experimental/train/masks/922_binary.PNG,479,527,3,uint8,.JPG,479,527,1,uint8,.PNG,"0,1",True,recalculated_from_experimental_copy
1100,train,data/processed/MMOTU_OTU_2D_experimental/train/images/1100.JPG,data/processed/MMOTU_OTU_2D_experimental/train/masks/1100_binary.PNG,1131,590,3,uint8,.JPG,1131,590,1,uint8,.PNG,"0,1",True,recalculated_from_experimental_copy
989,train,data/processed/MMOTU_OTU_2D_experimental/train/images/989.JPG,data/processed/MMOTU_OTU_2D_experimental/train/masks/989_binary.PNG,565,587,3,uint8,.JPG,565,587,1,uint8,.PNG,"0,1",True,recalculated_from_experimental_copy
1149,train,data/processed/MMOTU_OTU_2D_experimental/train/images/1149.JPG,data/processed/MMOTU_OTU_2D_experimental/train/masks/1149_binary.PNG,957,532,3,uint8,.JPG,957,532,1,uint8,.PNG,"0,1",True,recalculated_from_experimental_copy
405,train,data/processed/MMOTU_OTU_2D_experimental/train/images/405.JPG,data/processed/MMOTU_OTU_2D_experimental/train/masks/405_binary.PNG,958,533,3,uint8,.JPG,958,533,1,uint8,.PNG,"0,1",True,recalculated_from_experimental_copy
202,train,data/processed/MMOTU_OTU_2D_experimental/train/images/202.JPG,data/processed/MMOTU_OTU_2D_experimental/train/masks/202_binary.PNG,479,532,3,uint8,.JPG,479,532,1,uint8,.PNG,"0,1",True,recalculated_from_experimental_copy
233,train,data/processed/MMOTU_OTU_2D_experimental/train/images/233.JPG,data/processed/MMOTU_OTU_2D_experimental/train/masks/233_binary.PNG,480,534,3,uint8,.JPG,480,534,1,uint8,.PNG,"0,1",True,recalculated_from_experimental_copy
138,train,data/processed/MMOTU_OTU_2D_experimental/train/images/138.JPG,data/processed/MMOTU_OTU_2D_experimental/train/masks/138_binary.PNG,959,534,3,uint8,.JPG,959,534,1,uint8,.PNG,"0,1",True,recalculated_from_experimental_copy
175,train,data/processed/MMOTU_OTU_2D_experimental/train/images/175.JPG,data/processed/MMOTU_OTU_2D_experimental/train/masks/175_binary.PNG,958,536,3,uint8,.JPG,958,536,1,uint8,.PNG,"0,1",True,recalculated_from_experimental_copy
156,train,data/processed/MMOTU_OTU_2D_experimental/train/images/156.JPG,data/processed/MMOTU_OTU_2D_experimental/train/masks/156_binary.PNG,958,535,3,uint8,.JPG,958,535,1,uint8,.PNG,"0,1",True,recalculated_from_experimental_copy
252,train,data/processed/MMOTU_OTU_2D_experimental/train/images/252.JPG,data/processed/MMOTU_OTU_2D_experimental/train/masks/252_binary.PNG,959,532,3,uint8,.JPG,959,532,1,uint8,.PNG,"0,1",True,recalculated_from_experimental_copy
1203,train,data/processed/MMOTU_OTU_2D_experimental/train/images/1203.JPG,data/processed/MMOTU_OTU_2D_experimental/train/masks/1203_binary.PNG,479,535,3,uint8,.JPG,479,535,1,uint8,.PNG,"0,1",True,recalculated_from_experimental_copy
1000,train,data/processed/MMOTU_OTU_2D_experimental/train/images/1000.JPG,data/processed/MMOTU_OTU_2D_experimental/train/masks/1000_binary.PNG,959,532,3,uint8,.JPG,959,532,1,uint8,.PNG,"0,1",True,recalculated_from_experimental_copy
432,train,data/processed/MMOTU_OTU_2D_experimental/train/images/432.JPG,data/processed/MMOTU_OTU_2D_experimental/train/masks/432_binary.PNG,474,529,3,uint8,.JPG,474,529,1,uint8,.PNG,"0,1",True,recalculated_from_experimental_copy
462,train,data/processed/MMOTU_OTU_2D_experimental/train/images/462.JPG,data/processed/MMOTU_OTU_2D_experimental/train/masks/462_binary.PNG,957,532,3,uint8,.JPG,957,532,1,uint8,.PNG,"0,1",True,recalculated_from_experimental_copy
550,train,data/processed/MMOTU_OTU_2D_experimental/train/images/550.JPG,data/processed/MMOTU_OTU_2D_experimental/train/masks/550_binary.PNG,481,544,3,uint8,.JPG,481,544,1,uint8,.PNG,"0,1",True,recalculated_from_experimental_copy
1057,train,data/processed/MMOTU_OTU_2D_experimental/train/images/1057.JPG,data/processed/MMOTU_OTU_2D_experimental/train/masks/1057_binary.PNG,569,586,3,uint8,.JPG,569,586,1,uint8,.PNG,"0,1",True,recalculated_from_experimental_copy
964,train,data/processed/MMOTU_OTU_2D_experimental/train/images/964.JPG,data/processed/MMOTU_OTU_2D_experimental/train/masks/964_binary.PNG,954,522,3,uint8,.JPG,954,522,1,uint8,.PNG,"0,1",True,recalculated_from_experimental_copy
938,train,data/processed/MMOTU_OTU_2D_experimental/train/images/938.JPG,data/processed/MMOTU_OTU_2D_experimental/train/masks/938_binary.PNG,565,580,3,uint8,.JPG,565,580,1,uint8,.PNG,"0,1",True,recalculated_from_experimental_copy
939,train,data/processed/MMOTU_OTU_2D_experimental/train/images/939.JPG,data/processed/MMOTU_OTU_2D_experimental/train/masks/939_binary.PNG,569,582,3,uint8,.JPG,569,582,1,uint8,.PNG,"0,1",True,recalculated_from_experimental_copy
1332,train,data/processed/MMOTU_OTU_2D_experimental/train/images/1332.JPG,data/processed/MMOTU_OTU_2D_experimental/train/masks/1332_binary.PNG,319,330,3,uint8,.JPG,319,330,1,uint8,.PNG,"0,1",True,recalculated_from_experimental_copy
531,train,data/processed/MMOTU_OTU_2D_experimental/train/images/531.JPG,data/processed/MMOTU_OTU_2D_experimental/train/masks/531_binary.PNG,972,553,3,uint8,.JPG,972,553,1,uint8,.PNG,"0,1",True,recalculated_from_experimental_copy
425,train,data/processed/MMOTU_OTU_2D_experimental/train/images/425.JPG,data/processed/MMOTU_OTU_2D_experimental/train/masks/425_binary.PNG,831,602,3,uint8,.JPG,831,602,1,uint8,.PNG,"0,1",True,recalculated_from_experimental_copy
1426,train,data/processed/MMOTU_OTU_2D_experimental/train/images/1426.JPG,data/processed/MMOTU_OTU_2D_experimental/train/masks/1426_binary.PNG,958,535,3,uint8,.JPG,958,535,1,uint8,.PNG,"0,1",True,recalculated_from_experimental_copy
9,train,data/processed/MMOTU_OTU_2D_experimental/train/images/9.JPG,data/processed/MMOTU_OTU_2D_experimental/train/masks/9_binary.PNG,480,536,3,uint8,.JPG,480,536,1,uint8,.PNG,"0,1",True,recalculated_from_experimental_copy
1201,train,data/processed/MMOTU_OTU_2D_experimental/train/images/1201.JPG,data/processed/MMOTU_OTU_2D_experimental/train/masks/1201_binary.PNG,483,541,3,uint8,.JPG,483,541,1,uint8,.PNG,"0,1",True,recalculated_from_experimental_copy
364,train,data/processed/MMOTU_OTU_2D_experimental/train/images/364.JPG,data/processed/MMOTU_OTU_2D_experimental/train/masks/364_binary.PNG,958,562,3,uint8,.JPG,958,562,1,uint8,.PNG,"0,1",True,recalculated_from_experimental_copy
1202,train,data/processed/MMOTU_OTU_2D_experimental/train/images/1202.JPG,data/processed/MMOTU_OTU_2D_experimental/train/masks/1202_binary.PNG,958,534,3,uint8,.JPG,958,534,1,uint8,.PNG,"0,1",True,recalculated_from_experimental_copy
246,train,data/processed/MMOTU_OTU_2D_experimental/train/images/246.JPG,data/processed/MMOTU_OTU_2D_experimental/train/masks/246_binary.PNG,481,532,3,uint8,.JPG,481,532,1,uint8,.PNG,"0,1",True,recalculated_from_experimental_copy
975,train,data/processed/MMOTU_OTU_2D_experimental/train/images/975.JPG,data/processed/MMOTU_OTU_2D_experimental/train/masks/975_binary.PNG,478,530,3,uint8,.JPG,478,530,1,uint8,.PNG,"0,1",True,recalculated_from_experimental_copy
972,train,data/processed/MMOTU_OTU_2D_experimental/train/images/972.JPG,data/processed/MMOTU_OTU_2D_experimental/train/masks/972_binary.PNG,479,525,3,uint8,.JPG,479,525,1,uint8,.PNG,"0,1",True,recalculated_from_experimental_copy
909,train,data/processed/MMOTU_OTU_2D_experimental/train/images/909.JPG,data/processed/MMOTU_OTU_2D_experimental/train/masks/909_binary.PNG,953,528,3,uint8,.JPG,953,528,1,uint8,.PNG,"0,1",True,recalculated_from_experimental_copy
1031,train,data/processed/MMOTU_OTU_2D_experimental/train/images/1031.JPG,data/processed/MMOTU_OTU_2D_experimental/train/masks/1031_binary.PNG,957,531,3,uint8,.JPG,957,531,1,uint8,.PNG,"0,1",True,recalculated_from_experimental_copy
1412,train,data/processed/MMOTU_OTU_2D_experimental/train/images/1412.JPG,data/processed/MMOTU_OTU_2D_experimental/train/masks/1412_binary.PNG,958,535,3,uint8,.JPG,958,535,1,uint8,.PNG,"0,1",True,recalculated_from_experimental_copy
30,train,data/processed/MMOTU_OTU_2D_experimental/train/images/30.JPG,data/processed/MMOTU_OTU_2D_experimental/train/masks/30_binary.PNG,959,532,3,uint8,.JPG,959,532,1,uint8,.PNG,"0,1",True,recalculated_from_experimental_copy
1425,train,data/processed/MMOTU_OTU_2D_experimental/train/images/1425.JPG,data/processed/MMOTU_OTU_2D_experimental/train/masks/1425_binary.PNG,959,537,3,uint8,.JPG,959,537,1,uint8,.PNG,"0,1",True,recalculated_from_experimental_copy
153,train,data/processed/MMOTU_OTU_2D_experimental/train/images/153.JPG,data/processed/MMOTU_OTU_2D_experimental/train/masks/153_binary.PNG,1104,565,3,uint8,.JPG,1104,565,1,uint8,.PNG,"0,1",True,recalculated_from_experimental_copy
967,train,data/processed/MMOTU_OTU_2D_experimental/train/images/967.JPG,data/processed/MMOTU_OTU_2D_experimental/train/masks/967_binary.PNG,801,605,3,uint8,.JPG,801,605,1,uint8,.PNG,"0,1",True,recalculated_from_experimental_copy
34,train,data/processed/MMOTU_OTU_2D_experimental/train/images/34.JPG,data/processed/MMOTU_OTU_2D_experimental/train/masks/34_binary.PNG,479,532,3,uint8,.JPG,479,532,1,uint8,.PNG,"0,1",True,recalculated_from_experimental_copy
208,train,data/processed/MMOTU_OTU_2D_experimental/train/images/208.JPG,data/processed/MMOTU_OTU_2D_experimental/train/masks/208_binary.PNG,959,536,3,uint8,.JPG,959,536,1,uint8,.PNG,"0,1",True,recalculated_from_experimental_copy
274,train,data/processed/MMOTU_OTU_2D_experimental/train/images/274.JPG,data/processed/MMOTU_OTU_2D_experimental/train/masks/274_binary.PNG,959,534,3,uint8,.JPG,959,534,1,uint8,.PNG,"0,1",True,recalculated_from_experimental_copy
1345,train,data/processed/MMOTU_OTU_2D_experimental/train/images/1345.JPG,data/processed/MMOTU_OTU_2D_experimental/train/masks/1345_binary.PNG,571,594,3,uint8,.JPG,571,594,1,uint8,.PNG,"0,1",True,recalculated_from_experimental_copy
395,train,data/processed/MMOTU_OTU_2D_experimental/train/images/395.JPG,data/processed/MMOTU_OTU_2D_experimental/train/masks/395_binary.PNG,959,531,3,uint8,.JPG,959,531,1,uint8,.PNG,"0,1",True,recalculated_from_experimental_copy
648,train,data/processed/MMOTU_OTU_2D_experimental/train/images/648.JPG,data/processed/MMOTU_OTU_2D_experimental/train/masks/648_binary.PNG,971,559,3,uint8,.JPG,971,559,1,uint8,.PNG,"0,1",True,recalculated_from_experimental_copy
80,train,data/processed/MMOTU_OTU_2D_experimental/train/images/80.JPG,data/processed/MMOTU_OTU_2D_experimental/train/masks/80_binary.PNG,958,531,3,uint8,.JPG,958,531,1,uint8,.PNG,"0,1",True,recalculated_from_experimental_copy
420,train,data/processed/MMOTU_OTU_2D_experimental/train/images/420.JPG,data/processed/MMOTU_OTU_2D_experimental/train/masks/420_binary.PNG,959,533,3,uint8,.JPG,959,533,1,uint8,.PNG,"0,1",True,recalculated_from_experimental_copy
130,train,data/processed/MMOTU_OTU_2D_experimental/train/images/130.JPG,data/processed/MMOTU_OTU_2D_experimental/train/masks/130_binary.PNG,957,532,3,uint8,.JPG,957,532,1,uint8,.PNG,"0,1",True,recalculated_from_experimental_copy
1027,train,data/processed/MMOTU_OTU_2D_experimental/train/images/1027.JPG,data/processed/MMOTU_OTU_2D_experimental/train/masks/1027_binary.PNG,478,526,3,uint8,.JPG,478,526,1,uint8,.PNG,"0,1",True,recalculated_from_experimental_copy
746,train,data/processed/MMOTU_OTU_2D_experimental/train/images/746.JPG,data/processed/MMOTU_OTU_2D_experimental/train/masks/746_binary.PNG,972,543,3,uint8,.JPG,972,543,1,uint8,.PNG,"0,1",True,recalculated_from_experimental_copy
1456,train,data/processed/MMOTU_OTU_2D_experimental/train/images/1456.JPG,data/processed/MMOTU_OTU_2D_experimental/train/masks/1456_binary.PNG,953,530,3,uint8,.JPG,953,530,1,uint8,.PNG,"0,1",True,recalculated_from_experimental_copy
959,train,data/processed/MMOTU_OTU_2D_experimental/train/images/959.JPG,data/processed/MMOTU_OTU_2D_experimental/train/masks/959_binary.PNG,478,518,3,uint8,.JPG,478,518,1,uint8,.PNG,"0,1",True,recalculated_from_experimental_copy
1434,train,data/processed/MMOTU_OTU_2D_experimental/train/images/1434.JPG,data/processed/MMOTU_OTU_2D_experimental/train/masks/1434_binary.PNG,480,532,3,uint8,.JPG,480,532,1,uint8,.PNG,"0,1",True,recalculated_from_experimental_copy
996,train,data/processed/MMOTU_OTU_2D_experimental/train/images/996.JPG,data/processed/MMOTU_OTU_2D_experimental/train/masks/996_binary.PNG,480,508,3,uint8,.JPG,480,508,1,uint8,.PNG,"0,1",True,recalculated_from_experimental_copy
426,train,data/processed/MMOTU_OTU_2D_experimental/train/images/426.JPG,data/processed/MMOTU_OTU_2D_experimental/train/masks/426_binary.PNG,479,537,3,uint8,.JPG,479,537,1,uint8,.PNG,"0,1",True,recalculated_from_experimental_copy
1051,train,data/processed/MMOTU_OTU_2D_experimental/train/images/1051.JPG,data/processed/MMOTU_OTU_2D_experimental/train/masks/1051_binary.PNG,959,531,3,uint8,.JPG,959,531,1,uint8,.PNG,"0,1",True,recalculated_from_experimental_copy
1281,train,data/processed/MMOTU_OTU_2D_experimental/train/images/1281.JPG,data/processed/MMOTU_OTU_2D_experimental/train/masks/1281_binary.PNG,848,573,3,uint8,.JPG,848,573,1,uint8,.PNG,"0,1",True,recalculated_from_experimental_copy
795,train,data/processed/MMOTU_OTU_2D_experimental/train/images/795.JPG,data/processed/MMOTU_OTU_2D_experimental/train/masks/795_binary.PNG,959,545,3,uint8,.JPG,959,545,1,uint8,.PNG,"0,1",True,recalculated_from_experimental_copy
197,train,data/processed/MMOTU_OTU_2D_experimental/train/images/197.JPG,data/processed/MMOTU_OTU_2D_experimental/train/masks/197_binary.PNG,959,534,3,uint8,.JPG,959,534,1,uint8,.PNG,"0,1",True,recalculated_from_experimental_copy
247,train,data/processed/MMOTU_OTU_2D_experimental/train/images/247.JPG,data/processed/MMOTU_OTU_2D_experimental/train/masks/247_binary.PNG,482,532,3,uint8,.JPG,482,532,1,uint8,.PNG,"0,1",True,recalculated_from_experimental_copy
995,train,data/processed/MMOTU_OTU_2D_experimental/train/images/995.JPG,data/processed/MMOTU_OTU_2D_experimental/train/masks/995_binary.PNG,479,500,3,uint8,.JPG,479,500,1,uint8,.PNG,"0,1",True,recalculated_from_experimental_copy
62,train,data/processed/MMOTU_OTU_2D_experimental/train/images/62.JPG,data/processed/MMOTU_OTU_2D_experimental/train/masks/62_binary.PNG,852,606,3,uint8,.JPG,852,606,1,uint8,.PNG,"0,1",True,recalculated_from_experimental_copy
986,train,data/processed/MMOTU_OTU_2D_experimental/train/images/986.JPG,data/processed/MMOTU_OTU_2D_experimental/train/masks/986_binary.PNG,567,585,3,uint8,.JPG,567,585,1,uint8,.PNG,"0,1",True,recalculated_from_experimental_copy
654,train,data/processed/MMOTU_OTU_2D_experimental/train/images/654.JPG,data/processed/MMOTU_OTU_2D_experimental/train/masks/654_binary.PNG,494,552,3,uint8,.JPG,494,552,1,uint8,.PNG,"0,1",True,recalculated_from_experimental_copy
715,train,data/processed/MMOTU_OTU_2D_experimental/train/images/715.JPG,data/processed/MMOTU_OTU_2D_experimental/train/masks/715_binary.PNG,479,543,3,uint8,.JPG,479,543,1,uint8,.PNG,"0,1",True,recalculated_from_experimental_copy
1415,train,data/processed/MMOTU_OTU_2D_experimental/train/images/1415.JPG,data/processed/MMOTU_OTU_2D_experimental/train/masks/1415_binary.PNG,486,272,3,uint8,.JPG,486,272,1,uint8,.PNG,"0,1",True,recalculated_from_experimental_copy
1457,train,data/processed/MMOTU_OTU_2D_experimental/train/images/1457.JPG,data/processed/MMOTU_OTU_2D_experimental/train/masks/1457_binary.PNG,956,524,3,uint8,.JPG,956,524,1,uint8,.PNG,"0,1",True,recalculated_from_experimental_copy
459,train,data/processed/MMOTU_OTU_2D_experimental/train/images/459.JPG,data/processed/MMOTU_OTU_2D_experimental/train/masks/459_binary.PNG,958,661,3,uint8,.JPG,958,661,1,uint8,.PNG,"0,1",True,recalculated_from_experimental_copy
1227,train,data/processed/MMOTU_OTU_2D_experimental/train/images/1227.JPG,data/processed/MMOTU_OTU_2D_experimental/train/masks/1227_binary.PNG,958,530,3,uint8,.JPG,958,530,1,uint8,.PNG,"0,1",True,recalculated_from_experimental_copy
204,train,data/processed/MMOTU_OTU_2D_experimental/train/images/204.JPG,data/processed/MMOTU_OTU_2D_experimental/train/masks/204_binary.PNG,479,533,3,uint8,.JPG,479,533,1,uint8,.PNG,"0,1",True,recalculated_from_experimental_copy
1395,train,data/processed/MMOTU_OTU_2D_experimental/train/images/1395.JPG,data/processed/MMOTU_OTU_2D_experimental/train/masks/1395_binary.PNG,568,596,3,uint8,.JPG,568,596,1,uint8,.PNG,"0,1",True,recalculated_from_experimental_copy
213,train,data/processed/MMOTU_OTU_2D_experimental/train/images/213.JPG,data/processed/MMOTU_OTU_2D_experimental/train/masks/213_binary.PNG,948,535,3,uint8,.JPG,948,535,1,uint8,.PNG,"0,1",True,recalculated_from_experimental_copy
928,train,data/processed/MMOTU_OTU_2D_experimental/train/images/928.JPG,data/processed/MMOTU_OTU_2D_experimental/train/masks/928_binary.PNG,952,521,3,uint8,.JPG,952,521,1,uint8,.PNG,"0,1",True,recalculated_from_experimental_copy
279,train,data/processed/MMOTU_OTU_2D_experimental/train/images/279.JPG,data/processed/MMOTU_OTU_2D_experimental/train/masks/279_binary.PNG,958,535,3,uint8,.JPG,958,535,1,uint8,.PNG,"0,1",True,recalculated_from_experimental_copy
1290,train,data/processed/MMOTU_OTU_2D_experimental/train/images/1290.JPG,data/processed/MMOTU_OTU_2D_experimental/train/masks/1290_binary.PNG,958,532,3,uint8,.JPG,958,532,1,uint8,.PNG,"0,1",True,recalculated_from_experimental_copy
318,train,data/processed/MMOTU_OTU_2D_experimental/train/images/318.JPG,data/processed/MMOTU_OTU_2D_experimental/train/masks/318_binary.PNG,480,537,3,uint8,.JPG,480,537,1,uint8,.PNG,"0,1",True,recalculated_from_experimental_copy
977,train,data/processed/MMOTU_OTU_2D_experimental/train/images/977.JPG,data/processed/MMOTU_OTU_2D_experimental/train/masks/977_binary.PNG,479,526,3,uint8,.JPG,479,526,1,uint8,.PNG,"0,1",True,recalculated_from_experimental_copy
41,train,data/processed/MMOTU_OTU_2D_experimental/train/images/41.JPG,data/processed/MMOTU_OTU_2D_experimental/train/masks/41_binary.PNG,481,533,3,uint8,.JPG,481,533,1,uint8,.PNG,"0,1",True,recalculated_from_experimental_copy
317,train,data/processed/MMOTU_OTU_2D_experimental/train/images/317.JPG,data/processed/MMOTU_OTU_2D_experimental/train/masks/317_binary.PNG,478,532,3,uint8,.JPG,478,532,1,uint8,.PNG,"0,1",True,recalculated_from_experimental_copy
465,train,data/processed/MMOTU_OTU_2D_experimental/train/images/465.JPG,data/processed/MMOTU_OTU_2D_experimental/train/masks/465_binary.PNG,1134,592,3,uint8,.JPG,1134,592,1,uint8,.PNG,"0,1",True,recalculated_from_experimental_copy
1447,train,data/processed/MMOTU_OTU_2D_experimental/train/images/1447.JPG,data/processed/MMOTU_OTU_2D_experimental/train/masks/1447_binary.PNG,567,591,3,uint8,.JPG,567,591,1,uint8,.PNG,"0,1",True,recalculated_from_experimental_copy
827,train,data/processed/MMOTU_OTU_2D_experimental/train/images/827.JPG,data/processed/MMOTU_OTU_2D_experimental/train/masks/827_binary.PNG,959,563,3,uint8,.JPG,959,563,1,uint8,.PNG,"0,1",True,recalculated_from_experimental_copy
481,train,data/processed/MMOTU_OTU_2D_experimental/train/images/481.JPG,data/processed/MMOTU_OTU_2D_experimental/train/masks/481_binary.PNG,915,535,3,uint8,.JPG,915,535,1,uint8,.PNG,"0,1",True,recalculated_from_experimental_copy
1441,train,data/processed/MMOTU_OTU_2D_experimental/train/images/1441.JPG,data/processed/MMOTU_OTU_2D_experimental/train/masks/1441_binary.PNG,960,528,3,uint8,.JPG,960,528,1,uint8,.PNG,"0,1",True,recalculated_from_experimental_copy
1321,train,data/processed/MMOTU_OTU_2D_experimental/train/images/1321.JPG,data/processed/MMOTU_OTU_2D_experimental/train/masks/1321_binary.PNG,483,539,3,uint8,.JPG,483,539,1,uint8,.PNG,"0,1",True,recalculated_from_experimental_copy
92,train,data/processed/MMOTU_OTU_2D_experimental/train/images/92.JPG,data/processed/MMOTU_OTU_2D_experimental/train/masks/92_binary.PNG,846,606,3,uint8,.JPG,846,606,1,uint8,.PNG,"0,1",True,recalculated_from_experimental_copy
419,train,data/processed/MMOTU_OTU_2D_experimental/train/images/419.JPG,data/processed/MMOTU_OTU_2D_experimental/train/masks/419_binary.PNG,959,535,3,uint8,.JPG,959,535,1,uint8,.PNG,"0,1",True,recalculated_from_experimental_copy
486,train,data/processed/MMOTU_OTU_2D_experimental/train/images/486.JPG,data/processed/MMOTU_OTU_2D_experimental/train/masks/486_binary.PNG,569,701,3,uint8,.JPG,569,701,1,uint8,.PNG,"0,1",True,recalculated_from_experimental_copy
914,train,data/processed/MMOTU_OTU_2D_experimental/train/images/914.JPG,data/processed/MMOTU_OTU_2D_experimental/train/masks/914_binary.PNG,958,530,3,uint8,.JPG,958,530,1,uint8,.PNG,"0,1",True,recalculated_from_experimental_copy
1216,train,data/processed/MMOTU_OTU_2D_experimental/train/images/1216.JPG,data/processed/MMOTU_OTU_2D_experimental/train/masks/1216_binary.PNG,959,530,3,uint8,.JPG,959,530,1,uint8,.PNG,"0,1",True,recalculated_from_experimental_copy
341,train,data/processed/MMOTU_OTU_2D_experimental/train/images/341.JPG,data/processed/MMOTU_OTU_2D_experimental/train/masks/341_binary.PNG,566,592,3,uint8,.JPG,566,592,1,uint8,.PNG,"0,1",True,recalculated_from_experimental_copy
781,train,data/processed/MMOTU_OTU_2D_experimental/train/images/781.JPG,data/processed/MMOTU_OTU_2D_experimental/train/masks/781_binary.PNG,479,544,3,uint8,.JPG,479,544,1,uint8,.PNG,"0,1",True,recalculated_from_experimental_copy
1194,train,data/processed/MMOTU_OTU_2D_experimental/train/images/1194.JPG,data/processed/MMOTU_OTU_2D_experimental/train/masks/1194_binary.PNG,959,536,3,uint8,.JPG,959,536,1,uint8,.PNG,"0,1",True,recalculated_from_experimental_copy
1251,train,data/processed/MMOTU_OTU_2D_experimental/train/images/1251.JPG,data/processed/MMOTU_OTU_2D_experimental/train/masks/1251_binary.PNG,568,543,3,uint8,.JPG,568,543,1,uint8,.PNG,"0,1",True,recalculated_from_experimental_copy
491,train,data/processed/MMOTU_OTU_2D_experimental/train/images/491.JPG,data/processed/MMOTU_OTU_2D_experimental/train/masks/491_binary.PNG,958,549,3,uint8,.JPG,958,549,1,uint8,.PNG,"0,1",True,recalculated_from_experimental_copy
1283,train,data/processed/MMOTU_OTU_2D_experimental/train/images/1283.JPG,data/processed/MMOTU_OTU_2D_experimental/train/masks/1283_binary.PNG,1113,589,3,uint8,.JPG,1113,589,1,uint8,.PNG,"0,1",True,recalculated_from_experimental_copy
1312,train,data/processed/MMOTU_OTU_2D_experimental/train/images/1312.JPG,data/processed/MMOTU_OTU_2D_experimental/train/masks/1312_binary.PNG,960,525,3,uint8,.JPG,960,525,1,uint8,.PNG,"0,1",True,recalculated_from_experimental_copy
562,train,data/processed/MMOTU_OTU_2D_experimental/train/images/562.JPG,data/processed/MMOTU_OTU_2D_experimental/train/masks/562_binary.PNG,568,623,3,uint8,.JPG,568,623,1,uint8,.PNG,"0,1",True,recalculated_from_experimental_copy
259,train,data/processed/MMOTU_OTU_2D_experimental/train/images/259.JPG,data/processed/MMOTU_OTU_2D_experimental/train/masks/259_binary.PNG,481,603,3,uint8,.JPG,481,603,1,uint8,.PNG,"0,1",True,recalculated_from_experimental_copy
628,train,data/processed/MMOTU_OTU_2D_experimental/train/images/628.JPG,data/processed/MMOTU_OTU_2D_experimental/train/masks/628_binary.PNG,483,552,3,uint8,.JPG,483,552,1,uint8,.PNG,"0,1",True,recalculated_from_experimental_copy
1449,train,data/processed/MMOTU_OTU_2D_experimental/train/images/1449.JPG,data/processed/MMOTU_OTU_2D_experimental/train/masks/1449_binary.PNG,479,551,3,uint8,.JPG,479,551,1,uint8,.PNG,"0,1",True,recalculated_from_experimental_copy
1423,train,data/processed/MMOTU_OTU_2D_experimental/train/images/1423.JPG,data/processed/MMOTU_OTU_2D_experimental/train/masks/1423_binary.PNG,1071,652,3,uint8,.JPG,1071,652,1,uint8,.PNG,"0,1",True,recalculated_from_experimental_copy
999,train,data/processed/MMOTU_OTU_2D_experimental/train/images/999.JPG,data/processed/MMOTU_OTU_2D_experimental/train/masks/999_binary.PNG,958,529,3,uint8,.JPG,958,529,1,uint8,.PNG,"0,1",True,recalculated_from_experimental_copy
840,train,data/processed/MMOTU_OTU_2D_experimental/train/images/840.JPG,data/processed/MMOTU_OTU_2D_experimental/train/masks/840_binary.PNG,566,630,3,uint8,.JPG,566,630,1,uint8,.PNG,"0,1",True,recalculated_from_experimental_copy
398,train,data/processed/MMOTU_OTU_2D_experimental/train/images/398.JPG,data/processed/MMOTU_OTU_2D_experimental/train/masks/398_binary.PNG,959,534,3,uint8,.JPG,959,534,1,uint8,.PNG,"0,1",True,recalculated_from_experimental_copy
1006,train,data/processed/MMOTU_OTU_2D_experimental/train/images/1006.JPG,data/processed/MMOTU_OTU_2D_experimental/train/masks/1006_binary.PNG,961,528,3,uint8,.JPG,961,528,1,uint8,.PNG,"0,1",True,recalculated_from_experimental_copy
1399,train,data/processed/MMOTU_OTU_2D_experimental/train/images/1399.JPG,data/processed/MMOTU_OTU_2D_experimental/train/masks/1399_binary.PNG,958,539,3,uint8,.JPG,958,539,1,uint8,.PNG,"0,1",True,recalculated_from_experimental_copy
110,train,data/processed/MMOTU_OTU_2D_experimental/train/images/110.JPG,data/processed/MMOTU_OTU_2D_experimental/train/masks/110_binary.PNG,959,533,3,uint8,.JPG,959,533,1,uint8,.PNG,"0,1",True,recalculated_from_experimental_copy
1313,train,data/processed/MMOTU_OTU_2D_experimental/train/images/1313.JPG,data/processed/MMOTU_OTU_2D_experimental/train/masks/1313_binary.PNG,484,532,3,uint8,.JPG,484,532,1,uint8,.PNG,"0,1",True,recalculated_from_experimental_copy
642,train,data/processed/MMOTU_OTU_2D_experimental/train/images/642.JPG,data/processed/MMOTU_OTU_2D_experimental/train/masks/642_binary.PNG,973,551,3,uint8,.JPG,973,551,1,uint8,.PNG,"0,1",True,recalculated_from_experimental_copy
56,train,data/processed/MMOTU_OTU_2D_experimental/train/images/56.JPG,data/processed/MMOTU_OTU_2D_experimental/train/masks/56_binary.PNG,818,610,3,uint8,.JPG,818,610,1,uint8,.PNG,"0,1",True,recalculated_from_experimental_copy
1250,train,data/processed/MMOTU_OTU_2D_experimental/train/images/1250.JPG,data/processed/MMOTU_OTU_2D_experimental/train/masks/1250_binary.PNG,569,544,3,uint8,.JPG,569,544,1,uint8,.PNG,"0,1",True,recalculated_from_experimental_copy
1213,train,data/processed/MMOTU_OTU_2D_experimental/train/images/1213.JPG,data/processed/MMOTU_OTU_2D_experimental/train/masks/1213_binary.PNG,959,536,3,uint8,.JPG,959,536,1,uint8,.PNG,"0,1",True,recalculated_from_experimental_copy
830,train,data/processed/MMOTU_OTU_2D_experimental/train/images/830.JPG,data/processed/MMOTU_OTU_2D_experimental/train/masks/830_binary.PNG,958,545,3,uint8,.JPG,958,545,1,uint8,.PNG,"0,1",True,recalculated_from_experimental_copy
851,train,data/processed/MMOTU_OTU_2D_experimental/train/images/851.JPG,data/processed/MMOTU_OTU_2D_experimental/train/masks/851_binary.PNG,971,534,3,uint8,.JPG,971,534,1,uint8,.PNG,"0,1",True,recalculated_from_experimental_copy
1379,train,data/processed/MMOTU_OTU_2D_experimental/train/images/1379.JPG,data/processed/MMOTU_OTU_2D_experimental/train/masks/1379_binary.PNG,958,540,3,uint8,.JPG,958,540,1,uint8,.PNG,"0,1",True,recalculated_from_experimental_copy
342,train,data/processed/MMOTU_OTU_2D_experimental/train/images/342.JPG,data/processed/MMOTU_OTU_2D_experimental/train/masks/342_binary.PNG,569,590,3,uint8,.JPG,569,590,1,uint8,.PNG,"0,1",True,recalculated_from_experimental_copy
304,train,data/processed/MMOTU_OTU_2D_experimental/train/images/304.JPG,data/processed/MMOTU_OTU_2D_experimental/train/masks/304_binary.PNG,477,534,3,uint8,.JPG,477,534,1,uint8,.PNG,"0,1",True,recalculated_from_experimental_copy
1300,train,data/processed/MMOTU_OTU_2D_experimental/train/images/1300.JPG,data/processed/MMOTU_OTU_2D_experimental/train/masks/1300_binary.PNG,957,534,3,uint8,.JPG,957,534,1,uint8,.PNG,"0,1",True,recalculated_from_experimental_copy
866,train,data/processed/MMOTU_OTU_2D_experimental/train/images/866.JPG,data/processed/MMOTU_OTU_2D_experimental/train/masks/866_binary.PNG,974,556,3,uint8,.JPG,974,556,1,uint8,.PNG,"0,1",True,recalculated_from_experimental_copy
1107,train,data/processed/MMOTU_OTU_2D_experimental/train/images/1107.JPG,data/processed/MMOTU_OTU_2D_experimental/train/masks/1107_binary.PNG,956,524,3,uint8,.JPG,956,524,1,uint8,.PNG,"0,1",True,recalculated_from_experimental_copy
1272,train,data/processed/MMOTU_OTU_2D_experimental/train/images/1272.JPG,data/processed/MMOTU_OTU_2D_experimental/train/masks/1272_binary.PNG,570,589,3,uint8,.JPG,570,589,1,uint8,.PNG,"0,1",True,recalculated_from_experimental_copy
1287,train,data/processed/MMOTU_OTU_2D_experimental/train/images/1287.JPG,data/processed/MMOTU_OTU_2D_experimental/train/masks/1287_binary.PNG,1116,590,3,uint8,.JPG,1116,590,1,uint8,.PNG,"0,1",True,recalculated_from_experimental_copy
66,train,data/processed/MMOTU_OTU_2D_experimental/train/images/66.JPG,data/processed/MMOTU_OTU_2D_experimental/train/masks/66_binary.PNG,958,660,3,uint8,.JPG,958,660,1,uint8,.PNG,"0,1",True,recalculated_from_experimental_copy
1280,train,data/processed/MMOTU_OTU_2D_experimental/train/images/1280.JPG,data/processed/MMOTU_OTU_2D_experimental/train/masks/1280_binary.PNG,963,619,3,uint8,.JPG,963,619,1,uint8,.PNG,"0,1",True,recalculated_from_experimental_copy
1069,train,data/processed/MMOTU_OTU_2D_experimental/train/images/1069.JPG,data/processed/MMOTU_OTU_2D_experimental/train/masks/1069_binary.PNG,480,516,3,uint8,.JPG,480,516,1,uint8,.PNG,"0,1",True,recalculated_from_experimental_copy
1141,train,data/processed/MMOTU_OTU_2D_experimental/train/images/1141.JPG,data/processed/MMOTU_OTU_2D_experimental/train/masks/1141_binary.PNG,480,537,3,uint8,.JPG,480,537,1,uint8,.PNG,"0,1",True,recalculated_from_experimental_copy
1293,train,data/processed/MMOTU_OTU_2D_experimental/train/images/1293.JPG,data/processed/MMOTU_OTU_2D_experimental/train/masks/1293_binary.PNG,958,531,3,uint8,.JPG,958,531,1,uint8,.PNG,"0,1",True,recalculated_from_experimental_copy
1099,train,data/processed/MMOTU_OTU_2D_experimental/train/images/1099.JPG,data/processed/MMOTU_OTU_2D_experimental/train/masks/1099_binary.PNG,958,525,3,uint8,.JPG,958,525,1,uint8,.PNG,"0,1",True,recalculated_from_experimental_copy
1087,train,data/processed/MMOTU_OTU_2D_experimental/train/images/1087.JPG,data/processed/MMOTU_OTU_2D_experimental/train/masks/1087_binary.PNG,1128,547,3,uint8,.JPG,1128,547,1,uint8,.PNG,"0,1",True,recalculated_from_experimental_copy
61,train,data/processed/MMOTU_OTU_2D_experimental/train/images/61.JPG,data/processed/MMOTU_OTU_2D_experimental/train/masks/61_binary.PNG,959,606,3,uint8,.JPG,959,606,1,uint8,.PNG,"0,1",True,recalculated_from_experimental_copy
824,train,data/processed/MMOTU_OTU_2D_experimental/train/images/824.JPG,data/processed/MMOTU_OTU_2D_experimental/train/masks/824_binary.PNG,959,546,3,uint8,.JPG,959,546,1,uint8,.PNG,"0,1",True,recalculated_from_experimental_copy
1372,train,data/processed/MMOTU_OTU_2D_experimental/train/images/1372.JPG,data/processed/MMOTU_OTU_2D_experimental/train/masks/1372_binary.PNG,483,536,3,uint8,.JPG,483,536,1,uint8,.PNG,"0,1",True,recalculated_from_experimental_copy
199,train,data/processed/MMOTU_OTU_2D_experimental/train/images/199.JPG,data/processed/MMOTU_OTU_2D_experimental/train/masks/199_binary.PNG,479,533,3,uint8,.JPG,479,533,1,uint8,.PNG,"0,1",True,recalculated_from_experimental_copy
447,train,data/processed/MMOTU_OTU_2D_experimental/train/images/447.JPG,data/processed/MMOTU_OTU_2D_experimental/train/masks/447_binary.PNG,480,535,3,uint8,.JPG,480,535,1,uint8,.PNG,"0,1",True,recalculated_from_experimental_copy
285,train,data/processed/MMOTU_OTU_2D_experimental/train/images/285.JPG,data/processed/MMOTU_OTU_2D_experimental/train/masks/285_binary.PNG,477,534,3,uint8,.JPG,477,534,1,uint8,.PNG,"0,1",True,recalculated_from_experimental_copy
277,train,data/processed/MMOTU_OTU_2D_experimental/train/images/277.JPG,data/processed/MMOTU_OTU_2D_experimental/train/masks/277_binary.PNG,959,534,3,uint8,.JPG,959,534,1,uint8,.PNG,"0,1",True,recalculated_from_experimental_copy
1207,train,data/processed/MMOTU_OTU_2D_experimental/train/images/1207.JPG,data/processed/MMOTU_OTU_2D_experimental/train/masks/1207_binary.PNG,483,530,3,uint8,.JPG,483,530,1,uint8,.PNG,"0,1",True,recalculated_from_experimental_copy
369,train,data/processed/MMOTU_OTU_2D_experimental/train/images/369.JPG,data/processed/MMOTU_OTU_2D_experimental/train/masks/369_binary.PNG,1135,589,3,uint8,.JPG,1135,589,1,uint8,.PNG,"0,1",True,recalculated_from_experimental_copy
503,train,data/processed/MMOTU_OTU_2D_experimental/train/images/503.JPG,data/processed/MMOTU_OTU_2D_experimental/train/masks/503_binary.PNG,482,545,3,uint8,.JPG,482,545,1,uint8,.PNG,"0,1",True,recalculated_from_experimental_copy
734,train,data/processed/MMOTU_OTU_2D_experimental/train/images/734.JPG,data/processed/MMOTU_OTU_2D_experimental/train/masks/734_binary.PNG,476,566,3,uint8,.JPG,476,566,1,uint8,.PNG,"0,1",True,recalculated_from_experimental_copy
1249,train,data/processed/MMOTU_OTU_2D_experimental/train/images/1249.JPG,data/processed/MMOTU_OTU_2D_experimental/train/masks/1249_binary.PNG,569,544,3,uint8,.JPG,569,544,1,uint8,.PNG,"0,1",True,recalculated_from_experimental_copy
103,train,data/processed/MMOTU_OTU_2D_experimental/train/images/103.JPG,data/processed/MMOTU_OTU_2D_experimental/train/masks/103_binary.PNG,956,534,3,uint8,.JPG,956,534,1,uint8,.PNG,"0,1",True,recalculated_from_experimental_copy
1294,train,data/processed/MMOTU_OTU_2D_experimental/train/images/1294.JPG,data/processed/MMOTU_OTU_2D_experimental/train/masks/1294_binary.PNG,958,536,3,uint8,.JPG,958,536,1,uint8,.PNG,"0,1",True,recalculated_from_experimental_copy
483,train,data/processed/MMOTU_OTU_2D_experimental/train/images/483.JPG,data/processed/MMOTU_OTU_2D_experimental/train/masks/483_binary.PNG,568,713,3,uint8,.JPG,568,713,1,uint8,.PNG,"0,1",True,recalculated_from_experimental_copy
338,train,data/processed/MMOTU_OTU_2D_experimental/train/images/338.JPG,data/processed/MMOTU_OTU_2D_experimental/train/masks/338_binary.PNG,567,590,3,uint8,.JPG,567,590,1,uint8,.PNG,"0,1",True,recalculated_from_experimental_copy
79,train,data/processed/MMOTU_OTU_2D_experimental/train/images/79.JPG,data/processed/MMOTU_OTU_2D_experimental/train/masks/79_binary.PNG,958,530,3,uint8,.JPG,958,530,1,uint8,.PNG,"0,1",True,recalculated_from_experimental_copy
1414,train,data/processed/MMOTU_OTU_2D_experimental/train/images/1414.JPG,data/processed/MMOTU_OTU_2D_experimental/train/masks/1414_binary.PNG,958,539,3,uint8,.JPG,958,539,1,uint8,.PNG,"0,1",True,recalculated_from_experimental_copy
728,train,data/processed/MMOTU_OTU_2D_experimental/train/images/728.JPG,data/processed/MMOTU_OTU_2D_experimental/train/masks/728_binary.PNG,974,535,3,uint8,.JPG,974,535,1,uint8,.PNG,"0,1",True,recalculated_from_experimental_copy
958,train,data/processed/MMOTU_OTU_2D_experimental/train/images/958.JPG,data/processed/MMOTU_OTU_2D_experimental/train/masks/958_binary.PNG,481,527,3,uint8,.JPG,481,527,1,uint8,.PNG,"0,1",True,recalculated_from_experimental_copy
1151,train,data/processed/MMOTU_OTU_2D_experimental/train/images/1151.JPG,data/processed/MMOTU_OTU_2D_experimental/train/masks/1151_binary.PNG,957,532,3,uint8,.JPG,957,532,1,uint8,.PNG,"0,1",True,recalculated_from_experimental_copy
1037,train,data/processed/MMOTU_OTU_2D_experimental/train/images/1037.JPG,data/processed/MMOTU_OTU_2D_experimental/train/masks/1037_binary.PNG,953,539,3,uint8,.JPG,953,539,1,uint8,.PNG,"0,1",True,recalculated_from_experimental_copy
559,train,data/processed/MMOTU_OTU_2D_experimental/train/images/559.JPG,data/processed/MMOTU_OTU_2D_experimental/train/masks/559_binary.PNG,566,603,3,uint8,.JPG,566,603,1,uint8,.PNG,"0,1",True,recalculated_from_experimental_copy
116,train,data/processed/MMOTU_OTU_2D_experimental/train/images/116.JPG,data/processed/MMOTU_OTU_2D_experimental/train/masks/116_binary.PNG,958,532,3,uint8,.JPG,958,532,1,uint8,.PNG,"0,1",True,recalculated_from_experimental_copy
831,train,data/processed/MMOTU_OTU_2D_experimental/train/images/831.JPG,data/processed/MMOTU_OTU_2D_experimental/train/masks/831_binary.PNG,958,540,3,uint8,.JPG,958,540,1,uint8,.PNG,"0,1",True,recalculated_from_experimental_copy
1168,train,data/processed/MMOTU_OTU_2D_experimental/train/images/1168.JPG,data/processed/MMOTU_OTU_2D_experimental/train/masks/1168_binary.PNG,568,589,3,uint8,.JPG,568,589,1,uint8,.PNG,"0,1",True,recalculated_from_experimental_copy
500,train,data/processed/MMOTU_OTU_2D_experimental/train/images/500.JPG,data/processed/MMOTU_OTU_2D_experimental/train/masks/500_binary.PNG,481,566,3,uint8,.JPG,481,566,1,uint8,.PNG,"0,1",True,recalculated_from_experimental_copy
540,train,data/processed/MMOTU_OTU_2D_experimental/train/images/540.JPG,data/processed/MMOTU_OTU_2D_experimental/train/masks/540_binary.PNG,478,548,3,uint8,.JPG,478,548,1,uint8,.PNG,"0,1",True,recalculated_from_experimental_copy
109,train,data/processed/MMOTU_OTU_2D_experimental/train/images/109.JPG,data/processed/MMOTU_OTU_2D_experimental/train/masks/109_binary.PNG,957,531,3,uint8,.JPG,957,531,1,uint8,.PNG,"0,1",True,recalculated_from_experimental_copy
311,train,data/processed/MMOTU_OTU_2D_experimental/train/images/311.JPG,data/processed/MMOTU_OTU_2D_experimental/train/masks/311_binary.PNG,479,533,3,uint8,.JPG,479,533,1,uint8,.PNG,"0,1",True,recalculated_from_experimental_copy
1154,train,data/processed/MMOTU_OTU_2D_experimental/train/images/1154.JPG,data/processed/MMOTU_OTU_2D_experimental/train/masks/1154_binary.PNG,1135,640,3,uint8,.JPG,1135,640,1,uint8,.PNG,"0,1",True,recalculated_from_experimental_copy
243,train,data/processed/MMOTU_OTU_2D_experimental/train/images/243.JPG,data/processed/MMOTU_OTU_2D_experimental/train/masks/243_binary.PNG,478,531,3,uint8,.JPG,478,531,1,uint8,.PNG,"0,1",True,recalculated_from_experimental_copy
997,train,data/processed/MMOTU_OTU_2D_experimental/train/images/997.JPG,data/processed/MMOTU_OTU_2D_experimental/train/masks/997_binary.PNG,479,508,3,uint8,.JPG,479,508,1,uint8,.PNG,"0,1",True,recalculated_from_experimental_copy
1437,train,data/processed/MMOTU_OTU_2D_experimental/train/images/1437.JPG,data/processed/MMOTU_OTU_2D_experimental/train/masks/1437_binary.PNG,958,543,3,uint8,.JPG,958,543,1,uint8,.PNG,"0,1",True,recalculated_from_experimental_copy
171,train,data/processed/MMOTU_OTU_2D_experimental/train/images/171.JPG,data/processed/MMOTU_OTU_2D_experimental/train/masks/171_binary.PNG,958,535,3,uint8,.JPG,958,535,1,uint8,.PNG,"0,1",True,recalculated_from_experimental_copy
561,train,data/processed/MMOTU_OTU_2D_experimental/train/images/561.JPG,data/processed/MMOTU_OTU_2D_experimental/train/masks/561_binary.PNG,566,605,3,uint8,.JPG,566,605,1,uint8,.PNG,"0,1",True,recalculated_from_experimental_copy
128,train,data/processed/MMOTU_OTU_2D_experimental/train/images/128.JPG,data/processed/MMOTU_OTU_2D_experimental/train/masks/128_binary.PNG,759,557,3,uint8,.JPG,759,557,1,uint8,.PNG,"0,1",True,recalculated_from_experimental_copy
308,train,data/processed/MMOTU_OTU_2D_experimental/train/images/308.JPG,data/processed/MMOTU_OTU_2D_experimental/train/masks/308_binary.PNG,963,532,3,uint8,.JPG,963,532,1,uint8,.PNG,"0,1",True,recalculated_from_experimental_copy
347,validation,data/processed/MMOTU_OTU_2D_experimental/validation/images/347.JPG,data/processed/MMOTU_OTU_2D_experimental/validation/masks/347_binary.PNG,828,609,3,uint8,.JPG,828,609,1,uint8,.PNG,"0,1",True,recalculated_from_experimental_copy
1353,validation,data/processed/MMOTU_OTU_2D_experimental/validation/images/1353.JPG,data/processed/MMOTU_OTU_2D_experimental/validation/masks/1353_binary.PNG,959,529,3,uint8,.JPG,959,529,1,uint8,.PNG,"0,1",True,recalculated_from_experimental_copy
1119,validation,data/processed/MMOTU_OTU_2D_experimental/validation/images/1119.JPG,data/processed/MMOTU_OTU_2D_experimental/validation/masks/1119_binary.PNG,959,536,3,uint8,.JPG,959,536,1,uint8,.PNG,"0,1",True,recalculated_from_experimental_copy
651,validation,data/processed/MMOTU_OTU_2D_experimental/validation/images/651.JPG,data/processed/MMOTU_OTU_2D_experimental/validation/masks/651_binary.PNG,971,556,3,uint8,.JPG,971,556,1,uint8,.PNG,"0,1",True,recalculated_from_experimental_copy
324,validation,data/processed/MMOTU_OTU_2D_experimental/validation/images/324.JPG,data/processed/MMOTU_OTU_2D_experimental/validation/masks/324_binary.PNG,958,532,3,uint8,.JPG,958,532,1,uint8,.PNG,"0,1",True,recalculated_from_experimental_copy
404,validation,data/processed/MMOTU_OTU_2D_experimental/validation/images/404.JPG,data/processed/MMOTU_OTU_2D_experimental/validation/masks/404_binary.PNG,958,532,3,uint8,.JPG,958,532,1,uint8,.PNG,"0,1",True,recalculated_from_experimental_copy
1090,validation,data/processed/MMOTU_OTU_2D_experimental/validation/images/1090.JPG,data/processed/MMOTU_OTU_2D_experimental/validation/masks/1090_binary.PNG,478,529,3,uint8,.JPG,478,529,1,uint8,.PNG,"0,1",True,recalculated_from_experimental_copy
1160,validation,data/processed/MMOTU_OTU_2D_experimental/validation/images/1160.JPG,data/processed/MMOTU_OTU_2D_experimental/validation/masks/1160_binary.PNG,959,529,3,uint8,.JPG,959,529,1,uint8,.PNG,"0,1",True,recalculated_from_experimental_copy
650,validation,data/processed/MMOTU_OTU_2D_experimental/validation/images/650.JPG,data/processed/MMOTU_OTU_2D_experimental/validation/masks/650_binary.PNG,478,643,3,uint8,.JPG,478,643,1,uint8,.PNG,"0,1",True,recalculated_from_experimental_copy
239,validation,data/processed/MMOTU_OTU_2D_experimental/validation/images/239.JPG,data/processed/MMOTU_OTU_2D_experimental/validation/masks/239_binary.PNG,480,533,3,uint8,.JPG,480,533,1,uint8,.PNG,"0,1",True,recalculated_from_experimental_copy
91,validation,data/processed/MMOTU_OTU_2D_experimental/validation/images/91.JPG,data/processed/MMOTU_OTU_2D_experimental/validation/masks/91_binary.PNG,861,606,3,uint8,.JPG,861,606,1,uint8,.PNG,"0,1",True,recalculated_from_experimental_copy
330,validation,data/processed/MMOTU_OTU_2D_experimental/validation/images/330.JPG,data/processed/MMOTU_OTU_2D_experimental/validation/masks/330_binary.PNG,1102,568,3,uint8,.JPG,1102,568,1,uint8,.PNG,"0,1",True,recalculated_from_experimental_copy
755,validation,data/processed/MMOTU_OTU_2D_experimental/validation/images/755.JPG,data/processed/MMOTU_OTU_2D_experimental/validation/masks/755_binary.PNG,957,549,3,uint8,.JPG,957,549,1,uint8,.PNG,"0,1",True,recalculated_from_experimental_copy
1022,validation,data/processed/MMOTU_OTU_2D_experimental/validation/images/1022.JPG,data/processed/MMOTU_OTU_2D_experimental/validation/masks/1022_binary.PNG,1132,590,3,uint8,.JPG,1132,590,1,uint8,.PNG,"0,1",True,recalculated_from_experimental_copy
22,validation,data/processed/MMOTU_OTU_2D_experimental/validation/images/22.JPG,data/processed/MMOTU_OTU_2D_experimental/validation/masks/22_binary.PNG,480,534,3,uint8,.JPG,480,534,1,uint8,.PNG,"0,1",True,recalculated_from_experimental_copy
17,validation,data/processed/MMOTU_OTU_2D_experimental/validation/images/17.JPG,data/processed/MMOTU_OTU_2D_experimental/validation/masks/17_binary.PNG,959,536,3,uint8,.JPG,959,536,1,uint8,.PNG,"0,1",True,recalculated_from_experimental_copy
633,validation,data/processed/MMOTU_OTU_2D_experimental/validation/images/633.JPG,data/processed/MMOTU_OTU_2D_experimental/validation/masks/633_binary.PNG,567,619,3,uint8,.JPG,567,619,1,uint8,.PNG,"0,1",True,recalculated_from_experimental_copy
455,validation,data/processed/MMOTU_OTU_2D_experimental/validation/images/455.JPG,data/processed/MMOTU_OTU_2D_experimental/validation/masks/455_binary.PNG,961,531,3,uint8,.JPG,961,531,1,uint8,.PNG,"0,1",True,recalculated_from_experimental_copy
1256,validation,data/processed/MMOTU_OTU_2D_experimental/validation/images/1256.JPG,data/processed/MMOTU_OTU_2D_experimental/validation/masks/1256_binary.PNG,959,540,3,uint8,.JPG,959,540,1,uint8,.PNG,"0,1",True,recalculated_from_experimental_copy
413,validation,data/processed/MMOTU_OTU_2D_experimental/validation/images/413.JPG,data/processed/MMOTU_OTU_2D_experimental/validation/masks/413_binary.PNG,959,660,3,uint8,.JPG,959,660,1,uint8,.PNG,"0,1",True,recalculated_from_experimental_copy
1016,validation,data/processed/MMOTU_OTU_2D_experimental/validation/images/1016.JPG,data/processed/MMOTU_OTU_2D_experimental/validation/masks/1016_binary.PNG,566,586,3,uint8,.JPG,566,586,1,uint8,.PNG,"0,1",True,recalculated_from_experimental_copy
885,validation,data/processed/MMOTU_OTU_2D_experimental/validation/images/885.JPG,data/processed/MMOTU_OTU_2D_experimental/validation/masks/885_binary.PNG,1127,580,3,uint8,.JPG,1127,580,1,uint8,.PNG,"0,1",True,recalculated_from_experimental_copy
1178,validation,data/processed/MMOTU_OTU_2D_experimental/validation/images/1178.JPG,data/processed/MMOTU_OTU_2D_experimental/validation/masks/1178_binary.PNG,719,555,3,uint8,.JPG,719,555,1,uint8,.PNG,"0,1",True,recalculated_from_experimental_copy
13,validation,data/processed/MMOTU_OTU_2D_experimental/validation/images/13.JPG,data/processed/MMOTU_OTU_2D_experimental/validation/masks/13_binary.PNG,958,530,3,uint8,.JPG,958,530,1,uint8,.PNG,"0,1",True,recalculated_from_experimental_copy
673,validation,data/processed/MMOTU_OTU_2D_experimental/validation/images/673.JPG,data/processed/MMOTU_OTU_2D_experimental/validation/masks/673_binary.PNG,974,579,3,uint8,.JPG,974,579,1,uint8,.PNG,"0,1",True,recalculated_from_experimental_copy
1056,validation,data/processed/MMOTU_OTU_2D_experimental/validation/images/1056.JPG,data/processed/MMOTU_OTU_2D_experimental/validation/masks/1056_binary.PNG,567,587,3,uint8,.JPG,567,587,1,uint8,.PNG,"0,1",True,recalculated_from_experimental_copy
619,validation,data/processed/MMOTU_OTU_2D_experimental/validation/images/619.JPG,data/processed/MMOTU_OTU_2D_experimental/validation/masks/619_binary.PNG,974,551,3,uint8,.JPG,974,551,1,uint8,.PNG,"0,1",True,recalculated_from_experimental_copy
1007,validation,data/processed/MMOTU_OTU_2D_experimental/validation/images/1007.JPG,data/processed/MMOTU_OTU_2D_experimental/validation/masks/1007_binary.PNG,956,532,3,uint8,.JPG,956,532,1,uint8,.PNG,"0,1",True,recalculated_from_experimental_copy
29,validation,data/processed/MMOTU_OTU_2D_experimental/validation/images/29.JPG,data/processed/MMOTU_OTU_2D_experimental/validation/masks/29_binary.PNG,959,531,3,uint8,.JPG,959,531,1,uint8,.PNG,"0,1",True,recalculated_from_experimental_copy
1077,validation,data/processed/MMOTU_OTU_2D_experimental/validation/images/1077.JPG,data/processed/MMOTU_OTU_2D_experimental/validation/masks/1077_binary.PNG,479,526,3,uint8,.JPG,479,526,1,uint8,.PNG,"0,1",True,recalculated_from_experimental_copy
489,validation,data/processed/MMOTU_OTU_2D_experimental/validation/images/489.JPG,data/processed/MMOTU_OTU_2D_experimental/validation/masks/489_binary.PNG,569,714,3,uint8,.JPG,569,714,1,uint8,.PNG,"0,1",True,recalculated_from_experimental_copy
471,validation,data/processed/MMOTU_OTU_2D_experimental/validation/images/471.JPG,data/processed/MMOTU_OTU_2D_experimental/validation/masks/471_binary.PNG,957,532,3,uint8,.JPG,957,532,1,uint8,.PNG,"0,1",True,recalculated_from_experimental_copy
349,validation,data/processed/MMOTU_OTU_2D_experimental/validation/images/349.JPG,data/processed/MMOTU_OTU_2D_experimental/validation/masks/349_binary.PNG,476,600,3,uint8,.JPG,476,600,1,uint8,.PNG,"0,1",True,recalculated_from_experimental_copy
1114,validation,data/processed/MMOTU_OTU_2D_experimental/validation/images/1114.JPG,data/processed/MMOTU_OTU_2D_experimental/validation/masks/1114_binary.PNG,479,536,3,uint8,.JPG,479,536,1,uint8,.PNG,"0,1",True,recalculated_from_experimental_copy
910,validation,data/processed/MMOTU_OTU_2D_experimental/validation/images/910.JPG,data/processed/MMOTU_OTU_2D_experimental/validation/masks/910_binary.PNG,953,525,3,uint8,.JPG,953,525,1,uint8,.PNG,"0,1",True,recalculated_from_experimental_copy
843,validation,data/processed/MMOTU_OTU_2D_experimental/validation/images/843.JPG,data/processed/MMOTU_OTU_2D_experimental/validation/masks/843_binary.PNG,1105,584,3,uint8,.JPG,1105,584,1,uint8,.PNG,"0,1",True,recalculated_from_experimental_copy
895,validation,data/processed/MMOTU_OTU_2D_experimental/validation/images/895.JPG,data/processed/MMOTU_OTU_2D_experimental/validation/masks/895_binary.PNG,480,528,3,uint8,.JPG,480,528,1,uint8,.PNG,"0,1",True,recalculated_from_experimental_copy
482,validation,data/processed/MMOTU_OTU_2D_experimental/validation/images/482.JPG,data/processed/MMOTU_OTU_2D_experimental/validation/masks/482_binary.PNG,566,707,3,uint8,.JPG,566,707,1,uint8,.PNG,"0,1",True,recalculated_from_experimental_copy
1026,validation,data/processed/MMOTU_OTU_2D_experimental/validation/images/1026.JPG,data/processed/MMOTU_OTU_2D_experimental/validation/masks/1026_binary.PNG,481,523,3,uint8,.JPG,481,523,1,uint8,.PNG,"0,1",True,recalculated_from_experimental_copy
667,validation,data/processed/MMOTU_OTU_2D_experimental/validation/images/667.JPG,data/processed/MMOTU_OTU_2D_experimental/validation/masks/667_binary.PNG,479,549,3,uint8,.JPG,479,549,1,uint8,.PNG,"0,1",True,recalculated_from_experimental_copy
848,validation,data/processed/MMOTU_OTU_2D_experimental/validation/images/848.JPG,data/processed/MMOTU_OTU_2D_experimental/validation/masks/848_binary.PNG,958,539,3,uint8,.JPG,958,539,1,uint8,.PNG,"0,1",True,recalculated_from_experimental_copy
215,validation,data/processed/MMOTU_OTU_2D_experimental/validation/images/215.JPG,data/processed/MMOTU_OTU_2D_experimental/validation/masks/215_binary.PNG,959,532,3,uint8,.JPG,959,532,1,uint8,.PNG,"0,1",True,recalculated_from_experimental_copy
510,validation,data/processed/MMOTU_OTU_2D_experimental/validation/images/510.JPG,data/processed/MMOTU_OTU_2D_experimental/validation/masks/510_binary.PNG,959,538,3,uint8,.JPG,959,538,1,uint8,.PNG,"0,1",True,recalculated_from_experimental_copy
190,validation,data/processed/MMOTU_OTU_2D_experimental/validation/images/190.JPG,data/processed/MMOTU_OTU_2D_experimental/validation/masks/190_binary.PNG,479,534,3,uint8,.JPG,479,534,1,uint8,.PNG,"0,1",True,recalculated_from_experimental_copy
926,validation,data/processed/MMOTU_OTU_2D_experimental/validation/images/926.JPG,data/processed/MMOTU_OTU_2D_experimental/validation/masks/926_binary.PNG,957,526,3,uint8,.JPG,957,526,1,uint8,.PNG,"0,1",True,recalculated_from_experimental_copy
6,validation,data/processed/MMOTU_OTU_2D_experimental/validation/images/6.JPG,data/processed/MMOTU_OTU_2D_experimental/validation/masks/6_binary.PNG,958,534,3,uint8,.JPG,958,534,1,uint8,.PNG,"0,1",True,recalculated_from_experimental_copy
169,validation,data/processed/MMOTU_OTU_2D_experimental/validation/images/169.JPG,data/processed/MMOTU_OTU_2D_experimental/validation/masks/169_binary.PNG,480,534,3,uint8,.JPG,480,534,1,uint8,.PNG,"0,1",True,recalculated_from_experimental_copy
635,validation,data/processed/MMOTU_OTU_2D_experimental/validation/images/635.JPG,data/processed/MMOTU_OTU_2D_experimental/validation/masks/635_binary.PNG,567,631,3,uint8,.JPG,567,631,1,uint8,.PNG,"0,1",True,recalculated_from_experimental_copy
946,validation,data/processed/MMOTU_OTU_2D_experimental/validation/images/946.JPG,data/processed/MMOTU_OTU_2D_experimental/validation/masks/946_binary.PNG,566,581,3,uint8,.JPG,566,581,1,uint8,.PNG,"0,1",True,recalculated_from_experimental_copy
574,validation,data/processed/MMOTU_OTU_2D_experimental/validation/images/574.JPG,data/processed/MMOTU_OTU_2D_experimental/validation/masks/574_binary.PNG,568,612,3,uint8,.JPG,568,612,1,uint8,.PNG,"0,1",True,recalculated_from_experimental_copy
807,validation,data/processed/MMOTU_OTU_2D_experimental/validation/images/807.JPG,data/processed/MMOTU_OTU_2D_experimental/validation/masks/807_binary.PNG,959,544,3,uint8,.JPG,959,544,1,uint8,.PNG,"0,1",True,recalculated_from_experimental_copy
196,validation,data/processed/MMOTU_OTU_2D_experimental/validation/images/196.JPG,data/processed/MMOTU_OTU_2D_experimental/validation/masks/196_binary.PNG,479,535,3,uint8,.JPG,479,535,1,uint8,.PNG,"0,1",True,recalculated_from_experimental_copy
1296,validation,data/processed/MMOTU_OTU_2D_experimental/validation/images/1296.JPG,data/processed/MMOTU_OTU_2D_experimental/validation/masks/1296_binary.PNG,569,592,3,uint8,.JPG,569,592,1,uint8,.PNG,"0,1",True,recalculated_from_experimental_copy
1135,validation,data/processed/MMOTU_OTU_2D_experimental/validation/images/1135.JPG,data/processed/MMOTU_OTU_2D_experimental/validation/masks/1135_binary.PNG,567,588,3,uint8,.JPG,567,588,1,uint8,.PNG,"0,1",True,recalculated_from_experimental_copy
669,validation,data/processed/MMOTU_OTU_2D_experimental/validation/images/669.JPG,data/processed/MMOTU_OTU_2D_experimental/validation/masks/669_binary.PNG,1135,785,3,uint8,.JPG,1135,785,1,uint8,.PNG,"0,1",True,recalculated_from_experimental_copy
135,validation,data/processed/MMOTU_OTU_2D_experimental/validation/images/135.JPG,data/processed/MMOTU_OTU_2D_experimental/validation/masks/135_binary.PNG,481,530,3,uint8,.JPG,481,530,1,uint8,.PNG,"0,1",True,recalculated_from_experimental_copy
329,validation,data/processed/MMOTU_OTU_2D_experimental/validation/images/329.JPG,data/processed/MMOTU_OTU_2D_experimental/validation/masks/329_binary.PNG,1104,569,3,uint8,.JPG,1104,569,1,uint8,.PNG,"0,1",True,recalculated_from_experimental_copy
754,validation,data/processed/MMOTU_OTU_2D_experimental/validation/images/754.JPG,data/processed/MMOTU_OTU_2D_experimental/validation/masks/754_binary.PNG,959,546,3,uint8,.JPG,959,546,1,uint8,.PNG,"0,1",True,recalculated_from_experimental_copy
869,validation,data/processed/MMOTU_OTU_2D_experimental/validation/images/869.JPG,data/processed/MMOTU_OTU_2D_experimental/validation/masks/869_binary.PNG,972,540,3,uint8,.JPG,972,540,1,uint8,.PNG,"0,1",True,recalculated_from_experimental_copy
93,validation,data/processed/MMOTU_OTU_2D_experimental/validation/images/93.JPG,data/processed/MMOTU_OTU_2D_experimental/validation/masks/93_binary.PNG,959,661,3,uint8,.JPG,959,661,1,uint8,.PNG,"0,1",True,recalculated_from_experimental_copy
302,validation,data/processed/MMOTU_OTU_2D_experimental/validation/images/302.JPG,data/processed/MMOTU_OTU_2D_experimental/validation/masks/302_binary.PNG,958,534,3,uint8,.JPG,958,534,1,uint8,.PNG,"0,1",True,recalculated_from_experimental_copy
151,validation,data/processed/MMOTU_OTU_2D_experimental/validation/images/151.JPG,data/processed/MMOTU_OTU_2D_experimental/validation/masks/151_binary.PNG,958,531,3,uint8,.JPG,958,531,1,uint8,.PNG,"0,1",True,recalculated_from_experimental_copy
44,validation,data/processed/MMOTU_OTU_2D_experimental/validation/images/44.JPG,data/processed/MMOTU_OTU_2D_experimental/validation/masks/44_binary.PNG,480,535,3,uint8,.JPG,480,535,1,uint8,.PNG,"0,1",True,recalculated_from_experimental_copy
920,validation,data/processed/MMOTU_OTU_2D_experimental/validation/images/920.JPG,data/processed/MMOTU_OTU_2D_experimental/validation/masks/920_binary.PNG,957,527,3,uint8,.JPG,957,527,1,uint8,.PNG,"0,1",True,recalculated_from_experimental_copy
334,validation,data/processed/MMOTU_OTU_2D_experimental/validation/images/334.JPG,data/processed/MMOTU_OTU_2D_experimental/validation/masks/334_binary.PNG,1103,565,3,uint8,.JPG,1103,565,1,uint8,.PNG,"0,1",True,recalculated_from_experimental_copy
814,validation,data/processed/MMOTU_OTU_2D_experimental/validation/images/814.JPG,data/processed/MMOTU_OTU_2D_experimental/validation/masks/814_binary.PNG,773,629,3,uint8,.JPG,773,629,1,uint8,.PNG,"0,1",True,recalculated_from_experimental_copy
1429,validation,data/processed/MMOTU_OTU_2D_experimental/validation/images/1429.JPG,data/processed/MMOTU_OTU_2D_experimental/validation/masks/1429_binary.PNG,1102,566,3,uint8,.JPG,1102,566,1,uint8,.PNG,"0,1",True,recalculated_from_experimental_copy
1005,validation,data/processed/MMOTU_OTU_2D_experimental/validation/images/1005.JPG,data/processed/MMOTU_OTU_2D_experimental/validation/masks/1005_binary.PNG,959,530,3,uint8,.JPG,959,530,1,uint8,.PNG,"0,1",True,recalculated_from_experimental_copy
1445,validation,data/processed/MMOTU_OTU_2D_experimental/validation/images/1445.JPG,data/processed/MMOTU_OTU_2D_experimental/validation/masks/1445_binary.PNG,1133,583,3,uint8,.JPG,1133,583,1,uint8,.PNG,"0,1",True,recalculated_from_experimental_copy
360,validation,data/processed/MMOTU_OTU_2D_experimental/validation/images/360.JPG,data/processed/MMOTU_OTU_2D_experimental/validation/masks/360_binary.PNG,964,534,3,uint8,.JPG,964,534,1,uint8,.PNG,"0,1",True,recalculated_from_experimental_copy
1050,validation,data/processed/MMOTU_OTU_2D_experimental/validation/images/1050.JPG,data/processed/MMOTU_OTU_2D_experimental/validation/masks/1050_binary.PNG,958,530,3,uint8,.JPG,958,530,1,uint8,.PNG,"0,1",True,recalculated_from_experimental_copy
1010,validation,data/processed/MMOTU_OTU_2D_experimental/validation/images/1010.JPG,data/processed/MMOTU_OTU_2D_experimental/validation/masks/1010_binary.PNG,481,527,3,uint8,.JPG,481,527,1,uint8,.PNG,"0,1",True,recalculated_from_experimental_copy
771,validation,data/processed/MMOTU_OTU_2D_experimental/validation/images/771.JPG,data/processed/MMOTU_OTU_2D_experimental/validation/masks/771_binary.PNG,484,542,3,uint8,.JPG,484,542,1,uint8,.PNG,"0,1",True,recalculated_from_experimental_copy
1198,validation,data/processed/MMOTU_OTU_2D_experimental/validation/images/1198.JPG,data/processed/MMOTU_OTU_2D_experimental/validation/masks/1198_binary.PNG,957,531,3,uint8,.JPG,957,531,1,uint8,.PNG,"0,1",True,recalculated_from_experimental_copy
107,validation,data/processed/MMOTU_OTU_2D_experimental/validation/images/107.JPG,data/processed/MMOTU_OTU_2D_experimental/validation/masks/107_binary.PNG,959,535,3,uint8,.JPG,959,535,1,uint8,.PNG,"0,1",True,recalculated_from_experimental_copy
608,validation,data/processed/MMOTU_OTU_2D_experimental/validation/images/608.JPG,data/processed/MMOTU_OTU_2D_experimental/validation/masks/608_binary.PNG,959,557,3,uint8,.JPG,959,557,1,uint8,.PNG,"0,1",True,recalculated_from_experimental_copy
451,validation,data/processed/MMOTU_OTU_2D_experimental/validation/images/451.JPG,data/processed/MMOTU_OTU_2D_experimental/validation/masks/451_binary.PNG,958,532,3,uint8,.JPG,958,532,1,uint8,.PNG,"0,1",True,recalculated_from_experimental_copy
1389,validation,data/processed/MMOTU_OTU_2D_experimental/validation/images/1389.JPG,data/processed/MMOTU_OTU_2D_experimental/validation/masks/1389_binary.PNG,482,537,3,uint8,.JPG,482,537,1,uint8,.PNG,"0,1",True,recalculated_from_experimental_copy
605,validation,data/processed/MMOTU_OTU_2D_experimental/validation/images/605.JPG,data/processed/MMOTU_OTU_2D_experimental/validation/masks/605_binary.PNG,958,562,3,uint8,.JPG,958,562,1,uint8,.PNG,"0,1",True,recalculated_from_experimental_copy
1211,validation,data/processed/MMOTU_OTU_2D_experimental/validation/images/1211.JPG,data/processed/MMOTU_OTU_2D_experimental/validation/masks/1211_binary.PNG,952,532,3,uint8,.JPG,952,532,1,uint8,.PNG,"0,1",True,recalculated_from_experimental_copy
716,validation,data/processed/MMOTU_OTU_2D_experimental/validation/images/716.JPG,data/processed/MMOTU_OTU_2D_experimental/validation/masks/716_binary.PNG,481,551,3,uint8,.JPG,481,551,1,uint8,.PNG,"0,1",True,recalculated_from_experimental_copy
1011,validation,data/processed/MMOTU_OTU_2D_experimental/validation/images/1011.JPG,data/processed/MMOTU_OTU_2D_experimental/validation/masks/1011_binary.PNG,480,526,3,uint8,.JPG,480,526,1,uint8,.PNG,"0,1",True,recalculated_from_experimental_copy
1059,validation,data/processed/MMOTU_OTU_2D_experimental/validation/images/1059.JPG,data/processed/MMOTU_OTU_2D_experimental/validation/masks/1059_binary.PNG,568,584,3,uint8,.JPG,568,584,1,uint8,.PNG,"0,1",True,recalculated_from_experimental_copy
1333,validation,data/processed/MMOTU_OTU_2D_experimental/validation/images/1333.JPG,data/processed/MMOTU_OTU_2D_experimental/validation/masks/1333_binary.PNG,806,611,3,uint8,.JPG,806,611,1,uint8,.PNG,"0,1",True,recalculated_from_experimental_copy
400,validation,data/processed/MMOTU_OTU_2D_experimental/validation/images/400.JPG,data/processed/MMOTU_OTU_2D_experimental/validation/masks/400_binary.PNG,572,322,3,uint8,.JPG,572,322,1,uint8,.PNG,"0,1",True,recalculated_from_experimental_copy
1439,validation,data/processed/MMOTU_OTU_2D_experimental/validation/images/1439.JPG,data/processed/MMOTU_OTU_2D_experimental/validation/masks/1439_binary.PNG,958,539,3,uint8,.JPG,958,539,1,uint8,.PNG,"0,1",True,recalculated_from_experimental_copy
1436,validation,data/processed/MMOTU_OTU_2D_experimental/validation/images/1436.JPG,data/processed/MMOTU_OTU_2D_experimental/validation/masks/1436_binary.PNG,483,540,3,uint8,.JPG,483,540,1,uint8,.PNG,"0,1",True,recalculated_from_experimental_copy
418,validation,data/processed/MMOTU_OTU_2D_experimental/validation/images/418.JPG,data/processed/MMOTU_OTU_2D_experimental/validation/masks/418_binary.PNG,959,531,3,uint8,.JPG,959,531,1,uint8,.PNG,"0,1",True,recalculated_from_experimental_copy
1172,validation,data/processed/MMOTU_OTU_2D_experimental/validation/images/1172.JPG,data/processed/MMOTU_OTU_2D_experimental/validation/masks/1172_binary.PNG,720,559,3,uint8,.JPG,720,559,1,uint8,.PNG,"0,1",True,recalculated_from_experimental_copy
416,validation,data/processed/MMOTU_OTU_2D_experimental/validation/images/416.JPG,data/processed/MMOTU_OTU_2D_experimental/validation/masks/416_binary.PNG,958,532,3,uint8,.JPG,958,532,1,uint8,.PNG,"0,1",True,recalculated_from_experimental_copy
978,validation,data/processed/MMOTU_OTU_2D_experimental/validation/images/978.JPG,data/processed/MMOTU_OTU_2D_experimental/validation/masks/978_binary.PNG,478,527,3,uint8,.JPG,478,527,1,uint8,.PNG,"0,1",True,recalculated_from_experimental_copy
931,validation,data/processed/MMOTU_OTU_2D_experimental/validation/images/931.JPG,data/processed/MMOTU_OTU_2D_experimental/validation/masks/931_binary.PNG,568,588,3,uint8,.JPG,568,588,1,uint8,.PNG,"0,1",True,recalculated_from_experimental_copy
303,validation,data/processed/MMOTU_OTU_2D_experimental/validation/images/303.JPG,data/processed/MMOTU_OTU_2D_experimental/validation/masks/303_binary.PNG,481,535,3,uint8,.JPG,481,535,1,uint8,.PNG,"0,1",True,recalculated_from_experimental_copy
1215,validation,data/processed/MMOTU_OTU_2D_experimental/validation/images/1215.JPG,data/processed/MMOTU_OTU_2D_experimental/validation/masks/1215_binary.PNG,956,533,3,uint8,.JPG,956,533,1,uint8,.PNG,"0,1",True,recalculated_from_experimental_copy
881,validation,data/processed/MMOTU_OTU_2D_experimental/validation/images/881.JPG,data/processed/MMOTU_OTU_2D_experimental/validation/masks/881_binary.PNG,957,539,3,uint8,.JPG,957,539,1,uint8,.PNG,"0,1",True,recalculated_from_experimental_copy
584,validation,data/processed/MMOTU_OTU_2D_experimental/validation/images/584.JPG,data/processed/MMOTU_OTU_2D_experimental/validation/masks/584_binary.PNG,479,557,3,uint8,.JPG,479,557,1,uint8,.PNG,"0,1",True,recalculated_from_experimental_copy
355,validation,data/processed/MMOTU_OTU_2D_experimental/validation/images/355.JPG,data/processed/MMOTU_OTU_2D_experimental/validation/masks/355_binary.PNG,958,537,3,uint8,.JPG,958,537,1,uint8,.PNG,"0,1",True,recalculated_from_experimental_copy
756,validation,data/processed/MMOTU_OTU_2D_experimental/validation/images/756.JPG,data/processed/MMOTU_OTU_2D_experimental/validation/masks/756_binary.PNG,483,540,3,uint8,.JPG,483,540,1,uint8,.PNG,"0,1",True,recalculated_from_experimental_copy
380,validation,data/processed/MMOTU_OTU_2D_experimental/validation/images/380.JPG,data/processed/MMOTU_OTU_2D_experimental/validation/masks/380_binary.PNG,477,535,3,uint8,.JPG,477,535,1,uint8,.PNG,"0,1",True,recalculated_from_experimental_copy
768,validation,data/processed/MMOTU_OTU_2D_experimental/validation/images/768.JPG,data/processed/MMOTU_OTU_2D_experimental/validation/masks/768_binary.PNG,569,602,3,uint8,.JPG,569,602,1,uint8,.PNG,"0,1",True,recalculated_from_experimental_copy
1109,validation,data/processed/MMOTU_OTU_2D_experimental/validation/images/1109.JPG,data/processed/MMOTU_OTU_2D_experimental/validation/masks/1109_binary.PNG,959,536,3,uint8,.JPG,959,536,1,uint8,.PNG,"0,1",True,recalculated_from_experimental_copy
1144,validation,data/processed/MMOTU_OTU_2D_experimental/validation/images/1144.JPG,data/processed/MMOTU_OTU_2D_experimental/validation/masks/1144_binary.PNG,959,528,3,uint8,.JPG,959,528,1,uint8,.PNG,"0,1",True,recalculated_from_experimental_copy
683,validation,data/processed/MMOTU_OTU_2D_experimental/validation/images/683.JPG,data/processed/MMOTU_OTU_2D_experimental/validation/masks/683_binary.PNG,478,545,3,uint8,.JPG,478,545,1,uint8,.PNG,"0,1",True,recalculated_from_experimental_copy
935,validation,data/processed/MMOTU_OTU_2D_experimental/validation/images/935.JPG,data/processed/MMOTU_OTU_2D_experimental/validation/masks/935_binary.PNG,569,584,3,uint8,.JPG,569,584,1,uint8,.PNG,"0,1",True,recalculated_from_experimental_copy
309,validation,data/processed/MMOTU_OTU_2D_experimental/validation/images/309.JPG,data/processed/MMOTU_OTU_2D_experimental/validation/masks/309_binary.PNG,794,607,3,uint8,.JPG,794,607,1,uint8,.PNG,"0,1",True,recalculated_from_experimental_copy
1322,validation,data/processed/MMOTU_OTU_2D_experimental/validation/images/1322.JPG,data/processed/MMOTU_OTU_2D_experimental/validation/masks/1322_binary.PNG,482,543,3,uint8,.JPG,482,543,1,uint8,.PNG,"0,1",True,recalculated_from_experimental_copy
629,validation,data/processed/MMOTU_OTU_2D_experimental/validation/images/629.JPG,data/processed/MMOTU_OTU_2D_experimental/validation/masks/629_binary.PNG,959,619,3,uint8,.JPG,959,619,1,uint8,.PNG,"0,1",True,recalculated_from_experimental_copy
99,validation,data/processed/MMOTU_OTU_2D_experimental/validation/images/99.JPG,data/processed/MMOTU_OTU_2D_experimental/validation/masks/99_binary.PNG,481,534,3,uint8,.JPG,481,534,1,uint8,.PNG,"0,1",True,recalculated_from_experimental_copy
365,validation,data/processed/MMOTU_OTU_2D_experimental/validation/images/365.JPG,data/processed/MMOTU_OTU_2D_experimental/validation/masks/365_binary.PNG,958,554,3,uint8,.JPG,958,554,1,uint8,.PNG,"0,1",True,recalculated_from_experimental_copy
353,validation,data/processed/MMOTU_OTU_2D_experimental/validation/images/353.JPG,data/processed/MMOTU_OTU_2D_experimental/validation/masks/353_binary.PNG,958,537,3,uint8,.JPG,958,537,1,uint8,.PNG,"0,1",True,recalculated_from_experimental_copy
1327,validation,data/processed/MMOTU_OTU_2D_experimental/validation/images/1327.JPG,data/processed/MMOTU_OTU_2D_experimental/validation/masks/1327_binary.PNG,959,535,3,uint8,.JPG,959,535,1,uint8,.PNG,"0,1",True,recalculated_from_experimental_copy
60,validation,data/processed/MMOTU_OTU_2D_experimental/validation/images/60.JPG,data/processed/MMOTU_OTU_2D_experimental/validation/masks/60_binary.PNG,959,604,3,uint8,.JPG,959,604,1,uint8,.PNG,"0,1",True,recalculated_from_experimental_copy
797,validation,data/processed/MMOTU_OTU_2D_experimental/validation/images/797.JPG,data/processed/MMOTU_OTU_2D_experimental/validation/masks/797_binary.PNG,954,542,3,uint8,.JPG,954,542,1,uint8,.PNG,"0,1",True,recalculated_from_experimental_copy
586,validation,data/processed/MMOTU_OTU_2D_experimental/validation/images/586.JPG,data/processed/MMOTU_OTU_2D_experimental/validation/masks/586_binary.PNG,958,562,3,uint8,.JPG,958,562,1,uint8,.PNG,"0,1",True,recalculated_from_experimental_copy
857,validation,data/processed/MMOTU_OTU_2D_experimental/validation/images/857.JPG,data/processed/MMOTU_OTU_2D_experimental/validation/masks/857_binary.PNG,487,272,3,uint8,.JPG,487,272,1,uint8,.PNG,"0,1",True,recalculated_from_experimental_copy
1075,validation,data/processed/MMOTU_OTU_2D_experimental/validation/images/1075.JPG,data/processed/MMOTU_OTU_2D_experimental/validation/masks/1075_binary.PNG,483,524,3,uint8,.JPG,483,524,1,uint8,.PNG,"0,1",True,recalculated_from_experimental_copy
120,validation,data/processed/MMOTU_OTU_2D_experimental/validation/images/120.JPG,data/processed/MMOTU_OTU_2D_experimental/validation/masks/120_binary.PNG,481,532,3,uint8,.JPG,481,532,1,uint8,.PNG,"0,1",True,recalculated_from_experimental_copy
280,validation,data/processed/MMOTU_OTU_2D_experimental/validation/images/280.JPG,data/processed/MMOTU_OTU_2D_experimental/validation/masks/280_binary.PNG,958,532,3,uint8,.JPG,958,532,1,uint8,.PNG,"0,1",True,recalculated_from_experimental_copy
223,validation,data/processed/MMOTU_OTU_2D_experimental/validation/images/223.JPG,data/processed/MMOTU_OTU_2D_experimental/validation/masks/223_binary.PNG,878,444,3,uint8,.JPG,878,444,1,uint8,.PNG,"0,1",True,recalculated_from_experimental_copy
1001,validation,data/processed/MMOTU_OTU_2D_experimental/validation/images/1001.JPG,data/processed/MMOTU_OTU_2D_experimental/validation/masks/1001_binary.PNG,480,530,3,uint8,.JPG,480,530,1,uint8,.PNG,"0,1",True,recalculated_from_experimental_copy
704,validation,data/processed/MMOTU_OTU_2D_experimental/validation/images/704.JPG,data/processed/MMOTU_OTU_2D_experimental/validation/masks/704_binary.PNG,478,549,3,uint8,.JPG,478,549,1,uint8,.PNG,"0,1",True,recalculated_from_experimental_copy
401,validation,data/processed/MMOTU_OTU_2D_experimental/validation/images/401.JPG,data/processed/MMOTU_OTU_2D_experimental/validation/masks/401_binary.PNG,655,347,3,uint8,.JPG,655,347,1,uint8,.PNG,"0,1",True,recalculated_from_experimental_copy
242,validation,data/processed/MMOTU_OTU_2D_experimental/validation/images/242.JPG,data/processed/MMOTU_OTU_2D_experimental/validation/masks/242_binary.PNG,482,532,3,uint8,.JPG,482,532,1,uint8,.PNG,"0,1",True,recalculated_from_experimental_copy
1428,validation,data/processed/MMOTU_OTU_2D_experimental/validation/images/1428.JPG,data/processed/MMOTU_OTU_2D_experimental/validation/masks/1428_binary.PNG,959,536,3,uint8,.JPG,959,536,1,uint8,.PNG,"0,1",True,recalculated_from_experimental_copy
111,validation,data/processed/MMOTU_OTU_2D_experimental/validation/images/111.JPG,data/processed/MMOTU_OTU_2D_experimental/validation/masks/111_binary.PNG,959,537,3,uint8,.JPG,959,537,1,uint8,.PNG,"0,1",True,recalculated_from_experimental_copy
85,validation,data/processed/MMOTU_OTU_2D_experimental/validation/images/85.JPG,data/processed/MMOTU_OTU_2D_experimental/validation/masks/85_binary.PNG,957,533,3,uint8,.JPG,957,533,1,uint8,.PNG,"0,1",True,recalculated_from_experimental_copy
67,validation,data/processed/MMOTU_OTU_2D_experimental/validation/images/67.JPG,data/processed/MMOTU_OTU_2D_experimental/validation/masks/67_binary.PNG,958,664,3,uint8,.JPG,958,664,1,uint8,.PNG,"0,1",True,recalculated_from_experimental_copy
533,validation,data/processed/MMOTU_OTU_2D_experimental/validation/images/533.JPG,data/processed/MMOTU_OTU_2D_experimental/validation/masks/533_binary.PNG,972,537,3,uint8,.JPG,972,537,1,uint8,.PNG,"0,1",True,recalculated_from_experimental_copy
1334,validation,data/processed/MMOTU_OTU_2D_experimental/validation/images/1334.JPG,data/processed/MMOTU_OTU_2D_experimental/validation/masks/1334_binary.PNG,1121,591,3,uint8,.JPG,1121,591,1,uint8,.PNG,"0,1",True,recalculated_from_experimental_copy
775,validation,data/processed/MMOTU_OTU_2D_experimental/validation/images/775.JPG,data/processed/MMOTU_OTU_2D_experimental/validation/masks/775_binary.PNG,493,447,3,uint8,.JPG,493,447,1,uint8,.PNG,"0,1",True,recalculated_from_experimental_copy
1129,validation,data/processed/MMOTU_OTU_2D_experimental/validation/images/1129.JPG,data/processed/MMOTU_OTU_2D_experimental/validation/masks/1129_binary.PNG,570,590,3,uint8,.JPG,570,590,1,uint8,.PNG,"0,1",True,recalculated_from_experimental_copy
42,validation,data/processed/MMOTU_OTU_2D_experimental/validation/images/42.JPG,data/processed/MMOTU_OTU_2D_experimental/validation/masks/42_binary.PNG,480,534,3,uint8,.JPG,480,534,1,uint8,.PNG,"0,1",True,recalculated_from_experimental_copy
815,validation,data/processed/MMOTU_OTU_2D_experimental/validation/images/815.JPG,data/processed/MMOTU_OTU_2D_experimental/validation/masks/815_binary.PNG,775,610,3,uint8,.JPG,775,610,1,uint8,.PNG,"0,1",True,recalculated_from_experimental_copy
1245,validation,data/processed/MMOTU_OTU_2D_experimental/validation/images/1245.JPG,data/processed/MMOTU_OTU_2D_experimental/validation/masks/1245_binary.PNG,959,535,3,uint8,.JPG,959,535,1,uint8,.PNG,"0,1",True,recalculated_from_experimental_copy
662,validation,data/processed/MMOTU_OTU_2D_experimental/validation/images/662.JPG,data/processed/MMOTU_OTU_2D_experimental/validation/masks/662_binary.PNG,479,547,3,uint8,.JPG,479,547,1,uint8,.PNG,"0,1",True,recalculated_from_experimental_copy
1137,validation,data/processed/MMOTU_OTU_2D_experimental/validation/images/1137.JPG,data/processed/MMOTU_OTU_2D_experimental/validation/masks/1137_binary.PNG,971,537,3,uint8,.JPG,971,537,1,uint8,.PNG,"0,1",True,recalculated_from_experimental_copy
480,validation,data/processed/MMOTU_OTU_2D_experimental/validation/images/480.JPG,data/processed/MMOTU_OTU_2D_experimental/validation/masks/480_binary.PNG,805,672,3,uint8,.JPG,805,672,1,uint8,.PNG,"0,1",True,recalculated_from_experimental_copy
216,validation,data/processed/MMOTU_OTU_2D_experimental/validation/images/216.JPG,data/processed/MMOTU_OTU_2D_experimental/validation/masks/216_binary.PNG,954,532,3,uint8,.JPG,954,532,1,uint8,.PNG,"0,1",True,recalculated_from_experimental_copy
616,validation,data/processed/MMOTU_OTU_2D_experimental/validation/images/616.JPG,data/processed/MMOTU_OTU_2D_experimental/validation/masks/616_binary.PNG,971,542,3,uint8,.JPG,971,542,1,uint8,.PNG,"0,1",True,recalculated_from_experimental_copy
19,validation,data/processed/MMOTU_OTU_2D_experimental/validation/images/19.JPG,data/processed/MMOTU_OTU_2D_experimental/validation/masks/19_binary.PNG,958,534,3,uint8,.JPG,958,534,1,uint8,.PNG,"0,1",True,recalculated_from_experimental_copy
563,validation,data/processed/MMOTU_OTU_2D_experimental/validation/images/563.JPG,data/processed/MMOTU_OTU_2D_experimental/validation/masks/563_binary.PNG,483,554,3,uint8,.JPG,483,554,1,uint8,.PNG,"0,1",True,recalculated_from_experimental_copy
11,validation,data/processed/MMOTU_OTU_2D_experimental/validation/images/11.JPG,data/processed/MMOTU_OTU_2D_experimental/validation/masks/11_binary.PNG,480,530,3,uint8,.JPG,480,530,1,uint8,.PNG,"0,1",True,recalculated_from_experimental_copy
1103,validation,data/processed/MMOTU_OTU_2D_experimental/validation/images/1103.JPG,data/processed/MMOTU_OTU_2D_experimental/validation/masks/1103_binary.PNG,956,521,3,uint8,.JPG,956,521,1,uint8,.PNG,"0,1",True,recalculated_from_experimental_copy
873,validation,data/processed/MMOTU_OTU_2D_experimental/validation/images/873.JPG,data/processed/MMOTU_OTU_2D_experimental/validation/masks/873_binary.PNG,1134,608,3,uint8,.JPG,1134,608,1,uint8,.PNG,"0,1",True,recalculated_from_experimental_copy
711,validation,data/processed/MMOTU_OTU_2D_experimental/validation/images/711.JPG,data/processed/MMOTU_OTU_2D_experimental/validation/masks/711_binary.PNG,958,542,3,uint8,.JPG,958,542,1,uint8,.PNG,"0,1",True,recalculated_from_experimental_copy
375,validation,data/processed/MMOTU_OTU_2D_experimental/validation/images/375.JPG,data/processed/MMOTU_OTU_2D_experimental/validation/masks/375_binary.PNG,479,535,3,uint8,.JPG,479,535,1,uint8,.PNG,"0,1",True,recalculated_from_experimental_copy
384,validation,data/processed/MMOTU_OTU_2D_experimental/validation/images/384.JPG,data/processed/MMOTU_OTU_2D_experimental/validation/masks/384_binary.PNG,554,589,3,uint8,.JPG,554,589,1,uint8,.PNG,"0,1",True,recalculated_from_experimental_copy
927,validation,data/processed/MMOTU_OTU_2D_experimental/validation/images/927.JPG,data/processed/MMOTU_OTU_2D_experimental/validation/masks/927_binary.PNG,482,523,3,uint8,.JPG,482,523,1,uint8,.PNG,"0,1",True,recalculated_from_experimental_copy
434,validation,data/processed/MMOTU_OTU_2D_experimental/validation/images/434.JPG,data/processed/MMOTU_OTU_2D_experimental/validation/masks/434_binary.PNG,957,664,3,uint8,.JPG,957,664,1,uint8,.PNG,"0,1",True,recalculated_from_experimental_copy
849,validation,data/processed/MMOTU_OTU_2D_experimental/validation/images/849.JPG,data/processed/MMOTU_OTU_2D_experimental/validation/masks/849_binary.PNG,974,661,3,uint8,.JPG,974,661,1,uint8,.PNG,"0,1",True,recalculated_from_experimental_copy
51,validation,data/processed/MMOTU_OTU_2D_experimental/validation/images/51.JPG,data/processed/MMOTU_OTU_2D_experimental/validation/masks/51_binary.PNG,849,615,3,uint8,.JPG,849,615,1,uint8,.PNG,"0,1",True,recalculated_from_experimental_copy
671,validation,data/processed/MMOTU_OTU_2D_experimental/validation/images/671.JPG,data/processed/MMOTU_OTU_2D_experimental/validation/masks/671_binary.PNG,1134,784,3,uint8,.JPG,1134,784,1,uint8,.PNG,"0,1",True,recalculated_from_experimental_copy
820,validation,data/processed/MMOTU_OTU_2D_experimental/validation/images/820.JPG,data/processed/MMOTU_OTU_2D_experimental/validation/masks/820_binary.PNG,959,544,3,uint8,.JPG,959,544,1,uint8,.PNG,"0,1",True,recalculated_from_experimental_copy
390,validation,data/processed/MMOTU_OTU_2D_experimental/validation/images/390.JPG,data/processed/MMOTU_OTU_2D_experimental/validation/masks/390_binary.PNG,914,533,3,uint8,.JPG,914,533,1,uint8,.PNG,"0,1",True,recalculated_from_experimental_copy
1452,validation,data/processed/MMOTU_OTU_2D_experimental/validation/images/1452.JPG,data/processed/MMOTU_OTU_2D_experimental/validation/masks/1452_binary.PNG,958,527,3,uint8,.JPG,958,527,1,uint8,.PNG,"0,1",True,recalculated_from_experimental_copy
117,validation,data/processed/MMOTU_OTU_2D_experimental/validation/images/117.JPG,data/processed/MMOTU_OTU_2D_experimental/validation/masks/117_binary.PNG,480,532,3,uint8,.JPG,480,532,1,uint8,.PNG,"0,1",True,recalculated_from_experimental_copy
1242,validation,data/processed/MMOTU_OTU_2D_experimental/validation/images/1242.JPG,data/processed/MMOTU_OTU_2D_experimental/validation/masks/1242_binary.PNG,959,531,3,uint8,.JPG,959,531,1,uint8,.PNG,"0,1",True,recalculated_from_experimental_copy
1258,validation,data/processed/MMOTU_OTU_2D_experimental/validation/images/1258.JPG,data/processed/MMOTU_OTU_2D_experimental/validation/masks/1258_binary.PNG,484,528,3,uint8,.JPG,484,528,1,uint8,.PNG,"0,1",True,recalculated_from_experimental_copy
194,validation,data/processed/MMOTU_OTU_2D_experimental/validation/images/194.JPG,data/processed/MMOTU_OTU_2D_experimental/validation/masks/194_binary.PNG,479,531,3,uint8,.JPG,479,531,1,uint8,.PNG,"0,1",True,recalculated_from_experimental_copy
908,validation,data/processed/MMOTU_OTU_2D_experimental/validation/images/908.JPG,data/processed/MMOTU_OTU_2D_experimental/validation/masks/908_binary.PNG,481,526,3,uint8,.JPG,481,526,1,uint8,.PNG,"0,1",True,recalculated_from_experimental_copy
402,validation,data/processed/MMOTU_OTU_2D_experimental/validation/images/402.JPG,data/processed/MMOTU_OTU_2D_experimental/validation/masks/402_binary.PNG,846,616,3,uint8,.JPG,846,616,1,uint8,.PNG,"0,1",True,recalculated_from_experimental_copy
379,validation,data/processed/MMOTU_OTU_2D_experimental/validation/images/379.JPG,data/processed/MMOTU_OTU_2D_experimental/validation/masks/379_binary.PNG,482,531,3,uint8,.JPG,482,531,1,uint8,.PNG,"0,1",True,recalculated_from_experimental_copy
437,validation,data/processed/MMOTU_OTU_2D_experimental/validation/images/437.JPG,data/processed/MMOTU_OTU_2D_experimental/validation/masks/437_binary.PNG,487,272,3,uint8,.JPG,487,272,1,uint8,.PNG,"0,1",True,recalculated_from_experimental_copy
1355,validation,data/processed/MMOTU_OTU_2D_experimental/validation/images/1355.JPG,data/processed/MMOTU_OTU_2D_experimental/validation/masks/1355_binary.PNG,964,533,3,uint8,.JPG,964,533,1,uint8,.PNG,"0,1",True,recalculated_from_experimental_copy
1222,validation,data/processed/MMOTU_OTU_2D_experimental/validation/images/1222.JPG,data/processed/MMOTU_OTU_2D_experimental/validation/masks/1222_binary.PNG,1134,589,3,uint8,.JPG,1134,589,1,uint8,.PNG,"0,1",True,recalculated_from_experimental_copy
697,validation,data/processed/MMOTU_OTU_2D_experimental/validation/images/697.JPG,data/processed/MMOTU_OTU_2D_experimental/validation/masks/697_binary.PNG,849,617,3,uint8,.JPG,849,617,1,uint8,.PNG,"0,1",True,recalculated_from_experimental_copy
832,validation,data/processed/MMOTU_OTU_2D_experimental/validation/images/832.JPG,data/processed/MMOTU_OTU_2D_experimental/validation/masks/832_binary.PNG,492,272,3,uint8,.JPG,492,272,1,uint8,.PNG,"0,1",True,recalculated_from_experimental_copy
101,validation,data/processed/MMOTU_OTU_2D_experimental/validation/images/101.JPG,data/processed/MMOTU_OTU_2D_experimental/validation/masks/101_binary.PNG,958,534,3,uint8,.JPG,958,534,1,uint8,.PNG,"0,1",True,recalculated_from_experimental_copy
568,validation,data/processed/MMOTU_OTU_2D_experimental/validation/images/568.JPG,data/processed/MMOTU_OTU_2D_experimental/validation/masks/568_binary.PNG,479,566,3,uint8,.JPG,479,566,1,uint8,.PNG,"0,1",True,recalculated_from_experimental_copy
523,validation,data/processed/MMOTU_OTU_2D_experimental/validation/images/523.JPG,data/processed/MMOTU_OTU_2D_experimental/validation/masks/523_binary.PNG,956,565,3,uint8,.JPG,956,565,1,uint8,.PNG,"0,1",True,recalculated_from_experimental_copy
949,validation,data/processed/MMOTU_OTU_2D_experimental/validation/images/949.JPG,data/processed/MMOTU_OTU_2D_experimental/validation/masks/949_binary.PNG,567,587,3,uint8,.JPG,567,587,1,uint8,.PNG,"0,1",True,recalculated_from_experimental_copy
1284,validation,data/processed/MMOTU_OTU_2D_experimental/validation/images/1284.JPG,data/processed/MMOTU_OTU_2D_experimental/validation/masks/1284_binary.PNG,1118,594,3,uint8,.JPG,1118,594,1,uint8,.PNG,"0,1",True,recalculated_from_experimental_copy
1189,validation,data/processed/MMOTU_OTU_2D_experimental/validation/images/1189.JPG,data/processed/MMOTU_OTU_2D_experimental/validation/masks/1189_binary.PNG,958,526,3,uint8,.JPG,958,526,1,uint8,.PNG,"0,1",True,recalculated_from_experimental_copy
1177,validation,data/processed/MMOTU_OTU_2D_experimental/validation/images/1177.JPG,data/processed/MMOTU_OTU_2D_experimental/validation/masks/1177_binary.PNG,958,534,3,uint8,.JPG,958,534,1,uint8,.PNG,"0,1",True,recalculated_from_experimental_copy
123,validation,data/processed/MMOTU_OTU_2D_experimental/validation/images/123.JPG,data/processed/MMOTU_OTU_2D_experimental/validation/masks/123_binary.PNG,481,533,3,uint8,.JPG,481,533,1,uint8,.PNG,"0,1",True,recalculated_from_experimental_copy
599,validation,data/processed/MMOTU_OTU_2D_experimental/validation/images/599.JPG,data/processed/MMOTU_OTU_2D_experimental/validation/masks/599_binary.PNG,566,594,3,uint8,.JPG,566,594,1,uint8,.PNG,"0,1",True,recalculated_from_experimental_copy
1278,validation,data/processed/MMOTU_OTU_2D_experimental/validation/images/1278.JPG,data/processed/MMOTU_OTU_2D_experimental/validation/masks/1278_binary.PNG,963,642,3,uint8,.JPG,963,642,1,uint8,.PNG,"0,1",True,recalculated_from_experimental_copy
898,validation,data/processed/MMOTU_OTU_2D_experimental/validation/images/898.JPG,data/processed/MMOTU_OTU_2D_experimental/validation/masks/898_binary.PNG,959,530,3,uint8,.JPG,959,530,1,uint8,.PNG,"0,1",True,recalculated_from_experimental_copy
1391,validation,data/processed/MMOTU_OTU_2D_experimental/validation/images/1391.JPG,data/processed/MMOTU_OTU_2D_experimental/validation/masks/1391_binary.PNG,481,529,3,uint8,.JPG,481,529,1,uint8,.PNG,"0,1",True,recalculated_from_experimental_copy
408,validation,data/processed/MMOTU_OTU_2D_experimental/validation/images/408.JPG,data/processed/MMOTU_OTU_2D_experimental/validation/masks/408_binary.PNG,957,532,3,uint8,.JPG,957,532,1,uint8,.PNG,"0,1",True,recalculated_from_experimental_copy
415,validation,data/processed/MMOTU_OTU_2D_experimental/validation/images/415.JPG,data/processed/MMOTU_OTU_2D_experimental/validation/masks/415_binary.PNG,876,595,3,uint8,.JPG,876,595,1,uint8,.PNG,"0,1",True,recalculated_from_experimental_copy
231,validation,data/processed/MMOTU_OTU_2D_experimental/validation/images/231.JPG,data/processed/MMOTU_OTU_2D_experimental/validation/masks/231_binary.PNG,478,530,3,uint8,.JPG,478,530,1,uint8,.PNG,"0,1",True,recalculated_from_experimental_copy
702,validation,data/processed/MMOTU_OTU_2D_experimental/validation/images/702.JPG,data/processed/MMOTU_OTU_2D_experimental/validation/masks/702_binary.PNG,958,533,3,uint8,.JPG,958,533,1,uint8,.PNG,"0,1",True,recalculated_from_experimental_copy
1262,validation,data/processed/MMOTU_OTU_2D_experimental/validation/images/1262.JPG,data/processed/MMOTU_OTU_2D_experimental/validation/masks/1262_binary.PNG,957,532,3,uint8,.JPG,957,532,1,uint8,.PNG,"0,1",True,recalculated_from_experimental_copy
1117,validation,data/processed/MMOTU_OTU_2D_experimental/validation/images/1117.JPG,data/processed/MMOTU_OTU_2D_experimental/validation/masks/1117_binary.PNG,959,658,3,uint8,.JPG,959,658,1,uint8,.PNG,"0,1",True,recalculated_from_experimental_copy
1035,validation,data/processed/MMOTU_OTU_2D_experimental/validation/images/1035.JPG,data/processed/MMOTU_OTU_2D_experimental/validation/masks/1035_binary.PNG,480,527,3,uint8,.JPG,480,527,1,uint8,.PNG,"0,1",True,recalculated_from_experimental_copy
393,validation,data/processed/MMOTU_OTU_2D_experimental/validation/images/393.JPG,data/processed/MMOTU_OTU_2D_experimental/validation/masks/393_binary.PNG,959,531,3,uint8,.JPG,959,531,1,uint8,.PNG,"0,1",True,recalculated_from_experimental_copy
954,validation,data/processed/MMOTU_OTU_2D_experimental/validation/images/954.JPG,data/processed/MMOTU_OTU_2D_experimental/validation/masks/954_binary.PNG,568,542,3,uint8,.JPG,568,542,1,uint8,.PNG,"0,1",True,recalculated_from_experimental_copy
712,validation,data/processed/MMOTU_OTU_2D_experimental/validation/images/712.JPG,data/processed/MMOTU_OTU_2D_experimental/validation/masks/712_binary.PNG,959,539,3,uint8,.JPG,959,539,1,uint8,.PNG,"0,1",True,recalculated_from_experimental_copy
332,validation,data/processed/MMOTU_OTU_2D_experimental/validation/images/332.JPG,data/processed/MMOTU_OTU_2D_experimental/validation/masks/332_binary.PNG,555,549,3,uint8,.JPG,555,549,1,uint8,.PNG,"0,1",True,recalculated_from_experimental_copy
219,validation,data/processed/MMOTU_OTU_2D_experimental/validation/images/219.JPG,data/processed/MMOTU_OTU_2D_experimental/validation/masks/219_binary.PNG,481,530,3,uint8,.JPG,481,530,1,uint8,.PNG,"0,1",True,recalculated_from_experimental_copy
143,validation,data/processed/MMOTU_OTU_2D_experimental/validation/images/143.JPG,data/processed/MMOTU_OTU_2D_experimental/validation/masks/143_binary.PNG,478,602,3,uint8,.JPG,478,602,1,uint8,.PNG,"0,1",True,recalculated_from_experimental_copy
1265,validation,data/processed/MMOTU_OTU_2D_experimental/validation/images/1265.JPG,data/processed/MMOTU_OTU_2D_experimental/validation/masks/1265_binary.PNG,477,533,3,uint8,.JPG,477,533,1,uint8,.PNG,"0,1",True,recalculated_from_experimental_copy
876,validation,data/processed/MMOTU_OTU_2D_experimental/validation/images/876.JPG,data/processed/MMOTU_OTU_2D_experimental/validation/masks/876_binary.PNG,479,548,3,uint8,.JPG,479,548,1,uint8,.PNG,"0,1",True,recalculated_from_experimental_copy
982,validation,data/processed/MMOTU_OTU_2D_experimental/validation/images/982.JPG,data/processed/MMOTU_OTU_2D_experimental/validation/masks/982_binary.PNG,1135,588,3,uint8,.JPG,1135,588,1,uint8,.PNG,"0,1",True,recalculated_from_experimental_copy
1407,validation,data/processed/MMOTU_OTU_2D_experimental/validation/images/1407.JPG,data/processed/MMOTU_OTU_2D_experimental/validation/masks/1407_binary.PNG,480,538,3,uint8,.JPG,480,538,1,uint8,.PNG,"0,1",True,recalculated_from_experimental_copy
680,validation,data/processed/MMOTU_OTU_2D_experimental/validation/images/680.JPG,data/processed/MMOTU_OTU_2D_experimental/validation/masks/680_binary.PNG,478,587,3,uint8,.JPG,478,587,1,uint8,.PNG,"0,1",True,recalculated_from_experimental_copy
232,validation,data/processed/MMOTU_OTU_2D_experimental/validation/images/232.JPG,data/processed/MMOTU_OTU_2D_experimental/validation/masks/232_binary.PNG,479,534,3,uint8,.JPG,479,534,1,uint8,.PNG,"0,1",True,recalculated_from_experimental_copy
1443,validation,data/processed/MMOTU_OTU_2D_experimental/validation/images/1443.JPG,data/processed/MMOTU_OTU_2D_experimental/validation/masks/1443_binary.PNG,961,525,3,uint8,.JPG,961,525,1,uint8,.PNG,"0,1",True,recalculated_from_experimental_copy
763,validation,data/processed/MMOTU_OTU_2D_experimental/validation/images/763.JPG,data/processed/MMOTU_OTU_2D_experimental/validation/masks/763_binary.PNG,549,602,3,uint8,.JPG,549,602,1,uint8,.PNG,"0,1",True,recalculated_from_experimental_copy
1269,test,data/processed/MMOTU_OTU_2D_experimental/test/images/1269.JPG,data/processed/MMOTU_OTU_2D_experimental/test/masks/1269_binary.PNG,568,590,3,uint8,.JPG,568,590,1,uint8,.PNG,"0,1",True,recalculated_from_experimental_copy
1458,test,data/processed/MMOTU_OTU_2D_experimental/test/images/1458.JPG,data/processed/MMOTU_OTU_2D_experimental/test/masks/1458_binary.PNG,955,531,3,uint8,.JPG,955,531,1,uint8,.PNG,"0,1",True,recalculated_from_experimental_copy
700,test,data/processed/MMOTU_OTU_2D_experimental/test/images/700.JPG,data/processed/MMOTU_OTU_2D_experimental/test/masks/700_binary.PNG,958,557,3,uint8,.JPG,958,557,1,uint8,.PNG,"0,1",True,recalculated_from_experimental_copy
264,test,data/processed/MMOTU_OTU_2D_experimental/test/images/264.JPG,data/processed/MMOTU_OTU_2D_experimental/test/masks/264_binary.PNG,481,532,3,uint8,.JPG,481,532,1,uint8,.PNG,"0,1",True,recalculated_from_experimental_copy
1017,test,data/processed/MMOTU_OTU_2D_experimental/test/images/1017.JPG,data/processed/MMOTU_OTU_2D_experimental/test/masks/1017_binary.PNG,568,589,3,uint8,.JPG,568,589,1,uint8,.PNG,"0,1",True,recalculated_from_experimental_copy
991,test,data/processed/MMOTU_OTU_2D_experimental/test/images/991.JPG,data/processed/MMOTU_OTU_2D_experimental/test/masks/991_binary.PNG,683,544,3,uint8,.JPG,683,544,1,uint8,.PNG,"0,1",True,recalculated_from_experimental_copy
1337,test,data/processed/MMOTU_OTU_2D_experimental/test/images/1337.JPG,data/processed/MMOTU_OTU_2D_experimental/test/masks/1337_binary.PNG,1105,561,3,uint8,.JPG,1105,561,1,uint8,.PNG,"0,1",True,recalculated_from_experimental_copy
359,test,data/processed/MMOTU_OTU_2D_experimental/test/images/359.JPG,data/processed/MMOTU_OTU_2D_experimental/test/masks/359_binary.PNG,973,534,3,uint8,.JPG,973,534,1,uint8,.PNG,"0,1",True,recalculated_from_experimental_copy
1083,test,data/processed/MMOTU_OTU_2D_experimental/test/images/1083.JPG,data/processed/MMOTU_OTU_2D_experimental/test/masks/1083_binary.PNG,959,529,3,uint8,.JPG,959,529,1,uint8,.PNG,"0,1",True,recalculated_from_experimental_copy
1071,test,data/processed/MMOTU_OTU_2D_experimental/test/images/1071.JPG,data/processed/MMOTU_OTU_2D_experimental/test/masks/1071_binary.PNG,959,529,3,uint8,.JPG,959,529,1,uint8,.PNG,"0,1",True,recalculated_from_experimental_copy
271,test,data/processed/MMOTU_OTU_2D_experimental/test/images/271.JPG,data/processed/MMOTU_OTU_2D_experimental/test/masks/271_binary.PNG,567,592,3,uint8,.JPG,567,592,1,uint8,.PNG,"0,1",True,recalculated_from_experimental_copy
448,test,data/processed/MMOTU_OTU_2D_experimental/test/images/448.JPG,data/processed/MMOTU_OTU_2D_experimental/test/masks/448_binary.PNG,958,534,3,uint8,.JPG,958,534,1,uint8,.PNG,"0,1",True,recalculated_from_experimental_copy
1270,test,data/processed/MMOTU_OTU_2D_experimental/test/images/1270.JPG,data/processed/MMOTU_OTU_2D_experimental/test/masks/1270_binary.PNG,569,592,3,uint8,.JPG,569,592,1,uint8,.PNG,"0,1",True,recalculated_from_experimental_copy
747,test,data/processed/MMOTU_OTU_2D_experimental/test/images/747.JPG,data/processed/MMOTU_OTU_2D_experimental/test/masks/747_binary.PNG,469,538,3,uint8,.JPG,469,538,1,uint8,.PNG,"0,1",True,recalculated_from_experimental_copy
1229,test,data/processed/MMOTU_OTU_2D_experimental/test/images/1229.JPG,data/processed/MMOTU_OTU_2D_experimental/test/masks/1229_binary.PNG,963,535,3,uint8,.JPG,963,535,1,uint8,.PNG,"0,1",True,recalculated_from_experimental_copy
553,test,data/processed/MMOTU_OTU_2D_experimental/test/images/553.JPG,data/processed/MMOTU_OTU_2D_experimental/test/masks/553_binary.PNG,480,555,3,uint8,.JPG,480,555,1,uint8,.PNG,"0,1",True,recalculated_from_experimental_copy
580,test,data/processed/MMOTU_OTU_2D_experimental/test/images/580.JPG,data/processed/MMOTU_OTU_2D_experimental/test/masks/580_binary.PNG,480,550,3,uint8,.JPG,480,550,1,uint8,.PNG,"0,1",True,recalculated_from_experimental_copy
1218,test,data/processed/MMOTU_OTU_2D_experimental/test/images/1218.JPG,data/processed/MMOTU_OTU_2D_experimental/test/masks/1218_binary.PNG,958,537,3,uint8,.JPG,958,537,1,uint8,.PNG,"0,1",True,recalculated_from_experimental_copy
391,test,data/processed/MMOTU_OTU_2D_experimental/test/images/391.JPG,data/processed/MMOTU_OTU_2D_experimental/test/masks/391_binary.PNG,959,535,3,uint8,.JPG,959,535,1,uint8,.PNG,"0,1",True,recalculated_from_experimental_copy
582,test,data/processed/MMOTU_OTU_2D_experimental/test/images/582.JPG,data/processed/MMOTU_OTU_2D_experimental/test/masks/582_binary.PNG,481,548,3,uint8,.JPG,481,548,1,uint8,.PNG,"0,1",True,recalculated_from_experimental_copy
84,test,data/processed/MMOTU_OTU_2D_experimental/test/images/84.JPG,data/processed/MMOTU_OTU_2D_experimental/test/masks/84_binary.PNG,958,529,3,uint8,.JPG,958,529,1,uint8,.PNG,"0,1",True,recalculated_from_experimental_copy
1440,test,data/processed/MMOTU_OTU_2D_experimental/test/images/1440.JPG,data/processed/MMOTU_OTU_2D_experimental/test/masks/1440_binary.PNG,484,531,3,uint8,.JPG,484,531,1,uint8,.PNG,"0,1",True,recalculated_from_experimental_copy
89,test,data/processed/MMOTU_OTU_2D_experimental/test/images/89.JPG,data/processed/MMOTU_OTU_2D_experimental/test/masks/89_binary.PNG,958,531,3,uint8,.JPG,958,531,1,uint8,.PNG,"0,1",True,recalculated_from_experimental_copy
1454,test,data/processed/MMOTU_OTU_2D_experimental/test/images/1454.JPG,data/processed/MMOTU_OTU_2D_experimental/test/masks/1454_binary.PNG,957,521,3,uint8,.JPG,957,521,1,uint8,.PNG,"0,1",True,recalculated_from_experimental_copy
494,test,data/processed/MMOTU_OTU_2D_experimental/test/images/494.JPG,data/processed/MMOTU_OTU_2D_experimental/test/masks/494_binary.PNG,478,559,3,uint8,.JPG,478,559,1,uint8,.PNG,"0,1",True,recalculated_from_experimental_copy
847,test,data/processed/MMOTU_OTU_2D_experimental/test/images/847.JPG,data/processed/MMOTU_OTU_2D_experimental/test/masks/847_binary.PNG,477,267,3,uint8,.JPG,477,267,1,uint8,.PNG,"0,1",True,recalculated_from_experimental_copy
1277,test,data/processed/MMOTU_OTU_2D_experimental/test/images/1277.JPG,data/processed/MMOTU_OTU_2D_experimental/test/masks/1277_binary.PNG,962,640,3,uint8,.JPG,962,640,1,uint8,.PNG,"0,1",True,recalculated_from_experimental_copy
267,test,data/processed/MMOTU_OTU_2D_experimental/test/images/267.JPG,data/processed/MMOTU_OTU_2D_experimental/test/masks/267_binary.PNG,566,591,3,uint8,.JPG,566,591,1,uint8,.PNG,"0,1",True,recalculated_from_experimental_copy
1411,test,data/processed/MMOTU_OTU_2D_experimental/test/images/1411.JPG,data/processed/MMOTU_OTU_2D_experimental/test/masks/1411_binary.PNG,1129,594,3,uint8,.JPG,1129,594,1,uint8,.PNG,"0,1",True,recalculated_from_experimental_copy
693,test,data/processed/MMOTU_OTU_2D_experimental/test/images/693.JPG,data/processed/MMOTU_OTU_2D_experimental/test/masks/693_binary.PNG,959,546,3,uint8,.JPG,959,546,1,uint8,.PNG,"0,1",True,recalculated_from_experimental_copy
1329,test,data/processed/MMOTU_OTU_2D_experimental/test/images/1329.JPG,data/processed/MMOTU_OTU_2D_experimental/test/masks/1329_binary.PNG,784,561,3,uint8,.JPG,784,561,1,uint8,.PNG,"0,1",True,recalculated_from_experimental_copy
258,test,data/processed/MMOTU_OTU_2D_experimental/test/images/258.JPG,data/processed/MMOTU_OTU_2D_experimental/test/masks/258_binary.PNG,959,532,3,uint8,.JPG,959,532,1,uint8,.PNG,"0,1",True,recalculated_from_experimental_copy
1323,test,data/processed/MMOTU_OTU_2D_experimental/test/images/1323.JPG,data/processed/MMOTU_OTU_2D_experimental/test/masks/1323_binary.PNG,479,532,3,uint8,.JPG,479,532,1,uint8,.PNG,"0,1",True,recalculated_from_experimental_copy
1188,test,data/processed/MMOTU_OTU_2D_experimental/test/images/1188.JPG,data/processed/MMOTU_OTU_2D_experimental/test/masks/1188_binary.PNG,958,528,3,uint8,.JPG,958,528,1,uint8,.PNG,"0,1",True,recalculated_from_experimental_copy
1013,test,data/processed/MMOTU_OTU_2D_experimental/test/images/1013.JPG,data/processed/MMOTU_OTU_2D_experimental/test/masks/1013_binary.PNG,851,650,3,uint8,.JPG,851,650,1,uint8,.PNG,"0,1",True,recalculated_from_experimental_copy
862,test,data/processed/MMOTU_OTU_2D_experimental/test/images/862.JPG,data/processed/MMOTU_OTU_2D_experimental/test/masks/862_binary.PNG,959,544,3,uint8,.JPG,959,544,1,uint8,.PNG,"0,1",True,recalculated_from_experimental_copy
1079,test,data/processed/MMOTU_OTU_2D_experimental/test/images/1079.JPG,data/processed/MMOTU_OTU_2D_experimental/test/masks/1079_binary.PNG,956,533,3,uint8,.JPG,956,533,1,uint8,.PNG,"0,1",True,recalculated_from_experimental_copy
1352,test,data/processed/MMOTU_OTU_2D_experimental/test/images/1352.JPG,data/processed/MMOTU_OTU_2D_experimental/test/masks/1352_binary.PNG,959,539,3,uint8,.JPG,959,539,1,uint8,.PNG,"0,1",True,recalculated_from_experimental_copy
778,test,data/processed/MMOTU_OTU_2D_experimental/test/images/778.JPG,data/processed/MMOTU_OTU_2D_experimental/test/masks/778_binary.PNG,482,541,3,uint8,.JPG,482,541,1,uint8,.PNG,"0,1",True,recalculated_from_experimental_copy
948,test,data/processed/MMOTU_OTU_2D_experimental/test/images/948.JPG,data/processed/MMOTU_OTU_2D_experimental/test/masks/948_binary.PNG,568,587,3,uint8,.JPG,568,587,1,uint8,.PNG,"0,1",True,recalculated_from_experimental_copy
245,test,data/processed/MMOTU_OTU_2D_experimental/test/images/245.JPG,data/processed/MMOTU_OTU_2D_experimental/test/masks/245_binary.PNG,481,529,3,uint8,.JPG,481,529,1,uint8,.PNG,"0,1",True,recalculated_from_experimental_copy
536,test,data/processed/MMOTU_OTU_2D_experimental/test/images/536.JPG,data/processed/MMOTU_OTU_2D_experimental/test/masks/536_binary.PNG,971,550,3,uint8,.JPG,971,550,1,uint8,.PNG,"0,1",True,recalculated_from_experimental_copy
1208,test,data/processed/MMOTU_OTU_2D_experimental/test/images/1208.JPG,data/processed/MMOTU_OTU_2D_experimental/test/masks/1208_binary.PNG,483,533,3,uint8,.JPG,483,533,1,uint8,.PNG,"0,1",True,recalculated_from_experimental_copy
535,test,data/processed/MMOTU_OTU_2D_experimental/test/images/535.JPG,data/processed/MMOTU_OTU_2D_experimental/test/masks/535_binary.PNG,477,558,3,uint8,.JPG,477,558,1,uint8,.PNG,"0,1",True,recalculated_from_experimental_copy
331,test,data/processed/MMOTU_OTU_2D_experimental/test/images/331.JPG,data/processed/MMOTU_OTU_2D_experimental/test/masks/331_binary.PNG,551,552,3,uint8,.JPG,551,552,1,uint8,.PNG,"0,1",True,recalculated_from_experimental_copy
48,test,data/processed/MMOTU_OTU_2D_experimental/test/images/48.JPG,data/processed/MMOTU_OTU_2D_experimental/test/masks/48_binary.PNG,568,592,3,uint8,.JPG,568,592,1,uint8,.PNG,"0,1",True,recalculated_from_experimental_copy
784,test,data/processed/MMOTU_OTU_2D_experimental/test/images/784.JPG,data/processed/MMOTU_OTU_2D_experimental/test/masks/784_binary.PNG,883,579,3,uint8,.JPG,883,579,1,uint8,.PNG,"0,1",True,recalculated_from_experimental_copy
1032,test,data/processed/MMOTU_OTU_2D_experimental/test/images/1032.JPG,data/processed/MMOTU_OTU_2D_experimental/test/masks/1032_binary.PNG,955,530,3,uint8,.JPG,955,530,1,uint8,.PNG,"0,1",True,recalculated_from_experimental_copy
592,test,data/processed/MMOTU_OTU_2D_experimental/test/images/592.JPG,data/processed/MMOTU_OTU_2D_experimental/test/masks/592_binary.PNG,569,614,3,uint8,.JPG,569,614,1,uint8,.PNG,"0,1",True,recalculated_from_experimental_copy
361,test,data/processed/MMOTU_OTU_2D_experimental/test/images/361.JPG,data/processed/MMOTU_OTU_2D_experimental/test/masks/361_binary.PNG,963,555,3,uint8,.JPG,963,555,1,uint8,.PNG,"0,1",True,recalculated_from_experimental_copy
388,test,data/processed/MMOTU_OTU_2D_experimental/test/images/388.JPG,data/processed/MMOTU_OTU_2D_experimental/test/masks/388_binary.PNG,905,532,3,uint8,.JPG,905,532,1,uint8,.PNG,"0,1",True,recalculated_from_experimental_copy
27,test,data/processed/MMOTU_OTU_2D_experimental/test/images/27.JPG,data/processed/MMOTU_OTU_2D_experimental/test/masks/27_binary.PNG,958,535,3,uint8,.JPG,958,535,1,uint8,.PNG,"0,1",True,recalculated_from_experimental_copy
1130,test,data/processed/MMOTU_OTU_2D_experimental/test/images/1130.JPG,data/processed/MMOTU_OTU_2D_experimental/test/masks/1130_binary.PNG,957,531,3,uint8,.JPG,957,531,1,uint8,.PNG,"0,1",True,recalculated_from_experimental_copy
430,test,data/processed/MMOTU_OTU_2D_experimental/test/images/430.JPG,data/processed/MMOTU_OTU_2D_experimental/test/masks/430_binary.PNG,1102,570,3,uint8,.JPG,1102,570,1,uint8,.PNG,"0,1",True,recalculated_from_experimental_copy
16,test,data/processed/MMOTU_OTU_2D_experimental/test/images/16.JPG,data/processed/MMOTU_OTU_2D_experimental/test/masks/16_binary.PNG,959,538,3,uint8,.JPG,959,538,1,uint8,.PNG,"0,1",True,recalculated_from_experimental_copy
70,test,data/processed/MMOTU_OTU_2D_experimental/test/images/70.JPG,data/processed/MMOTU_OTU_2D_experimental/test/masks/70_binary.PNG,479,662,3,uint8,.JPG,479,662,1,uint8,.PNG,"0,1",True,recalculated_from_experimental_copy
741,test,data/processed/MMOTU_OTU_2D_experimental/test/images/741.JPG,data/processed/MMOTU_OTU_2D_experimental/test/masks/741_binary.PNG,971,558,3,uint8,.JPG,971,558,1,uint8,.PNG,"0,1",True,recalculated_from_experimental_copy
690,test,data/processed/MMOTU_OTU_2D_experimental/test/images/690.JPG,data/processed/MMOTU_OTU_2D_experimental/test/masks/690_binary.PNG,478,553,3,uint8,.JPG,478,553,1,uint8,.PNG,"0,1",True,recalculated_from_experimental_copy
1466,test,data/processed/MMOTU_OTU_2D_experimental/test/images/1466.JPG,data/processed/MMOTU_OTU_2D_experimental/test/masks/1466_binary.PNG,959,534,3,uint8,.JPG,959,534,1,uint8,.PNG,"0,1",True,recalculated_from_experimental_copy
442,test,data/processed/MMOTU_OTU_2D_experimental/test/images/442.JPG,data/processed/MMOTU_OTU_2D_experimental/test/masks/442_binary.PNG,958,533,3,uint8,.JPG,958,533,1,uint8,.PNG,"0,1",True,recalculated_from_experimental_copy
1384,test,data/processed/MMOTU_OTU_2D_experimental/test/images/1384.JPG,data/processed/MMOTU_OTU_2D_experimental/test/masks/1384_binary.PNG,958,536,3,uint8,.JPG,958,536,1,uint8,.PNG,"0,1",True,recalculated_from_experimental_copy
548,test,data/processed/MMOTU_OTU_2D_experimental/test/images/548.JPG,data/processed/MMOTU_OTU_2D_experimental/test/masks/548_binary.PNG,801,582,3,uint8,.JPG,801,582,1,uint8,.PNG,"0,1",True,recalculated_from_experimental_copy
1162,test,data/processed/MMOTU_OTU_2D_experimental/test/images/1162.JPG,data/processed/MMOTU_OTU_2D_experimental/test/masks/1162_binary.PNG,481,535,3,uint8,.JPG,481,535,1,uint8,.PNG,"0,1",True,recalculated_from_experimental_copy
1023,test,data/processed/MMOTU_OTU_2D_experimental/test/images/1023.JPG,data/processed/MMOTU_OTU_2D_experimental/test/masks/1023_binary.PNG,477,525,3,uint8,.JPG,477,525,1,uint8,.PNG,"0,1",True,recalculated_from_experimental_copy
1111,test,data/processed/MMOTU_OTU_2D_experimental/test/images/1111.JPG,data/processed/MMOTU_OTU_2D_experimental/test/masks/1111_binary.PNG,480,533,3,uint8,.JPG,480,533,1,uint8,.PNG,"0,1",True,recalculated_from_experimental_copy
191,test,data/processed/MMOTU_OTU_2D_experimental/test/images/191.JPG,data/processed/MMOTU_OTU_2D_experimental/test/masks/191_binary.PNG,479,536,3,uint8,.JPG,479,536,1,uint8,.PNG,"0,1",True,recalculated_from_experimental_copy
1055,test,data/processed/MMOTU_OTU_2D_experimental/test/images/1055.JPG,data/processed/MMOTU_OTU_2D_experimental/test/masks/1055_binary.PNG,479,541,3,uint8,.JPG,479,541,1,uint8,.PNG,"0,1",True,recalculated_from_experimental_copy
88,test,data/processed/MMOTU_OTU_2D_experimental/test/images/88.JPG,data/processed/MMOTU_OTU_2D_experimental/test/masks/88_binary.PNG,958,535,3,uint8,.JPG,958,535,1,uint8,.PNG,"0,1",True,recalculated_from_experimental_copy
296,test,data/processed/MMOTU_OTU_2D_experimental/test/images/296.JPG,data/processed/MMOTU_OTU_2D_experimental/test/masks/296_binary.PNG,958,532,3,uint8,.JPG,958,532,1,uint8,.PNG,"0,1",True,recalculated_from_experimental_copy
842,test,data/processed/MMOTU_OTU_2D_experimental/test/images/842.JPG,data/processed/MMOTU_OTU_2D_experimental/test/masks/842_binary.PNG,1104,596,3,uint8,.JPG,1104,596,1,uint8,.PNG,"0,1",True,recalculated_from_experimental_copy
253,test,data/processed/MMOTU_OTU_2D_experimental/test/images/253.JPG,data/processed/MMOTU_OTU_2D_experimental/test/masks/253_binary.PNG,959,532,3,uint8,.JPG,959,532,1,uint8,.PNG,"0,1",True,recalculated_from_experimental_copy
385,test,data/processed/MMOTU_OTU_2D_experimental/test/images/385.JPG,data/processed/MMOTU_OTU_2D_experimental/test/masks/385_binary.PNG,548,584,3,uint8,.JPG,548,584,1,uint8,.PNG,"0,1",True,recalculated_from_experimental_copy
973,test,data/processed/MMOTU_OTU_2D_experimental/test/images/973.JPG,data/processed/MMOTU_OTU_2D_experimental/test/masks/973_binary.PNG,478,531,3,uint8,.JPG,478,531,1,uint8,.PNG,"0,1",True,recalculated_from_experimental_copy
452,test,data/processed/MMOTU_OTU_2D_experimental/test/images/452.JPG,data/processed/MMOTU_OTU_2D_experimental/test/masks/452_binary.PNG,876,446,3,uint8,.JPG,876,446,1,uint8,.PNG,"0,1",True,recalculated_from_experimental_copy
1366,test,data/processed/MMOTU_OTU_2D_experimental/test/images/1366.JPG,data/processed/MMOTU_OTU_2D_experimental/test/masks/1366_binary.PNG,959,531,3,uint8,.JPG,959,531,1,uint8,.PNG,"0,1",True,recalculated_from_experimental_copy
1085,test,data/processed/MMOTU_OTU_2D_experimental/test/images/1085.JPG,data/processed/MMOTU_OTU_2D_experimental/test/masks/1085_binary.PNG,1130,537,3,uint8,.JPG,1130,537,1,uint8,.PNG,"0,1",True,recalculated_from_experimental_copy
896,test,data/processed/MMOTU_OTU_2D_experimental/test/images/896.JPG,data/processed/MMOTU_OTU_2D_experimental/test/masks/896_binary.PNG,479,525,3,uint8,.JPG,479,525,1,uint8,.PNG,"0,1",True,recalculated_from_experimental_copy
472,test,data/processed/MMOTU_OTU_2D_experimental/test/images/472.JPG,data/processed/MMOTU_OTU_2D_experimental/test/masks/472_binary.PNG,963,532,3,uint8,.JPG,963,532,1,uint8,.PNG,"0,1",True,recalculated_from_experimental_copy
493,test,data/processed/MMOTU_OTU_2D_experimental/test/images/493.JPG,data/processed/MMOTU_OTU_2D_experimental/test/masks/493_binary.PNG,480,552,3,uint8,.JPG,480,552,1,uint8,.PNG,"0,1",True,recalculated_from_experimental_copy
234,test,data/processed/MMOTU_OTU_2D_experimental/test/images/234.JPG,data/processed/MMOTU_OTU_2D_experimental/test/masks/234_binary.PNG,480,536,3,uint8,.JPG,480,536,1,uint8,.PNG,"0,1",True,recalculated_from_experimental_copy
679,test,data/processed/MMOTU_OTU_2D_experimental/test/images/679.JPG,data/processed/MMOTU_OTU_2D_experimental/test/masks/679_binary.PNG,495,557,3,uint8,.JPG,495,557,1,uint8,.PNG,"0,1",True,recalculated_from_experimental_copy
699,test,data/processed/MMOTU_OTU_2D_experimental/test/images/699.JPG,data/processed/MMOTU_OTU_2D_experimental/test/masks/699_binary.PNG,930,543,3,uint8,.JPG,930,543,1,uint8,.PNG,"0,1",True,recalculated_from_experimental_copy
501,test,data/processed/MMOTU_OTU_2D_experimental/test/images/501.JPG,data/processed/MMOTU_OTU_2D_experimental/test/masks/501_binary.PNG,480,552,3,uint8,.JPG,480,552,1,uint8,.PNG,"0,1",True,recalculated_from_experimental_copy
436,test,data/processed/MMOTU_OTU_2D_experimental/test/images/436.JPG,data/processed/MMOTU_OTU_2D_experimental/test/masks/436_binary.PNG,407,272,3,uint8,.JPG,407,272,1,uint8,.PNG,"0,1",True,recalculated_from_experimental_copy
249,test,data/processed/MMOTU_OTU_2D_experimental/test/images/249.JPG,data/processed/MMOTU_OTU_2D_experimental/test/masks/249_binary.PNG,482,531,3,uint8,.JPG,482,531,1,uint8,.PNG,"0,1",True,recalculated_from_experimental_copy
621,test,data/processed/MMOTU_OTU_2D_experimental/test/images/621.JPG,data/processed/MMOTU_OTU_2D_experimental/test/masks/621_binary.PNG,974,533,3,uint8,.JPG,974,533,1,uint8,.PNG,"0,1",True,recalculated_from_experimental_copy
322,test,data/processed/MMOTU_OTU_2D_experimental/test/images/322.JPG,data/processed/MMOTU_OTU_2D_experimental/test/masks/322_binary.PNG,958,529,3,uint8,.JPG,958,529,1,uint8,.PNG,"0,1",True,recalculated_from_experimental_copy
186,test,data/processed/MMOTU_OTU_2D_experimental/test/images/186.JPG,data/processed/MMOTU_OTU_2D_experimental/test/masks/186_binary.PNG,480,532,3,uint8,.JPG,480,532,1,uint8,.PNG,"0,1",True,recalculated_from_experimental_copy
653,test,data/processed/MMOTU_OTU_2D_experimental/test/images/653.JPG,data/processed/MMOTU_OTU_2D_experimental/test/masks/653_binary.PNG,475,558,3,uint8,.JPG,475,558,1,uint8,.PNG,"0,1",True,recalculated_from_experimental_copy
129,test,data/processed/MMOTU_OTU_2D_experimental/test/images/129.JPG,data/processed/MMOTU_OTU_2D_experimental/test/masks/129_binary.PNG,759,557,3,uint8,.JPG,759,557,1,uint8,.PNG,"0,1",True,recalculated_from_experimental_copy
912,test,data/processed/MMOTU_OTU_2D_experimental/test/images/912.JPG,data/processed/MMOTU_OTU_2D_experimental/test/masks/912_binary.PNG,955,524,3,uint8,.JPG,955,524,1,uint8,.PNG,"0,1",True,recalculated_from_experimental_copy
1257,test,data/processed/MMOTU_OTU_2D_experimental/test/images/1257.JPG,data/processed/MMOTU_OTU_2D_experimental/test/masks/1257_binary.PNG,481,535,3,uint8,.JPG,481,535,1,uint8,.PNG,"0,1",True,recalculated_from_experimental_copy
39,test,data/processed/MMOTU_OTU_2D_experimental/test/images/39.JPG,data/processed/MMOTU_OTU_2D_experimental/test/masks/39_binary.PNG,478,534,3,uint8,.JPG,478,534,1,uint8,.PNG,"0,1",True,recalculated_from_experimental_copy
506,test,data/processed/MMOTU_OTU_2D_experimental/test/images/506.JPG,data/processed/MMOTU_OTU_2D_experimental/test/masks/506_binary.PNG,484,549,3,uint8,.JPG,484,549,1,uint8,.PNG,"0,1",True,recalculated_from_experimental_copy
1464,test,data/processed/MMOTU_OTU_2D_experimental/test/images/1464.JPG,data/processed/MMOTU_OTU_2D_experimental/test/masks/1464_binary.PNG,1105,566,3,uint8,.JPG,1105,566,1,uint8,.PNG,"0,1",True,recalculated_from_experimental_copy
1038,test,data/processed/MMOTU_OTU_2D_experimental/test/images/1038.JPG,data/processed/MMOTU_OTU_2D_experimental/test/masks/1038_binary.PNG,957,528,3,uint8,.JPG,957,528,1,uint8,.PNG,"0,1",True,recalculated_from_experimental_copy
512,test,data/processed/MMOTU_OTU_2D_experimental/test/images/512.JPG,data/processed/MMOTU_OTU_2D_experimental/test/masks/512_binary.PNG,974,545,3,uint8,.JPG,974,545,1,uint8,.PNG,"0,1",True,recalculated_from_experimental_copy
1181,test,data/processed/MMOTU_OTU_2D_experimental/test/images/1181.JPG,data/processed/MMOTU_OTU_2D_experimental/test/masks/1181_binary.PNG,1135,597,3,uint8,.JPG,1135,597,1,uint8,.PNG,"0,1",True,recalculated_from_experimental_copy
228,test,data/processed/MMOTU_OTU_2D_experimental/test/images/228.JPG,data/processed/MMOTU_OTU_2D_experimental/test/masks/228_binary.PNG,877,446,3,uint8,.JPG,877,446,1,uint8,.PNG,"0,1",True,recalculated_from_experimental_copy
170,test,data/processed/MMOTU_OTU_2D_experimental/test/images/170.JPG,data/processed/MMOTU_OTU_2D_experimental/test/masks/170_binary.PNG,958,534,3,uint8,.JPG,958,534,1,uint8,.PNG,"0,1",True,recalculated_from_experimental_copy
1033,test,data/processed/MMOTU_OTU_2D_experimental/test/images/1033.JPG,data/processed/MMOTU_OTU_2D_experimental/test/masks/1033_binary.PNG,479,521,3,uint8,.JPG,479,521,1,uint8,.PNG,"0,1",True,recalculated_from_experimental_copy
883,test,data/processed/MMOTU_OTU_2D_experimental/test/images/883.JPG,data/processed/MMOTU_OTU_2D_experimental/test/masks/883_binary.PNG,959,538,3,uint8,.JPG,959,538,1,uint8,.PNG,"0,1",True,recalculated_from_experimental_copy
1065,test,data/processed/MMOTU_OTU_2D_experimental/test/images/1065.JPG,data/processed/MMOTU_OTU_2D_experimental/test/masks/1065_binary.PNG,956,533,3,uint8,.JPG,956,533,1,uint8,.PNG,"0,1",True,recalculated_from_experimental_copy
639,test,data/processed/MMOTU_OTU_2D_experimental/test/images/639.JPG,data/processed/MMOTU_OTU_2D_experimental/test/masks/639_binary.PNG,495,641,3,uint8,.JPG,495,641,1,uint8,.PNG,"0,1",True,recalculated_from_experimental_copy
981,test,data/processed/MMOTU_OTU_2D_experimental/test/images/981.JPG,data/processed/MMOTU_OTU_2D_experimental/test/masks/981_binary.PNG,478,527,3,uint8,.JPG,478,527,1,uint8,.PNG,"0,1",True,recalculated_from_experimental_copy
144,test,data/processed/MMOTU_OTU_2D_experimental/test/images/144.JPG,data/processed/MMOTU_OTU_2D_experimental/test/masks/144_binary.PNG,481,533,3,uint8,.JPG,481,533,1,uint8,.PNG,"0,1",True,recalculated_from_experimental_copy
98,test,data/processed/MMOTU_OTU_2D_experimental/test/images/98.JPG,data/processed/MMOTU_OTU_2D_experimental/test/masks/98_binary.PNG,958,532,3,uint8,.JPG,958,532,1,uint8,.PNG,"0,1",True,recalculated_from_experimental_copy
63,test,data/processed/MMOTU_OTU_2D_experimental/test/images/63.JPG,data/processed/MMOTU_OTU_2D_experimental/test/masks/63_binary.PNG,957,536,3,uint8,.JPG,957,536,1,uint8,.PNG,"0,1",True,recalculated_from_experimental_copy
382,test,data/processed/MMOTU_OTU_2D_experimental/test/images/382.JPG,data/processed/MMOTU_OTU_2D_experimental/test/masks/382_binary.PNG,478,531,3,uint8,.JPG,478,531,1,uint8,.PNG,"0,1",True,recalculated_from_experimental_copy
1092,test,data/processed/MMOTU_OTU_2D_experimental/test/images/1092.JPG,data/processed/MMOTU_OTU_2D_experimental/test/masks/1092_binary.PNG,566,635,3,uint8,.JPG,566,635,1,uint8,.PNG,"0,1",True,recalculated_from_experimental_copy
652,test,data/processed/MMOTU_OTU_2D_experimental/test/images/652.JPG,data/processed/MMOTU_OTU_2D_experimental/test/masks/652_binary.PNG,493,558,3,uint8,.JPG,493,558,1,uint8,.PNG,"0,1",True,recalculated_from_experimental_copy
1285,test,data/processed/MMOTU_OTU_2D_experimental/test/images/1285.JPG,data/processed/MMOTU_OTU_2D_experimental/test/masks/1285_binary.PNG,1116,591,3,uint8,.JPG,1116,591,1,uint8,.PNG,"0,1",True,recalculated_from_experimental_copy
689,test,data/processed/MMOTU_OTU_2D_experimental/test/images/689.JPG,data/processed/MMOTU_OTU_2D_experimental/test/masks/689_binary.PNG,479,537,3,uint8,.JPG,479,537,1,uint8,.PNG,"0,1",True,recalculated_from_experimental_copy
998,test,data/processed/MMOTU_OTU_2D_experimental/test/images/998.JPG,data/processed/MMOTU_OTU_2D_experimental/test/masks/998_binary.PNG,478,515,3,uint8,.JPG,478,515,1,uint8,.PNG,"0,1",True,recalculated_from_experimental_copy
487,test,data/processed/MMOTU_OTU_2D_experimental/test/images/487.JPG,data/processed/MMOTU_OTU_2D_experimental/test/masks/487_binary.PNG,566,701,3,uint8,.JPG,566,701,1,uint8,.PNG,"0,1",True,recalculated_from_experimental_copy
515,test,data/processed/MMOTU_OTU_2D_experimental/test/images/515.JPG,data/processed/MMOTU_OTU_2D_experimental/test/masks/515_binary.PNG,482,551,3,uint8,.JPG,482,551,1,uint8,.PNG,"0,1",True,recalculated_from_experimental_copy
1095,test,data/processed/MMOTU_OTU_2D_experimental/test/images/1095.JPG,data/processed/MMOTU_OTU_2D_experimental/test/masks/1095_binary.PNG,706,549,3,uint8,.JPG,706,549,1,uint8,.PNG,"0,1",True,recalculated_from_experimental_copy
1200,test,data/processed/MMOTU_OTU_2D_experimental/test/images/1200.JPG,data/processed/MMOTU_OTU_2D_experimental/test/masks/1200_binary.PNG,959,536,3,uint8,.JPG,959,536,1,uint8,.PNG,"0,1",True,recalculated_from_experimental_copy
1444,test,data/processed/MMOTU_OTU_2D_experimental/test/images/1444.JPG,data/processed/MMOTU_OTU_2D_experimental/test/masks/1444_binary.PNG,477,521,3,uint8,.JPG,477,521,1,uint8,.PNG,"0,1",True,recalculated_from_experimental_copy
524,test,data/processed/MMOTU_OTU_2D_experimental/test/images/524.JPG,data/processed/MMOTU_OTU_2D_experimental/test/masks/524_binary.PNG,959,564,3,uint8,.JPG,959,564,1,uint8,.PNG,"0,1",True,recalculated_from_experimental_copy
1341,test,data/processed/MMOTU_OTU_2D_experimental/test/images/1341.JPG,data/processed/MMOTU_OTU_2D_experimental/test/masks/1341_binary.PNG,568,594,3,uint8,.JPG,568,594,1,uint8,.PNG,"0,1",True,recalculated_from_experimental_copy
904,test,data/processed/MMOTU_OTU_2D_experimental/test/images/904.JPG,data/processed/MMOTU_OTU_2D_experimental/test/masks/904_binary.PNG,569,585,3,uint8,.JPG,569,585,1,uint8,.PNG,"0,1",True,recalculated_from_experimental_copy
90,test,data/processed/MMOTU_OTU_2D_experimental/test/images/90.JPG,data/processed/MMOTU_OTU_2D_experimental/test/masks/90_binary.PNG,959,528,3,uint8,.JPG,959,528,1,uint8,.PNG,"0,1",True,recalculated_from_experimental_copy
762,test,data/processed/MMOTU_OTU_2D_experimental/test/images/762.JPG,data/processed/MMOTU_OTU_2D_experimental/test/masks/762_binary.PNG,1118,624,3,uint8,.JPG,1118,624,1,uint8,.PNG,"0,1",True,recalculated_from_experimental_copy
158,test,data/processed/MMOTU_OTU_2D_experimental/test/images/158.JPG,data/processed/MMOTU_OTU_2D_experimental/test/masks/158_binary.PNG,961,528,3,uint8,.JPG,961,528,1,uint8,.PNG,"0,1",True,recalculated_from_experimental_copy
776,test,data/processed/MMOTU_OTU_2D_experimental/test/images/776.JPG,data/processed/MMOTU_OTU_2D_experimental/test/masks/776_binary.PNG,972,554,3,uint8,.JPG,972,554,1,uint8,.PNG,"0,1",True,recalculated_from_experimental_copy
1376,test,data/processed/MMOTU_OTU_2D_experimental/test/images/1376.JPG,data/processed/MMOTU_OTU_2D_experimental/test/masks/1376_binary.PNG,958,528,3,uint8,.JPG,958,528,1,uint8,.PNG,"0,1",True,recalculated_from_experimental_copy
145,test,data/processed/MMOTU_OTU_2D_experimental/test/images/145.JPG,data/processed/MMOTU_OTU_2D_experimental/test/masks/145_binary.PNG,481,532,3,uint8,.JPG,481,532,1,uint8,.PNG,"0,1",True,recalculated_from_experimental_copy
993,test,data/processed/MMOTU_OTU_2D_experimental/test/images/993.JPG,data/processed/MMOTU_OTU_2D_experimental/test/masks/993_binary.PNG,481,526,3,uint8,.JPG,481,526,1,uint8,.PNG,"0,1",True,recalculated_from_experimental_copy
802,test,data/processed/MMOTU_OTU_2D_experimental/test/images/802.JPG,data/processed/MMOTU_OTU_2D_experimental/test/masks/802_binary.PNG,482,542,3,uint8,.JPG,482,542,1,uint8,.PNG,"0,1",True,recalculated_from_experimental_copy
800,test,data/processed/MMOTU_OTU_2D_experimental/test/images/800.JPG,data/processed/MMOTU_OTU_2D_experimental/test/masks/800_binary.PNG,958,559,3,uint8,.JPG,958,559,1,uint8,.PNG,"0,1",True,recalculated_from_experimental_copy
520,test,data/processed/MMOTU_OTU_2D_experimental/test/images/520.JPG,data/processed/MMOTU_OTU_2D_experimental/test/masks/520_binary.PNG,958,562,3,uint8,.JPG,958,562,1,uint8,.PNG,"0,1",True,recalculated_from_experimental_copy
971,test,data/processed/MMOTU_OTU_2D_experimental/test/images/971.JPG,data/processed/MMOTU_OTU_2D_experimental/test/masks/971_binary.PNG,958,530,3,uint8,.JPG,958,530,1,uint8,.PNG,"0,1",True,recalculated_from_experimental_copy
953,test,data/processed/MMOTU_OTU_2D_experimental/test/images/953.JPG,data/processed/MMOTU_OTU_2D_experimental/test/masks/953_binary.PNG,564,536,3,uint8,.JPG,564,536,1,uint8,.PNG,"0,1",True,recalculated_from_experimental_copy
1039,test,data/processed/MMOTU_OTU_2D_experimental/test/images/1039.JPG,data/processed/MMOTU_OTU_2D_experimental/test/masks/1039_binary.PNG,951,527,3,uint8,.JPG,951,527,1,uint8,.PNG,"0,1",True,recalculated_from_experimental_copy
94,test,data/processed/MMOTU_OTU_2D_experimental/test/images/94.JPG,data/processed/MMOTU_OTU_2D_experimental/test/masks/94_binary.PNG,958,661,3,uint8,.JPG,958,661,1,uint8,.PNG,"0,1",True,recalculated_from_experimental_copy
1123,test,data/processed/MMOTU_OTU_2D_experimental/test/images/1123.JPG,data/processed/MMOTU_OTU_2D_experimental/test/masks/1123_binary.PNG,824,600,3,uint8,.JPG,824,600,1,uint8,.PNG,"0,1",True,recalculated_from_experimental_copy
1235,test,data/processed/MMOTU_OTU_2D_experimental/test/images/1235.JPG,data/processed/MMOTU_OTU_2D_experimental/test/masks/1235_binary.PNG,958,532,3,uint8,.JPG,958,532,1,uint8,.PNG,"0,1",True,recalculated_from_experimental_copy
687,test,data/processed/MMOTU_OTU_2D_experimental/test/images/687.JPG,data/processed/MMOTU_OTU_2D_experimental/test/masks/687_binary.PNG,974,546,3,uint8,.JPG,974,546,1,uint8,.PNG,"0,1",True,recalculated_from_experimental_copy
148,test,data/processed/MMOTU_OTU_2D_experimental/test/images/148.JPG,data/processed/MMOTU_OTU_2D_experimental/test/masks/148_binary.PNG,1101,567,3,uint8,.JPG,1101,567,1,uint8,.PNG,"0,1",True,recalculated_from_experimental_copy
1042,test,data/processed/MMOTU_OTU_2D_experimental/test/images/1042.JPG,data/processed/MMOTU_OTU_2D_experimental/test/masks/1042_binary.PNG,958,528,3,uint8,.JPG,958,528,1,uint8,.PNG,"0,1",True,recalculated_from_experimental_copy
477,test,data/processed/MMOTU_OTU_2D_experimental/test/images/477.JPG,data/processed/MMOTU_OTU_2D_experimental/test/masks/477_binary.PNG,962,558,3,uint8,.JPG,962,558,1,uint8,.PNG,"0,1",True,recalculated_from_experimental_copy
154,test,data/processed/MMOTU_OTU_2D_experimental/test/images/154.JPG,data/processed/MMOTU_OTU_2D_experimental/test/masks/154_binary.PNG,959,535,3,uint8,.JPG,959,535,1,uint8,.PNG,"0,1",True,recalculated_from_experimental_copy
539,test,data/processed/MMOTU_OTU_2D_experimental/test/images/539.JPG,data/processed/MMOTU_OTU_2D_experimental/test/masks/539_binary.PNG,477,558,3,uint8,.JPG,477,558,1,uint8,.PNG,"0,1",True,recalculated_from_experimental_copy
1089,test,data/processed/MMOTU_OTU_2D_experimental/test/images/1089.JPG,data/processed/MMOTU_OTU_2D_experimental/test/masks/1089_binary.PNG,755,590,3,uint8,.JPG,755,590,1,uint8,.PNG,"0,1",True,recalculated_from_experimental_copy
1413,test,data/processed/MMOTU_OTU_2D_experimental/test/images/1413.JPG,data/processed/MMOTU_OTU_2D_experimental/test/masks/1413_binary.PNG,480,266,3,uint8,.JPG,480,266,1,uint8,.PNG,"0,1",True,recalculated_from_experimental_copy
371,test,data/processed/MMOTU_OTU_2D_experimental/test/images/371.JPG,data/processed/MMOTU_OTU_2D_experimental/test/masks/371_binary.PNG,803,671,3,uint8,.JPG,803,671,1,uint8,.PNG,"0,1",True,recalculated_from_experimental_copy
387,test,data/processed/MMOTU_OTU_2D_experimental/test/images/387.JPG,data/processed/MMOTU_OTU_2D_experimental/test/masks/387_binary.PNG,905,534,3,uint8,.JPG,905,534,1,uint8,.PNG,"0,1",True,recalculated_from_experimental_copy
1339,test,data/processed/MMOTU_OTU_2D_experimental/test/images/1339.JPG,data/processed/MMOTU_OTU_2D_experimental/test/masks/1339_binary.PNG,570,590,3,uint8,.JPG,570,590,1,uint8,.PNG,"0,1",True,recalculated_from_experimental_copy
626,test,data/processed/MMOTU_OTU_2D_experimental/test/images/626.JPG,data/processed/MMOTU_OTU_2D_experimental/test/masks/626_binary.PNG,958,536,3,uint8,.JPG,958,536,1,uint8,.PNG,"0,1",True,recalculated_from_experimental_copy
714,test,data/processed/MMOTU_OTU_2D_experimental/test/images/714.JPG,data/processed/MMOTU_OTU_2D_experimental/test/masks/714_binary.PNG,959,554,3,uint8,.JPG,959,554,1,uint8,.PNG,"0,1",True,recalculated_from_experimental_copy
636,test,data/processed/MMOTU_OTU_2D_experimental/test/images/636.JPG,data/processed/MMOTU_OTU_2D_experimental/test/masks/636_binary.PNG,566,651,3,uint8,.JPG,566,651,1,uint8,.PNG,"0,1",True,recalculated_from_experimental_copy
1432,test,data/processed/MMOTU_OTU_2D_experimental/test/images/1432.JPG,data/processed/MMOTU_OTU_2D_experimental/test/masks/1432_binary.PNG,481,532,3,uint8,.JPG,481,532,1,uint8,.PNG,"0,1",True,recalculated_from_experimental_copy
152,test,data/processed/MMOTU_OTU_2D_experimental/test/images/152.JPG,data/processed/MMOTU_OTU_2D_experimental/test/masks/152_binary.PNG,1102,570,3,uint8,.JPG,1102,570,1,uint8,.PNG,"0,1",True,recalculated_from_experimental_copy
73,test,data/processed/MMOTU_OTU_2D_experimental/test/images/73.JPG,data/processed/MMOTU_OTU_2D_experimental/test/masks/73_binary.PNG,959,534,3,uint8,.JPG,959,534,1,uint8,.PNG,"0,1",True,recalculated_from_experimental_copy
83,test,data/processed/MMOTU_OTU_2D_experimental/test/images/83.JPG,data/processed/MMOTU_OTU_2D_experimental/test/masks/83_binary.PNG,479,533,3,uint8,.JPG,479,533,1,uint8,.PNG,"0,1",True,recalculated_from_experimental_copy
181,test,data/processed/MMOTU_OTU_2D_experimental/test/images/181.JPG,data/processed/MMOTU_OTU_2D_experimental/test/masks/181_binary.PNG,957,537,3,uint8,.JPG,957,537,1,uint8,.PNG,"0,1",True,recalculated_from_experimental_copy
594,test,data/processed/MMOTU_OTU_2D_experimental/test/images/594.JPG,data/processed/MMOTU_OTU_2D_experimental/test/masks/594_binary.PNG,972,544,3,uint8,.JPG,972,544,1,uint8,.PNG,"0,1",True,recalculated_from_experimental_copy
960,test,data/processed/MMOTU_OTU_2D_experimental/test/images/960.JPG,data/processed/MMOTU_OTU_2D_experimental/test/masks/960_binary.PNG,477,519,3,uint8,.JPG,477,519,1,uint8,.PNG,"0,1",True,recalculated_from_experimental_copy
1214,test,data/processed/MMOTU_OTU_2D_experimental/test/images/1214.JPG,data/processed/MMOTU_OTU_2D_experimental/test/masks/1214_binary.PNG,957,536,3,uint8,.JPG,957,536,1,uint8,.PNG,"0,1",True,recalculated_from_experimental_copy
748,test,data/processed/MMOTU_OTU_2D_experimental/test/images/748.JPG,data/processed/MMOTU_OTU_2D_experimental/test/masks/748_binary.PNG,498,549,3,uint8,.JPG,498,549,1,uint8,.PNG,"0,1",True,recalculated_from_experimental_copy
1291,test,data/processed/MMOTU_OTU_2D_experimental/test/images/1291.JPG,data/processed/MMOTU_OTU_2D_experimental/test/masks/1291_binary.PNG,956,533,3,uint8,.JPG,956,533,1,uint8,.PNG,"0,1",True,recalculated_from_experimental_copy
919,test,data/processed/MMOTU_OTU_2D_experimental/test/images/919.JPG,data/processed/MMOTU_OTU_2D_experimental/test/masks/919_binary.PNG,958,525,3,uint8,.JPG,958,525,1,uint8,.PNG,"0,1",True,recalculated_from_experimental_copy
854,test,data/processed/MMOTU_OTU_2D_experimental/test/images/854.JPG,data/processed/MMOTU_OTU_2D_experimental/test/masks/854_binary.PNG,958,546,3,uint8,.JPG,958,546,1,uint8,.PNG,"0,1",True,recalculated_from_experimental_copy
826,test,data/processed/MMOTU_OTU_2D_experimental/test/images/826.JPG,data/processed/MMOTU_OTU_2D_experimental/test/masks/826_binary.PNG,958,534,3,uint8,.JPG,958,534,1,uint8,.PNG,"0,1",True,recalculated_from_experimental_copy
261,test,data/processed/MMOTU_OTU_2D_experimental/test/images/261.JPG,data/processed/MMOTU_OTU_2D_experimental/test/masks/261_binary.PNG,480,532,3,uint8,.JPG,480,532,1,uint8,.PNG,"0,1",True,recalculated_from_experimental_copy
1374,test,data/processed/MMOTU_OTU_2D_experimental/test/images/1374.JPG,data/processed/MMOTU_OTU_2D_experimental/test/masks/1374_binary.PNG,957,538,3,uint8,.JPG,957,538,1,uint8,.PNG,"0,1",True,recalculated_from_experimental_copy
149,test,data/processed/MMOTU_OTU_2D_experimental/test/images/149.JPG,data/processed/MMOTU_OTU_2D_experimental/test/masks/149_binary.PNG,1103,566,3,uint8,.JPG,1103,566,1,uint8,.PNG,"0,1",True,recalculated_from_experimental_copy
1461,test,data/processed/MMOTU_OTU_2D_experimental/test/images/1461.JPG,data/processed/MMOTU_OTU_2D_experimental/test/masks/1461_binary.PNG,482,536,3,uint8,.JPG,482,536,1,uint8,.PNG,"0,1",True,recalculated_from_experimental_copy
125,test,data/processed/MMOTU_OTU_2D_experimental/test/images/125.JPG,data/processed/MMOTU_OTU_2D_experimental/test/masks/125_binary.PNG,480,527,3,uint8,.JPG,480,527,1,uint8,.PNG,"0,1",True,recalculated_from_experimental_copy
600,test,data/processed/MMOTU_OTU_2D_experimental/test/images/600.JPG,data/processed/MMOTU_OTU_2D_experimental/test/masks/600_binary.PNG,569,607,3,uint8,.JPG,569,607,1,uint8,.PNG,"0,1",True,recalculated_from_experimental_copy
255,test,data/processed/MMOTU_OTU_2D_experimental/test/images/255.JPG,data/processed/MMOTU_OTU_2D_experimental/test/masks/255_binary.PNG,481,536,3,uint8,.JPG,481,536,1,uint8,.PNG,"0,1",True,recalculated_from_experimental_copy
358,test,data/processed/MMOTU_OTU_2D_experimental/test/images/358.JPG,data/processed/MMOTU_OTU_2D_experimental/test/masks/358_binary.PNG,479,534,3,uint8,.JPG,479,534,1,uint8,.PNG,"0,1",True,recalculated_from_experimental_copy
1241,test,data/processed/MMOTU_OTU_2D_experimental/test/images/1241.JPG,data/processed/MMOTU_OTU_2D_experimental/test/masks/1241_binary.PNG,958,535,3,uint8,.JPG,958,535,1,uint8,.PNG,"0,1",True,recalculated_from_experimental_copy
210,test,data/processed/MMOTU_OTU_2D_experimental/test/images/210.JPG,data/processed/MMOTU_OTU_2D_experimental/test/masks/210_binary.PNG,479,534,3,uint8,.JPG,479,534,1,uint8,.PNG,"0,1",True,recalculated_from_experimental_copy
1416,test,data/processed/MMOTU_OTU_2D_experimental/test/images/1416.JPG,data/processed/MMOTU_OTU_2D_experimental/test/masks/1416_binary.PNG,959,544,3,uint8,.JPG,959,544,1,uint8,.PNG,"0,1",True,recalculated_from_experimental_copy
475,test,data/processed/MMOTU_OTU_2D_experimental/test/images/475.JPG,data/processed/MMOTU_OTU_2D_experimental/test/masks/475_binary.PNG,798,615,3,uint8,.JPG,798,615,1,uint8,.PNG,"0,1",True,recalculated_from_experimental_copy
1108,test,data/processed/MMOTU_OTU_2D_experimental/test/images/1108.JPG,data/processed/MMOTU_OTU_2D_experimental/test/masks/1108_binary.PNG,955,524,3,uint8,.JPG,955,524,1,uint8,.PNG,"0,1",True,recalculated_from_experimental_copy
620,test,data/processed/MMOTU_OTU_2D_experimental/test/images/620.JPG,data/processed/MMOTU_OTU_2D_experimental/test/masks/620_binary.PNG,974,541,3,uint8,.JPG,974,541,1,uint8,.PNG,"0,1",True,recalculated_from_experimental_copy
392,test,data/processed/MMOTU_OTU_2D_experimental/test/images/392.JPG,data/processed/MMOTU_OTU_2D_experimental/test/masks/392_binary.PNG,957,530,3,uint8,.JPG,957,530,1,uint8,.PNG,"0,1",True,recalculated_from_experimental_copy
403,test,data/processed/MMOTU_OTU_2D_experimental/test/images/403.JPG,data/processed/MMOTU_OTU_2D_experimental/test/masks/403_binary.PNG,959,535,3,uint8,.JPG,959,535,1,uint8,.PNG,"0,1",True,recalculated_from_experimental_copy
1234,test,data/processed/MMOTU_OTU_2D_experimental/test/images/1234.JPG,data/processed/MMOTU_OTU_2D_experimental/test/masks/1234_binary.PNG,958,535,3,uint8,.JPG,958,535,1,uint8,.PNG,"0,1",True,recalculated_from_experimental_copy
534,test,data/processed/MMOTU_OTU_2D_experimental/test/images/534.JPG,data/processed/MMOTU_OTU_2D_experimental/test/masks/534_binary.PNG,972,542,3,uint8,.JPG,972,542,1,uint8,.PNG,"0,1",True,recalculated_from_experimental_copy
266,test,data/processed/MMOTU_OTU_2D_experimental/test/images/266.JPG,data/processed/MMOTU_OTU_2D_experimental/test/masks/266_binary.PNG,480,533,3,uint8,.JPG,480,533,1,uint8,.PNG,"0,1",True,recalculated_from_experimental_copy
606,test,data/processed/MMOTU_OTU_2D_experimental/test/images/606.JPG,data/processed/MMOTU_OTU_2D_experimental/test/masks/606_binary.PNG,959,567,3,uint8,.JPG,959,567,1,uint8,.PNG,"0,1",True,recalculated_from_experimental_copy
779,test,data/processed/MMOTU_OTU_2D_experimental/test/images/779.JPG,data/processed/MMOTU_OTU_2D_experimental/test/masks/779_binary.PNG,479,547,3,uint8,.JPG,479,547,1,uint8,.PNG,"0,1",True,recalculated_from_experimental_copy
5,test,data/processed/MMOTU_OTU_2D_experimental/test/images/5.JPG,data/processed/MMOTU_OTU_2D_experimental/test/masks/5_binary.PNG,1096,794,3,uint8,.JPG,1096,794,1,uint8,.PNG,"0,1",True,recalculated_from_experimental_copy
770,test,data/processed/MMOTU_OTU_2D_experimental/test/images/770.JPG,data/processed/MMOTU_OTU_2D_experimental/test/masks/770_binary.PNG,457,536,3,uint8,.JPG,457,536,1,uint8,.PNG,"0,1",True,recalculated_from_experimental_copy
632,test,data/processed/MMOTU_OTU_2D_experimental/test/images/632.JPG,data/processed/MMOTU_OTU_2D_experimental/test/masks/632_binary.PNG,568,624,3,uint8,.JPG,568,624,1,uint8,.PNG,"0,1",True,recalculated_from_experimental_copy
930,test,data/processed/MMOTU_OTU_2D_experimental/test/images/930.JPG,data/processed/MMOTU_OTU_2D_experimental/test/masks/930_binary.PNG,568,586,3,uint8,.JPG,568,586,1,uint8,.PNG,"0,1",True,recalculated_from_experimental_copy
916,test,data/processed/MMOTU_OTU_2D_experimental/test/images/916.JPG,data/processed/MMOTU_OTU_2D_experimental/test/masks/916_binary.PNG,957,526,3,uint8,.JPG,957,526,1,uint8,.PNG,"0,1",True,recalculated_from_experimental_copy
1169,test,data/processed/MMOTU_OTU_2D_experimental/test/images/1169.JPG,data/processed/MMOTU_OTU_2D_experimental/test/masks/1169_binary.PNG,570,589,3,uint8,.JPG,570,589,1,uint8,.PNG,"0,1",True,recalculated_from_experimental_copy
897,test,data/processed/MMOTU_OTU_2D_experimental/test/images/897.JPG,data/processed/MMOTU_OTU_2D_experimental/test/masks/897_binary.PNG,957,524,3,uint8,.JPG,957,524,1,uint8,.PNG,"0,1",True,recalculated_from_experimental_copy
707,test,data/processed/MMOTU_OTU_2D_experimental/test/images/707.JPG,data/processed/MMOTU_OTU_2D_experimental/test/masks/707_binary.PNG,480,545,3,uint8,.JPG,480,545,1,uint8,.PNG,"0,1",True,recalculated_from_experimental_copy
96,test,data/processed/MMOTU_OTU_2D_experimental/test/images/96.JPG,data/processed/MMOTU_OTU_2D_experimental/test/masks/96_binary.PNG,948,602,3,uint8,.JPG,948,602,1,uint8,.PNG,"0,1",True,recalculated_from_experimental_copy
292,test,data/processed/MMOTU_OTU_2D_experimental/test/images/292.JPG,data/processed/MMOTU_OTU_2D_experimental/test/masks/292_binary.PNG,703,400,3,uint8,.JPG,703,400,1,uint8,.PNG,"0,1",True,recalculated_from_experimental_copy
1255,test,data/processed/MMOTU_OTU_2D_experimental/test/images/1255.JPG,data/processed/MMOTU_OTU_2D_experimental/test/masks/1255_binary.PNG,959,537,3,uint8,.JPG,959,537,1,uint8,.PNG,"0,1",True,recalculated_from_experimental_copy
911,test,data/processed/MMOTU_OTU_2D_experimental/test/images/911.JPG,data/processed/MMOTU_OTU_2D_experimental/test/masks/911_binary.PNG,953,532,3,uint8,.JPG,953,532,1,uint8,.PNG,"0,1",True,recalculated_from_experimental_copy
177,test,data/processed/MMOTU_OTU_2D_experimental/test/images/177.JPG,data/processed/MMOTU_OTU_2D_experimental/test/masks/177_binary.PNG,958,533,3,uint8,.JPG,958,533,1,uint8,.PNG,"0,1",True,recalculated_from_experimental_copy
288,test,data/processed/MMOTU_OTU_2D_experimental/test/images/288.JPG,data/processed/MMOTU_OTU_2D_experimental/test/masks/288_binary.PNG,489,295,3,uint8,.JPG,489,295,1,uint8,.PNG,"0,1",True,recalculated_from_experimental_copy
124,test,data/processed/MMOTU_OTU_2D_experimental/test/images/124.JPG,data/processed/MMOTU_OTU_2D_experimental/test/masks/124_binary.PNG,479,531,3,uint8,.JPG,479,531,1,uint8,.PNG,"0,1",True,recalculated_from_experimental_copy
560,test,data/processed/MMOTU_OTU_2D_experimental/test/images/560.JPG,data/processed/MMOTU_OTU_2D_experimental/test/masks/560_binary.PNG,567,614,3,uint8,.JPG,567,614,1,uint8,.PNG,"0,1",True,recalculated_from_experimental_copy
1238,test,data/processed/MMOTU_OTU_2D_experimental/test/images/1238.JPG,data/processed/MMOTU_OTU_2D_experimental/test/masks/1238_binary.PNG,570,597,3,uint8,.JPG,570,597,1,uint8,.PNG,"0,1",True,recalculated_from_experimental_copy
816,test,data/processed/MMOTU_OTU_2D_experimental/test/images/816.JPG,data/processed/MMOTU_OTU_2D_experimental/test/masks/816_binary.PNG,972,549,3,uint8,.JPG,972,549,1,uint8,.PNG,"0,1",True,recalculated_from_experimental_copy
546,test,data/processed/MMOTU_OTU_2D_experimental/test/images/546.JPG,data/processed/MMOTU_OTU_2D_experimental/test/masks/546_binary.PNG,811,573,3,uint8,.JPG,811,573,1,uint8,.PNG,"0,1",True,recalculated_from_experimental_copy
1012,test,data/processed/MMOTU_OTU_2D_experimental/test/images/1012.JPG,data/processed/MMOTU_OTU_2D_experimental/test/masks/1012_binary.PNG,480,528,3,uint8,.JPG,480,528,1,uint8,.PNG,"0,1",True,recalculated_from_experimental_copy
685,test,data/processed/MMOTU_OTU_2D_experimental/test/images/685.JPG,data/processed/MMOTU_OTU_2D_experimental/test/masks/685_binary.PNG,480,554,3,uint8,.JPG,480,554,1,uint8,.PNG,"0,1",True,recalculated_from_experimental_copy
445,test,data/processed/MMOTU_OTU_2D_experimental/test/images/445.JPG,data/processed/MMOTU_OTU_2D_experimental/test/masks/445_binary.PNG,957,529,3,uint8,.JPG,957,529,1,uint8,.PNG,"0,1",True,recalculated_from_experimental_copy
386,test,data/processed/MMOTU_OTU_2D_experimental/test/images/386.JPG,data/processed/MMOTU_OTU_2D_experimental/test/masks/386_binary.PNG,550,587,3,uint8,.JPG,550,587,1,uint8,.PNG,"0,1",True,recalculated_from_experimental_copy
952,test,data/processed/MMOTU_OTU_2D_experimental/test/images/952.JPG,data/processed/MMOTU_OTU_2D_experimental/test/masks/952_binary.PNG,566,583,3,uint8,.JPG,566,583,1,uint8,.PNG,"0,1",True,recalculated_from_experimental_copy
821,test,data/processed/MMOTU_OTU_2D_experimental/test/images/821.JPG,data/processed/MMOTU_OTU_2D_experimental/test/masks/821_binary.PNG,959,554,3,uint8,.JPG,959,554,1,uint8,.PNG,"0,1",True,recalculated_from_experimental_copy
363,test,data/processed/MMOTU_OTU_2D_experimental/test/images/363.JPG,data/processed/MMOTU_OTU_2D_experimental/test/masks/363_binary.PNG,963,557,3,uint8,.JPG,963,557,1,uint8,.PNG,"0,1",True,recalculated_from_experimental_copy
464,test,data/processed/MMOTU_OTU_2D_experimental/test/images/464.JPG,data/processed/MMOTU_OTU_2D_experimental/test/masks/464_binary.PNG,959,530,3,uint8,.JPG,959,530,1,uint8,.PNG,"0,1",True,recalculated_from_experimental_copy
1061,test,data/processed/MMOTU_OTU_2D_experimental/test/images/1061.JPG,data/processed/MMOTU_OTU_2D_experimental/test/masks/1061_binary.PNG,958,533,3,uint8,.JPG,958,533,1,uint8,.PNG,"0,1",True,recalculated_from_experimental_copy
76,test,data/processed/MMOTU_OTU_2D_experimental/test/images/76.JPG,data/processed/MMOTU_OTU_2D_experimental/test/masks/76_binary.PNG,479,664,3,uint8,.JPG,479,664,1,uint8,.PNG,"0,1",True,recalculated_from_experimental_copy
804,test,data/processed/MMOTU_OTU_2D_experimental/test/images/804.JPG,data/processed/MMOTU_OTU_2D_experimental/test/masks/804_binary.PNG,957,535,3,uint8,.JPG,957,535,1,uint8,.PNG,"0,1",True,recalculated_from_experimental_copy
878,test,data/processed/MMOTU_OTU_2D_experimental/test/images/878.JPG,data/processed/MMOTU_OTU_2D_experimental/test/masks/878_binary.PNG,956,573,3,uint8,.JPG,956,573,1,uint8,.PNG,"0,1",True,recalculated_from_experimental_copy
1307,test,data/processed/MMOTU_OTU_2D_experimental/test/images/1307.JPG,data/processed/MMOTU_OTU_2D_experimental/test/masks/1307_binary.PNG,958,624,3,uint8,.JPG,958,624,1,uint8,.PNG,"0,1",True,recalculated_from_experimental_copy
631,test,data/processed/MMOTU_OTU_2D_experimental/test/images/631.JPG,data/processed/MMOTU_OTU_2D_experimental/test/masks/631_binary.PNG,566,631,3,uint8,.JPG,566,631,1,uint8,.PNG,"0,1",True,recalculated_from_experimental_copy
1378,test,data/processed/MMOTU_OTU_2D_experimental/test/images/1378.JPG,data/processed/MMOTU_OTU_2D_experimental/test/masks/1378_binary.PNG,958,534,3,uint8,.JPG,958,534,1,uint8,.PNG,"0,1",True,recalculated_from_experimental_copy
26,test,data/processed/MMOTU_OTU_2D_experimental/test/images/26.JPG,data/processed/MMOTU_OTU_2D_experimental/test/masks/26_binary.PNG,1104,674,3,uint8,.JPG,1104,674,1,uint8,.PNG,"0,1",True,recalculated_from_experimental_copy
517,test,data/processed/MMOTU_OTU_2D_experimental/test/images/517.JPG,data/processed/MMOTU_OTU_2D_experimental/test/masks/517_binary.PNG,957,542,3,uint8,.JPG,957,542,1,uint8,.PNG,"0,1",True,recalculated_from_experimental_copy
496,test,data/processed/MMOTU_OTU_2D_experimental/test/images/496.JPG,data/processed/MMOTU_OTU_2D_experimental/test/masks/496_binary.PNG,814,609,3,uint8,.JPG,814,609,1,uint8,.PNG,"0,1",True,recalculated_from_experimental_copy
1170,test,data/processed/MMOTU_OTU_2D_experimental/test/images/1170.JPG,data/processed/MMOTU_OTU_2D_experimental/test/masks/1170_binary.PNG,567,593,3,uint8,.JPG,567,593,1,uint8,.PNG,"0,1",True,recalculated_from_experimental_copy
825,test,data/processed/MMOTU_OTU_2D_experimental/test/images/825.JPG,data/processed/MMOTU_OTU_2D_experimental/test/masks/825_binary.PNG,958,545,3,uint8,.JPG,958,545,1,uint8,.PNG,"0,1",True,recalculated_from_experimental_copy
316,test,data/processed/MMOTU_OTU_2D_experimental/test/images/316.JPG,data/processed/MMOTU_OTU_2D_experimental/test/masks/316_binary.PNG,480,535,3,uint8,.JPG,480,535,1,uint8,.PNG,"0,1",True,recalculated_from_experimental_copy
691,test,data/processed/MMOTU_OTU_2D_experimental/test/images/691.JPG,data/processed/MMOTU_OTU_2D_experimental/test/masks/691_binary.PNG,478,539,3,uint8,.JPG,478,539,1,uint8,.PNG,"0,1",True,recalculated_from_experimental_copy
773,test,data/processed/MMOTU_OTU_2D_experimental/test/images/773.JPG,data/processed/MMOTU_OTU_2D_experimental/test/masks/773_binary.PNG,472,489,3,uint8,.JPG,472,489,1,uint8,.PNG,"0,1",True,recalculated_from_experimental_copy
1252,test,data/processed/MMOTU_OTU_2D_experimental/test/images/1252.JPG,data/processed/MMOTU_OTU_2D_experimental/test/masks/1252_binary.PNG,570,542,3,uint8,.JPG,570,542,1,uint8,.PNG,"0,1",True,recalculated_from_experimental_copy
1388,test,data/processed/MMOTU_OTU_2D_experimental/test/images/1388.JPG,data/processed/MMOTU_OTU_2D_experimental/test/masks/1388_binary.PNG,959,628,3,uint8,.JPG,959,628,1,uint8,.PNG,"0,1",True,recalculated_from_experimental_copy
894,test,data/processed/MMOTU_OTU_2D_experimental/test/images/894.JPG,data/processed/MMOTU_OTU_2D_experimental/test/masks/894_binary.PNG,954,526,3,uint8,.JPG,954,526,1,uint8,.PNG,"0,1",True,recalculated_from_experimental_copy
581,test,data/processed/MMOTU_OTU_2D_experimental/test/images/581.JPG,data/processed/MMOTU_OTU_2D_experimental/test/masks/581_binary.PNG,478,545,3,uint8,.JPG,478,545,1,uint8,.PNG,"0,1",True,recalculated_from_experimental_copy
1221,test,data/processed/MMOTU_OTU_2D_experimental/test/images/1221.JPG,data/processed/MMOTU_OTU_2D_experimental/test/masks/1221_binary.PNG,959,530,3,uint8,.JPG,959,530,1,uint8,.PNG,"0,1",True,recalculated_from_experimental_copy
970,test,data/processed/MMOTU_OTU_2D_experimental/test/images/970.JPG,data/processed/MMOTU_OTU_2D_experimental/test/masks/970_binary.PNG,959,530,3,uint8,.JPG,959,530,1,uint8,.PNG,"0,1",True,recalculated_from_experimental_copy
638,test,data/processed/MMOTU_OTU_2D_experimental/test/images/638.JPG,data/processed/MMOTU_OTU_2D_experimental/test/masks/638_binary.PNG,567,627,3,uint8,.JPG,567,627,1,uint8,.PNG,"0,1",True,recalculated_from_experimental_copy
1199,test,data/processed/MMOTU_OTU_2D_experimental/test/images/1199.JPG,data/processed/MMOTU_OTU_2D_experimental/test/masks/1199_binary.PNG,959,535,3,uint8,.JPG,959,535,1,uint8,.PNG,"0,1",True,recalculated_from_experimental_copy
1082,test,data/processed/MMOTU_OTU_2D_experimental/test/images/1082.JPG,data/processed/MMOTU_OTU_2D_experimental/test/masks/1082_binary.PNG,955,530,3,uint8,.JPG,955,530,1,uint8,.PNG,"0,1",True,recalculated_from_experimental_copy
1054,test,data/processed/MMOTU_OTU_2D_experimental/test/images/1054.JPG,data/processed/MMOTU_OTU_2D_experimental/test/masks/1054_binary.PNG,479,526,3,uint8,.JPG,479,526,1,uint8,.PNG,"0,1",True,recalculated_from_experimental_copy
1358,test,data/processed/MMOTU_OTU_2D_experimental/test/images/1358.JPG,data/processed/MMOTU_OTU_2D_experimental/test/masks/1358_binary.PNG,482,534,3,uint8,.JPG,482,534,1,uint8,.PNG,"0,1",True,recalculated_from_experimental_copy
1175,test,data/processed/MMOTU_OTU_2D_experimental/test/images/1175.JPG,data/processed/MMOTU_OTU_2D_experimental/test/masks/1175_binary.PNG,725,559,3,uint8,.JPG,725,559,1,uint8,.PNG,"0,1",True,recalculated_from_experimental_copy
752,test,data/processed/MMOTU_OTU_2D_experimental/test/images/752.JPG,data/processed/MMOTU_OTU_2D_experimental/test/masks/752_binary.PNG,1065,614,3,uint8,.JPG,1065,614,1,uint8,.PNG,"0,1",True,recalculated_from_experimental_copy
1081,test,data/processed/MMOTU_OTU_2D_experimental/test/images/1081.JPG,data/processed/MMOTU_OTU_2D_experimental/test/masks/1081_binary.PNG,956,528,3,uint8,.JPG,956,528,1,uint8,.PNG,"0,1",True,recalculated_from_experimental_copy
476,test,data/processed/MMOTU_OTU_2D_experimental/test/images/476.JPG,data/processed/MMOTU_OTU_2D_experimental/test/masks/476_binary.PNG,958,534,3,uint8,.JPG,958,534,1,uint8,.PNG,"0,1",True,recalculated_from_experimental_copy
203,test,data/processed/MMOTU_OTU_2D_experimental/test/images/203.JPG,data/processed/MMOTU_OTU_2D_experimental/test/masks/203_binary.PNG,479,531,3,uint8,.JPG,479,531,1,uint8,.PNG,"0,1",True,recalculated_from_experimental_copy
1306,test,data/processed/MMOTU_OTU_2D_experimental/test/images/1306.JPG,data/processed/MMOTU_OTU_2D_experimental/test/masks/1306_binary.PNG,1116,593,3,uint8,.JPG,1116,593,1,uint8,.PNG,"0,1",True,recalculated_from_experimental_copy
440,test,data/processed/MMOTU_OTU_2D_experimental/test/images/440.JPG,data/processed/MMOTU_OTU_2D_experimental/test/masks/440_binary.PNG,958,534,3,uint8,.JPG,958,534,1,uint8,.PNG,"0,1",True,recalculated_from_experimental_copy
609,test,data/processed/MMOTU_OTU_2D_experimental/test/images/609.JPG,data/processed/MMOTU_OTU_2D_experimental/test/masks/609_binary.PNG,959,540,3,uint8,.JPG,959,540,1,uint8,.PNG,"0,1",True,recalculated_from_experimental_copy
884,test,data/processed/MMOTU_OTU_2D_experimental/test/images/884.JPG,data/processed/MMOTU_OTU_2D_experimental/test/masks/884_binary.PNG,478,524,3,uint8,.JPG,478,524,1,uint8,.PNG,"0,1",True,recalculated_from_experimental_copy
193,test,data/processed/MMOTU_OTU_2D_experimental/test/images/193.JPG,data/processed/MMOTU_OTU_2D_experimental/test/masks/193_binary.PNG,479,533,3,uint8,.JPG,479,533,1,uint8,.PNG,"0,1",True,recalculated_from_experimental_copy
229,test,data/processed/MMOTU_OTU_2D_experimental/test/images/229.JPG,data/processed/MMOTU_OTU_2D_experimental/test/masks/229_binary.PNG,878,443,3,uint8,.JPG,878,443,1,uint8,.PNG,"0,1",True,recalculated_from_experimental_copy
521,test,data/processed/MMOTU_OTU_2D_experimental/test/images/521.JPG,data/processed/MMOTU_OTU_2D_experimental/test/masks/521_binary.PNG,956,559,3,uint8,.JPG,956,559,1,uint8,.PNG,"0,1",True,recalculated_from_experimental_copy
740,test,data/processed/MMOTU_OTU_2D_experimental/test/images/740.JPG,data/processed/MMOTU_OTU_2D_experimental/test/masks/740_binary.PNG,499,551,3,uint8,.JPG,499,551,1,uint8,.PNG,"0,1",True,recalculated_from_experimental_copy
962,test,data/processed/MMOTU_OTU_2D_experimental/test/images/962.JPG,data/processed/MMOTU_OTU_2D_experimental/test/masks/962_binary.PNG,963,519,3,uint8,.JPG,963,519,1,uint8,.PNG,"0,1",True,recalculated_from_experimental_copy
1347,test,data/processed/MMOTU_OTU_2D_experimental/test/images/1347.JPG,data/processed/MMOTU_OTU_2D_experimental/test/masks/1347_binary.PNG,570,595,3,uint8,.JPG,570,595,1,uint8,.PNG,"0,1",True,recalculated_from_experimental_copy
1030,test,data/processed/MMOTU_OTU_2D_experimental/test/images/1030.JPG,data/processed/MMOTU_OTU_2D_experimental/test/masks/1030_binary.PNG,479,532,3,uint8,.JPG,479,532,1,uint8,.PNG,"0,1",True,recalculated_from_experimental_copy
1140,test,data/processed/MMOTU_OTU_2D_experimental/test/images/1140.JPG,data/processed/MMOTU_OTU_2D_experimental/test/masks/1140_binary.PNG,973,531,3,uint8,.JPG,973,531,1,uint8,.PNG,"0,1",True,recalculated_from_experimental_copy
47,test,data/processed/MMOTU_OTU_2D_experimental/test/images/47.JPG,data/processed/MMOTU_OTU_2D_experimental/test/masks/47_binary.PNG,481,531,3,uint8,.JPG,481,531,1,uint8,.PNG,"0,1",True,recalculated_from_experimental_copy
162,test,data/processed/MMOTU_OTU_2D_experimental/test/images/162.JPG,data/processed/MMOTU_OTU_2D_experimental/test/masks/162_binary.PNG,959,536,3,uint8,.JPG,959,536,1,uint8,.PNG,"0,1",True,recalculated_from_experimental_copy
1176,test,data/processed/MMOTU_OTU_2D_experimental/test/images/1176.JPG,data/processed/MMOTU_OTU_2D_experimental/test/masks/1176_binary.PNG,954,538,3,uint8,.JPG,954,538,1,uint8,.PNG,"0,1",True,recalculated_from_experimental_copy
126,test,data/processed/MMOTU_OTU_2D_experimental/test/images/126.JPG,data/processed/MMOTU_OTU_2D_experimental/test/masks/126_binary.PNG,479,530,3,uint8,.JPG,479,530,1,uint8,.PNG,"0,1",True,recalculated_from_experimental_copy
21,test,data/processed/MMOTU_OTU_2D_experimental/test/images/21.JPG,data/processed/MMOTU_OTU_2D_experimental/test/masks/21_binary.PNG,480,533,3,uint8,.JPG,480,533,1,uint8,.PNG,"0,1",True,recalculated_from_experimental_copy
323,test,data/processed/MMOTU_OTU_2D_experimental/test/images/323.JPG,data/processed/MMOTU_OTU_2D_experimental/test/masks/323_binary.PNG,479,529,3,uint8,.JPG,479,529,1,uint8,.PNG,"0,1",True,recalculated_from_experimental_copy
102,test,data/processed/MMOTU_OTU_2D_experimental/test/images/102.JPG,data/processed/MMOTU_OTU_2D_experimental/test/masks/102_binary.PNG,959,533,3,uint8,.JPG,959,533,1,uint8,.PNG,"0,1",True,recalculated_from_experimental_copy
672,test,data/processed/MMOTU_OTU_2D_experimental/test/images/672.JPG,data/processed/MMOTU_OTU_2D_experimental/test/masks/672_binary.PNG,1134,784,3,uint8,.JPG,1134,784,1,uint8,.PNG,"0,1",True,recalculated_from_experimental_copy
1076,test,data/processed/MMOTU_OTU_2D_experimental/test/images/1076.JPG,data/processed/MMOTU_OTU_2D_experimental/test/masks/1076_binary.PNG,482,529,3,uint8,.JPG,482,529,1,uint8,.PNG,"0,1",True,recalculated_from_experimental_copy
1157,test,data/processed/MMOTU_OTU_2D_experimental/test/images/1157.JPG,data/processed/MMOTU_OTU_2D_experimental/test/masks/1157_binary.PNG,1135,592,3,uint8,.JPG,1135,592,1,uint8,.PNG,"0,1",True,recalculated_from_experimental_copy
1104,test,data/processed/MMOTU_OTU_2D_experimental/test/images/1104.JPG,data/processed/MMOTU_OTU_2D_experimental/test/masks/1104_binary.PNG,957,512,3,uint8,.JPG,957,512,1,uint8,.PNG,"0,1",True,recalculated_from_experimental_copy
1302,test,data/processed/MMOTU_OTU_2D_experimental/test/images/1302.JPG,data/processed/MMOTU_OTU_2D_experimental/test/masks/1302_binary.PNG,958,540,3,uint8,.JPG,958,540,1,uint8,.PNG,"0,1",True,recalculated_from_experimental_copy
3,test,data/processed/MMOTU_OTU_2D_experimental/test/images/3.JPG,data/processed/MMOTU_OTU_2D_experimental/test/masks/3_binary.PNG,478,537,3,uint8,.JPG,478,537,1,uint8,.PNG,"0,1",True,recalculated_from_experimental_copy
15,test,data/processed/MMOTU_OTU_2D_experimental/test/images/15.JPG,data/processed/MMOTU_OTU_2D_experimental/test/masks/15_binary.PNG,958,534,3,uint8,.JPG,958,534,1,uint8,.PNG,"0,1",True,recalculated_from_experimental_copy
792,test,data/processed/MMOTU_OTU_2D_experimental/test/images/792.JPG,data/processed/MMOTU_OTU_2D_experimental/test/masks/792_binary.PNG,568,616,3,uint8,.JPG,568,616,1,uint8,.PNG,"0,1",True,recalculated_from_experimental_copy
1230,test,data/processed/MMOTU_OTU_2D_experimental/test/images/1230.JPG,data/processed/MMOTU_OTU_2D_experimental/test/masks/1230_binary.PNG,960,530,3,uint8,.JPG,960,530,1,uint8,.PNG,"0,1",True,recalculated_from_experimental_copy
1390,test,data/processed/MMOTU_OTU_2D_experimental/test/images/1390.JPG,data/processed/MMOTU_OTU_2D_experimental/test/masks/1390_binary.PNG,484,537,3,uint8,.JPG,484,537,1,uint8,.PNG,"0,1",True,recalculated_from_experimental_copy
558,test,data/processed/MMOTU_OTU_2D_experimental/test/images/558.JPG,data/processed/MMOTU_OTU_2D_experimental/test/masks/558_binary.PNG,568,622,3,uint8,.JPG,568,622,1,uint8,.PNG,"0,1",True,recalculated_from_experimental_copy
1340,test,data/processed/MMOTU_OTU_2D_experimental/test/images/1340.JPG,data/processed/MMOTU_OTU_2D_experimental/test/masks/1340_binary.PNG,570,592,3,uint8,.JPG,570,592,1,uint8,.PNG,"0,1",True,recalculated_from_experimental_copy
1295,test,data/processed/MMOTU_OTU_2D_experimental/test/images/1295.JPG,data/processed/MMOTU_OTU_2D_experimental/test/masks/1295_binary.PNG,954,541,3,uint8,.JPG,954,541,1,uint8,.PNG,"0,1",True,recalculated_from_experimental_copy
979,test,data/processed/MMOTU_OTU_2D_experimental/test/images/979.JPG,data/processed/MMOTU_OTU_2D_experimental/test/masks/979_binary.PNG,481,525,3,uint8,.JPG,481,525,1,uint8,.PNG,"0,1",True,recalculated_from_experimental_copy
1469,test,data/processed/MMOTU_OTU_2D_experimental/test/images/1469.JPG,data/processed/MMOTU_OTU_2D_experimental/test/masks/1469_binary.PNG,955,520,3,uint8,.JPG,955,520,1,uint8,.PNG,"0,1",True,recalculated_from_experimental_copy
495,test,data/processed/MMOTU_OTU_2D_experimental/test/images/495.JPG,data/processed/MMOTU_OTU_2D_experimental/test/masks/495_binary.PNG,873,617,3,uint8,.JPG,873,617,1,uint8,.PNG,"0,1",True,recalculated_from_experimental_copy
508,test,data/processed/MMOTU_OTU_2D_experimental/test/images/508.JPG,data/processed/MMOTU_OTU_2D_experimental/test/masks/508_binary.PNG,479,545,3,uint8,.JPG,479,545,1,uint8,.PNG,"0,1",True,recalculated_from_experimental_copy
168,test,data/processed/MMOTU_OTU_2D_experimental/test/images/168.JPG,data/processed/MMOTU_OTU_2D_experimental/test/masks/168_binary.PNG,480,535,3,uint8,.JPG,480,535,1,uint8,.PNG,"0,1",True,recalculated_from_experimental_copy
326,test,data/processed/MMOTU_OTU_2D_experimental/test/images/326.JPG,data/processed/MMOTU_OTU_2D_experimental/test/masks/326_binary.PNG,478,535,3,uint8,.JPG,478,535,1,uint8,.PNG,"0,1",True,recalculated_from_experimental_copy
937,test,data/processed/MMOTU_OTU_2D_experimental/test/images/937.JPG,data/processed/MMOTU_OTU_2D_experimental/test/masks/937_binary.PNG,565,578,3,uint8,.JPG,565,578,1,uint8,.PNG,"0,1",True,recalculated_from_experimental_copy
682,test,data/processed/MMOTU_OTU_2D_experimental/test/images/682.JPG,data/processed/MMOTU_OTU_2D_experimental/test/masks/682_binary.PNG,496,532,3,uint8,.JPG,496,532,1,uint8,.PNG,"0,1",True,recalculated_from_experimental_copy
1317,test,data/processed/MMOTU_OTU_2D_experimental/test/images/1317.JPG,data/processed/MMOTU_OTU_2D_experimental/test/masks/1317_binary.PNG,481,536,3,uint8,.JPG,481,536,1,uint8,.PNG,"0,1",True,recalculated_from_experimental_copy
114,test,data/processed/MMOTU_OTU_2D_experimental/test/images/114.JPG,data/processed/MMOTU_OTU_2D_experimental/test/masks/114_binary.PNG,958,531,3,uint8,.JPG,958,531,1,uint8,.PNG,"0,1",True,recalculated_from_experimental_copy
1393,test,data/processed/MMOTU_OTU_2D_experimental/test/images/1393.JPG,data/processed/MMOTU_OTU_2D_experimental/test/masks/1393_binary.PNG,569,592,3,uint8,.JPG,569,592,1,uint8,.PNG,"0,1",True,recalculated_from_experimental_copy
965,test,data/processed/MMOTU_OTU_2D_experimental/test/images/965.JPG,data/processed/MMOTU_OTU_2D_experimental/test/masks/965_binary.PNG,1131,583,3,uint8,.JPG,1131,583,1,uint8,.PNG,"0,1",True,recalculated_from_experimental_copy
377,test,data/processed/MMOTU_OTU_2D_experimental/test/images/377.JPG,data/processed/MMOTU_OTU_2D_experimental/test/masks/377_binary.PNG,483,539,3,uint8,.JPG,483,539,1,uint8,.PNG,"0,1",True,recalculated_from_experimental_copy
644,test,data/processed/MMOTU_OTU_2D_experimental/test/images/644.JPG,data/processed/MMOTU_OTU_2D_experimental/test/masks/644_binary.PNG,971,553,3,uint8,.JPG,971,553,1,uint8,.PNG,"0,1",True,recalculated_from_experimental_copy
1367,test,data/processed/MMOTU_OTU_2D_experimental/test/images/1367.JPG,data/processed/MMOTU_OTU_2D_experimental/test/masks/1367_binary.PNG,959,536,3,uint8,.JPG,959,536,1,uint8,.PNG,"0,1",True,recalculated_from_experimental_copy
299,test,data/processed/MMOTU_OTU_2D_experimental/test/images/299.JPG,data/processed/MMOTU_OTU_2D_experimental/test/masks/299_binary.PNG,481,534,3,uint8,.JPG,481,534,1,uint8,.PNG,"0,1",True,recalculated_from_experimental_copy
870,test,data/processed/MMOTU_OTU_2D_experimental/test/images/870.JPG,data/processed/MMOTU_OTU_2D_experimental/test/masks/870_binary.PNG,974,537,3,uint8,.JPG,974,537,1,uint8,.PNG,"0,1",True,recalculated_from_experimental_copy
1046,test,data/processed/MMOTU_OTU_2D_experimental/test/images/1046.JPG,data/processed/MMOTU_OTU_2D_experimental/test/masks/1046_binary.PNG,955,538,3,uint8,.JPG,955,538,1,uint8,.PNG,"0,1",True,recalculated_from_experimental_copy
1133,test,data/processed/MMOTU_OTU_2D_experimental/test/images/1133.JPG,data/processed/MMOTU_OTU_2D_experimental/test/masks/1133_binary.PNG,959,529,3,uint8,.JPG,959,529,1,uint8,.PNG,"0,1",True,recalculated_from_experimental_copy
1049,test,data/processed/MMOTU_OTU_2D_experimental/test/images/1049.JPG,data/processed/MMOTU_OTU_2D_experimental/test/masks/1049_binary.PNG,955,534,3,uint8,.JPG,955,534,1,uint8,.PNG,"0,1",True,recalculated_from_experimental_copy
718,test,data/processed/MMOTU_OTU_2D_experimental/test/images/718.JPG,data/processed/MMOTU_OTU_2D_experimental/test/masks/718_binary.PNG,481,543,3,uint8,.JPG,481,543,1,uint8,.PNG,"0,1",True,recalculated_from_experimental_copy
443,test,data/processed/MMOTU_OTU_2D_experimental/test/images/443.JPG,data/processed/MMOTU_OTU_2D_experimental/test/masks/443_binary.PNG,490,269,3,uint8,.JPG,490,269,1,uint8,.PNG,"0,1",True,recalculated_from_experimental_copy
1073,test,data/processed/MMOTU_OTU_2D_experimental/test/images/1073.JPG,data/processed/MMOTU_OTU_2D_experimental/test/masks/1073_binary.PNG,958,523,3,uint8,.JPG,958,523,1,uint8,.PNG,"0,1",True,recalculated_from_experimental_copy
1401,test,data/processed/MMOTU_OTU_2D_experimental/test/images/1401.JPG,data/processed/MMOTU_OTU_2D_experimental/test/masks/1401_binary.PNG,959,538,3,uint8,.JPG,959,538,1,uint8,.PNG,"0,1",True,recalculated_from_experimental_copy
1305,test,data/processed/MMOTU_OTU_2D_experimental/test/images/1305.JPG,data/processed/MMOTU_OTU_2D_experimental/test/masks/1305_binary.PNG,958,536,3,uint8,.JPG,958,536,1,uint8,.PNG,"0,1",True,recalculated_from_experimental_copy
136,test,data/processed/MMOTU_OTU_2D_experimental/test/images/136.JPG,data/processed/MMOTU_OTU_2D_experimental/test/masks/136_binary.PNG,957,533,3,uint8,.JPG,957,533,1,uint8,.PNG,"0,1",True,recalculated_from_experimental_copy
64,test,data/processed/MMOTU_OTU_2D_experimental/test/images/64.JPG,data/processed/MMOTU_OTU_2D_experimental/test/masks/64_binary.PNG,958,532,3,uint8,.JPG,958,532,1,uint8,.PNG,"0,1",True,recalculated_from_experimental_copy
1171,test,data/processed/MMOTU_OTU_2D_experimental/test/images/1171.JPG,data/processed/MMOTU_OTU_2D_experimental/test/masks/1171_binary.PNG,568,594,3,uint8,.JPG,568,594,1,uint8,.PNG,"0,1",True,recalculated_from_experimental_copy
1365,test,data/processed/MMOTU_OTU_2D_experimental/test/images/1365.JPG,data/processed/MMOTU_OTU_2D_experimental/test/masks/1365_binary.PNG,959,535,3,uint8,.JPG,959,535,1,uint8,.PNG,"0,1",True,recalculated_from_experimental_copy
1066,test,data/processed/MMOTU_OTU_2D_experimental/test/images/1066.JPG,data/processed/MMOTU_OTU_2D_experimental/test/masks/1066_binary.PNG,479,508,3,uint8,.JPG,479,508,1,uint8,.PNG,"0,1",True,recalculated_from_experimental_copy
159,test,data/processed/MMOTU_OTU_2D_experimental/test/images/159.JPG,data/processed/MMOTU_OTU_2D_experimental/test/masks/159_binary.PNG,953,533,3,uint8,.JPG,953,533,1,uint8,.PNG,"0,1",True,recalculated_from_experimental_copy
554,test,data/processed/MMOTU_OTU_2D_experimental/test/images/554.JPG,data/processed/MMOTU_OTU_2D_experimental/test/masks/554_binary.PNG,477,552,3,uint8,.JPG,477,552,1,uint8,.PNG,"0,1",True,recalculated_from_experimental_copy
473,test,data/processed/MMOTU_OTU_2D_experimental/test/images/473.JPG,data/processed/MMOTU_OTU_2D_experimental/test/masks/473_binary.PNG,1103,569,3,uint8,.JPG,1103,569,1,uint8,.PNG,"0,1",True,recalculated_from_experimental_copy
468,test,data/processed/MMOTU_OTU_2D_experimental/test/images/468.JPG,data/processed/MMOTU_OTU_2D_experimental/test/masks/468_binary.PNG,959,535,3,uint8,.JPG,959,535,1,uint8,.PNG,"0,1",True,recalculated_from_experimental_copy
8,test,data/processed/MMOTU_OTU_2D_experimental/test/images/8.JPG,data/processed/MMOTU_OTU_2D_experimental/test/masks/8_binary.PNG,958,533,3,uint8,.JPG,958,533,1,uint8,.PNG,"0,1",True,recalculated_from_experimental_copy
1382,test,data/processed/MMOTU_OTU_2D_experimental/test/images/1382.JPG,data/processed/MMOTU_OTU_2D_experimental/test/masks/1382_binary.PNG,768,559,3,uint8,.JPG,768,559,1,uint8,.PNG,"0,1",True,recalculated_from_experimental_copy
751,test,data/processed/MMOTU_OTU_2D_experimental/test/images/751.JPG,data/processed/MMOTU_OTU_2D_experimental/test/masks/751_binary.PNG,1079,631,3,uint8,.JPG,1079,631,1,uint8,.PNG,"0,1",True,recalculated_from_experimental_copy
1331,test,data/processed/MMOTU_OTU_2D_experimental/test/images/1331.JPG,data/processed/MMOTU_OTU_2D_experimental/test/masks/1331_binary.PNG,479,559,3,uint8,.JPG,479,559,1,uint8,.PNG,"0,1",True,recalculated_from_experimental_copy
1002,test,data/processed/MMOTU_OTU_2D_experimental/test/images/1002.JPG,data/processed/MMOTU_OTU_2D_experimental/test/masks/1002_binary.PNG,959,528,3,uint8,.JPG,959,528,1,uint8,.PNG,"0,1",True,recalculated_from_experimental_copy
1167,test,data/processed/MMOTU_OTU_2D_experimental/test/images/1167.JPG,data/processed/MMOTU_OTU_2D_experimental/test/masks/1167_binary.PNG,568,590,3,uint8,.JPG,568,590,1,uint8,.PNG,"0,1",True,recalculated_from_experimental_copy
985,test,data/processed/MMOTU_OTU_2D_experimental/test/images/985.JPG,data/processed/MMOTU_OTU_2D_experimental/test/masks/985_binary.PNG,1132,585,3,uint8,.JPG,1132,585,1,uint8,.PNG,"0,1",True,recalculated_from_experimental_copy
301,test,data/processed/MMOTU_OTU_2D_experimental/test/images/301.JPG,data/processed/MMOTU_OTU_2D_experimental/test/masks/301_binary.PNG,480,533,3,uint8,.JPG,480,533,1,uint8,.PNG,"0,1",True,recalculated_from_experimental_copy
863,test,data/processed/MMOTU_OTU_2D_experimental/test/images/863.JPG,data/processed/MMOTU_OTU_2D_experimental/test/masks/863_binary.PNG,957,549,3,uint8,.JPG,957,549,1,uint8,.PNG,"0,1",True,recalculated_from_experimental_copy
1288,test,data/processed/MMOTU_OTU_2D_experimental/test/images/1288.JPG,data/processed/MMOTU_OTU_2D_experimental/test/masks/1288_binary.PNG,567,589,3,uint8,.JPG,567,589,1,uint8,.PNG,"0,1",True,recalculated_from_experimental_copy
868,test,data/processed/MMOTU_OTU_2D_experimental/test/images/868.JPG,data/processed/MMOTU_OTU_2D_experimental/test/masks/868_binary.PNG,480,563,3,uint8,.JPG,480,563,1,uint8,.PNG,"0,1",True,recalculated_from_experimental_copy
1018,test,data/processed/MMOTU_OTU_2D_experimental/test/images/1018.JPG,data/processed/MMOTU_OTU_2D_experimental/test/masks/1018_binary.PNG,567,589,3,uint8,.JPG,567,589,1,uint8,.PNG,"0,1",True,recalculated_from_experimental_copy
1435,test,data/processed/MMOTU_OTU_2D_experimental/test/images/1435.JPG,data/processed/MMOTU_OTU_2D_experimental/test/masks/1435_binary.PNG,476,536,3,uint8,.JPG,476,536,1,uint8,.PNG,"0,1",True,recalculated_from_experimental_copy
921,test,data/processed/MMOTU_OTU_2D_experimental/test/images/921.JPG,data/processed/MMOTU_OTU_2D_experimental/test/masks/921_binary.PNG,958,529,3,uint8,.JPG,958,529,1,uint8,.PNG,"0,1",True,recalculated_from_experimental_copy
514,test,data/processed/MMOTU_OTU_2D_experimental/test/images/514.JPG,data/processed/MMOTU_OTU_2D_experimental/test/masks/514_binary.PNG,970,563,3,uint8,.JPG,970,563,1,uint8,.PNG,"0,1",True,recalculated_from_experimental_copy
1430,test,data/processed/MMOTU_OTU_2D_experimental/test/images/1430.JPG,data/processed/MMOTU_OTU_2D_experimental/test/masks/1430_binary.PNG,1115,568,3,uint8,.JPG,1115,568,1,uint8,.PNG,"0,1",True,recalculated_from_experimental_copy
1325,test,data/processed/MMOTU_OTU_2D_experimental/test/images/1325.JPG,data/processed/MMOTU_OTU_2D_experimental/test/masks/1325_binary.PNG,482,530,3,uint8,.JPG,482,530,1,uint8,.PNG,"0,1",True,recalculated_from_experimental_copy
1184,test,data/processed/MMOTU_OTU_2D_experimental/test/images/1184.JPG,data/processed/MMOTU_OTU_2D_experimental/test/masks/1184_binary.PNG,1135,594,3,uint8,.JPG,1135,594,1,uint8,.PNG,"0,1",True,recalculated_from_experimental_copy
1143,test,data/processed/MMOTU_OTU_2D_experimental/test/images/1143.JPG,data/processed/MMOTU_OTU_2D_experimental/test/masks/1143_binary.PNG,958,524,3,uint8,.JPG,958,524,1,uint8,.PNG,"0,1",True,recalculated_from_experimental_copy
453,test,data/processed/MMOTU_OTU_2D_experimental/test/images/453.JPG,data/processed/MMOTU_OTU_2D_experimental/test/masks/453_binary.PNG,478,533,3,uint8,.JPG,478,533,1,uint8,.PNG,"0,1",True,recalculated_from_experimental_copy
1381,test,data/processed/MMOTU_OTU_2D_experimental/test/images/1381.JPG,data/processed/MMOTU_OTU_2D_experimental/test/masks/1381_binary.PNG,483,551,3,uint8,.JPG,483,551,1,uint8,.PNG,"0,1",True,recalculated_from_experimental_copy
936,test,data/processed/MMOTU_OTU_2D_experimental/test/images/936.JPG,data/processed/MMOTU_OTU_2D_experimental/test/masks/936_binary.PNG,566,587,3,uint8,.JPG,566,587,1,uint8,.PNG,"0,1",True,recalculated_from_experimental_copy
333,test,data/processed/MMOTU_OTU_2D_experimental/test/images/333.JPG,data/processed/MMOTU_OTU_2D_experimental/test/masks/333_binary.PNG,1104,567,3,uint8,.JPG,1104,567,1,uint8,.PNG,"0,1",True,recalculated_from_experimental_copy
134,test,data/processed/MMOTU_OTU_2D_experimental/test/images/134.JPG,data/processed/MMOTU_OTU_2D_experimental/test/masks/134_binary.PNG,478,532,3,uint8,.JPG,478,532,1,uint8,.PNG,"0,1",True,recalculated_from_experimental_copy
944,test,data/processed/MMOTU_OTU_2D_experimental/test/images/944.JPG,data/processed/MMOTU_OTU_2D_experimental/test/masks/944_binary.PNG,565,583,3,uint8,.JPG,565,583,1,uint8,.PNG,"0,1",True,recalculated_from_experimental_copy
412,test,data/processed/MMOTU_OTU_2D_experimental/test/images/412.JPG,data/processed/MMOTU_OTU_2D_experimental/test/masks/412_binary.PNG,962,660,3,uint8,.JPG,962,660,1,uint8,.PNG,"0,1",True,recalculated_from_experimental_copy
220,test,data/processed/MMOTU_OTU_2D_experimental/test/images/220.JPG,data/processed/MMOTU_OTU_2D_experimental/test/masks/220_binary.PNG,480,531,3,uint8,.JPG,480,531,1,uint8,.PNG,"0,1",True,recalculated_from_experimental_copy
1336,test,data/processed/MMOTU_OTU_2D_experimental/test/images/1336.JPG,data/processed/MMOTU_OTU_2D_experimental/test/masks/1336_binary.PNG,1103,562,3,uint8,.JPG,1103,562,1,uint8,.PNG,"0,1",True,recalculated_from_experimental_copy
872,test,data/processed/MMOTU_OTU_2D_experimental/test/images/872.JPG,data/processed/MMOTU_OTU_2D_experimental/test/masks/872_binary.PNG,1134,596,3,uint8,.JPG,1134,596,1,uint8,.PNG,"0,1",True,recalculated_from_experimental_copy
306,test,data/processed/MMOTU_OTU_2D_experimental/test/images/306.JPG,data/processed/MMOTU_OTU_2D_experimental/test/masks/306_binary.PNG,479,534,3,uint8,.JPG,479,534,1,uint8,.PNG,"0,1",True,recalculated_from_experimental_copy
504,test,data/processed/MMOTU_OTU_2D_experimental/test/images/504.JPG,data/processed/MMOTU_OTU_2D_experimental/test/masks/504_binary.PNG,477,559,3,uint8,.JPG,477,559,1,uint8,.PNG,"0,1",True,recalculated_from_experimental_copy
336,test,data/processed/MMOTU_OTU_2D_experimental/test/images/336.JPG,data/processed/MMOTU_OTU_2D_experimental/test/masks/336_binary.PNG,1134,592,3,uint8,.JPG,1134,592,1,uint8,.PNG,"0,1",True,recalculated_from_experimental_copy
1244,test,data/processed/MMOTU_OTU_2D_experimental/test/images/1244.JPG,data/processed/MMOTU_OTU_2D_experimental/test/masks/1244_binary.PNG,756,560,3,uint8,.JPG,756,560,1,uint8,.PNG,"0,1",True,recalculated_from_experimental_copy
837,test,data/processed/MMOTU_OTU_2D_experimental/test/images/837.JPG,data/processed/MMOTU_OTU_2D_experimental/test/masks/837_binary.PNG,958,611,3,uint8,.JPG,958,611,1,uint8,.PNG,"0,1",True,recalculated_from_experimental_copy
732,test,data/processed/MMOTU_OTU_2D_experimental/test/images/732.JPG,data/processed/MMOTU_OTU_2D_experimental/test/masks/732_binary.PNG,481,552,3,uint8,.JPG,481,552,1,uint8,.PNG,"0,1",True,recalculated_from_experimental_copy
1308,test,data/processed/MMOTU_OTU_2D_experimental/test/images/1308.JPG,data/processed/MMOTU_OTU_2D_experimental/test/masks/1308_binary.PNG,962,616,3,uint8,.JPG,962,616,1,uint8,.PNG,"0,1",True,recalculated_from_experimental_copy
315,test,data/processed/MMOTU_OTU_2D_experimental/test/images/315.JPG,data/processed/MMOTU_OTU_2D_experimental/test/masks/315_binary.PNG,479,533,3,uint8,.JPG,479,533,1,uint8,.PNG,"0,1",True,recalculated_from_experimental_copy
585,test,data/processed/MMOTU_OTU_2D_experimental/test/images/585.JPG,data/processed/MMOTU_OTU_2D_experimental/test/masks/585_binary.PNG,957,571,3,uint8,.JPG,957,571,1,uint8,.PNG,"0,1",True,recalculated_from_experimental_copy
163,test,data/processed/MMOTU_OTU_2D_experimental/test/images/163.JPG,data/processed/MMOTU_OTU_2D_experimental/test/masks/163_binary.PNG,956,533,3,uint8,.JPG,956,533,1,uint8,.PNG,"0,1",True,recalculated_from_experimental_copy
1273,test,data/processed/MMOTU_OTU_2D_experimental/test/images/1273.JPG,data/processed/MMOTU_OTU_2D_experimental/test/masks/1273_binary.PNG,1117,590,3,uint8,.JPG,1117,590,1,uint8,.PNG,"0,1",True,recalculated_from_experimental_copy
1134,test,data/processed/MMOTU_OTU_2D_experimental/test/images/1134.JPG,data/processed/MMOTU_OTU_2D_experimental/test/masks/1134_binary.PNG,480,534,3,uint8,.JPG,480,534,1,uint8,.PNG,"0,1",True,recalculated_from_experimental_copy
661,test,data/processed/MMOTU_OTU_2D_experimental/test/images/661.JPG,data/processed/MMOTU_OTU_2D_experimental/test/masks/661_binary.PNG,481,550,3,uint8,.JPG,481,550,1,uint8,.PNG,"0,1",True,recalculated_from_experimental_copy
1427,test,data/processed/MMOTU_OTU_2D_experimental/test/images/1427.JPG,data/processed/MMOTU_OTU_2D_experimental/test/masks/1427_binary.PNG,957,534,3,uint8,.JPG,957,534,1,uint8,.PNG,"0,1",True,recalculated_from_experimental_copy
1024,test,data/processed/MMOTU_OTU_2D_experimental/test/images/1024.JPG,data/processed/MMOTU_OTU_2D_experimental/test/masks/1024_binary.PNG,478,523,3,uint8,.JPG,478,523,1,uint8,.PNG,"0,1",True,recalculated_from_experimental_copy
237,test,data/processed/MMOTU_OTU_2D_experimental/test/images/237.JPG,data/processed/MMOTU_OTU_2D_experimental/test/masks/237_binary.PNG,857,559,3,uint8,.JPG,857,559,1,uint8,.PNG,"0,1",True,recalculated_from_experimental_copy
206,test,data/processed/MMOTU_OTU_2D_experimental/test/images/206.JPG,data/processed/MMOTU_OTU_2D_experimental/test/masks/206_binary.PNG,958,662,3,uint8,.JPG,958,662,1,uint8,.PNG,"0,1",True,recalculated_from_experimental_copy
1062,test,data/processed/MMOTU_OTU_2D_experimental/test/images/1062.JPG,data/processed/MMOTU_OTU_2D_experimental/test/masks/1062_binary.PNG,958,539,3,uint8,.JPG,958,539,1,uint8,.PNG,"0,1",True,recalculated_from_experimental_copy
350,test,data/processed/MMOTU_OTU_2D_experimental/test/images/350.JPG,data/processed/MMOTU_OTU_2D_experimental/test/masks/350_binary.PNG,474,604,3,uint8,.JPG,474,604,1,uint8,.PNG,"0,1",True,recalculated_from_experimental_copy
429,test,data/processed/MMOTU_OTU_2D_experimental/test/images/429.JPG,data/processed/MMOTU_OTU_2D_experimental/test/masks/429_binary.PNG,959,534,3,uint8,.JPG,959,534,1,uint8,.PNG,"0,1",True,recalculated_from_experimental_copy
71,test,data/processed/MMOTU_OTU_2D_experimental/test/images/71.JPG,data/processed/MMOTU_OTU_2D_experimental/test/masks/71_binary.PNG,480,535,3,uint8,.JPG,480,535,1,uint8,.PNG,"0,1",True,recalculated_from_experimental_copy
627,test,data/processed/MMOTU_OTU_2D_experimental/test/images/627.JPG,data/processed/MMOTU_OTU_2D_experimental/test/masks/627_binary.PNG,480,540,3,uint8,.JPG,480,540,1,uint8,.PNG,"0,1",True,recalculated_from_experimental_copy
354,test,data/processed/MMOTU_OTU_2D_experimental/test/images/354.JPG,data/processed/MMOTU_OTU_2D_experimental/test/masks/354_binary.PNG,958,535,3,uint8,.JPG,958,535,1,uint8,.PNG,"0,1",True,recalculated_from_experimental_copy
1014,test,data/processed/MMOTU_OTU_2D_experimental/test/images/1014.JPG,data/processed/MMOTU_OTU_2D_experimental/test/masks/1014_binary.PNG,481,528,3,uint8,.JPG,481,528,1,uint8,.PNG,"0,1",True,recalculated_from_experimental_copy
431,test,data/processed/MMOTU_OTU_2D_experimental/test/images/431.JPG,data/processed/MMOTU_OTU_2D_experimental/test/masks/431_binary.PNG,649,327,3,uint8,.JPG,649,327,1,uint8,.PNG,"0,1",True,recalculated_from_experimental_copy
694,test,data/processed/MMOTU_OTU_2D_experimental/test/images/694.JPG,data/processed/MMOTU_OTU_2D_experimental/test/masks/694_binary.PNG,481,545,3,uint8,.JPG,481,545,1,uint8,.PNG,"0,1",True,recalculated_from_experimental_copy
1354,test,data/processed/MMOTU_OTU_2D_experimental/test/images/1354.JPG,data/processed/MMOTU_OTU_2D_experimental/test/masks/1354_binary.PNG,482,540,3,uint8,.JPG,482,540,1,uint8,.PNG,"0,1",True,recalculated_from_experimental_copy
225,test,data/processed/MMOTU_OTU_2D_experimental/test/images/225.JPG,data/processed/MMOTU_OTU_2D_experimental/test/masks/225_binary.PNG,479,444,3,uint8,.JPG,479,444,1,uint8,.PNG,"0,1",True,recalculated_from_experimental_copy
1179,test,data/processed/MMOTU_OTU_2D_experimental/test/images/1179.JPG,data/processed/MMOTU_OTU_2D_experimental/test/masks/1179_binary.PNG,726,556,3,uint8,.JPG,726,556,1,uint8,.PNG,"0,1",True,recalculated_from_experimental_copy
254,test,data/processed/MMOTU_OTU_2D_experimental/test/images/254.JPG,data/processed/MMOTU_OTU_2D_experimental/test/masks/254_binary.PNG,959,530,3,uint8,.JPG,959,530,1,uint8,.PNG,"0,1",True,recalculated_from_experimental_copy
1267,test,data/processed/MMOTU_OTU_2D_experimental/test/images/1267.JPG,data/processed/MMOTU_OTU_2D_experimental/test/masks/1267_binary.PNG,959,535,3,uint8,.JPG,959,535,1,uint8,.PNG,"0,1",True,recalculated_from_experimental_copy
791,test,data/processed/MMOTU_OTU_2D_experimental/test/images/791.JPG,data/processed/MMOTU_OTU_2D_experimental/test/masks/791_binary.PNG,570,602,3,uint8,.JPG,570,602,1,uint8,.PNG,"0,1",True,recalculated_from_experimental_copy
1468,test,data/processed/MMOTU_OTU_2D_experimental/test/images/1468.JPG,data/processed/MMOTU_OTU_2D_experimental/test/masks/1468_binary.PNG,482,271,3,uint8,.JPG,482,271,1,uint8,.PNG,"0,1",True,recalculated_from_experimental_copy
1224,test,data/processed/MMOTU_OTU_2D_experimental/test/images/1224.JPG,data/processed/MMOTU_OTU_2D_experimental/test/masks/1224_binary.PNG,1135,589,3,uint8,.JPG,1135,589,1,uint8,.PNG,"0,1",True,recalculated_from_experimental_copy
281,test,data/processed/MMOTU_OTU_2D_experimental/test/images/281.JPG,data/processed/MMOTU_OTU_2D_experimental/test/masks/281_binary.PNG,958,535,3,uint8,.JPG,958,535,1,uint8,.PNG,"0,1",True,recalculated_from_experimental_copy
344,test,data/processed/MMOTU_OTU_2D_experimental/test/images/344.JPG,data/processed/MMOTU_OTU_2D_experimental/test/masks/344_binary.PNG,959,533,3,uint8,.JPG,959,533,1,uint8,.PNG,"0,1",True,recalculated_from_experimental_copy
1132,test,data/processed/MMOTU_OTU_2D_experimental/test/images/1132.JPG,data/processed/MMOTU_OTU_2D_experimental/test/masks/1132_binary.PNG,958,533,3,uint8,.JPG,958,533,1,uint8,.PNG,"0,1",True,recalculated_from_experimental_copy
1311,test,data/processed/MMOTU_OTU_2D_experimental/test/images/1311.JPG,data/processed/MMOTU_OTU_2D_experimental/test/masks/1311_binary.PNG,963,529,3,uint8,.JPG,963,529,1,uint8,.PNG,"0,1",True,recalculated_from_experimental_copy
1357,test,data/processed/MMOTU_OTU_2D_experimental/test/images/1357.JPG,data/processed/MMOTU_OTU_2D_experimental/test/masks/1357_binary.PNG,487,531,3,uint8,.JPG,487,531,1,uint8,.PNG,"0,1",True,recalculated_from_experimental_copy
227,test,data/processed/MMOTU_OTU_2D_experimental/test/images/227.JPG,data/processed/MMOTU_OTU_2D_experimental/test/masks/227_binary.PNG,478,444,3,uint8,.JPG,478,444,1,uint8,.PNG,"0,1",True,recalculated_from_experimental_copy
295,test,data/processed/MMOTU_OTU_2D_experimental/test/images/295.JPG,data/processed/MMOTU_OTU_2D_experimental/test/masks/295_binary.PNG,497,537,3,uint8,.JPG,497,537,1,uint8,.PNG,"0,1",True,recalculated_from_experimental_copy
573,test,data/processed/MMOTU_OTU_2D_experimental/test/images/573.JPG,data/processed/MMOTU_OTU_2D_experimental/test/masks/573_binary.PNG,567,603,3,uint8,.JPG,567,603,1,uint8,.PNG,"0,1",True,recalculated_from_experimental_copy
649,test,data/processed/MMOTU_OTU_2D_experimental/test/images/649.JPG,data/processed/MMOTU_OTU_2D_experimental/test/masks/649_binary.PNG,972,552,3,uint8,.JPG,972,552,1,uint8,.PNG,"0,1",True,recalculated_from_experimental_copy
217,test,data/processed/MMOTU_OTU_2D_experimental/test/images/217.JPG,data/processed/MMOTU_OTU_2D_experimental/test/masks/217_binary.PNG,957,530,3,uint8,.JPG,957,530,1,uint8,.PNG,"0,1",True,recalculated_from_experimental_copy
610,test,data/processed/MMOTU_OTU_2D_experimental/test/images/610.JPG,data/processed/MMOTU_OTU_2D_experimental/test/masks/610_binary.PNG,959,536,3,uint8,.JPG,959,536,1,uint8,.PNG,"0,1",True,recalculated_from_experimental_copy
1122,test,data/processed/MMOTU_OTU_2D_experimental/test/images/1122.JPG,data/processed/MMOTU_OTU_2D_experimental/test/masks/1122_binary.PNG,818,606,3,uint8,.JPG,818,606,1,uint8,.PNG,"0,1",True,recalculated_from_experimental_copy
806,test,data/processed/MMOTU_OTU_2D_experimental/test/images/806.JPG,data/processed/MMOTU_OTU_2D_experimental/test/masks/806_binary.PNG,959,540,3,uint8,.JPG,959,540,1,uint8,.PNG,"0,1",True,recalculated_from_experimental_copy
1360,test,data/processed/MMOTU_OTU_2D_experimental/test/images/1360.JPG,data/processed/MMOTU_OTU_2D_experimental/test/masks/1360_binary.PNG,478,537,3,uint8,.JPG,478,537,1,uint8,.PNG,"0,1",True,recalculated_from_experimental_copy
947,test,data/processed/MMOTU_OTU_2D_experimental/test/images/947.JPG,data/processed/MMOTU_OTU_2D_experimental/test/masks/947_binary.PNG,567,586,3,uint8,.JPG,567,586,1,uint8,.PNG,"0,1",True,recalculated_from_experimental_copy
966,test,data/processed/MMOTU_OTU_2D_experimental/test/images/966.JPG,data/processed/MMOTU_OTU_2D_experimental/test/masks/966_binary.PNG,777,650,3,uint8,.JPG,777,650,1,uint8,.PNG,"0,1",True,recalculated_from_experimental_copy
923,test,data/processed/MMOTU_OTU_2D_experimental/test/images/923.JPG,data/processed/MMOTU_OTU_2D_experimental/test/masks/923_binary.PNG,476,522,3,uint8,.JPG,476,522,1,uint8,.PNG,"0,1",True,recalculated_from_experimental_copy
882,test,data/processed/MMOTU_OTU_2D_experimental/test/images/882.JPG,data/processed/MMOTU_OTU_2D_experimental/test/masks/882_binary.PNG,958,543,3,uint8,.JPG,958,543,1,uint8,.PNG,"0,1",True,recalculated_from_experimental_copy
1190,test,data/processed/MMOTU_OTU_2D_experimental/test/images/1190.JPG,data/processed/MMOTU_OTU_2D_experimental/test/masks/1190_binary.PNG,481,540,3,uint8,.JPG,481,540,1,uint8,.PNG,"0,1",True,recalculated_from_experimental_copy
179,test,data/processed/MMOTU_OTU_2D_experimental/test/images/179.JPG,data/processed/MMOTU_OTU_2D_experimental/test/masks/179_binary.PNG,479,535,3,uint8,.JPG,479,535,1,uint8,.PNG,"0,1",True,recalculated_from_experimental_copy
383,test,data/processed/MMOTU_OTU_2D_experimental/test/images/383.JPG,data/processed/MMOTU_OTU_2D_experimental/test/masks/383_binary.PNG,549,585,3,uint8,.JPG,549,585,1,uint8,.PNG,"0,1",True,recalculated_from_experimental_copy
248,test,data/processed/MMOTU_OTU_2D_experimental/test/images/248.JPG,data/processed/MMOTU_OTU_2D_experimental/test/masks/248_binary.PNG,480,529,3,uint8,.JPG,480,529,1,uint8,.PNG,"0,1",True,recalculated_from_experimental_copy
269,test,data/processed/MMOTU_OTU_2D_experimental/test/images/269.JPG,data/processed/MMOTU_OTU_2D_experimental/test/masks/269_binary.PNG,568,591,3,uint8,.JPG,568,591,1,uint8,.PNG,"0,1",True,recalculated_from_experimental_copy
906,test,data/processed/MMOTU_OTU_2D_experimental/test/images/906.JPG,data/processed/MMOTU_OTU_2D_experimental/test/masks/906_binary.PNG,968,532,3,uint8,.JPG,968,532,1,uint8,.PNG,"0,1",True,recalculated_from_experimental_copy
1078,test,data/processed/MMOTU_OTU_2D_experimental/test/images/1078.JPG,data/processed/MMOTU_OTU_2D_experimental/test/masks/1078_binary.PNG,962,525,3,uint8,.JPG,962,525,1,uint8,.PNG,"0,1",True,recalculated_from_experimental_copy
877,test,data/processed/MMOTU_OTU_2D_experimental/test/images/877.JPG,data/processed/MMOTU_OTU_2D_experimental/test/masks/877_binary.PNG,959,574,3,uint8,.JPG,959,574,1,uint8,.PNG,"0,1",True,recalculated_from_experimental_copy
925,test,data/processed/MMOTU_OTU_2D_experimental/test/images/925.JPG,data/processed/MMOTU_OTU_2D_experimental/test/masks/925_binary.PNG,478,527,3,uint8,.JPG,478,527,1,uint8,.PNG,"0,1",True,recalculated_from_experimental_copy
640,test,data/processed/MMOTU_OTU_2D_experimental/test/images/640.JPG,data/processed/MMOTU_OTU_2D_experimental/test/masks/640_binary.PNG,1100,638,3,uint8,.JPG,1100,638,1,uint8,.PNG,"0,1",True,recalculated_from_experimental_copy
137,test,data/processed/MMOTU_OTU_2D_experimental/test/images/137.JPG,data/processed/MMOTU_OTU_2D_experimental/test/masks/137_binary.PNG,958,533,3,uint8,.JPG,958,533,1,uint8,.PNG,"0,1",True,recalculated_from_experimental_copy
810,test,data/processed/MMOTU_OTU_2D_experimental/test/images/810.JPG,data/processed/MMOTU_OTU_2D_experimental/test/masks/810_binary.PNG,565,598,3,uint8,.JPG,565,598,1,uint8,.PNG,"0,1",True,recalculated_from_experimental_copy
1124,test,data/processed/MMOTU_OTU_2D_experimental/test/images/1124.JPG,data/processed/MMOTU_OTU_2D_experimental/test/masks/1124_binary.PNG,482,534,3,uint8,.JPG,482,534,1,uint8,.PNG,"0,1",True,recalculated_from_experimental_copy
1173,test,data/processed/MMOTU_OTU_2D_experimental/test/images/1173.JPG,data/processed/MMOTU_OTU_2D_experimental/test/masks/1173_binary.PNG,728,555,3,uint8,.JPG,728,555,1,uint8,.PNG,"0,1",True,recalculated_from_experimental_copy
1232,test,data/processed/MMOTU_OTU_2D_experimental/test/images/1232.JPG,data/processed/MMOTU_OTU_2D_experimental/test/masks/1232_binary.PNG,973,529,3,uint8,.JPG,973,529,1,uint8,.PNG,"0,1",True,recalculated_from_experimental_copy
325,test,data/processed/MMOTU_OTU_2D_experimental/test/images/325.JPG,data/processed/MMOTU_OTU_2D_experimental/test/masks/325_binary.PNG,1088,607,3,uint8,.JPG,1088,607,1,uint8,.PNG,"0,1",True,recalculated_from_experimental_copy
1335,test,data/processed/MMOTU_OTU_2D_experimental/test/images/1335.JPG,data/processed/MMOTU_OTU_2D_experimental/test/masks/1335_binary.PNG,571,602,3,uint8,.JPG,571,602,1,uint8,.PNG,"0,1",True,recalculated_from_experimental_copy
511,test,data/processed/MMOTU_OTU_2D_experimental/test/images/511.JPG,data/processed/MMOTU_OTU_2D_experimental/test/masks/511_binary.PNG,971,545,3,uint8,.JPG,971,545,1,uint8,.PNG,"0,1",True,recalculated_from_experimental_copy
1088,test,data/processed/MMOTU_OTU_2D_experimental/test/images/1088.JPG,data/processed/MMOTU_OTU_2D_experimental/test/masks/1088_binary.PNG,480,599,3,uint8,.JPG,480,599,1,uint8,.PNG,"0,1",True,recalculated_from_experimental_copy
701,test,data/processed/MMOTU_OTU_2D_experimental/test/images/701.JPG,data/processed/MMOTU_OTU_2D_experimental/test/masks/701_binary.PNG,959,549,3,uint8,.JPG,959,549,1,uint8,.PNG,"0,1",True,recalculated_from_experimental_copy
817,test,data/processed/MMOTU_OTU_2D_experimental/test/images/817.JPG,data/processed/MMOTU_OTU_2D_experimental/test/masks/817_binary.PNG,957,572,3,uint8,.JPG,957,572,1,uint8,.PNG,"0,1",True,recalculated_from_experimental_copy
856,test,data/processed/MMOTU_OTU_2D_experimental/test/images/856.JPG,data/processed/MMOTU_OTU_2D_experimental/test/masks/856_binary.PNG,959,551,3,uint8,.JPG,959,551,1,uint8,.PNG,"0,1",True,recalculated_from_experimental_copy
1410,test,data/processed/MMOTU_OTU_2D_experimental/test/images/1410.JPG,data/processed/MMOTU_OTU_2D_experimental/test/masks/1410_binary.PNG,571,320,3,uint8,.JPG,571,320,1,uint8,.PNG,"0,1",True,recalculated_from_experimental_copy
890,test,data/processed/MMOTU_OTU_2D_experimental/test/images/890.JPG,data/processed/MMOTU_OTU_2D_experimental/test/masks/890_binary.PNG,957,523,3,uint8,.JPG,957,523,1,uint8,.PNG,"0,1",True,recalculated_from_experimental_copy
441,test,data/processed/MMOTU_OTU_2D_experimental/test/images/441.JPG,data/processed/MMOTU_OTU_2D_experimental/test/masks/441_binary.PNG,481,266,3,uint8,.JPG,481,266,1,uint8,.PNG,"0,1",True,recalculated_from_experimental_copy
352,test,data/processed/MMOTU_OTU_2D_experimental/test/images/352.JPG,data/processed/MMOTU_OTU_2D_experimental/test/masks/352_binary.PNG,958,535,3,uint8,.JPG,958,535,1,uint8,.PNG,"0,1",True,recalculated_from_experimental_copy
614,test,data/processed/MMOTU_OTU_2D_experimental/test/images/614.JPG,data/processed/MMOTU_OTU_2D_experimental/test/masks/614_binary.PNG,971,548,3,uint8,.JPG,971,548,1,uint8,.PNG,"0,1",True,recalculated_from_experimental_copy
268,test,data/processed/MMOTU_OTU_2D_experimental/test/images/268.JPG,data/processed/MMOTU_OTU_2D_experimental/test/masks/268_binary.PNG,568,591,3,uint8,.JPG,568,591,1,uint8,.PNG,"0,1",True,recalculated_from_experimental_copy
1467,test,data/processed/MMOTU_OTU_2D_experimental/test/images/1467.JPG,data/processed/MMOTU_OTU_2D_experimental/test/masks/1467_binary.PNG,959,535,3,uint8,.JPG,959,535,1,uint8,.PNG,"0,1",True,recalculated_from_experimental_copy
793,test,data/processed/MMOTU_OTU_2D_experimental/test/images/793.JPG,data/processed/MMOTU_OTU_2D_experimental/test/masks/793_binary.PNG,953,543,3,uint8,.JPG,953,543,1,uint8,.PNG,"0,1",True,recalculated_from_experimental_copy
1091,test,data/processed/MMOTU_OTU_2D_experimental/test/images/1091.JPG,data/processed/MMOTU_OTU_2D_experimental/test/masks/1091_binary.PNG,1134,605,3,uint8,.JPG,1134,605,1,uint8,.PNG,"0,1",True,recalculated_from_experimental_copy
240,test,data/processed/MMOTU_OTU_2D_experimental/test/images/240.JPG,data/processed/MMOTU_OTU_2D_experimental/test/masks/240_binary.PNG,479,531,3,uint8,.JPG,479,531,1,uint8,.PNG,"0,1",True,recalculated_from_experimental_copy
1373,test,data/processed/MMOTU_OTU_2D_experimental/test/images/1373.JPG,data/processed/MMOTU_OTU_2D_experimental/test/masks/1373_binary.PNG,480,544,3,uint8,.JPG,480,544,1,uint8,.PNG,"0,1",True,recalculated_from_experimental_copy
1369,test,data/processed/MMOTU_OTU_2D_experimental/test/images/1369.JPG,data/processed/MMOTU_OTU_2D_experimental/test/masks/1369_binary.PNG,480,531,3,uint8,.JPG,480,531,1,uint8,.PNG,"0,1",True,recalculated_from_experimental_copy
1359,test,data/processed/MMOTU_OTU_2D_experimental/test/images/1359.JPG,data/processed/MMOTU_OTU_2D_experimental/test/masks/1359_binary.PNG,481,540,3,uint8,.JPG,481,540,1,uint8,.PNG,"0,1",True,recalculated_from_experimental_copy
1217,test,data/processed/MMOTU_OTU_2D_experimental/test/images/1217.JPG,data/processed/MMOTU_OTU_2D_experimental/test/masks/1217_binary.PNG,958,539,3,uint8,.JPG,958,539,1,uint8,.PNG,"0,1",True,recalculated_from_experimental_copy
735,test,data/processed/MMOTU_OTU_2D_experimental/test/images/735.JPG,data/processed/MMOTU_OTU_2D_experimental/test/masks/735_binary.PNG,479,545,3,uint8,.JPG,479,545,1,uint8,.PNG,"0,1",True,recalculated_from_experimental_copy
339,test,data/processed/MMOTU_OTU_2D_experimental/test/images/339.JPG,data/processed/MMOTU_OTU_2D_experimental/test/masks/339_binary.PNG,569,592,3,uint8,.JPG,569,592,1,uint8,.PNG,"0,1",True,recalculated_from_experimental_copy
399,test,data/processed/MMOTU_OTU_2D_experimental/test/images/399.JPG,data/processed/MMOTU_OTU_2D_experimental/test/masks/399_binary.PNG,843,613,3,uint8,.JPG,843,613,1,uint8,.PNG,"0,1",True,recalculated_from_experimental_copy
1025,test,data/processed/MMOTU_OTU_2D_experimental/test/images/1025.JPG,data/processed/MMOTU_OTU_2D_experimental/test/masks/1025_binary.PNG,480,523,3,uint8,.JPG,480,523,1,uint8,.PNG,"0,1",True,recalculated_from_experimental_copy
844,test,data/processed/MMOTU_OTU_2D_experimental/test/images/844.JPG,data/processed/MMOTU_OTU_2D_experimental/test/masks/844_binary.PNG,974,571,3,uint8,.JPG,974,571,1,uint8,.PNG,"0,1",True,recalculated_from_experimental_copy
155,test,data/processed/MMOTU_OTU_2D_experimental/test/images/155.JPG,data/processed/MMOTU_OTU_2D_experimental/test/masks/155_binary.PNG,958,534,3,uint8,.JPG,958,534,1,uint8,.PNG,"0,1",True,recalculated_from_experimental_copy
370,test,data/processed/MMOTU_OTU_2D_experimental/test/images/370.JPG,data/processed/MMOTU_OTU_2D_experimental/test/masks/370_binary.PNG,1134,591,3,uint8,.JPG,1134,591,1,uint8,.PNG,"0,1",True,recalculated_from_experimental_copy
313,test,data/processed/MMOTU_OTU_2D_experimental/test/images/313.JPG,data/processed/MMOTU_OTU_2D_experimental/test/masks/313_binary.PNG,480,534,3,uint8,.JPG,480,534,1,uint8,.PNG,"0,1",True,recalculated_from_experimental_copy
602,test,data/processed/MMOTU_OTU_2D_experimental/test/images/602.JPG,data/processed/MMOTU_OTU_2D_experimental/test/masks/602_binary.PNG,567,592,3,uint8,.JPG,567,592,1,uint8,.PNG,"0,1",True,recalculated_from_experimental_copy
656,test,data/processed/MMOTU_OTU_2D_experimental/test/images/656.JPG,data/processed/MMOTU_OTU_2D_experimental/test/masks/656_binary.PNG,972,543,3,uint8,.JPG,972,543,1,uint8,.PNG,"0,1",True,recalculated_from_experimental_copy
1364,test,data/processed/MMOTU_OTU_2D_experimental/test/images/1364.JPG,data/processed/MMOTU_OTU_2D_experimental/test/masks/1364_binary.PNG,1135,632,3,uint8,.JPG,1135,632,1,uint8,.PNG,"0,1",True,recalculated_from_experimental_copy
623,test,data/processed/MMOTU_OTU_2D_experimental/test/images/623.JPG,data/processed/MMOTU_OTU_2D_experimental/test/masks/623_binary.PNG,741,633,3,uint8,.JPG,741,633,1,uint8,.PNG,"0,1",True,recalculated_from_experimental_copy
12,test,data/processed/MMOTU_OTU_2D_experimental/test/images/12.JPG,data/processed/MMOTU_OTU_2D_experimental/test/masks/12_binary.PNG,479,534,3,uint8,.JPG,479,534,1,uint8,.PNG,"0,1",True,recalculated_from_experimental_copy
1271,test,data/processed/MMOTU_OTU_2D_experimental/test/images/1271.JPG,data/processed/MMOTU_OTU_2D_experimental/test/masks/1271_binary.PNG,1116,592,3,uint8,.JPG,1116,592,1,uint8,.PNG,"0,1",True,recalculated_from_experimental_copy
36,test,data/processed/MMOTU_OTU_2D_experimental/test/images/36.JPG,data/processed/MMOTU_OTU_2D_experimental/test/masks/36_binary.PNG,958,533,3,uint8,.JPG,958,533,1,uint8,.PNG,"0,1",True,recalculated_from_experimental_copy
864,test,data/processed/MMOTU_OTU_2D_experimental/test/images/864.JPG,data/processed/MMOTU_OTU_2D_experimental/test/masks/864_binary.PNG,972,541,3,uint8,.JPG,972,541,1,uint8,.PNG,"0,1",True,recalculated_from_experimental_copy
743,test,data/processed/MMOTU_OTU_2D_experimental/test/images/743.JPG,data/processed/MMOTU_OTU_2D_experimental/test/masks/743_binary.PNG,957,539,3,uint8,.JPG,957,539,1,uint8,.PNG,"0,1",True,recalculated_from_experimental_copy
595,test,data/processed/MMOTU_OTU_2D_experimental/test/images/595.JPG,data/processed/MMOTU_OTU_2D_experimental/test/masks/595_binary.PNG,974,530,3,uint8,.JPG,974,530,1,uint8,.PNG,"0,1",True,recalculated_from_experimental_copy
474,test,data/processed/MMOTU_OTU_2D_experimental/test/images/474.JPG,data/processed/MMOTU_OTU_2D_experimental/test/masks/474_binary.PNG,1135,590,3,uint8,.JPG,1135,590,1,uint8,.PNG,"0,1",True,recalculated_from_experimental_copy
703,test,data/processed/MMOTU_OTU_2D_experimental/test/images/703.JPG,data/processed/MMOTU_OTU_2D_experimental/test/masks/703_binary.PNG,958,557,3,uint8,.JPG,958,557,1,uint8,.PNG,"0,1",True,recalculated_from_experimental_copy
1460,test,data/processed/MMOTU_OTU_2D_experimental/test/images/1460.JPG,data/processed/MMOTU_OTU_2D_experimental/test/masks/1460_binary.PNG,478,533,3,uint8,.JPG,478,533,1,uint8,.PNG,"0,1",True,recalculated_from_experimental_copy
112,test,data/processed/MMOTU_OTU_2D_experimental/test/images/112.JPG,data/processed/MMOTU_OTU_2D_experimental/test/masks/112_binary.PNG,958,534,3,uint8,.JPG,958,534,1,uint8,.PNG,"0,1",True,recalculated_from_experimental_copy
201,test,data/processed/MMOTU_OTU_2D_experimental/test/images/201.JPG,data/processed/MMOTU_OTU_2D_experimental/test/masks/201_binary.PNG,481,531,3,uint8,.JPG,481,531,1,uint8,.PNG,"0,1",True,recalculated_from_experimental_copy
345,test,data/processed/MMOTU_OTU_2D_experimental/test/images/345.JPG,data/processed/MMOTU_OTU_2D_experimental/test/masks/345_binary.PNG,959,538,3,uint8,.JPG,959,538,1,uint8,.PNG,"0,1",True,recalculated_from_experimental_copy
917,test,data/processed/MMOTU_OTU_2D_experimental/test/images/917.JPG,data/processed/MMOTU_OTU_2D_experimental/test/masks/917_binary.PNG,957,528,3,uint8,.JPG,957,528,1,uint8,.PNG,"0,1",True,recalculated_from_experimental_copy
945,test,data/processed/MMOTU_OTU_2D_experimental/test/images/945.JPG,data/processed/MMOTU_OTU_2D_experimental/test/masks/945_binary.PNG,566,589,3,uint8,.JPG,566,589,1,uint8,.PNG,"0,1",True,recalculated_from_experimental_copy
1254,test,data/processed/MMOTU_OTU_2D_experimental/test/images/1254.JPG,data/processed/MMOTU_OTU_2D_experimental/test/masks/1254_binary.PNG,569,541,3,uint8,.JPG,569,541,1,uint8,.PNG,"0,1",True,recalculated_from_experimental_copy
1315,test,data/processed/MMOTU_OTU_2D_experimental/test/images/1315.JPG,data/processed/MMOTU_OTU_2D_experimental/test/masks/1315_binary.PNG,960,528,3,uint8,.JPG,960,528,1,uint8,.PNG,"0,1",True,recalculated_from_experimental_copy
356,test,data/processed/MMOTU_OTU_2D_experimental/test/images/356.JPG,data/processed/MMOTU_OTU_2D_experimental/test/masks/356_binary.PNG,959,535,3,uint8,.JPG,959,535,1,uint8,.PNG,"0,1",True,recalculated_from_experimental_copy
532,test,data/processed/MMOTU_OTU_2D_experimental/test/images/532.JPG,data/processed/MMOTU_OTU_2D_experimental/test/masks/532_binary.PNG,972,557,3,uint8,.JPG,972,557,1,uint8,.PNG,"0,1",True,recalculated_from_experimental_copy
180,test,data/processed/MMOTU_OTU_2D_experimental/test/images/180.JPG,data/processed/MMOTU_OTU_2D_experimental/test/masks/180_binary.PNG,957,533,3,uint8,.JPG,957,533,1,uint8,.PNG,"0,1",True,recalculated_from_experimental_copy
394,test,data/processed/MMOTU_OTU_2D_experimental/test/images/394.JPG,data/processed/MMOTU_OTU_2D_experimental/test/masks/394_binary.PNG,958,531,3,uint8,.JPG,958,531,1,uint8,.PNG,"0,1",True,recalculated_from_experimental_copy
1096,test,data/processed/MMOTU_OTU_2D_experimental/test/images/1096.JPG,data/processed/MMOTU_OTU_2D_experimental/test/masks/1096_binary.PNG,956,527,3,uint8,.JPG,956,527,1,uint8,.PNG,"0,1",True,recalculated_from_experimental_copy
551,test,data/processed/MMOTU_OTU_2D_experimental/test/images/551.JPG,data/processed/MMOTU_OTU_2D_experimental/test/masks/551_binary.PNG,481,556,3,uint8,.JPG,481,556,1,uint8,.PNG,"0,1",True,recalculated_from_experimental_copy
1086,test,data/processed/MMOTU_OTU_2D_experimental/test/images/1086.JPG,data/processed/MMOTU_OTU_2D_experimental/test/masks/1086_binary.PNG,1132,540,3,uint8,.JPG,1132,540,1,uint8,.PNG,"0,1",True,recalculated_from_experimental_copy
457,test,data/processed/MMOTU_OTU_2D_experimental/test/images/457.JPG,data/processed/MMOTU_OTU_2D_experimental/test/masks/457_binary.PNG,958,531,3,uint8,.JPG,958,531,1,uint8,.PNG,"0,1",True,recalculated_from_experimental_copy
488,test,data/processed/MMOTU_OTU_2D_experimental/test/images/488.JPG,data/processed/MMOTU_OTU_2D_experimental/test/masks/488_binary.PNG,569,707,3,uint8,.JPG,569,707,1,uint8,.PNG,"0,1",True,recalculated_from_experimental_copy
164,test,data/processed/MMOTU_OTU_2D_experimental/test/images/164.JPG,data/processed/MMOTU_OTU_2D_experimental/test/masks/164_binary.PNG,480,535,3,uint8,.JPG,480,535,1,uint8,.PNG,"0,1",True,recalculated_from_experimental_copy
1319,test,data/processed/MMOTU_OTU_2D_experimental/test/images/1319.JPG,data/processed/MMOTU_OTU_2D_experimental/test/masks/1319_binary.PNG,480,535,3,uint8,.JPG,480,535,1,uint8,.PNG,"0,1",True,recalculated_from_experimental_copy
957,test,data/processed/MMOTU_OTU_2D_experimental/test/images/957.JPG,data/processed/MMOTU_OTU_2D_experimental/test/masks/957_binary.PNG,959,526,3,uint8,.JPG,959,526,1,uint8,.PNG,"0,1",True,recalculated_from_experimental_copy
1404,test,data/processed/MMOTU_OTU_2D_experimental/test/images/1404.JPG,data/processed/MMOTU_OTU_2D_experimental/test/masks/1404_binary.PNG,958,533,3,uint8,.JPG,958,533,1,uint8,.PNG,"0,1",True,recalculated_from_experimental_copy
934,test,data/processed/MMOTU_OTU_2D_experimental/test/images/934.JPG,data/processed/MMOTU_OTU_2D_experimental/test/masks/934_binary.PNG,568,587,3,uint8,.JPG,568,587,1,uint8,.PNG,"0,1",True,recalculated_from_experimental_copy
