image_name,image_path,mode,height,width,n_channels,rgb_exactly_equal,max_channel_difference,mean_channel_difference,different_pixel_fraction,split
1.JPG,C:\Users\PC\Desktop\JARITZA - PUCP\26-2\Tesis\proyecto_ia_tumores_ovaricos\data\processed\MMOTU_OTU_2D\train\images\1.JPG,RGB,537,959,3,False,184,2.6551284217148914,0.7703846534739982,train
10.JPG,C:\Users\PC\Desktop\JARITZA - PUCP\26-2\Tesis\proyecto_ia_tumores_ovaricos\data\processed\MMOTU_OTU_2D\train\images\10.JPG,RGB,542,483,3,False,174,0.4432449914561258,0.04051400762454829,train
100.JPG,C:\Users\PC\Desktop\JARITZA - PUCP\26-2\Tesis\proyecto_ia_tumores_ovaricos\data\processed\MMOTU_OTU_2D\train\images\100.JPG,RGB,531,958,3,False,122,0.12560956271369916,0.014120362179524983,train
1000.JPG,C:\Users\PC\Desktop\JARITZA - PUCP\26-2\Tesis\proyecto_ia_tumores_ovaricos\data\processed\MMOTU_OTU_2D\train\images\1000.JPG,RGB,532,959,3,False,161,1.9234635075697586,0.7705277270339561,train
1001.JPG,C:\Users\PC\Desktop\JARITZA - PUCP\26-2\Tesis\proyecto_ia_tumores_ovaricos\data\processed\MMOTU_OTU_2D\train\images\1001.JPG,RGB,530,480,3,False,174,3.150537211740042,0.9137735849056604,train
1003.JPG,C:\Users\PC\Desktop\JARITZA - PUCP\26-2\Tesis\proyecto_ia_tumores_ovaricos\data\processed\MMOTU_OTU_2D\train\images\1003.JPG,RGB,531,958,3,False,148,2.5779080449828125,0.7770170120582349,train
1004.JPG,C:\Users\PC\Desktop\JARITZA - PUCP\26-2\Tesis\proyecto_ia_tumores_ovaricos\data\processed\MMOTU_OTU_2D\train\images\1004.JPG,RGB,524,958,3,False,194,2.4246136724622436,0.7872555737940047,train
1005.JPG,C:\Users\PC\Desktop\JARITZA - PUCP\26-2\Tesis\proyecto_ia_tumores_ovaricos\data\processed\MMOTU_OTU_2D\train\images\1005.JPG,RGB,530,959,3,False,157,2.423453413867957,0.7749916383024771,train
1006.JPG,C:\Users\PC\Desktop\JARITZA - PUCP\26-2\Tesis\proyecto_ia_tumores_ovaricos\data\processed\MMOTU_OTU_2D\train\images\1006.JPG,RGB,528,961,3,False,151,2.299434248835914,0.6223236527606975,train
1007.JPG,C:\Users\PC\Desktop\JARITZA - PUCP\26-2\Tesis\proyecto_ia_tumores_ovaricos\data\processed\MMOTU_OTU_2D\train\images\1007.JPG,RGB,532,956,3,False,141,2.0737106888560315,0.5934088621134426,train
1008.JPG,C:\Users\PC\Desktop\JARITZA - PUCP\26-2\Tesis\proyecto_ia_tumores_ovaricos\data\processed\MMOTU_OTU_2D\train\images\1008.JPG,RGB,530,954,3,False,157,2.147898949144944,0.5567362841659744,train
1009.JPG,C:\Users\PC\Desktop\JARITZA - PUCP\26-2\Tesis\proyecto_ia_tumores_ovaricos\data\processed\MMOTU_OTU_2D\train\images\1009.JPG,RGB,545,951,3,False,162,1.817470745424903,0.5361521913196152,train
101.JPG,C:\Users\PC\Desktop\JARITZA - PUCP\26-2\Tesis\proyecto_ia_tumores_ovaricos\data\processed\MMOTU_OTU_2D\train\images\101.JPG,RGB,534,958,3,False,158,0.23044784833154797,0.03325045154934203,train
1010.JPG,C:\Users\PC\Desktop\JARITZA - PUCP\26-2\Tesis\proyecto_ia_tumores_ovaricos\data\processed\MMOTU_OTU_2D\train\images\1010.JPG,RGB,527,481,3,False,136,3.405468525013117,0.7780951291387724,train
1011.JPG,C:\Users\PC\Desktop\JARITZA - PUCP\26-2\Tesis\proyecto_ia_tumores_ovaricos\data\processed\MMOTU_OTU_2D\train\images\1011.JPG,RGB,526,480,3,False,181,3.805782636248416,0.8308380861850444,train
1015.JPG,C:\Users\PC\Desktop\JARITZA - PUCP\26-2\Tesis\proyecto_ia_tumores_ovaricos\data\processed\MMOTU_OTU_2D\train\images\1015.JPG,RGB,527,481,3,False,192,3.086272668815363,0.7143916650558017,train
1016.JPG,C:\Users\PC\Desktop\JARITZA - PUCP\26-2\Tesis\proyecto_ia_tumores_ovaricos\data\processed\MMOTU_OTU_2D\train\images\1016.JPG,RGB,586,566,3,False,191,0.2782494562967072,0.03424426247301583,train
1019.JPG,C:\Users\PC\Desktop\JARITZA - PUCP\26-2\Tesis\proyecto_ia_tumores_ovaricos\data\processed\MMOTU_OTU_2D\train\images\1019.JPG,RGB,583,568,3,False,190,0.25384122919334184,0.03612023772135385,train
1020.JPG,C:\Users\PC\Desktop\JARITZA - PUCP\26-2\Tesis\proyecto_ia_tumores_ovaricos\data\processed\MMOTU_OTU_2D\train\images\1020.JPG,RGB,595,565,3,False,215,0.7710428596217248,0.04984903695991671,train
1021.JPG,C:\Users\PC\Desktop\JARITZA - PUCP\26-2\Tesis\proyecto_ia_tumores_ovaricos\data\processed\MMOTU_OTU_2D\train\images\1021.JPG,RGB,580,567,3,False,206,0.4486650854466947,0.02453627683512741,train
1022.JPG,C:\Users\PC\Desktop\JARITZA - PUCP\26-2\Tesis\proyecto_ia_tumores_ovaricos\data\processed\MMOTU_OTU_2D\train\images\1022.JPG,RGB,590,1132,3,False,191,0.17496955540915535,0.023258669222015933,train
1026.JPG,C:\Users\PC\Desktop\JARITZA - PUCP\26-2\Tesis\proyecto_ia_tumores_ovaricos\data\processed\MMOTU_OTU_2D\train\images\1026.JPG,RGB,523,481,3,False,163,2.658491113558035,0.9309675906234224,train
1027.JPG,C:\Users\PC\Desktop\JARITZA - PUCP\26-2\Tesis\proyecto_ia_tumores_ovaricos\data\processed\MMOTU_OTU_2D\train\images\1027.JPG,RGB,526,478,3,False,205,3.2283808220776256,0.9461118093450213,train
1028.JPG,C:\Users\PC\Desktop\JARITZA - PUCP\26-2\Tesis\proyecto_ia_tumores_ovaricos\data\processed\MMOTU_OTU_2D\train\images\1028.JPG,RGB,521,957,3,False,147,2.009459877750301,0.7809433269754932,train
1029.JPG,C:\Users\PC\Desktop\JARITZA - PUCP\26-2\Tesis\proyecto_ia_tumores_ovaricos\data\processed\MMOTU_OTU_2D\train\images\1029.JPG,RGB,518,955,3,False,194,2.410499504740342,0.7913097091107563,train
103.JPG,C:\Users\PC\Desktop\JARITZA - PUCP\26-2\Tesis\proyecto_ia_tumores_ovaricos\data\processed\MMOTU_OTU_2D\train\images\103.JPG,RGB,534,956,3,False,122,0.1274714138707369,0.015659034992869792,train
1031.JPG,C:\Users\PC\Desktop\JARITZA - PUCP\26-2\Tesis\proyecto_ia_tumores_ovaricos\data\processed\MMOTU_OTU_2D\train\images\1031.JPG,RGB,531,957,3,False,152,0.22110579133762456,0.029098701804721676,train
1034.JPG,C:\Users\PC\Desktop\JARITZA - PUCP\26-2\Tesis\proyecto_ia_tumores_ovaricos\data\processed\MMOTU_OTU_2D\train\images\1034.JPG,RGB,525,479,3,False,154,0.6746727640255824,0.05663783676309772,train
1035.JPG,C:\Users\PC\Desktop\JARITZA - PUCP\26-2\Tesis\proyecto_ia_tumores_ovaricos\data\processed\MMOTU_OTU_2D\train\images\1035.JPG,RGB,527,480,3,False,163,0.18776354627872652,0.025616698292220113,train
1036.JPG,C:\Users\PC\Desktop\JARITZA - PUCP\26-2\Tesis\proyecto_ia_tumores_ovaricos\data\processed\MMOTU_OTU_2D\train\images\1036.JPG,RGB,563,959,3,False,165,1.7317019714758626,0.49873406468031195,train
1037.JPG,C:\Users\PC\Desktop\JARITZA - PUCP\26-2\Tesis\proyecto_ia_tumores_ovaricos\data\processed\MMOTU_OTU_2D\train\images\1037.JPG,RGB,539,953,3,False,151,2.3227447613596617,0.561885423825163,train
104.JPG,C:\Users\PC\Desktop\JARITZA - PUCP\26-2\Tesis\proyecto_ia_tumores_ovaricos\data\processed\MMOTU_OTU_2D\train\images\104.JPG,RGB,605,811,3,False,120,1.3603475626118826,0.5569656887222183,train
1040.JPG,C:\Users\PC\Desktop\JARITZA - PUCP\26-2\Tesis\proyecto_ia_tumores_ovaricos\data\processed\MMOTU_OTU_2D\train\images\1040.JPG,RGB,527,958,3,False,136,2.835246052087749,0.6345030166420397,train
1041.JPG,C:\Users\PC\Desktop\JARITZA - PUCP\26-2\Tesis\proyecto_ia_tumores_ovaricos\data\processed\MMOTU_OTU_2D\train\images\1041.JPG,RGB,583,1134,3,False,201,0.19633290073541645,0.027559209949147057,train
1043.JPG,C:\Users\PC\Desktop\JARITZA - PUCP\26-2\Tesis\proyecto_ia_tumores_ovaricos\data\processed\MMOTU_OTU_2D\train\images\1043.JPG,RGB,510,959,3,False,171,0.1899882093956804,0.02807049827230162,train
1044.JPG,C:\Users\PC\Desktop\JARITZA - PUCP\26-2\Tesis\proyecto_ia_tumores_ovaricos\data\processed\MMOTU_OTU_2D\train\images\1044.JPG,RGB,528,959,3,False,187,0.20873226530160838,0.030790833254336902,train
1045.JPG,C:\Users\PC\Desktop\JARITZA - PUCP\26-2\Tesis\proyecto_ia_tumores_ovaricos\data\processed\MMOTU_OTU_2D\train\images\1045.JPG,RGB,533,959,3,False,166,1.8357745749591932,0.6456537943096604,train
1047.JPG,C:\Users\PC\Desktop\JARITZA - PUCP\26-2\Tesis\proyecto_ia_tumores_ovaricos\data\processed\MMOTU_OTU_2D\train\images\1047.JPG,RGB,537,955,3,False,125,1.6638775954579283,0.6274766737839657,train
1048.JPG,C:\Users\PC\Desktop\JARITZA - PUCP\26-2\Tesis\proyecto_ia_tumores_ovaricos\data\processed\MMOTU_OTU_2D\train\images\1048.JPG,RGB,527,957,3,False,174,2.798154944723027,0.7424252338209022,train
105.JPG,C:\Users\PC\Desktop\JARITZA - PUCP\26-2\Tesis\proyecto_ia_tumores_ovaricos\data\processed\MMOTU_OTU_2D\train\images\105.JPG,RGB,597,823,3,False,116,0.9518077765633893,0.28251626703790317,train
1050.JPG,C:\Users\PC\Desktop\JARITZA - PUCP\26-2\Tesis\proyecto_ia_tumores_ovaricos\data\processed\MMOTU_OTU_2D\train\images\1050.JPG,RGB,530,958,3,False,156,0.1989994879268917,0.024481033599873952,train
1051.JPG,C:\Users\PC\Desktop\JARITZA - PUCP\26-2\Tesis\proyecto_ia_tumores_ovaricos\data\processed\MMOTU_OTU_2D\train\images\1051.JPG,RGB,531,959,3,False,155,0.17059777297312864,0.021128019024839514,train
1052.JPG,C:\Users\PC\Desktop\JARITZA - PUCP\26-2\Tesis\proyecto_ia_tumores_ovaricos\data\processed\MMOTU_OTU_2D\train\images\1052.JPG,RGB,527,479,3,False,160,0.4096506135621465,0.038905372910831786,train
1053.JPG,C:\Users\PC\Desktop\JARITZA - PUCP\26-2\Tesis\proyecto_ia_tumores_ovaricos\data\processed\MMOTU_OTU_2D\train\images\1053.JPG,RGB,534,478,3,False,206,0.2651680169662399,0.040105464403804865,train
1056.JPG,C:\Users\PC\Desktop\JARITZA - PUCP\26-2\Tesis\proyecto_ia_tumores_ovaricos\data\processed\MMOTU_OTU_2D\train\images\1056.JPG,RGB,587,567,3,False,201,0.28676587677155535,0.038049568997893815,train
1057.JPG,C:\Users\PC\Desktop\JARITZA - PUCP\26-2\Tesis\proyecto_ia_tumores_ovaricos\data\processed\MMOTU_OTU_2D\train\images\1057.JPG,RGB,586,569,3,False,201,0.7587468584487486,0.04305199829651445,train
1058.JPG,C:\Users\PC\Desktop\JARITZA - PUCP\26-2\Tesis\proyecto_ia_tumores_ovaricos\data\processed\MMOTU_OTU_2D\train\images\1058.JPG,RGB,582,566,3,False,187,0.3624802172760353,0.05555960317171202,train
1059.JPG,C:\Users\PC\Desktop\JARITZA - PUCP\26-2\Tesis\proyecto_ia_tumores_ovaricos\data\processed\MMOTU_OTU_2D\train\images\1059.JPG,RGB,584,568,3,False,212,0.8406509261045727,0.05842116052479259,train
106.JPG,C:\Users\PC\Desktop\JARITZA - PUCP\26-2\Tesis\proyecto_ia_tumores_ovaricos\data\processed\MMOTU_OTU_2D\train\images\106.JPG,RGB,534,959,3,False,159,0.23404529530995535,0.02743182075585914,train
1060.JPG,C:\Users\PC\Desktop\JARITZA - PUCP\26-2\Tesis\proyecto_ia_tumores_ovaricos\data\processed\MMOTU_OTU_2D\train\images\1060.JPG,RGB,520,963,3,False,158,1.5865697473174107,0.46902907580477676,train
1063.JPG,C:\Users\PC\Desktop\JARITZA - PUCP\26-2\Tesis\proyecto_ia_tumores_ovaricos\data\processed\MMOTU_OTU_2D\train\images\1063.JPG,RGB,545,957,3,False,135,1.9427607297268796,0.5330534065744442,train
1064.JPG,C:\Users\PC\Desktop\JARITZA - PUCP\26-2\Tesis\proyecto_ia_tumores_ovaricos\data\processed\MMOTU_OTU_2D\train\images\1064.JPG,RGB,526,956,3,False,188,2.132842536763341,0.7809094452487392,train
1067.JPG,C:\Users\PC\Desktop\JARITZA - PUCP\26-2\Tesis\proyecto_ia_tumores_ovaricos\data\processed\MMOTU_OTU_2D\train\images\1067.JPG,RGB,530,481,3,False,199,3.1312046444121915,0.9352567371435296,train
1068.JPG,C:\Users\PC\Desktop\JARITZA - PUCP\26-2\Tesis\proyecto_ia_tumores_ovaricos\data\processed\MMOTU_OTU_2D\train\images\1068.JPG,RGB,496,479,3,False,144,2.8853879049094218,0.9431064381439828,train
1069.JPG,C:\Users\PC\Desktop\JARITZA - PUCP\26-2\Tesis\proyecto_ia_tumores_ovaricos\data\processed\MMOTU_OTU_2D\train\images\1069.JPG,RGB,516,480,3,False,207,3.0698239664082685,0.9373667635658914,train
107.JPG,C:\Users\PC\Desktop\JARITZA - PUCP\26-2\Tesis\proyecto_ia_tumores_ovaricos\data\processed\MMOTU_OTU_2D\train\images\107.JPG,RGB,535,959,3,False,185,0.1664103638590302,0.019732392581836608,train
1070.JPG,C:\Users\PC\Desktop\JARITZA - PUCP\26-2\Tesis\proyecto_ia_tumores_ovaricos\data\processed\MMOTU_OTU_2D\train\images\1070.JPG,RGB,531,956,3,False,156,0.2726441781118754,0.04508151510137185,train
1072.JPG,C:\Users\PC\Desktop\JARITZA - PUCP\26-2\Tesis\proyecto_ia_tumores_ovaricos\data\processed\MMOTU_OTU_2D\train\images\1072.JPG,RGB,527,959,3,False,137,0.1411482417313523,0.016151786827280946,train
1074.JPG,C:\Users\PC\Desktop\JARITZA - PUCP\26-2\Tesis\proyecto_ia_tumores_ovaricos\data\processed\MMOTU_OTU_2D\train\images\1074.JPG,RGB,518,476,3,False,141,2.5490331267642192,0.7151617403718245,train
1075.JPG,C:\Users\PC\Desktop\JARITZA - PUCP\26-2\Tesis\proyecto_ia_tumores_ovaricos\data\processed\MMOTU_OTU_2D\train\images\1075.JPG,RGB,524,483,3,False,170,2.6267865703643998,0.7338359173739194,train
1077.JPG,C:\Users\PC\Desktop\JARITZA - PUCP\26-2\Tesis\proyecto_ia_tumores_ovaricos\data\processed\MMOTU_OTU_2D\train\images\1077.JPG,RGB,526,479,3,False,185,4.192500747490944,0.9016487136540797,train
108.JPG,C:\Users\PC\Desktop\JARITZA - PUCP\26-2\Tesis\proyecto_ia_tumores_ovaricos\data\processed\MMOTU_OTU_2D\train\images\108.JPG,RGB,535,957,3,False,172,0.25206365947584125,0.03051982929520796,train
1080.JPG,C:\Users\PC\Desktop\JARITZA - PUCP\26-2\Tesis\proyecto_ia_tumores_ovaricos\data\processed\MMOTU_OTU_2D\train\images\1080.JPG,RGB,527,955,3,False,139,2.1172165539074945,0.6924625212354829,train
1084.JPG,C:\Users\PC\Desktop\JARITZA - PUCP\26-2\Tesis\proyecto_ia_tumores_ovaricos\data\processed\MMOTU_OTU_2D\train\images\1084.JPG,RGB,520,481,3,False,221,3.6663175009328857,0.9293898928514314,train
1087.JPG,C:\Users\PC\Desktop\JARITZA - PUCP\26-2\Tesis\proyecto_ia_tumores_ovaricos\data\processed\MMOTU_OTU_2D\train\images\1087.JPG,RGB,547,1128,3,False,188,0.17590251576404284,0.02029444941460189,train
109.JPG,C:\Users\PC\Desktop\JARITZA - PUCP\26-2\Tesis\proyecto_ia_tumores_ovaricos\data\processed\MMOTU_OTU_2D\train\images\109.JPG,RGB,531,957,3,False,162,0.18103235091351202,0.023096737883412342,train
1090.JPG,C:\Users\PC\Desktop\JARITZA - PUCP\26-2\Tesis\proyecto_ia_tumores_ovaricos\data\processed\MMOTU_OTU_2D\train\images\1090.JPG,RGB,529,478,3,False,199,0.2259071482995995,0.035169380927146034,train
1093.JPG,C:\Users\PC\Desktop\JARITZA - PUCP\26-2\Tesis\proyecto_ia_tumores_ovaricos\data\processed\MMOTU_OTU_2D\train\images\1093.JPG,RGB,525,957,3,False,255,1.3904907863528553,0.10415086828879933,train
1094.JPG,C:\Users\PC\Desktop\JARITZA - PUCP\26-2\Tesis\proyecto_ia_tumores_ovaricos\data\processed\MMOTU_OTU_2D\train\images\1094.JPG,RGB,577,562,3,False,255,0.6086396072457242,0.016896205061151987,train
1097.JPG,C:\Users\PC\Desktop\JARITZA - PUCP\26-2\Tesis\proyecto_ia_tumores_ovaricos\data\processed\MMOTU_OTU_2D\train\images\1097.JPG,RGB,530,959,3,False,255,2.6400167889769874,0.773136325181498,train
1098.JPG,C:\Users\PC\Desktop\JARITZA - PUCP\26-2\Tesis\proyecto_ia_tumores_ovaricos\data\processed\MMOTU_OTU_2D\train\images\1098.JPG,RGB,522,957,3,False,191,2.4987969268587578,0.5084695548429199,train
1099.JPG,C:\Users\PC\Desktop\JARITZA - PUCP\26-2\Tesis\proyecto_ia_tumores_ovaricos\data\processed\MMOTU_OTU_2D\train\images\1099.JPG,RGB,525,958,3,False,255,4.6128375915432285,0.6623004274778805,train
11.JPG,C:\Users\PC\Desktop\JARITZA - PUCP\26-2\Tesis\proyecto_ia_tumores_ovaricos\data\processed\MMOTU_OTU_2D\train\images\11.JPG,RGB,530,480,3,False,180,0.278917714884696,0.028698899371069182,train
110.JPG,C:\Users\PC\Desktop\JARITZA - PUCP\26-2\Tesis\proyecto_ia_tumores_ovaricos\data\processed\MMOTU_OTU_2D\train\images\110.JPG,RGB,533,959,3,False,155,0.14578193748569393,0.01627124877970525,train
1100.JPG,C:\Users\PC\Desktop\JARITZA - PUCP\26-2\Tesis\proyecto_ia_tumores_ovaricos\data\processed\MMOTU_OTU_2D\train\images\1100.JPG,RGB,590,1131,3,False,255,1.142570696398867,0.06658124653449025,train
1101.JPG,C:\Users\PC\Desktop\JARITZA - PUCP\26-2\Tesis\proyecto_ia_tumores_ovaricos\data\processed\MMOTU_OTU_2D\train\images\1101.JPG,RGB,525,956,3,False,255,2.694785149764229,0.7763638174935246,train
1102.JPG,C:\Users\PC\Desktop\JARITZA - PUCP\26-2\Tesis\proyecto_ia_tumores_ovaricos\data\processed\MMOTU_OTU_2D\train\images\1102.JPG,RGB,524,959,3,False,255,3.0083420229405626,0.7801104840442892,train
1103.JPG,C:\Users\PC\Desktop\JARITZA - PUCP\26-2\Tesis\proyecto_ia_tumores_ovaricos\data\processed\MMOTU_OTU_2D\train\images\1103.JPG,RGB,521,956,3,False,255,0.9902665456677294,0.08280663995052964,train
1105.JPG,C:\Users\PC\Desktop\JARITZA - PUCP\26-2\Tesis\proyecto_ia_tumores_ovaricos\data\processed\MMOTU_OTU_2D\train\images\1105.JPG,RGB,524,957,3,False,252,1.3724730856870895,0.12179839989789977,train
1106.JPG,C:\Users\PC\Desktop\JARITZA - PUCP\26-2\Tesis\proyecto_ia_tumores_ovaricos\data\processed\MMOTU_OTU_2D\train\images\1106.JPG,RGB,584,1133,3,False,255,1.3377594941300222,0.09441384855336178,train
1107.JPG,C:\Users\PC\Desktop\JARITZA - PUCP\26-2\Tesis\proyecto_ia_tumores_ovaricos\data\processed\MMOTU_OTU_2D\train\images\1107.JPG,RGB,524,956,3,False,255,2.744560935620216,0.7778594014500623,train
1109.JPG,C:\Users\PC\Desktop\JARITZA - PUCP\26-2\Tesis\proyecto_ia_tumores_ovaricos\data\processed\MMOTU_OTU_2D\train\images\1109.JPG,RGB,536,959,3,False,211,2.439813445805384,0.7723783325292204,train
111.JPG,C:\Users\PC\Desktop\JARITZA - PUCP\26-2\Tesis\proyecto_ia_tumores_ovaricos\data\processed\MMOTU_OTU_2D\train\images\111.JPG,RGB,537,959,3,False,183,0.27384722731947786,0.0307291697007474,train
1110.JPG,C:\Users\PC\Desktop\JARITZA - PUCP\26-2\Tesis\proyecto_ia_tumores_ovaricos\data\processed\MMOTU_OTU_2D\train\images\1110.JPG,RGB,535,958,3,False,166,2.423293595822033,0.7724757575166332,train
1112.JPG,C:\Users\PC\Desktop\JARITZA - PUCP\26-2\Tesis\proyecto_ia_tumores_ovaricos\data\processed\MMOTU_OTU_2D\train\images\1112.JPG,RGB,530,958,3,False,202,2.2880713225929283,0.7774707527474691,train
1113.JPG,C:\Users\PC\Desktop\JARITZA - PUCP\26-2\Tesis\proyecto_ia_tumores_ovaricos\data\processed\MMOTU_OTU_2D\train\images\1113.JPG,RGB,531,959,3,False,182,2.1968361320087166,0.7702723136349265,train
1114.JPG,C:\Users\PC\Desktop\JARITZA - PUCP\26-2\Tesis\proyecto_ia_tumores_ovaricos\data\processed\MMOTU_OTU_2D\train\images\1114.JPG,RGB,536,479,3,False,152,2.4548681436242585,0.9012089863833235,train
1115.JPG,C:\Users\PC\Desktop\JARITZA - PUCP\26-2\Tesis\proyecto_ia_tumores_ovaricos\data\processed\MMOTU_OTU_2D\train\images\1115.JPG,RGB,540,959,3,False,181,2.439327231298034,0.7565036882555131,train
1116.JPG,C:\Users\PC\Desktop\JARITZA - PUCP\26-2\Tesis\proyecto_ia_tumores_ovaricos\data\processed\MMOTU_OTU_2D\train\images\1116.JPG,RGB,535,959,3,False,177,2.4940465633009463,0.774708857552162,train
1117.JPG,C:\Users\PC\Desktop\JARITZA - PUCP\26-2\Tesis\proyecto_ia_tumores_ovaricos\data\processed\MMOTU_OTU_2D\train\images\1117.JPG,RGB,658,959,3,False,191,0.6658235898801204,0.06997854274494392,train
1118.JPG,C:\Users\PC\Desktop\JARITZA - PUCP\26-2\Tesis\proyecto_ia_tumores_ovaricos\data\processed\MMOTU_OTU_2D\train\images\1118.JPG,RGB,662,958,3,False,193,0.3979001234108488,0.05144939419359315,train
1119.JPG,C:\Users\PC\Desktop\JARITZA - PUCP\26-2\Tesis\proyecto_ia_tumores_ovaricos\data\processed\MMOTU_OTU_2D\train\images\1119.JPG,RGB,536,959,3,False,131,2.1518126261290003,0.7345668684730674,train
1120.JPG,C:\Users\PC\Desktop\JARITZA - PUCP\26-2\Tesis\proyecto_ia_tumores_ovaricos\data\processed\MMOTU_OTU_2D\train\images\1120.JPG,RGB,605,797,3,False,169,1.4414384520464136,0.5532295695635493,train
1121.JPG,C:\Users\PC\Desktop\JARITZA - PUCP\26-2\Tesis\proyecto_ia_tumores_ovaricos\data\processed\MMOTU_OTU_2D\train\images\1121.JPG,RGB,536,477,3,False,167,0.17588681331289047,0.020189930848900153,train
1125.JPG,C:\Users\PC\Desktop\JARITZA - PUCP\26-2\Tesis\proyecto_ia_tumores_ovaricos\data\processed\MMOTU_OTU_2D\train\images\1125.JPG,RGB,537,959,3,False,151,0.15661358400827471,0.01680832182809918,train
1126.JPG,C:\Users\PC\Desktop\JARITZA - PUCP\26-2\Tesis\proyecto_ia_tumores_ovaricos\data\processed\MMOTU_OTU_2D\train\images\1126.JPG,RGB,604,957,3,False,180,1.8066264379349557,0.6571602067719903,train
1127.JPG,C:\Users\PC\Desktop\JARITZA - PUCP\26-2\Tesis\proyecto_ia_tumores_ovaricos\data\processed\MMOTU_OTU_2D\train\images\1127.JPG,RGB,608,826,3,False,148,1.3189103585234272,0.5005177137759653,train
1128.JPG,C:\Users\PC\Desktop\JARITZA - PUCP\26-2\Tesis\proyecto_ia_tumores_ovaricos\data\processed\MMOTU_OTU_2D\train\images\1128.JPG,RGB,595,569,3,False,213,0.46473788109268316,0.06113334613282923,train
1129.JPG,C:\Users\PC\Desktop\JARITZA - PUCP\26-2\Tesis\proyecto_ia_tumores_ovaricos\data\processed\MMOTU_OTU_2D\train\images\1129.JPG,RGB,590,570,3,False,198,0.45617603330359796,0.026333630686886707,train
113.JPG,C:\Users\PC\Desktop\JARITZA - PUCP\26-2\Tesis\proyecto_ia_tumores_ovaricos\data\processed\MMOTU_OTU_2D\train\images\113.JPG,RGB,533,959,3,False,168,0.22770618497875042,0.0247991282351261,train
1131.JPG,C:\Users\PC\Desktop\JARITZA - PUCP\26-2\Tesis\proyecto_ia_tumores_ovaricos\data\processed\MMOTU_OTU_2D\train\images\1131.JPG,RGB,530,959,3,False,196,0.2419711308294148,0.02889605918114388,train
1135.JPG,C:\Users\PC\Desktop\JARITZA - PUCP\26-2\Tesis\proyecto_ia_tumores_ovaricos\data\processed\MMOTU_OTU_2D\train\images\1135.JPG,RGB,588,567,3,False,165,0.14791019288373786,0.010704987462357077,train
1136.JPG,C:\Users\PC\Desktop\JARITZA - PUCP\26-2\Tesis\proyecto_ia_tumores_ovaricos\data\processed\MMOTU_OTU_2D\train\images\1136.JPG,RGB,592,568,3,False,190,1.4503790762593578,0.07519271031594975,train
1137.JPG,C:\Users\PC\Desktop\JARITZA - PUCP\26-2\Tesis\proyecto_ia_tumores_ovaricos\data\processed\MMOTU_OTU_2D\train\images\1137.JPG,RGB,537,971,3,False,141,2.338492892261684,0.6265805184618365,train
1138.JPG,C:\Users\PC\Desktop\JARITZA - PUCP\26-2\Tesis\proyecto_ia_tumores_ovaricos\data\processed\MMOTU_OTU_2D\train\images\1138.JPG,RGB,528,973,3,False,155,2.317298109564297,0.6943575010121773,train
1139.JPG,C:\Users\PC\Desktop\JARITZA - PUCP\26-2\Tesis\proyecto_ia_tumores_ovaricos\data\processed\MMOTU_OTU_2D\train\images\1139.JPG,RGB,537,487,3,False,147,3.5811037311501903,0.8812744007127589,train
1141.JPG,C:\Users\PC\Desktop\JARITZA - PUCP\26-2\Tesis\proyecto_ia_tumores_ovaricos\data\processed\MMOTU_OTU_2D\train\images\1141.JPG,RGB,537,480,3,False,192,0.256303020897993,0.04364913097454997,train
1142.JPG,C:\Users\PC\Desktop\JARITZA - PUCP\26-2\Tesis\proyecto_ia_tumores_ovaricos\data\processed\MMOTU_OTU_2D\train\images\1142.JPG,RGB,530,958,3,False,173,0.2124315594595659,0.025826210265096308,train
1144.JPG,C:\Users\PC\Desktop\JARITZA - PUCP\26-2\Tesis\proyecto_ia_tumores_ovaricos\data\processed\MMOTU_OTU_2D\train\images\1144.JPG,RGB,528,959,3,False,169,0.18785219241423623,0.025188011501880114,train
1145.JPG,C:\Users\PC\Desktop\JARITZA - PUCP\26-2\Tesis\proyecto_ia_tumores_ovaricos\data\processed\MMOTU_OTU_2D\train\images\1145.JPG,RGB,539,481,3,False,171,0.42188442188442193,0.038845324559610275,train
1146.JPG,C:\Users\PC\Desktop\JARITZA - PUCP\26-2\Tesis\proyecto_ia_tumores_ovaricos\data\processed\MMOTU_OTU_2D\train\images\1146.JPG,RGB,528,957,3,False,173,0.24646016064511364,0.037013948260029766,train
1147.JPG,C:\Users\PC\Desktop\JARITZA - PUCP\26-2\Tesis\proyecto_ia_tumores_ovaricos\data\processed\MMOTU_OTU_2D\train\images\1147.JPG,RGB,538,958,3,False,135,0.17304354124790133,0.022044842492491327,train
1148.JPG,C:\Users\PC\Desktop\JARITZA - PUCP\26-2\Tesis\proyecto_ia_tumores_ovaricos\data\processed\MMOTU_OTU_2D\train\images\1148.JPG,RGB,532,958,3,False,179,0.23250061479376938,0.031884251338157504,train
1149.JPG,C:\Users\PC\Desktop\JARITZA - PUCP\26-2\Tesis\proyecto_ia_tumores_ovaricos\data\processed\MMOTU_OTU_2D\train\images\1149.JPG,RGB,532,957,3,False,136,0.16793289388570698,0.02112059144727021,train
115.JPG,C:\Users\PC\Desktop\JARITZA - PUCP\26-2\Tesis\proyecto_ia_tumores_ovaricos\data\processed\MMOTU_OTU_2D\train\images\115.JPG,RGB,535,957,3,False,155,0.24496984020026238,0.026840105860408792,train
1150.JPG,C:\Users\PC\Desktop\JARITZA - PUCP\26-2\Tesis\proyecto_ia_tumores_ovaricos\data\processed\MMOTU_OTU_2D\train\images\1150.JPG,RGB,531,481,3,False,184,0.2865655747011679,0.026784281021569156,train
1151.JPG,C:\Users\PC\Desktop\JARITZA - PUCP\26-2\Tesis\proyecto_ia_tumores_ovaricos\data\processed\MMOTU_OTU_2D\train\images\1151.JPG,RGB,532,957,3,False,177,0.2591850577331521,0.03425295212954015,train
1152.JPG,C:\Users\PC\Desktop\JARITZA - PUCP\26-2\Tesis\proyecto_ia_tumores_ovaricos\data\processed\MMOTU_OTU_2D\train\images\1152.JPG,RGB,529,958,3,False,142,0.16845902182792602,0.020983381414493806,train
1153.JPG,C:\Users\PC\Desktop\JARITZA - PUCP\26-2\Tesis\proyecto_ia_tumores_ovaricos\data\processed\MMOTU_OTU_2D\train\images\1153.JPG,RGB,640,1135,3,False,207,0.3626431718061674,0.031749724669603525,train
1154.JPG,C:\Users\PC\Desktop\JARITZA - PUCP\26-2\Tesis\proyecto_ia_tumores_ovaricos\data\processed\MMOTU_OTU_2D\train\images\1154.JPG,RGB,640,1135,3,False,100,0.04632433920704846,0.004794878854625551,train
1155.JPG,C:\Users\PC\Desktop\JARITZA - PUCP\26-2\Tesis\proyecto_ia_tumores_ovaricos\data\processed\MMOTU_OTU_2D\train\images\1155.JPG,RGB,638,1135,3,False,84,0.045749612178292105,0.005313962962451494,train
1156.JPG,C:\Users\PC\Desktop\JARITZA - PUCP\26-2\Tesis\proyecto_ia_tumores_ovaricos\data\processed\MMOTU_OTU_2D\train\images\1156.JPG,RGB,667,1135,3,False,210,5.512442897493984,0.7138452800031703,train
1158.JPG,C:\Users\PC\Desktop\JARITZA - PUCP\26-2\Tesis\proyecto_ia_tumores_ovaricos\data\processed\MMOTU_OTU_2D\train\images\1158.JPG,RGB,592,1135,3,False,190,0.17794777156010633,0.02470234551732349,train
1159.JPG,C:\Users\PC\Desktop\JARITZA - PUCP\26-2\Tesis\proyecto_ia_tumores_ovaricos\data\processed\MMOTU_OTU_2D\train\images\1159.JPG,RGB,595,569,3,False,59,0.027085702470794993,0.007213008226137555,train
116.JPG,C:\Users\PC\Desktop\JARITZA - PUCP\26-2\Tesis\proyecto_ia_tumores_ovaricos\data\processed\MMOTU_OTU_2D\train\images\116.JPG,RGB,532,958,3,False,131,0.16119500211907642,0.018708697631343495,train
1160.JPG,C:\Users\PC\Desktop\JARITZA - PUCP\26-2\Tesis\proyecto_ia_tumores_ovaricos\data\processed\MMOTU_OTU_2D\train\images\1160.JPG,RGB,529,959,3,False,202,2.57090160999203,0.6964229042934216,train
1161.JPG,C:\Users\PC\Desktop\JARITZA - PUCP\26-2\Tesis\proyecto_ia_tumores_ovaricos\data\processed\MMOTU_OTU_2D\train\images\1161.JPG,RGB,533,482,3,False,174,3.986604698475966,0.8701548426272645,train
1163.JPG,C:\Users\PC\Desktop\JARITZA - PUCP\26-2\Tesis\proyecto_ia_tumores_ovaricos\data\processed\MMOTU_OTU_2D\train\images\1163.JPG,RGB,535,961,3,False,146,3.1150962295895046,0.7120114366849174,train
1164.JPG,C:\Users\PC\Desktop\JARITZA - PUCP\26-2\Tesis\proyecto_ia_tumores_ovaricos\data\processed\MMOTU_OTU_2D\train\images\1164.JPG,RGB,591,568,3,False,201,0.2721614515065577,0.0345976025356879,train
1165.JPG,C:\Users\PC\Desktop\JARITZA - PUCP\26-2\Tesis\proyecto_ia_tumores_ovaricos\data\processed\MMOTU_OTU_2D\train\images\1165.JPG,RGB,597,570,3,False,191,0.7856632088316827,0.04949601810220694,train
1166.JPG,C:\Users\PC\Desktop\JARITZA - PUCP\26-2\Tesis\proyecto_ia_tumores_ovaricos\data\processed\MMOTU_OTU_2D\train\images\1166.JPG,RGB,591,569,3,False,191,0.23516385699572875,0.027031125940067624,train
1168.JPG,C:\Users\PC\Desktop\JARITZA - PUCP\26-2\Tesis\proyecto_ia_tumores_ovaricos\data\processed\MMOTU_OTU_2D\train\images\1168.JPG,RGB,589,568,3,False,213,0.43768582063974115,0.024854133288696525,train
117.JPG,C:\Users\PC\Desktop\JARITZA - PUCP\26-2\Tesis\proyecto_ia_tumores_ovaricos\data\processed\MMOTU_OTU_2D\train\images\117.JPG,RGB,532,480,3,False,156,0.7085343567251462,0.06621632205513785,train
1172.JPG,C:\Users\PC\Desktop\JARITZA - PUCP\26-2\Tesis\proyecto_ia_tumores_ovaricos\data\processed\MMOTU_OTU_2D\train\images\1172.JPG,RGB,559,720,3,False,161,0.14659444775723843,0.024498111707414033,train
1174.JPG,C:\Users\PC\Desktop\JARITZA - PUCP\26-2\Tesis\proyecto_ia_tumores_ovaricos\data\processed\MMOTU_OTU_2D\train\images\1174.JPG,RGB,556,719,3,False,213,0.15908385947709147,0.01138421668784583,train
1177.JPG,C:\Users\PC\Desktop\JARITZA - PUCP\26-2\Tesis\proyecto_ia_tumores_ovaricos\data\processed\MMOTU_OTU_2D\train\images\1177.JPG,RGB,534,958,3,False,209,1.9883939438958087,0.7540307131742942,train
1178.JPG,C:\Users\PC\Desktop\JARITZA - PUCP\26-2\Tesis\proyecto_ia_tumores_ovaricos\data\processed\MMOTU_OTU_2D\train\images\1178.JPG,RGB,555,719,3,False,156,0.10802791665100427,0.013707727198686865,train
118.JPG,C:\Users\PC\Desktop\JARITZA - PUCP\26-2\Tesis\proyecto_ia_tumores_ovaricos\data\processed\MMOTU_OTU_2D\train\images\118.JPG,RGB,532,480,3,False,179,0.267327172096909,0.05159774436090225,train
1180.JPG,C:\Users\PC\Desktop\JARITZA - PUCP\26-2\Tesis\proyecto_ia_tumores_ovaricos\data\processed\MMOTU_OTU_2D\train\images\1180.JPG,RGB,592,569,3,False,213,0.2835997245048212,0.02009808578349879,train
1182.JPG,C:\Users\PC\Desktop\JARITZA - PUCP\26-2\Tesis\proyecto_ia_tumores_ovaricos\data\processed\MMOTU_OTU_2D\train\images\1182.JPG,RGB,595,1134,3,False,199,0.20280803679496487,0.02816830435878055,train
1183.JPG,C:\Users\PC\Desktop\JARITZA - PUCP\26-2\Tesis\proyecto_ia_tumores_ovaricos\data\processed\MMOTU_OTU_2D\train\images\1183.JPG,RGB,591,1121,3,False,181,0.12555766369665308,0.018300073508213447,train
1185.JPG,C:\Users\PC\Desktop\JARITZA - PUCP\26-2\Tesis\proyecto_ia_tumores_ovaricos\data\processed\MMOTU_OTU_2D\train\images\1185.JPG,RGB,592,570,3,False,203,0.25284890153311207,0.01644736842105263,train
1186.JPG,C:\Users\PC\Desktop\JARITZA - PUCP\26-2\Tesis\proyecto_ia_tumores_ovaricos\data\processed\MMOTU_OTU_2D\train\images\1186.JPG,RGB,593,1134,3,False,195,0.20770640819357325,0.030621804652158784,train
1187.JPG,C:\Users\PC\Desktop\JARITZA - PUCP\26-2\Tesis\proyecto_ia_tumores_ovaricos\data\processed\MMOTU_OTU_2D\train\images\1187.JPG,RGB,590,1135,3,False,192,0.12041414669354639,0.01574703203165833,train
1189.JPG,C:\Users\PC\Desktop\JARITZA - PUCP\26-2\Tesis\proyecto_ia_tumores_ovaricos\data\processed\MMOTU_OTU_2D\train\images\1189.JPG,RGB,526,958,3,False,136,0.23016503012454656,0.030904450812449892,train
119.JPG,C:\Users\PC\Desktop\JARITZA - PUCP\26-2\Tesis\proyecto_ia_tumores_ovaricos\data\processed\MMOTU_OTU_2D\train\images\119.JPG,RGB,530,480,3,False,148,0.43122379454926624,0.04149764150943396,train
1191.JPG,C:\Users\PC\Desktop\JARITZA - PUCP\26-2\Tesis\proyecto_ia_tumores_ovaricos\data\processed\MMOTU_OTU_2D\train\images\1191.JPG,RGB,533,956,3,False,165,0.24800018840227023,0.032995910100716716,train
1192.JPG,C:\Users\PC\Desktop\JARITZA - PUCP\26-2\Tesis\proyecto_ia_tumores_ovaricos\data\processed\MMOTU_OTU_2D\train\images\1192.JPG,RGB,544,481,3,False,207,0.3585488769312299,0.03852268558150911,train
1193.JPG,C:\Users\PC\Desktop\JARITZA - PUCP\26-2\Tesis\proyecto_ia_tumores_ovaricos\data\processed\MMOTU_OTU_2D\train\images\1193.JPG,RGB,390,353,3,False,87,3.6348853538655237,0.9335512457325489,train
1194.JPG,C:\Users\PC\Desktop\JARITZA - PUCP\26-2\Tesis\proyecto_ia_tumores_ovaricos\data\processed\MMOTU_OTU_2D\train\images\1194.JPG,RGB,536,959,3,False,184,2.3665561659896555,0.7576494482747888,train
1195.JPG,C:\Users\PC\Desktop\JARITZA - PUCP\26-2\Tesis\proyecto_ia_tumores_ovaricos\data\processed\MMOTU_OTU_2D\train\images\1195.JPG,RGB,534,957,3,False,194,2.3541210894949756,0.7642190991667939,train
1196.JPG,C:\Users\PC\Desktop\JARITZA - PUCP\26-2\Tesis\proyecto_ia_tumores_ovaricos\data\processed\MMOTU_OTU_2D\train\images\1196.JPG,RGB,534,958,3,False,159,2.0169998879271476,0.7580829286982087,train
1197.JPG,C:\Users\PC\Desktop\JARITZA - PUCP\26-2\Tesis\proyecto_ia_tumores_ovaricos\data\processed\MMOTU_OTU_2D\train\images\1197.JPG,RGB,536,958,3,False,139,2.0005907311043942,0.7566311189355934,train
1198.JPG,C:\Users\PC\Desktop\JARITZA - PUCP\26-2\Tesis\proyecto_ia_tumores_ovaricos\data\processed\MMOTU_OTU_2D\train\images\1198.JPG,RGB,531,957,3,False,179,2.4651003836665244,0.7745347494032474,train
120.JPG,C:\Users\PC\Desktop\JARITZA - PUCP\26-2\Tesis\proyecto_ia_tumores_ovaricos\data\processed\MMOTU_OTU_2D\train\images\120.JPG,RGB,532,481,3,False,174,0.22630641051693687,0.03957138167664483,train
1201.JPG,C:\Users\PC\Desktop\JARITZA - PUCP\26-2\Tesis\proyecto_ia_tumores_ovaricos\data\processed\MMOTU_OTU_2D\train\images\1201.JPG,RGB,541,483,3,False,151,3.1594049819558134,0.9034339445012113,train
1202.JPG,C:\Users\PC\Desktop\JARITZA - PUCP\26-2\Tesis\proyecto_ia_tumores_ovaricos\data\processed\MMOTU_OTU_2D\train\images\1202.JPG,RGB,534,958,3,False,180,2.4357418571253575,0.7706852603348111,train
1203.JPG,C:\Users\PC\Desktop\JARITZA - PUCP\26-2\Tesis\proyecto_ia_tumores_ovaricos\data\processed\MMOTU_OTU_2D\train\images\1203.JPG,RGB,535,479,3,False,215,3.121906359952913,0.9128129085126724,train
1204.JPG,C:\Users\PC\Desktop\JARITZA - PUCP\26-2\Tesis\proyecto_ia_tumores_ovaricos\data\processed\MMOTU_OTU_2D\train\images\1204.JPG,RGB,533,959,3,False,190,2.40954428634685,0.77362480851888,train
1205.JPG,C:\Users\PC\Desktop\JARITZA - PUCP\26-2\Tesis\proyecto_ia_tumores_ovaricos\data\processed\MMOTU_OTU_2D\train\images\1205.JPG,RGB,534,958,3,False,187,0.2389953580988274,0.027182879438280436,train
1206.JPG,C:\Users\PC\Desktop\JARITZA - PUCP\26-2\Tesis\proyecto_ia_tumores_ovaricos\data\processed\MMOTU_OTU_2D\train\images\1206.JPG,RGB,534,958,3,False,173,0.2978231803147944,0.04143502771848342,train
1207.JPG,C:\Users\PC\Desktop\JARITZA - PUCP\26-2\Tesis\proyecto_ia_tumores_ovaricos\data\processed\MMOTU_OTU_2D\train\images\1207.JPG,RGB,530,483,3,False,177,0.42264150943396234,0.03831009023789992,train
1209.JPG,C:\Users\PC\Desktop\JARITZA - PUCP\26-2\Tesis\proyecto_ia_tumores_ovaricos\data\processed\MMOTU_OTU_2D\train\images\1209.JPG,RGB,534,958,3,False,201,0.282990468594841,0.034872901566152956,train
121.JPG,C:\Users\PC\Desktop\JARITZA - PUCP\26-2\Tesis\proyecto_ia_tumores_ovaricos\data\processed\MMOTU_OTU_2D\train\images\121.JPG,RGB,531,478,3,False,183,0.7199253008060894,0.06268270965810148,train
1210.JPG,C:\Users\PC\Desktop\JARITZA - PUCP\26-2\Tesis\proyecto_ia_tumores_ovaricos\data\processed\MMOTU_OTU_2D\train\images\1210.JPG,RGB,536,959,3,False,194,0.26315891864971286,0.03171641791044776,train
1211.JPG,C:\Users\PC\Desktop\JARITZA - PUCP\26-2\Tesis\proyecto_ia_tumores_ovaricos\data\processed\MMOTU_OTU_2D\train\images\1211.JPG,RGB,532,952,3,False,194,0.22290363513826583,0.025217981929613952,train
1212.JPG,C:\Users\PC\Desktop\JARITZA - PUCP\26-2\Tesis\proyecto_ia_tumores_ovaricos\data\processed\MMOTU_OTU_2D\train\images\1212.JPG,RGB,539,957,3,False,165,0.25039726159296244,0.027170172714283777,train
1213.JPG,C:\Users\PC\Desktop\JARITZA - PUCP\26-2\Tesis\proyecto_ia_tumores_ovaricos\data\processed\MMOTU_OTU_2D\train\images\1213.JPG,RGB,536,959,3,False,177,0.2247197277429329,0.024082533111294414,train
1215.JPG,C:\Users\PC\Desktop\JARITZA - PUCP\26-2\Tesis\proyecto_ia_tumores_ovaricos\data\processed\MMOTU_OTU_2D\train\images\1215.JPG,RGB,533,956,3,False,152,0.26168813667538027,0.038489013792616204,train
1216.JPG,C:\Users\PC\Desktop\JARITZA - PUCP\26-2\Tesis\proyecto_ia_tumores_ovaricos\data\processed\MMOTU_OTU_2D\train\images\1216.JPG,RGB,530,959,3,False,196,0.24339294731802652,0.030517244771479726,train
1219.JPG,C:\Users\PC\Desktop\JARITZA - PUCP\26-2\Tesis\proyecto_ia_tumores_ovaricos\data\processed\MMOTU_OTU_2D\train\images\1219.JPG,RGB,531,959,3,False,174,2.1786517788002384,0.6894854770643463,train
122.JPG,C:\Users\PC\Desktop\JARITZA - PUCP\26-2\Tesis\proyecto_ia_tumores_ovaricos\data\processed\MMOTU_OTU_2D\train\images\122.JPG,RGB,530,480,3,False,154,0.1937762054507338,0.023510220125786165,train
1220.JPG,C:\Users\PC\Desktop\JARITZA - PUCP\26-2\Tesis\proyecto_ia_tumores_ovaricos\data\processed\MMOTU_OTU_2D\train\images\1220.JPG,RGB,539,483,3,False,173,2.798557254635338,0.884845411908411,train
1222.JPG,C:\Users\PC\Desktop\JARITZA - PUCP\26-2\Tesis\proyecto_ia_tumores_ovaricos\data\processed\MMOTU_OTU_2D\train\images\1222.JPG,RGB,589,1134,3,False,186,0.1630320324906252,0.01710668547114501,train
1223.JPG,C:\Users\PC\Desktop\JARITZA - PUCP\26-2\Tesis\proyecto_ia_tumores_ovaricos\data\processed\MMOTU_OTU_2D\train\images\1223.JPG,RGB,594,569,3,False,198,0.3068292769522998,0.017867603983596953,train
1225.JPG,C:\Users\PC\Desktop\JARITZA - PUCP\26-2\Tesis\proyecto_ia_tumores_ovaricos\data\processed\MMOTU_OTU_2D\train\images\1225.JPG,RGB,592,1135,3,False,189,0.12665793546850815,0.019680914394570783,train
1226.JPG,C:\Users\PC\Desktop\JARITZA - PUCP\26-2\Tesis\proyecto_ia_tumores_ovaricos\data\processed\MMOTU_OTU_2D\train\images\1226.JPG,RGB,592,1135,3,False,197,0.25447771560106364,0.014035897130610786,train
1227.JPG,C:\Users\PC\Desktop\JARITZA - PUCP\26-2\Tesis\proyecto_ia_tumores_ovaricos\data\processed\MMOTU_OTU_2D\train\images\1227.JPG,RGB,530,958,3,False,155,0.2791888236761597,0.03863591602001024,train
1228.JPG,C:\Users\PC\Desktop\JARITZA - PUCP\26-2\Tesis\proyecto_ia_tumores_ovaricos\data\processed\MMOTU_OTU_2D\train\images\1228.JPG,RGB,538,480,3,False,188,0.1905436802973978,0.022289343246592316,train
123.JPG,C:\Users\PC\Desktop\JARITZA - PUCP\26-2\Tesis\proyecto_ia_tumores_ovaricos\data\processed\MMOTU_OTU_2D\train\images\123.JPG,RGB,533,481,3,False,191,0.18726620978028108,0.03755465669161729,train
1231.JPG,C:\Users\PC\Desktop\JARITZA - PUCP\26-2\Tesis\proyecto_ia_tumores_ovaricos\data\processed\MMOTU_OTU_2D\train\images\1231.JPG,RGB,531,961,3,False,141,3.194006295754122,0.5337621082872321,train
1233.JPG,C:\Users\PC\Desktop\JARITZA - PUCP\26-2\Tesis\proyecto_ia_tumores_ovaricos\data\processed\MMOTU_OTU_2D\train\images\1233.JPG,RGB,534,482,3,False,128,3.7237219036370512,0.6856963028579421,train
1236.JPG,C:\Users\PC\Desktop\JARITZA - PUCP\26-2\Tesis\proyecto_ia_tumores_ovaricos\data\processed\MMOTU_OTU_2D\train\images\1236.JPG,RGB,590,568,3,False,192,1.4705279700803693,0.09388278825495346,train
1237.JPG,C:\Users\PC\Desktop\JARITZA - PUCP\26-2\Tesis\proyecto_ia_tumores_ovaricos\data\processed\MMOTU_OTU_2D\train\images\1237.JPG,RGB,595,1135,3,False,196,0.17363787805871247,0.017052530263206606,train
1239.JPG,C:\Users\PC\Desktop\JARITZA - PUCP\26-2\Tesis\proyecto_ia_tumores_ovaricos\data\processed\MMOTU_OTU_2D\train\images\1239.JPG,RGB,594,567,3,False,138,0.14066195959200076,0.013180007007167501,train
1240.JPG,C:\Users\PC\Desktop\JARITZA - PUCP\26-2\Tesis\proyecto_ia_tumores_ovaricos\data\processed\MMOTU_OTU_2D\train\images\1240.JPG,RGB,534,952,3,False,160,3.4363295880149813,0.6567191483334907,train
1242.JPG,C:\Users\PC\Desktop\JARITZA - PUCP\26-2\Tesis\proyecto_ia_tumores_ovaricos\data\processed\MMOTU_OTU_2D\train\images\1242.JPG,RGB,531,959,3,False,147,3.2013246168881455,0.6453029972762745,train
1243.JPG,C:\Users\PC\Desktop\JARITZA - PUCP\26-2\Tesis\proyecto_ia_tumores_ovaricos\data\processed\MMOTU_OTU_2D\train\images\1243.JPG,RGB,532,956,3,False,188,3.0511175952433383,0.6170447038097335,train
1245.JPG,C:\Users\PC\Desktop\JARITZA - PUCP\26-2\Tesis\proyecto_ia_tumores_ovaricos\data\processed\MMOTU_OTU_2D\train\images\1245.JPG,RGB,535,959,3,False,190,0.2930765757425147,0.029238010778361415,train
1246.JPG,C:\Users\PC\Desktop\JARITZA - PUCP\26-2\Tesis\proyecto_ia_tumores_ovaricos\data\processed\MMOTU_OTU_2D\train\images\1246.JPG,RGB,533,958,3,False,164,0.3347551509881567,0.04316959581993443,train
1247.JPG,C:\Users\PC\Desktop\JARITZA - PUCP\26-2\Tesis\proyecto_ia_tumores_ovaricos\data\processed\MMOTU_OTU_2D\train\images\1247.JPG,RGB,531,957,3,False,135,0.1854521577880238,0.025832059145910694,train
1248.JPG,C:\Users\PC\Desktop\JARITZA - PUCP\26-2\Tesis\proyecto_ia_tumores_ovaricos\data\processed\MMOTU_OTU_2D\train\images\1248.JPG,RGB,535,959,3,False,172,0.1878488430640692,0.018943018915731923,train
1249.JPG,C:\Users\PC\Desktop\JARITZA - PUCP\26-2\Tesis\proyecto_ia_tumores_ovaricos\data\processed\MMOTU_OTU_2D\train\images\1249.JPG,RGB,544,569,3,False,174,0.306540542403253,0.044305024294427786,train
1250.JPG,C:\Users\PC\Desktop\JARITZA - PUCP\26-2\Tesis\proyecto_ia_tumores_ovaricos\data\processed\MMOTU_OTU_2D\train\images\1250.JPG,RGB,544,569,3,False,189,0.3083066266928564,0.04534852165822392,train
1251.JPG,C:\Users\PC\Desktop\JARITZA - PUCP\26-2\Tesis\proyecto_ia_tumores_ovaricos\data\processed\MMOTU_OTU_2D\train\images\1251.JPG,RGB,543,568,3,False,195,0.5320662464659041,0.04660143179519104,train
1253.JPG,C:\Users\PC\Desktop\JARITZA - PUCP\26-2\Tesis\proyecto_ia_tumores_ovaricos\data\processed\MMOTU_OTU_2D\train\images\1253.JPG,RGB,544,565,3,False,180,0.3452411938226618,0.04816827173347215,train
1256.JPG,C:\Users\PC\Desktop\JARITZA - PUCP\26-2\Tesis\proyecto_ia_tumores_ovaricos\data\processed\MMOTU_OTU_2D\train\images\1256.JPG,RGB,540,959,3,False,192,0.17027896857580557,0.024023867454524388,train
1258.JPG,C:\Users\PC\Desktop\JARITZA - PUCP\26-2\Tesis\proyecto_ia_tumores_ovaricos\data\processed\MMOTU_OTU_2D\train\images\1258.JPG,RGB,528,484,3,False,196,4.668231905835211,0.8933093851740546,train
1259.JPG,C:\Users\PC\Desktop\JARITZA - PUCP\26-2\Tesis\proyecto_ia_tumores_ovaricos\data\processed\MMOTU_OTU_2D\train\images\1259.JPG,RGB,551,739,3,False,158,1.9375539778006445,0.47113748161173313,train
1260.JPG,C:\Users\PC\Desktop\JARITZA - PUCP\26-2\Tesis\proyecto_ia_tumores_ovaricos\data\processed\MMOTU_OTU_2D\train\images\1260.JPG,RGB,533,959,3,False,184,2.506689204214574,0.7765769925285682,train
1261.JPG,C:\Users\PC\Desktop\JARITZA - PUCP\26-2\Tesis\proyecto_ia_tumores_ovaricos\data\processed\MMOTU_OTU_2D\train\images\1261.JPG,RGB,530,958,3,False,141,2.5542692454143197,0.7752609603340292,train
1262.JPG,C:\Users\PC\Desktop\JARITZA - PUCP\26-2\Tesis\proyecto_ia_tumores_ovaricos\data\processed\MMOTU_OTU_2D\train\images\1262.JPG,RGB,532,957,3,False,188,2.5840253716841737,0.7767007644503108,train
1263.JPG,C:\Users\PC\Desktop\JARITZA - PUCP\26-2\Tesis\proyecto_ia_tumores_ovaricos\data\processed\MMOTU_OTU_2D\train\images\1263.JPG,RGB,537,959,3,False,138,2.469511938581791,0.7657514908259108,train
1264.JPG,C:\Users\PC\Desktop\JARITZA - PUCP\26-2\Tesis\proyecto_ia_tumores_ovaricos\data\processed\MMOTU_OTU_2D\train\images\1264.JPG,RGB,533,956,3,False,171,1.9644351464435148,0.6303508207273898,train
1265.JPG,C:\Users\PC\Desktop\JARITZA - PUCP\26-2\Tesis\proyecto_ia_tumores_ovaricos\data\processed\MMOTU_OTU_2D\train\images\1265.JPG,RGB,533,477,3,False,163,2.9587989348688843,0.8322811820280758,train
1266.JPG,C:\Users\PC\Desktop\JARITZA - PUCP\26-2\Tesis\proyecto_ia_tumores_ovaricos\data\processed\MMOTU_OTU_2D\train\images\1266.JPG,RGB,533,958,3,False,184,2.166458420646516,0.6615310195176787,train
1268.JPG,C:\Users\PC\Desktop\JARITZA - PUCP\26-2\Tesis\proyecto_ia_tumores_ovaricos\data\processed\MMOTU_OTU_2D\train\images\1268.JPG,RGB,587,568,3,False,186,0.2423758907790868,0.02841795234781774,train
127.JPG,C:\Users\PC\Desktop\JARITZA - PUCP\26-2\Tesis\proyecto_ia_tumores_ovaricos\data\processed\MMOTU_OTU_2D\train\images\127.JPG,RGB,530,482,3,False,212,3.372877684699496,0.898700383621702,train
1272.JPG,C:\Users\PC\Desktop\JARITZA - PUCP\26-2\Tesis\proyecto_ia_tumores_ovaricos\data\processed\MMOTU_OTU_2D\train\images\1272.JPG,RGB,589,570,3,False,194,0.2019638797049216,0.021865785005808238,train
1274.JPG,C:\Users\PC\Desktop\JARITZA - PUCP\26-2\Tesis\proyecto_ia_tumores_ovaricos\data\processed\MMOTU_OTU_2D\train\images\1274.JPG,RGB,595,1118,3,False,189,0.15885209182062807,0.016821755535845823,train
1275.JPG,C:\Users\PC\Desktop\JARITZA - PUCP\26-2\Tesis\proyecto_ia_tumores_ovaricos\data\processed\MMOTU_OTU_2D\train\images\1275.JPG,RGB,591,1112,3,False,181,0.18437940003327288,0.009727750794288427,train
1276.JPG,C:\Users\PC\Desktop\JARITZA - PUCP\26-2\Tesis\proyecto_ia_tumores_ovaricos\data\processed\MMOTU_OTU_2D\train\images\1276.JPG,RGB,592,1115,3,False,232,0.19116167737243972,0.011415282996000484,train
1278.JPG,C:\Users\PC\Desktop\JARITZA - PUCP\26-2\Tesis\proyecto_ia_tumores_ovaricos\data\processed\MMOTU_OTU_2D\train\images\1278.JPG,RGB,642,963,3,False,204,2.7643516227089755,0.7058824480870074,train
1279.JPG,C:\Users\PC\Desktop\JARITZA - PUCP\26-2\Tesis\proyecto_ia_tumores_ovaricos\data\processed\MMOTU_OTU_2D\train\images\1279.JPG,RGB,622,961,3,False,200,3.237761442227583,0.7315915562232536,train
128.JPG,C:\Users\PC\Desktop\JARITZA - PUCP\26-2\Tesis\proyecto_ia_tumores_ovaricos\data\processed\MMOTU_OTU_2D\train\images\128.JPG,RGB,557,759,3,False,204,0.1289974130501802,0.011758361067548484,train
1280.JPG,C:\Users\PC\Desktop\JARITZA - PUCP\26-2\Tesis\proyecto_ia_tumores_ovaricos\data\processed\MMOTU_OTU_2D\train\images\1280.JPG,RGB,619,963,3,False,184,2.8682490713200477,0.7323975795885569,train
1281.JPG,C:\Users\PC\Desktop\JARITZA - PUCP\26-2\Tesis\proyecto_ia_tumores_ovaricos\data\processed\MMOTU_OTU_2D\train\images\1281.JPG,RGB,573,848,3,True,0,0.0,0.0,train
1282.JPG,C:\Users\PC\Desktop\JARITZA - PUCP\26-2\Tesis\proyecto_ia_tumores_ovaricos\data\processed\MMOTU_OTU_2D\train\images\1282.JPG,RGB,588,1116,3,False,189,0.18060940027145864,0.020746470631263256,train
1283.JPG,C:\Users\PC\Desktop\JARITZA - PUCP\26-2\Tesis\proyecto_ia_tumores_ovaricos\data\processed\MMOTU_OTU_2D\train\images\1283.JPG,RGB,589,1113,3,False,174,0.10893128540564234,0.014369459863901994,train
1284.JPG,C:\Users\PC\Desktop\JARITZA - PUCP\26-2\Tesis\proyecto_ia_tumores_ovaricos\data\processed\MMOTU_OTU_2D\train\images\1284.JPG,RGB,594,1118,3,False,204,0.16079599412932746,0.014645561157189063,train
1286.JPG,C:\Users\PC\Desktop\JARITZA - PUCP\26-2\Tesis\proyecto_ia_tumores_ovaricos\data\processed\MMOTU_OTU_2D\train\images\1286.JPG,RGB,592,569,3,False,225,0.32997870453933725,0.020178240630788963,train
1287.JPG,C:\Users\PC\Desktop\JARITZA - PUCP\26-2\Tesis\proyecto_ia_tumores_ovaricos\data\processed\MMOTU_OTU_2D\train\images\1287.JPG,RGB,590,1116,3,False,185,0.18362391916246482,0.022611019986635075,train
1289.JPG,C:\Users\PC\Desktop\JARITZA - PUCP\26-2\Tesis\proyecto_ia_tumores_ovaricos\data\processed\MMOTU_OTU_2D\train\images\1289.JPG,RGB,535,958,3,False,192,2.473401882166247,0.7432442978947574,train
1290.JPG,C:\Users\PC\Desktop\JARITZA - PUCP\26-2\Tesis\proyecto_ia_tumores_ovaricos\data\processed\MMOTU_OTU_2D\train\images\1290.JPG,RGB,532,958,3,False,191,3.4132107408395727,0.7409174031111181,train
1292.JPG,C:\Users\PC\Desktop\JARITZA - PUCP\26-2\Tesis\proyecto_ia_tumores_ovaricos\data\processed\MMOTU_OTU_2D\train\images\1292.JPG,RGB,534,958,3,False,191,3.405439182233065,0.738904787595881,train
1293.JPG,C:\Users\PC\Desktop\JARITZA - PUCP\26-2\Tesis\proyecto_ia_tumores_ovaricos\data\processed\MMOTU_OTU_2D\train\images\1293.JPG,RGB,531,958,3,False,192,0.7895398317534831,0.07802271681823007,train
1294.JPG,C:\Users\PC\Desktop\JARITZA - PUCP\26-2\Tesis\proyecto_ia_tumores_ovaricos\data\processed\MMOTU_OTU_2D\train\images\1294.JPG,RGB,536,958,3,False,255,2.3974685549289045,0.12376920200666812,train
1296.JPG,C:\Users\PC\Desktop\JARITZA - PUCP\26-2\Tesis\proyecto_ia_tumores_ovaricos\data\processed\MMOTU_OTU_2D\train\images\1296.JPG,RGB,592,569,3,False,255,3.2286412071122093,0.11510829810478317,train
1297.JPG,C:\Users\PC\Desktop\JARITZA - PUCP\26-2\Tesis\proyecto_ia_tumores_ovaricos\data\processed\MMOTU_OTU_2D\train\images\1297.JPG,RGB,537,959,3,False,255,2.188768690746426,0.1284061803981879,train
1298.JPG,C:\Users\PC\Desktop\JARITZA - PUCP\26-2\Tesis\proyecto_ia_tumores_ovaricos\data\processed\MMOTU_OTU_2D\train\images\1298.JPG,RGB,529,958,3,False,254,0.9682730115381631,0.07336882525425134,train
1299.JPG,C:\Users\PC\Desktop\JARITZA - PUCP\26-2\Tesis\proyecto_ia_tumores_ovaricos\data\processed\MMOTU_OTU_2D\train\images\1299.JPG,RGB,533,959,3,False,255,0.8972474324085504,0.0839738861814703,train
13.JPG,C:\Users\PC\Desktop\JARITZA - PUCP\26-2\Tesis\proyecto_ia_tumores_ovaricos\data\processed\MMOTU_OTU_2D\train\images\13.JPG,RGB,530,958,3,False,151,0.2485012014022925,0.03691456257139481,train
130.JPG,C:\Users\PC\Desktop\JARITZA - PUCP\26-2\Tesis\proyecto_ia_tumores_ovaricos\data\processed\MMOTU_OTU_2D\train\images\130.JPG,RGB,532,957,3,False,156,1.6907734330601845,0.706448723690103,train
1300.JPG,C:\Users\PC\Desktop\JARITZA - PUCP\26-2\Tesis\proyecto_ia_tumores_ovaricos\data\processed\MMOTU_OTU_2D\train\images\1300.JPG,RGB,534,957,3,False,255,3.1029212439518523,0.7686434276903087,train
1301.JPG,C:\Users\PC\Desktop\JARITZA - PUCP\26-2\Tesis\proyecto_ia_tumores_ovaricos\data\processed\MMOTU_OTU_2D\train\images\1301.JPG,RGB,587,1135,3,False,194,3.4818512709288623,0.18361263499163222,train
1303.JPG,C:\Users\PC\Desktop\JARITZA - PUCP\26-2\Tesis\proyecto_ia_tumores_ovaricos\data\processed\MMOTU_OTU_2D\train\images\1303.JPG,RGB,594,1135,3,False,255,4.5539457225213456,0.1108070425251042,train
1304.JPG,C:\Users\PC\Desktop\JARITZA - PUCP\26-2\Tesis\proyecto_ia_tumores_ovaricos\data\processed\MMOTU_OTU_2D\train\images\1304.JPG,RGB,537,958,3,False,254,3.695548220804516,0.6609284550759458,train
1309.JPG,C:\Users\PC\Desktop\JARITZA - PUCP\26-2\Tesis\proyecto_ia_tumores_ovaricos\data\processed\MMOTU_OTU_2D\train\images\1309.JPG,RGB,616,964,3,False,254,3.941808796321245,0.7373885191571914,train
131.JPG,C:\Users\PC\Desktop\JARITZA - PUCP\26-2\Tesis\proyecto_ia_tumores_ovaricos\data\processed\MMOTU_OTU_2D\train\images\131.JPG,RGB,554,479,3,False,137,0.2815130800479338,0.032720845926004084,train
1310.JPG,C:\Users\PC\Desktop\JARITZA - PUCP\26-2\Tesis\proyecto_ia_tumores_ovaricos\data\processed\MMOTU_OTU_2D\train\images\1310.JPG,RGB,321,573,3,False,254,5.9889923685979864,0.2155567516432614,train
1312.JPG,C:\Users\PC\Desktop\JARITZA - PUCP\26-2\Tesis\proyecto_ia_tumores_ovaricos\data\processed\MMOTU_OTU_2D\train\images\1312.JPG,RGB,525,960,3,False,174,3.230515873015873,0.5045019841269841,train
1313.JPG,C:\Users\PC\Desktop\JARITZA - PUCP\26-2\Tesis\proyecto_ia_tumores_ovaricos\data\processed\MMOTU_OTU_2D\train\images\1313.JPG,RGB,532,484,3,False,148,3.4985604507135606,0.5763996768781458,train
1314.JPG,C:\Users\PC\Desktop\JARITZA - PUCP\26-2\Tesis\proyecto_ia_tumores_ovaricos\data\processed\MMOTU_OTU_2D\train\images\1314.JPG,RGB,532,482,3,False,201,2.6467387348038147,0.7385151155898044,train
1316.JPG,C:\Users\PC\Desktop\JARITZA - PUCP\26-2\Tesis\proyecto_ia_tumores_ovaricos\data\processed\MMOTU_OTU_2D\train\images\1316.JPG,RGB,528,959,3,False,124,1.641328561949,0.5494102916548173,train
1318.JPG,C:\Users\PC\Desktop\JARITZA - PUCP\26-2\Tesis\proyecto_ia_tumores_ovaricos\data\processed\MMOTU_OTU_2D\train\images\1318.JPG,RGB,536,483,3,False,182,0.7239707260797461,0.0654375637341244,train
132.JPG,C:\Users\PC\Desktop\JARITZA - PUCP\26-2\Tesis\proyecto_ia_tumores_ovaricos\data\processed\MMOTU_OTU_2D\train\images\132.JPG,RGB,555,477,3,False,156,0.2456494230079136,0.04639356337469545,train
1320.JPG,C:\Users\PC\Desktop\JARITZA - PUCP\26-2\Tesis\proyecto_ia_tumores_ovaricos\data\processed\MMOTU_OTU_2D\train\images\1320.JPG,RGB,536,482,3,False,163,0.8638111310666584,0.08337462067257076,train
1321.JPG,C:\Users\PC\Desktop\JARITZA - PUCP\26-2\Tesis\proyecto_ia_tumores_ovaricos\data\processed\MMOTU_OTU_2D\train\images\1321.JPG,RGB,539,483,3,False,177,0.20576150656008685,0.03157830043366867,train
1322.JPG,C:\Users\PC\Desktop\JARITZA - PUCP\26-2\Tesis\proyecto_ia_tumores_ovaricos\data\processed\MMOTU_OTU_2D\train\images\1322.JPG,RGB,543,482,3,False,159,0.7276362811999317,0.05868732949726049,train
1324.JPG,C:\Users\PC\Desktop\JARITZA - PUCP\26-2\Tesis\proyecto_ia_tumores_ovaricos\data\processed\MMOTU_OTU_2D\train\images\1324.JPG,RGB,538,482,3,False,145,0.7383886840765707,0.0658424470530164,train
1326.JPG,C:\Users\PC\Desktop\JARITZA - PUCP\26-2\Tesis\proyecto_ia_tumores_ovaricos\data\processed\MMOTU_OTU_2D\train\images\1326.JPG,RGB,539,483,3,False,167,0.7018236618946467,0.07525630240803266,train
1327.JPG,C:\Users\PC\Desktop\JARITZA - PUCP\26-2\Tesis\proyecto_ia_tumores_ovaricos\data\processed\MMOTU_OTU_2D\train\images\1327.JPG,RGB,535,959,3,False,194,0.20209914923060432,0.030093652851003284,train
1328.JPG,C:\Users\PC\Desktop\JARITZA - PUCP\26-2\Tesis\proyecto_ia_tumores_ovaricos\data\processed\MMOTU_OTU_2D\train\images\1328.JPG,RGB,535,957,3,False,197,0.24418076999449864,0.021865447904764693,train
133.JPG,C:\Users\PC\Desktop\JARITZA - PUCP\26-2\Tesis\proyecto_ia_tumores_ovaricos\data\processed\MMOTU_OTU_2D\train\images\133.JPG,RGB,555,481,3,False,204,1.2516067002553488,0.07303103519319736,train
1330.JPG,C:\Users\PC\Desktop\JARITZA - PUCP\26-2\Tesis\proyecto_ia_tumores_ovaricos\data\processed\MMOTU_OTU_2D\train\images\1330.JPG,RGB,555,482,3,False,141,0.11803920102675287,0.018189974206571716,train
1332.JPG,C:\Users\PC\Desktop\JARITZA - PUCP\26-2\Tesis\proyecto_ia_tumores_ovaricos\data\processed\MMOTU_OTU_2D\train\images\1332.JPG,RGB,330,319,3,False,65,0.19233716475095783,0.04395364301320414,train
1333.JPG,C:\Users\PC\Desktop\JARITZA - PUCP\26-2\Tesis\proyecto_ia_tumores_ovaricos\data\processed\MMOTU_OTU_2D\train\images\1333.JPG,RGB,611,806,3,False,181,3.543012783285208,0.5011472873254195,train
1334.JPG,C:\Users\PC\Desktop\JARITZA - PUCP\26-2\Tesis\proyecto_ia_tumores_ovaricos\data\processed\MMOTU_OTU_2D\train\images\1334.JPG,RGB,591,1121,3,False,188,0.15943181823899277,0.01489484702895499,train
1338.JPG,C:\Users\PC\Desktop\JARITZA - PUCP\26-2\Tesis\proyecto_ia_tumores_ovaricos\data\processed\MMOTU_OTU_2D\train\images\1338.JPG,RGB,327,302,3,False,11,0.007817404864613077,0.002268262551390323,train
1342.JPG,C:\Users\PC\Desktop\JARITZA - PUCP\26-2\Tesis\proyecto_ia_tumores_ovaricos\data\processed\MMOTU_OTU_2D\train\images\1342.JPG,RGB,532,958,3,False,253,2.274624452571931,0.7750659268212284,train
1343.JPG,C:\Users\PC\Desktop\JARITZA - PUCP\26-2\Tesis\proyecto_ia_tumores_ovaricos\data\processed\MMOTU_OTU_2D\train\images\1343.JPG,RGB,592,568,3,False,190,0.24739682464154292,0.03170203654358584,train
1344.JPG,C:\Users\PC\Desktop\JARITZA - PUCP\26-2\Tesis\proyecto_ia_tumores_ovaricos\data\processed\MMOTU_OTU_2D\train\images\1344.JPG,RGB,596,567,3,False,216,0.7362980323457579,0.039895600298284865,train
1345.JPG,C:\Users\PC\Desktop\JARITZA - PUCP\26-2\Tesis\proyecto_ia_tumores_ovaricos\data\processed\MMOTU_OTU_2D\train\images\1345.JPG,RGB,594,571,3,False,218,0.743166241123042,0.045666825876983494,train
1346.JPG,C:\Users\PC\Desktop\JARITZA - PUCP\26-2\Tesis\proyecto_ia_tumores_ovaricos\data\processed\MMOTU_OTU_2D\train\images\1346.JPG,RGB,589,570,3,False,203,0.24950406576713427,0.03403330056890954,train
1348.JPG,C:\Users\PC\Desktop\JARITZA - PUCP\26-2\Tesis\proyecto_ia_tumores_ovaricos\data\processed\MMOTU_OTU_2D\train\images\1348.JPG,RGB,593,569,3,False,183,0.18676395478986932,0.013007643361182158,train
1349.JPG,C:\Users\PC\Desktop\JARITZA - PUCP\26-2\Tesis\proyecto_ia_tumores_ovaricos\data\processed\MMOTU_OTU_2D\train\images\1349.JPG,RGB,592,566,3,False,163,0.23290118740648777,0.014763991022824946,train
135.JPG,C:\Users\PC\Desktop\JARITZA - PUCP\26-2\Tesis\proyecto_ia_tumores_ovaricos\data\processed\MMOTU_OTU_2D\train\images\135.JPG,RGB,530,481,3,False,180,0.6909112305338722,0.05544659318244224,train
1350.JPG,C:\Users\PC\Desktop\JARITZA - PUCP\26-2\Tesis\proyecto_ia_tumores_ovaricos\data\processed\MMOTU_OTU_2D\train\images\1350.JPG,RGB,587,571,3,False,214,0.34399933965238266,0.020624923547856805,train
1351.JPG,C:\Users\PC\Desktop\JARITZA - PUCP\26-2\Tesis\proyecto_ia_tumores_ovaricos\data\processed\MMOTU_OTU_2D\train\images\1351.JPG,RGB,597,569,3,False,198,0.35610978147915917,0.025049088441622288,train
1353.JPG,C:\Users\PC\Desktop\JARITZA - PUCP\26-2\Tesis\proyecto_ia_tumores_ovaricos\data\processed\MMOTU_OTU_2D\train\images\1353.JPG,RGB,529,959,3,False,160,2.4024263880210235,0.7578053698815914,train
1355.JPG,C:\Users\PC\Desktop\JARITZA - PUCP\26-2\Tesis\proyecto_ia_tumores_ovaricos\data\processed\MMOTU_OTU_2D\train\images\1355.JPG,RGB,533,964,3,False,156,2.1843981845499907,0.6941955423384428,train
1356.JPG,C:\Users\PC\Desktop\JARITZA - PUCP\26-2\Tesis\proyecto_ia_tumores_ovaricos\data\processed\MMOTU_OTU_2D\train\images\1356.JPG,RGB,530,964,3,False,154,2.134352410031577,0.6982345572692398,train
1361.JPG,C:\Users\PC\Desktop\JARITZA - PUCP\26-2\Tesis\proyecto_ia_tumores_ovaricos\data\processed\MMOTU_OTU_2D\train\images\1361.JPG,RGB,645,569,3,False,142,9.864112659682203,0.8922385253606899,train
1362.JPG,C:\Users\PC\Desktop\JARITZA - PUCP\26-2\Tesis\proyecto_ia_tumores_ovaricos\data\processed\MMOTU_OTU_2D\train\images\1362.JPG,RGB,640,1135,3,False,202,7.221019640234949,0.7015308370044053,train
1363.JPG,C:\Users\PC\Desktop\JARITZA - PUCP\26-2\Tesis\proyecto_ia_tumores_ovaricos\data\processed\MMOTU_OTU_2D\train\images\1363.JPG,RGB,632,565,3,False,177,9.013804562936409,0.911994511033942,train
1368.JPG,C:\Users\PC\Desktop\JARITZA - PUCP\26-2\Tesis\proyecto_ia_tumores_ovaricos\data\processed\MMOTU_OTU_2D\train\images\1368.JPG,RGB,538,958,3,False,134,2.126157344529728,0.7622796873908623,train
1370.JPG,C:\Users\PC\Desktop\JARITZA - PUCP\26-2\Tesis\proyecto_ia_tumores_ovaricos\data\processed\MMOTU_OTU_2D\train\images\1370.JPG,RGB,542,482,3,False,157,2.9950722951212914,0.893635834698596,train
1371.JPG,C:\Users\PC\Desktop\JARITZA - PUCP\26-2\Tesis\proyecto_ia_tumores_ovaricos\data\processed\MMOTU_OTU_2D\train\images\1371.JPG,RGB,539,959,3,False,200,2.4599243052989515,0.76542510074463,train
1372.JPG,C:\Users\PC\Desktop\JARITZA - PUCP\26-2\Tesis\proyecto_ia_tumores_ovaricos\data\processed\MMOTU_OTU_2D\train\images\1372.JPG,RGB,536,483,3,False,218,4.093090448379222,0.9211705447915701,train
1375.JPG,C:\Users\PC\Desktop\JARITZA - PUCP\26-2\Tesis\proyecto_ia_tumores_ovaricos\data\processed\MMOTU_OTU_2D\train\images\1375.JPG,RGB,537,959,3,False,121,2.3728524372001925,0.7689166438503795,train
1377.JPG,C:\Users\PC\Desktop\JARITZA - PUCP\26-2\Tesis\proyecto_ia_tumores_ovaricos\data\processed\MMOTU_OTU_2D\train\images\1377.JPG,RGB,556,764,3,False,179,0.15048118573204264,0.01526893668311424,train
1379.JPG,C:\Users\PC\Desktop\JARITZA - PUCP\26-2\Tesis\proyecto_ia_tumores_ovaricos\data\processed\MMOTU_OTU_2D\train\images\1379.JPG,RGB,540,958,3,False,180,2.4548132683832056,0.7701461377870563,train
138.JPG,C:\Users\PC\Desktop\JARITZA - PUCP\26-2\Tesis\proyecto_ia_tumores_ovaricos\data\processed\MMOTU_OTU_2D\train\images\138.JPG,RGB,534,959,3,False,143,0.1897810218978102,0.02751578774706799,train
1380.JPG,C:\Users\PC\Desktop\JARITZA - PUCP\26-2\Tesis\proyecto_ia_tumores_ovaricos\data\processed\MMOTU_OTU_2D\train\images\1380.JPG,RGB,545,959,3,False,120,2.160780374561932,0.7512489118060671,train
1383.JPG,C:\Users\PC\Desktop\JARITZA - PUCP\26-2\Tesis\proyecto_ia_tumores_ovaricos\data\processed\MMOTU_OTU_2D\train\images\1383.JPG,RGB,533,957,3,False,199,1.5611193777720274,0.6220051325181687,train
1385.JPG,C:\Users\PC\Desktop\JARITZA - PUCP\26-2\Tesis\proyecto_ia_tumores_ovaricos\data\processed\MMOTU_OTU_2D\train\images\1385.JPG,RGB,533,959,3,False,184,1.83790703391914,0.6450453587715471,train
1386.JPG,C:\Users\PC\Desktop\JARITZA - PUCP\26-2\Tesis\proyecto_ia_tumores_ovaricos\data\processed\MMOTU_OTU_2D\train\images\1386.JPG,RGB,531,959,3,False,157,1.5210039752907498,0.6346476732472032,train
1387.JPG,C:\Users\PC\Desktop\JARITZA - PUCP\26-2\Tesis\proyecto_ia_tumores_ovaricos\data\processed\MMOTU_OTU_2D\train\images\1387.JPG,RGB,536,480,3,False,153,2.5784644485903816,0.8661147388059701,train
1389.JPG,C:\Users\PC\Desktop\JARITZA - PUCP\26-2\Tesis\proyecto_ia_tumores_ovaricos\data\processed\MMOTU_OTU_2D\train\images\1389.JPG,RGB,537,482,3,False,136,0.1436158567524617,0.027191172720739933,train
139.JPG,C:\Users\PC\Desktop\JARITZA - PUCP\26-2\Tesis\proyecto_ia_tumores_ovaricos\data\processed\MMOTU_OTU_2D\train\images\139.JPG,RGB,533,958,3,False,201,0.2799871004973098,0.02428253044374028,train
1391.JPG,C:\Users\PC\Desktop\JARITZA - PUCP\26-2\Tesis\proyecto_ia_tumores_ovaricos\data\processed\MMOTU_OTU_2D\train\images\1391.JPG,RGB,529,481,3,False,166,0.2310561251960118,0.04098660242327539,train
1392.JPG,C:\Users\PC\Desktop\JARITZA - PUCP\26-2\Tesis\proyecto_ia_tumores_ovaricos\data\processed\MMOTU_OTU_2D\train\images\1392.JPG,RGB,533,483,3,False,167,0.7308294392069578,0.06613605553160166,train
1394.JPG,C:\Users\PC\Desktop\JARITZA - PUCP\26-2\Tesis\proyecto_ia_tumores_ovaricos\data\processed\MMOTU_OTU_2D\train\images\1394.JPG,RGB,590,571,3,False,184,0.3129567514619015,0.01642079016889786,train
1395.JPG,C:\Users\PC\Desktop\JARITZA - PUCP\26-2\Tesis\proyecto_ia_tumores_ovaricos\data\processed\MMOTU_OTU_2D\train\images\1395.JPG,RGB,596,568,3,False,199,0.3814593376815704,0.038309977313545705,train
1396.JPG,C:\Users\PC\Desktop\JARITZA - PUCP\26-2\Tesis\proyecto_ia_tumores_ovaricos\data\processed\MMOTU_OTU_2D\train\images\1396.JPG,RGB,595,568,3,False,217,0.5290448573795715,0.02746774766244526,train
1397.JPG,C:\Users\PC\Desktop\JARITZA - PUCP\26-2\Tesis\proyecto_ia_tumores_ovaricos\data\processed\MMOTU_OTU_2D\train\images\1397.JPG,RGB,530,481,3,False,182,0.1913414139829234,0.024775428549013455,train
1398.JPG,C:\Users\PC\Desktop\JARITZA - PUCP\26-2\Tesis\proyecto_ia_tumores_ovaricos\data\processed\MMOTU_OTU_2D\train\images\1398.JPG,RGB,541,955,3,False,185,0.288046504275903,0.03015939069591894,train
1399.JPG,C:\Users\PC\Desktop\JARITZA - PUCP\26-2\Tesis\proyecto_ia_tumores_ovaricos\data\processed\MMOTU_OTU_2D\train\images\1399.JPG,RGB,539,958,3,False,145,0.15540906056861917,0.01737540717558612,train
14.JPG,C:\Users\PC\Desktop\JARITZA - PUCP\26-2\Tesis\proyecto_ia_tumores_ovaricos\data\processed\MMOTU_OTU_2D\train\images\14.JPG,RGB,532,959,3,False,198,0.26946014671715784,0.03451668796600469,train
140.JPG,C:\Users\PC\Desktop\JARITZA - PUCP\26-2\Tesis\proyecto_ia_tumores_ovaricos\data\processed\MMOTU_OTU_2D\train\images\140.JPG,RGB,607,835,3,False,195,1.4819928512004,0.5657173297556453,train
1400.JPG,C:\Users\PC\Desktop\JARITZA - PUCP\26-2\Tesis\proyecto_ia_tumores_ovaricos\data\processed\MMOTU_OTU_2D\train\images\1400.JPG,RGB,538,483,3,False,184,0.4847645216159844,0.04228913158927706,train
1402.JPG,C:\Users\PC\Desktop\JARITZA - PUCP\26-2\Tesis\proyecto_ia_tumores_ovaricos\data\processed\MMOTU_OTU_2D\train\images\1402.JPG,RGB,535,958,3,False,158,0.1886510708316261,0.024554660215011802,train
1403.JPG,C:\Users\PC\Desktop\JARITZA - PUCP\26-2\Tesis\proyecto_ia_tumores_ovaricos\data\processed\MMOTU_OTU_2D\train\images\1403.JPG,RGB,534,958,3,False,146,0.2019292168713951,0.024543954712142182,train
1405.JPG,C:\Users\PC\Desktop\JARITZA - PUCP\26-2\Tesis\proyecto_ia_tumores_ovaricos\data\processed\MMOTU_OTU_2D\train\images\1405.JPG,RGB,538,959,3,False,178,0.28992922977130503,0.030501490477611824,train
1406.JPG,C:\Users\PC\Desktop\JARITZA - PUCP\26-2\Tesis\proyecto_ia_tumores_ovaricos\data\processed\MMOTU_OTU_2D\train\images\1406.JPG,RGB,535,958,3,False,143,0.1587250177225398,0.019598852750082923,train
1407.JPG,C:\Users\PC\Desktop\JARITZA - PUCP\26-2\Tesis\proyecto_ia_tumores_ovaricos\data\processed\MMOTU_OTU_2D\train\images\1407.JPG,RGB,538,480,3,False,171,0.307220673275506,0.028001084262701363,train
1408.JPG,C:\Users\PC\Desktop\JARITZA - PUCP\26-2\Tesis\proyecto_ia_tumores_ovaricos\data\processed\MMOTU_OTU_2D\train\images\1408.JPG,RGB,533,960,3,False,255,4.185156087137795,0.541938320825516,train
1409.JPG,C:\Users\PC\Desktop\JARITZA - PUCP\26-2\Tesis\proyecto_ia_tumores_ovaricos\data\processed\MMOTU_OTU_2D\train\images\1409.JPG,RGB,539,959,3,False,255,1.6640633312762017,0.1161963315992811,train
141.JPG,C:\Users\PC\Desktop\JARITZA - PUCP\26-2\Tesis\proyecto_ia_tumores_ovaricos\data\processed\MMOTU_OTU_2D\train\images\141.JPG,RGB,531,480,3,False,175,0.22978395061728393,0.03664861895794099,train
1412.JPG,C:\Users\PC\Desktop\JARITZA - PUCP\26-2\Tesis\proyecto_ia_tumores_ovaricos\data\processed\MMOTU_OTU_2D\train\images\1412.JPG,RGB,535,958,3,False,255,2.9131107772553153,0.7485727664722065,train
1414.JPG,C:\Users\PC\Desktop\JARITZA - PUCP\26-2\Tesis\proyecto_ia_tumores_ovaricos\data\processed\MMOTU_OTU_2D\train\images\1414.JPG,RGB,539,958,3,False,255,2.9846929092380923,0.7675138759242547,train
1415.JPG,C:\Users\PC\Desktop\JARITZA - PUCP\26-2\Tesis\proyecto_ia_tumores_ovaricos\data\processed\MMOTU_OTU_2D\train\images\1415.JPG,RGB,272,486,3,False,113,2.7329137416283387,0.7403322440087146,train
1417.JPG,C:\Users\PC\Desktop\JARITZA - PUCP\26-2\Tesis\proyecto_ia_tumores_ovaricos\data\processed\MMOTU_OTU_2D\train\images\1417.JPG,RGB,633,1071,3,False,133,2.0070792578923795,0.4287528597536961,train
1418.JPG,C:\Users\PC\Desktop\JARITZA - PUCP\26-2\Tesis\proyecto_ia_tumores_ovaricos\data\processed\MMOTU_OTU_2D\train\images\1418.JPG,RGB,618,551,3,False,71,2.60911317463394,0.5915428846639531,train
1419.JPG,C:\Users\PC\Desktop\JARITZA - PUCP\26-2\Tesis\proyecto_ia_tumores_ovaricos\data\processed\MMOTU_OTU_2D\train\images\1419.JPG,RGB,645,550,3,False,19,2.223607235142119,0.5535785764622974,train
142.JPG,C:\Users\PC\Desktop\JARITZA - PUCP\26-2\Tesis\proyecto_ia_tumores_ovaricos\data\processed\MMOTU_OTU_2D\train\images\142.JPG,RGB,532,479,3,False,171,0.6765033669769412,0.05782331611910779,train
1420.JPG,C:\Users\PC\Desktop\JARITZA - PUCP\26-2\Tesis\proyecto_ia_tumores_ovaricos\data\processed\MMOTU_OTU_2D\train\images\1420.JPG,RGB,607,1106,3,False,72,2.232347546655306,0.5454656494007525,train
1421.JPG,C:\Users\PC\Desktop\JARITZA - PUCP\26-2\Tesis\proyecto_ia_tumores_ovaricos\data\processed\MMOTU_OTU_2D\train\images\1421.JPG,RGB,611,1103,3,False,160,3.6344028263937216,0.5955028170456114,train
1422.JPG,C:\Users\PC\Desktop\JARITZA - PUCP\26-2\Tesis\proyecto_ia_tumores_ovaricos\data\processed\MMOTU_OTU_2D\train\images\1422.JPG,RGB,732,913,3,False,123,1.4250374573305642,0.32145721485045997,train
1423.JPG,C:\Users\PC\Desktop\JARITZA - PUCP\26-2\Tesis\proyecto_ia_tumores_ovaricos\data\processed\MMOTU_OTU_2D\train\images\1423.JPG,RGB,652,1071,3,False,186,2.0162310322902166,0.4381075538599898,train
1424.JPG,C:\Users\PC\Desktop\JARITZA - PUCP\26-2\Tesis\proyecto_ia_tumores_ovaricos\data\processed\MMOTU_OTU_2D\train\images\1424.JPG,RGB,531,959,3,False,134,0.17282859643369353,0.023747665588566245,train
1425.JPG,C:\Users\PC\Desktop\JARITZA - PUCP\26-2\Tesis\proyecto_ia_tumores_ovaricos\data\processed\MMOTU_OTU_2D\train\images\1425.JPG,RGB,537,959,3,False,172,0.26407473644761087,0.03437006658472221,train
1426.JPG,C:\Users\PC\Desktop\JARITZA - PUCP\26-2\Tesis\proyecto_ia_tumores_ovaricos\data\processed\MMOTU_OTU_2D\train\images\1426.JPG,RGB,535,958,3,False,191,0.17035230458054487,0.021840672741107837,train
1428.JPG,C:\Users\PC\Desktop\JARITZA - PUCP\26-2\Tesis\proyecto_ia_tumores_ovaricos\data\processed\MMOTU_OTU_2D\train\images\1428.JPG,RGB,536,959,3,False,186,0.2576650117504241,0.03408790251038862,train
1429.JPG,C:\Users\PC\Desktop\JARITZA - PUCP\26-2\Tesis\proyecto_ia_tumores_ovaricos\data\processed\MMOTU_OTU_2D\train\images\1429.JPG,RGB,566,1102,3,False,71,0.030872233587502323,0.003769247048411818,train
143.JPG,C:\Users\PC\Desktop\JARITZA - PUCP\26-2\Tesis\proyecto_ia_tumores_ovaricos\data\processed\MMOTU_OTU_2D\train\images\143.JPG,RGB,602,478,3,False,130,2.0411436541143657,0.7952709934805877,train
1431.JPG,C:\Users\PC\Desktop\JARITZA - PUCP\26-2\Tesis\proyecto_ia_tumores_ovaricos\data\processed\MMOTU_OTU_2D\train\images\1431.JPG,RGB,566,1106,3,False,74,0.03244962161632556,0.005113451204161049,train
1433.JPG,C:\Users\PC\Desktop\JARITZA - PUCP\26-2\Tesis\proyecto_ia_tumores_ovaricos\data\processed\MMOTU_OTU_2D\train\images\1433.JPG,RGB,534,479,3,False,161,3.7681681822565216,0.9230919596850492,train
1434.JPG,C:\Users\PC\Desktop\JARITZA - PUCP\26-2\Tesis\proyecto_ia_tumores_ovaricos\data\processed\MMOTU_OTU_2D\train\images\1434.JPG,RGB,532,480,3,False,197,3.437014411027569,0.9255521616541353,train
1436.JPG,C:\Users\PC\Desktop\JARITZA - PUCP\26-2\Tesis\proyecto_ia_tumores_ovaricos\data\processed\MMOTU_OTU_2D\train\images\1436.JPG,RGB,540,483,3,False,162,0.7858650921452854,0.061839582854075606,train
1437.JPG,C:\Users\PC\Desktop\JARITZA - PUCP\26-2\Tesis\proyecto_ia_tumores_ovaricos\data\processed\MMOTU_OTU_2D\train\images\1437.JPG,RGB,543,958,3,False,147,0.15878691411281176,0.019909879775622173,train
1438.JPG,C:\Users\PC\Desktop\JARITZA - PUCP\26-2\Tesis\proyecto_ia_tumores_ovaricos\data\processed\MMOTU_OTU_2D\train\images\1438.JPG,RGB,552,483,3,False,138,0.4129384583070783,0.04453596183274822,train
1439.JPG,C:\Users\PC\Desktop\JARITZA - PUCP\26-2\Tesis\proyecto_ia_tumores_ovaricos\data\processed\MMOTU_OTU_2D\train\images\1439.JPG,RGB,539,958,3,False,179,0.24089172583058657,0.034454510595280055,train
1441.JPG,C:\Users\PC\Desktop\JARITZA - PUCP\26-2\Tesis\proyecto_ia_tumores_ovaricos\data\processed\MMOTU_OTU_2D\train\images\1441.JPG,RGB,528,960,3,False,148,2.5751025883838383,0.6761679292929293,train
1442.JPG,C:\Users\PC\Desktop\JARITZA - PUCP\26-2\Tesis\proyecto_ia_tumores_ovaricos\data\processed\MMOTU_OTU_2D\train\images\1442.JPG,RGB,522,961,3,False,151,3.0618621779409754,0.7239764613010873,train
1443.JPG,C:\Users\PC\Desktop\JARITZA - PUCP\26-2\Tesis\proyecto_ia_tumores_ovaricos\data\processed\MMOTU_OTU_2D\train\images\1443.JPG,RGB,525,961,3,False,135,3.0515461737938323,0.7171299737376741,train
1445.JPG,C:\Users\PC\Desktop\JARITZA - PUCP\26-2\Tesis\proyecto_ia_tumores_ovaricos\data\processed\MMOTU_OTU_2D\train\images\1445.JPG,RGB,583,1133,3,False,204,0.20218740553800255,0.024991711314547665,train
1446.JPG,C:\Users\PC\Desktop\JARITZA - PUCP\26-2\Tesis\proyecto_ia_tumores_ovaricos\data\processed\MMOTU_OTU_2D\train\images\1446.JPG,RGB,582,565,3,False,198,0.21257590041460128,0.014983426086427637,train
1447.JPG,C:\Users\PC\Desktop\JARITZA - PUCP\26-2\Tesis\proyecto_ia_tumores_ovaricos\data\processed\MMOTU_OTU_2D\train\images\1447.JPG,RGB,591,567,3,False,216,1.580326492528034,0.0805826372662244,train
1448.JPG,C:\Users\PC\Desktop\JARITZA - PUCP\26-2\Tesis\proyecto_ia_tumores_ovaricos\data\processed\MMOTU_OTU_2D\train\images\1448.JPG,RGB,557,478,3,False,197,3.0748530807348593,0.6968855870135138,train
1449.JPG,C:\Users\PC\Desktop\JARITZA - PUCP\26-2\Tesis\proyecto_ia_tumores_ovaricos\data\processed\MMOTU_OTU_2D\train\images\1449.JPG,RGB,551,479,3,False,197,2.5784106079033884,0.7317536155556987,train
1450.JPG,C:\Users\PC\Desktop\JARITZA - PUCP\26-2\Tesis\proyecto_ia_tumores_ovaricos\data\processed\MMOTU_OTU_2D\train\images\1450.JPG,RGB,556,482,3,False,193,3.1553703095614796,0.733234574166393,train
1451.JPG,C:\Users\PC\Desktop\JARITZA - PUCP\26-2\Tesis\proyecto_ia_tumores_ovaricos\data\processed\MMOTU_OTU_2D\train\images\1451.JPG,RGB,528,962,3,False,189,1.947072072072072,0.6705884205884206,train
1452.JPG,C:\Users\PC\Desktop\JARITZA - PUCP\26-2\Tesis\proyecto_ia_tumores_ovaricos\data\processed\MMOTU_OTU_2D\train\images\1452.JPG,RGB,527,958,3,False,201,1.879472969065059,0.6647843190074197,train
1453.JPG,C:\Users\PC\Desktop\JARITZA - PUCP\26-2\Tesis\proyecto_ia_tumores_ovaricos\data\processed\MMOTU_OTU_2D\train\images\1453.JPG,RGB,523,953,3,False,139,1.6950490785196124,0.6369319789173367,train
1455.JPG,C:\Users\PC\Desktop\JARITZA - PUCP\26-2\Tesis\proyecto_ia_tumores_ovaricos\data\processed\MMOTU_OTU_2D\train\images\1455.JPG,RGB,530,959,3,False,128,3.4387313829263975,0.6989729867983552,train
1456.JPG,C:\Users\PC\Desktop\JARITZA - PUCP\26-2\Tesis\proyecto_ia_tumores_ovaricos\data\processed\MMOTU_OTU_2D\train\images\1456.JPG,RGB,530,953,3,False,165,0.24606967735123111,0.041414401393811,train
1457.JPG,C:\Users\PC\Desktop\JARITZA - PUCP\26-2\Tesis\proyecto_ia_tumores_ovaricos\data\processed\MMOTU_OTU_2D\train\images\1457.JPG,RGB,524,956,3,False,159,0.18179676770257755,0.02721062633747485,train
1459.JPG,C:\Users\PC\Desktop\JARITZA - PUCP\26-2\Tesis\proyecto_ia_tumores_ovaricos\data\processed\MMOTU_OTU_2D\train\images\1459.JPG,RGB,529,957,3,False,149,0.18596367165560831,0.023616650172937247,train
146.JPG,C:\Users\PC\Desktop\JARITZA - PUCP\26-2\Tesis\proyecto_ia_tumores_ovaricos\data\processed\MMOTU_OTU_2D\train\images\146.JPG,RGB,532,480,3,False,200,0.230187447786132,0.039148652882205516,train
1462.JPG,C:\Users\PC\Desktop\JARITZA - PUCP\26-2\Tesis\proyecto_ia_tumores_ovaricos\data\processed\MMOTU_OTU_2D\train\images\1462.JPG,RGB,565,1113,3,False,218,0.8804893627735505,0.04501109176347112,train
1463.JPG,C:\Users\PC\Desktop\JARITZA - PUCP\26-2\Tesis\proyecto_ia_tumores_ovaricos\data\processed\MMOTU_OTU_2D\train\images\1463.JPG,RGB,329,646,3,False,213,0.6998786076580688,0.07134858422652375,train
1465.JPG,C:\Users\PC\Desktop\JARITZA - PUCP\26-2\Tesis\proyecto_ia_tumores_ovaricos\data\processed\MMOTU_OTU_2D\train\images\1465.JPG,RGB,535,958,3,False,255,7.327267997320482,0.8213607008370242,train
147.JPG,C:\Users\PC\Desktop\JARITZA - PUCP\26-2\Tesis\proyecto_ia_tumores_ovaricos\data\processed\MMOTU_OTU_2D\train\images\147.JPG,RGB,573,1104,3,False,69,0.03172239505610778,0.004013645446037889,train
150.JPG,C:\Users\PC\Desktop\JARITZA - PUCP\26-2\Tesis\proyecto_ia_tumores_ovaricos\data\processed\MMOTU_OTU_2D\train\images\150.JPG,RGB,533,959,3,False,207,2.7789513910218915,0.7879201090879923,train
151.JPG,C:\Users\PC\Desktop\JARITZA - PUCP\26-2\Tesis\proyecto_ia_tumores_ovaricos\data\processed\MMOTU_OTU_2D\train\images\151.JPG,RGB,531,958,3,False,138,1.9256127079983276,0.7212550471989274,train
153.JPG,C:\Users\PC\Desktop\JARITZA - PUCP\26-2\Tesis\proyecto_ia_tumores_ovaricos\data\processed\MMOTU_OTU_2D\train\images\153.JPG,RGB,565,1104,3,False,64,0.030306528151853276,0.003288123637296396,train
156.JPG,C:\Users\PC\Desktop\JARITZA - PUCP\26-2\Tesis\proyecto_ia_tumores_ovaricos\data\processed\MMOTU_OTU_2D\train\images\156.JPG,RGB,535,958,3,False,176,2.194332689468584,0.7686828088111916,train
157.JPG,C:\Users\PC\Desktop\JARITZA - PUCP\26-2\Tesis\proyecto_ia_tumores_ovaricos\data\processed\MMOTU_OTU_2D\train\images\157.JPG,RGB,529,961,3,False,161,1.7619130985563636,0.5138098507186709,train
160.JPG,C:\Users\PC\Desktop\JARITZA - PUCP\26-2\Tesis\proyecto_ia_tumores_ovaricos\data\processed\MMOTU_OTU_2D\train\images\160.JPG,RGB,533,484,3,False,171,4.64664382181012,0.8828322453599615,train
161.JPG,C:\Users\PC\Desktop\JARITZA - PUCP\26-2\Tesis\proyecto_ia_tumores_ovaricos\data\processed\MMOTU_OTU_2D\train\images\161.JPG,RGB,531,957,3,False,144,2.5087290857795437,0.5883302142799512,train
165.JPG,C:\Users\PC\Desktop\JARITZA - PUCP\26-2\Tesis\proyecto_ia_tumores_ovaricos\data\processed\MMOTU_OTU_2D\train\images\165.JPG,RGB,536,479,3,False,159,2.9734937005993003,0.9074369800267971,train
166.JPG,C:\Users\PC\Desktop\JARITZA - PUCP\26-2\Tesis\proyecto_ia_tumores_ovaricos\data\processed\MMOTU_OTU_2D\train\images\166.JPG,RGB,537,480,3,False,169,3.3941263190564865,0.9011134388578522,train
167.JPG,C:\Users\PC\Desktop\JARITZA - PUCP\26-2\Tesis\proyecto_ia_tumores_ovaricos\data\processed\MMOTU_OTU_2D\train\images\167.JPG,RGB,534,479,3,False,194,4.00944278941511,0.9255432275417732,train
169.JPG,C:\Users\PC\Desktop\JARITZA - PUCP\26-2\Tesis\proyecto_ia_tumores_ovaricos\data\processed\MMOTU_OTU_2D\train\images\169.JPG,RGB,534,480,3,False,173,4.137031835205992,0.9160034332084894,train
17.JPG,C:\Users\PC\Desktop\JARITZA - PUCP\26-2\Tesis\proyecto_ia_tumores_ovaricos\data\processed\MMOTU_OTU_2D\train\images\17.JPG,RGB,536,959,3,False,172,0.1773159748701747,0.02331408650179758,train
171.JPG,C:\Users\PC\Desktop\JARITZA - PUCP\26-2\Tesis\proyecto_ia_tumores_ovaricos\data\processed\MMOTU_OTU_2D\train\images\171.JPG,RGB,535,958,3,False,173,2.980196281193296,0.773365461533959,train
172.JPG,C:\Users\PC\Desktop\JARITZA - PUCP\26-2\Tesis\proyecto_ia_tumores_ovaricos\data\processed\MMOTU_OTU_2D\train\images\172.JPG,RGB,534,958,3,False,171,3.1258591166052874,0.7798550350683775,train
173.JPG,C:\Users\PC\Desktop\JARITZA - PUCP\26-2\Tesis\proyecto_ia_tumores_ovaricos\data\processed\MMOTU_OTU_2D\train\images\173.JPG,RGB,533,958,3,False,184,2.762344941580137,0.7741953804635204,train
174.JPG,C:\Users\PC\Desktop\JARITZA - PUCP\26-2\Tesis\proyecto_ia_tumores_ovaricos\data\processed\MMOTU_OTU_2D\train\images\174.JPG,RGB,534,478,3,False,202,3.7235437920173005,0.9071701690878035,train
175.JPG,C:\Users\PC\Desktop\JARITZA - PUCP\26-2\Tesis\proyecto_ia_tumores_ovaricos\data\processed\MMOTU_OTU_2D\train\images\175.JPG,RGB,536,958,3,False,146,3.0167533937826527,0.7715798616520737,train
176.JPG,C:\Users\PC\Desktop\JARITZA - PUCP\26-2\Tesis\proyecto_ia_tumores_ovaricos\data\processed\MMOTU_OTU_2D\train\images\176.JPG,RGB,533,958,3,False,168,2.974139630588533,0.7775501650953558,train
178.JPG,C:\Users\PC\Desktop\JARITZA - PUCP\26-2\Tesis\proyecto_ia_tumores_ovaricos\data\processed\MMOTU_OTU_2D\train\images\178.JPG,RGB,535,958,3,False,151,2.2761906620100287,0.766013696759214,train
18.JPG,C:\Users\PC\Desktop\JARITZA - PUCP\26-2\Tesis\proyecto_ia_tumores_ovaricos\data\processed\MMOTU_OTU_2D\train\images\18.JPG,RGB,533,958,3,False,189,0.2601560735376103,0.03947992025287203,train
182.JPG,C:\Users\PC\Desktop\JARITZA - PUCP\26-2\Tesis\proyecto_ia_tumores_ovaricos\data\processed\MMOTU_OTU_2D\train\images\182.JPG,RGB,535,958,3,False,126,2.223146612556013,0.7391313679199266,train
183.JPG,C:\Users\PC\Desktop\JARITZA - PUCP\26-2\Tesis\proyecto_ia_tumores_ovaricos\data\processed\MMOTU_OTU_2D\train\images\183.JPG,RGB,532,958,3,False,112,2.249939828694911,0.7460286938640965,train
184.JPG,C:\Users\PC\Desktop\JARITZA - PUCP\26-2\Tesis\proyecto_ia_tumores_ovaricos\data\processed\MMOTU_OTU_2D\train\images\184.JPG,RGB,535,481,3,False,185,2.8368235957021004,0.9067674432160413,train
185.JPG,C:\Users\PC\Desktop\JARITZA - PUCP\26-2\Tesis\proyecto_ia_tumores_ovaricos\data\processed\MMOTU_OTU_2D\train\images\185.JPG,RGB,535,477,3,False,199,2.928484753489162,0.8921452222810008,train
187.JPG,C:\Users\PC\Desktop\JARITZA - PUCP\26-2\Tesis\proyecto_ia_tumores_ovaricos\data\processed\MMOTU_OTU_2D\train\images\187.JPG,RGB,533,478,3,False,198,3.384398198664961,0.911525508882382,train
188.JPG,C:\Users\PC\Desktop\JARITZA - PUCP\26-2\Tesis\proyecto_ia_tumores_ovaricos\data\processed\MMOTU_OTU_2D\train\images\188.JPG,RGB,532,959,3,False,133,0.13078316228527523,0.014449575450618203,train
189.JPG,C:\Users\PC\Desktop\JARITZA - PUCP\26-2\Tesis\proyecto_ia_tumores_ovaricos\data\processed\MMOTU_OTU_2D\train\images\189.JPG,RGB,532,959,3,False,121,0.13343185910553235,0.01618619018871475,train
19.JPG,C:\Users\PC\Desktop\JARITZA - PUCP\26-2\Tesis\proyecto_ia_tumores_ovaricos\data\processed\MMOTU_OTU_2D\train\images\19.JPG,RGB,534,958,3,False,155,0.17872101418112538,0.026979584496414973,train
190.JPG,C:\Users\PC\Desktop\JARITZA - PUCP\26-2\Tesis\proyecto_ia_tumores_ovaricos\data\processed\MMOTU_OTU_2D\train\images\190.JPG,RGB,534,479,3,False,175,0.24272894789654895,0.025282853635460893,train
192.JPG,C:\Users\PC\Desktop\JARITZA - PUCP\26-2\Tesis\proyecto_ia_tumores_ovaricos\data\processed\MMOTU_OTU_2D\train\images\192.JPG,RGB,532,480,3,False,173,3.078858604845447,0.9151629072681704,train
194.JPG,C:\Users\PC\Desktop\JARITZA - PUCP\26-2\Tesis\proyecto_ia_tumores_ovaricos\data\processed\MMOTU_OTU_2D\train\images\194.JPG,RGB,531,479,3,False,173,3.0496417651861556,0.9150733834219911,train
195.JPG,C:\Users\PC\Desktop\JARITZA - PUCP\26-2\Tesis\proyecto_ia_tumores_ovaricos\data\processed\MMOTU_OTU_2D\train\images\195.JPG,RGB,532,480,3,False,51,2.9699561403508774,0.9149906015037594,train
196.JPG,C:\Users\PC\Desktop\JARITZA - PUCP\26-2\Tesis\proyecto_ia_tumores_ovaricos\data\processed\MMOTU_OTU_2D\train\images\196.JPG,RGB,535,479,3,False,170,3.2641029143009512,0.914182584434082,train
197.JPG,C:\Users\PC\Desktop\JARITZA - PUCP\26-2\Tesis\proyecto_ia_tumores_ovaricos\data\processed\MMOTU_OTU_2D\train\images\197.JPG,RGB,534,959,3,False,115,2.206502820379635,0.7693641550772692,train
198.JPG,C:\Users\PC\Desktop\JARITZA - PUCP\26-2\Tesis\proyecto_ia_tumores_ovaricos\data\processed\MMOTU_OTU_2D\train\images\198.JPG,RGB,534,959,3,False,187,2.3943818922905282,0.773863223629483,train
199.JPG,C:\Users\PC\Desktop\JARITZA - PUCP\26-2\Tesis\proyecto_ia_tumores_ovaricos\data\processed\MMOTU_OTU_2D\train\images\199.JPG,RGB,533,479,3,False,160,0.2932782884918941,0.059289404520831784,train
2.JPG,C:\Users\PC\Desktop\JARITZA - PUCP\26-2\Tesis\proyecto_ia_tumores_ovaricos\data\processed\MMOTU_OTU_2D\train\images\2.JPG,RGB,536,959,3,False,141,2.584424073584113,0.7675419824755264,train
20.JPG,C:\Users\PC\Desktop\JARITZA - PUCP\26-2\Tesis\proyecto_ia_tumores_ovaricos\data\processed\MMOTU_OTU_2D\train\images\20.JPG,RGB,531,479,3,False,189,0.30880404483603235,0.0591038297771959,train
200.JPG,C:\Users\PC\Desktop\JARITZA - PUCP\26-2\Tesis\proyecto_ia_tumores_ovaricos\data\processed\MMOTU_OTU_2D\train\images\200.JPG,RGB,531,480,3,False,163,0.7379551161330822,0.06781622724419335,train
202.JPG,C:\Users\PC\Desktop\JARITZA - PUCP\26-2\Tesis\proyecto_ia_tumores_ovaricos\data\processed\MMOTU_OTU_2D\train\images\202.JPG,RGB,532,479,3,False,154,0.6984763579093872,0.055284348658703124,train
204.JPG,C:\Users\PC\Desktop\JARITZA - PUCP\26-2\Tesis\proyecto_ia_tumores_ovaricos\data\processed\MMOTU_OTU_2D\train\images\204.JPG,RGB,533,479,3,False,171,0.8078613851820227,0.08001739082751354,train
205.JPG,C:\Users\PC\Desktop\JARITZA - PUCP\26-2\Tesis\proyecto_ia_tumores_ovaricos\data\processed\MMOTU_OTU_2D\train\images\205.JPG,RGB,661,955,3,False,191,0.6057478092582765,0.058801910479916994,train
207.JPG,C:\Users\PC\Desktop\JARITZA - PUCP\26-2\Tesis\proyecto_ia_tumores_ovaricos\data\processed\MMOTU_OTU_2D\train\images\207.JPG,RGB,532,959,3,False,189,2.9975656032678146,0.732134036864842,train
208.JPG,C:\Users\PC\Desktop\JARITZA - PUCP\26-2\Tesis\proyecto_ia_tumores_ovaricos\data\processed\MMOTU_OTU_2D\train\images\208.JPG,RGB,536,959,3,False,200,2.5389359251708092,0.7072626959052496,train
209.JPG,C:\Users\PC\Desktop\JARITZA - PUCP\26-2\Tesis\proyecto_ia_tumores_ovaricos\data\processed\MMOTU_OTU_2D\train\images\209.JPG,RGB,534,478,3,False,179,3.4085087155699725,0.8302501057778195,train
211.JPG,C:\Users\PC\Desktop\JARITZA - PUCP\26-2\Tesis\proyecto_ia_tumores_ovaricos\data\processed\MMOTU_OTU_2D\train\images\211.JPG,RGB,531,972,3,False,163,2.018968015933908,0.5433745630962622,train
212.JPG,C:\Users\PC\Desktop\JARITZA - PUCP\26-2\Tesis\proyecto_ia_tumores_ovaricos\data\processed\MMOTU_OTU_2D\train\images\212.JPG,RGB,530,973,3,False,147,1.8968540531456235,0.5604646202175726,train
213.JPG,C:\Users\PC\Desktop\JARITZA - PUCP\26-2\Tesis\proyecto_ia_tumores_ovaricos\data\processed\MMOTU_OTU_2D\train\images\213.JPG,RGB,535,948,3,False,150,1.80390919726067,0.5132004416577941,train
214.JPG,C:\Users\PC\Desktop\JARITZA - PUCP\26-2\Tesis\proyecto_ia_tumores_ovaricos\data\processed\MMOTU_OTU_2D\train\images\214.JPG,RGB,532,483,3,False,165,3.1129739462527954,0.7772848269742679,train
215.JPG,C:\Users\PC\Desktop\JARITZA - PUCP\26-2\Tesis\proyecto_ia_tumores_ovaricos\data\processed\MMOTU_OTU_2D\train\images\215.JPG,RGB,532,959,3,False,195,1.8216984066004427,0.5400754231773386,train
216.JPG,C:\Users\PC\Desktop\JARITZA - PUCP\26-2\Tesis\proyecto_ia_tumores_ovaricos\data\processed\MMOTU_OTU_2D\train\images\216.JPG,RGB,532,954,3,False,129,1.9422888983464952,0.6246335177566558,train
218.JPG,C:\Users\PC\Desktop\JARITZA - PUCP\26-2\Tesis\proyecto_ia_tumores_ovaricos\data\processed\MMOTU_OTU_2D\train\images\218.JPG,RGB,531,480,3,False,169,0.3043262188742415,0.06717278719397364,train
219.JPG,C:\Users\PC\Desktop\JARITZA - PUCP\26-2\Tesis\proyecto_ia_tumores_ovaricos\data\processed\MMOTU_OTU_2D\train\images\219.JPG,RGB,530,481,3,False,174,0.7199388067312595,0.06753618640411094,train
22.JPG,C:\Users\PC\Desktop\JARITZA - PUCP\26-2\Tesis\proyecto_ia_tumores_ovaricos\data\processed\MMOTU_OTU_2D\train\images\22.JPG,RGB,534,480,3,False,198,0.27987931751976697,0.051107990012484394,train
221.JPG,C:\Users\PC\Desktop\JARITZA - PUCP\26-2\Tesis\proyecto_ia_tumores_ovaricos\data\processed\MMOTU_OTU_2D\train\images\221.JPG,RGB,532,481,3,False,160,0.14517843465211885,0.02850030481609429,train
222.JPG,C:\Users\PC\Desktop\JARITZA - PUCP\26-2\Tesis\proyecto_ia_tumores_ovaricos\data\processed\MMOTU_OTU_2D\train\images\222.JPG,RGB,532,479,3,False,182,0.8221179252934006,0.07361043527398874,train
223.JPG,C:\Users\PC\Desktop\JARITZA - PUCP\26-2\Tesis\proyecto_ia_tumores_ovaricos\data\processed\MMOTU_OTU_2D\train\images\223.JPG,RGB,444,878,3,False,115,0.07438759944454705,0.003314248188963451,train
224.JPG,C:\Users\PC\Desktop\JARITZA - PUCP\26-2\Tesis\proyecto_ia_tumores_ovaricos\data\processed\MMOTU_OTU_2D\train\images\224.JPG,RGB,445,876,3,False,162,0.12492090366493937,0.008426966292134831,train
226.JPG,C:\Users\PC\Desktop\JARITZA - PUCP\26-2\Tesis\proyecto_ia_tumores_ovaricos\data\processed\MMOTU_OTU_2D\train\images\226.JPG,RGB,444,480,3,False,114,0.29218593593593595,0.02502346096096096,train
23.JPG,C:\Users\PC\Desktop\JARITZA - PUCP\26-2\Tesis\proyecto_ia_tumores_ovaricos\data\processed\MMOTU_OTU_2D\train\images\23.JPG,RGB,533,480,3,False,163,0.7201375859912446,0.06766729205753597,train
230.JPG,C:\Users\PC\Desktop\JARITZA - PUCP\26-2\Tesis\proyecto_ia_tumores_ovaricos\data\processed\MMOTU_OTU_2D\train\images\230.JPG,RGB,532,481,3,False,188,0.22867980762717602,0.03574945680208838,train
231.JPG,C:\Users\PC\Desktop\JARITZA - PUCP\26-2\Tesis\proyecto_ia_tumores_ovaricos\data\processed\MMOTU_OTU_2D\train\images\231.JPG,RGB,530,478,3,False,165,0.7037630588668721,0.0601602589405542,train
232.JPG,C:\Users\PC\Desktop\JARITZA - PUCP\26-2\Tesis\proyecto_ia_tumores_ovaricos\data\processed\MMOTU_OTU_2D\train\images\232.JPG,RGB,534,479,3,False,159,3.4403889709887694,0.9072505922919941,train
233.JPG,C:\Users\PC\Desktop\JARITZA - PUCP\26-2\Tesis\proyecto_ia_tumores_ovaricos\data\processed\MMOTU_OTU_2D\train\images\233.JPG,RGB,534,480,3,False,159,3.4340433832709114,0.907108302122347,train
235.JPG,C:\Users\PC\Desktop\JARITZA - PUCP\26-2\Tesis\proyecto_ia_tumores_ovaricos\data\processed\MMOTU_OTU_2D\train\images\235.JPG,RGB,534,481,3,False,162,3.381749943547696,0.9058881699331137,train
236.JPG,C:\Users\PC\Desktop\JARITZA - PUCP\26-2\Tesis\proyecto_ia_tumores_ovaricos\data\processed\MMOTU_OTU_2D\train\images\236.JPG,RGB,557,855,3,False,174,0.8739116892570545,0.3015633038310918,train
238.JPG,C:\Users\PC\Desktop\JARITZA - PUCP\26-2\Tesis\proyecto_ia_tumores_ovaricos\data\processed\MMOTU_OTU_2D\train\images\238.JPG,RGB,556,855,3,False,206,0.9449535108755102,0.35305439858639404,train
239.JPG,C:\Users\PC\Desktop\JARITZA - PUCP\26-2\Tesis\proyecto_ia_tumores_ovaricos\data\processed\MMOTU_OTU_2D\train\images\239.JPG,RGB,533,480,3,False,139,3.79170054200542,0.8385045340838023,train
24.JPG,C:\Users\PC\Desktop\JARITZA - PUCP\26-2\Tesis\proyecto_ia_tumores_ovaricos\data\processed\MMOTU_OTU_2D\train\images\24.JPG,RGB,534,478,3,False,134,0.6990346794540298,0.06142948928901634,train
241.JPG,C:\Users\PC\Desktop\JARITZA - PUCP\26-2\Tesis\proyecto_ia_tumores_ovaricos\data\processed\MMOTU_OTU_2D\train\images\241.JPG,RGB,532,481,3,False,158,3.7663675821570557,0.8364739812108233,train
242.JPG,C:\Users\PC\Desktop\JARITZA - PUCP\26-2\Tesis\proyecto_ia_tumores_ovaricos\data\processed\MMOTU_OTU_2D\train\images\242.JPG,RGB,532,482,3,False,168,3.909374057550515,0.8936760989610957,train
243.JPG,C:\Users\PC\Desktop\JARITZA - PUCP\26-2\Tesis\proyecto_ia_tumores_ovaricos\data\processed\MMOTU_OTU_2D\train\images\243.JPG,RGB,531,478,3,False,194,4.586564651311832,0.8874311514549795,train
244.JPG,C:\Users\PC\Desktop\JARITZA - PUCP\26-2\Tesis\proyecto_ia_tumores_ovaricos\data\processed\MMOTU_OTU_2D\train\images\244.JPG,RGB,531,479,3,False,134,4.389842303291934,0.8919869942480607,train
246.JPG,C:\Users\PC\Desktop\JARITZA - PUCP\26-2\Tesis\proyecto_ia_tumores_ovaricos\data\processed\MMOTU_OTU_2D\train\images\246.JPG,RGB,532,481,3,False,137,3.096822096822097,0.8633134291029028,train
247.JPG,C:\Users\PC\Desktop\JARITZA - PUCP\26-2\Tesis\proyecto_ia_tumores_ovaricos\data\processed\MMOTU_OTU_2D\train\images\247.JPG,RGB,532,482,3,False,193,3.4543048492600796,0.8512931706860513,train
25.JPG,C:\Users\PC\Desktop\JARITZA - PUCP\26-2\Tesis\proyecto_ia_tumores_ovaricos\data\processed\MMOTU_OTU_2D\train\images\25.JPG,RGB,536,481,3,False,172,0.4516476867223136,0.041180531852173644,train
250.JPG,C:\Users\PC\Desktop\JARITZA - PUCP\26-2\Tesis\proyecto_ia_tumores_ovaricos\data\processed\MMOTU_OTU_2D\train\images\250.JPG,RGB,530,485,3,False,156,4.362391233871491,0.7530402645399727,train
251.JPG,C:\Users\PC\Desktop\JARITZA - PUCP\26-2\Tesis\proyecto_ia_tumores_ovaricos\data\processed\MMOTU_OTU_2D\train\images\251.JPG,RGB,532,483,3,False,173,4.040242946911793,0.7767866872149317,train
252.JPG,C:\Users\PC\Desktop\JARITZA - PUCP\26-2\Tesis\proyecto_ia_tumores_ovaricos\data\processed\MMOTU_OTU_2D\train\images\252.JPG,RGB,532,959,3,False,158,0.2498895831863287,0.037968356762605154,train
256.JPG,C:\Users\PC\Desktop\JARITZA - PUCP\26-2\Tesis\proyecto_ia_tumores_ovaricos\data\processed\MMOTU_OTU_2D\train\images\256.JPG,RGB,532,945,3,False,165,0.21950113378684807,0.025416716394160002,train
257.JPG,C:\Users\PC\Desktop\JARITZA - PUCP\26-2\Tesis\proyecto_ia_tumores_ovaricos\data\processed\MMOTU_OTU_2D\train\images\257.JPG,RGB,531,958,3,False,171,0.21594213724711583,0.025115097759377862,train
259.JPG,C:\Users\PC\Desktop\JARITZA - PUCP\26-2\Tesis\proyecto_ia_tumores_ovaricos\data\processed\MMOTU_OTU_2D\train\images\259.JPG,RGB,603,481,3,False,197,2.581495387465537,0.8763079957109808,train
260.JPG,C:\Users\PC\Desktop\JARITZA - PUCP\26-2\Tesis\proyecto_ia_tumores_ovaricos\data\processed\MMOTU_OTU_2D\train\images\260.JPG,RGB,607,481,3,False,205,3.07588186336127,0.8823805430065726,train
262.JPG,C:\Users\PC\Desktop\JARITZA - PUCP\26-2\Tesis\proyecto_ia_tumores_ovaricos\data\processed\MMOTU_OTU_2D\train\images\262.JPG,RGB,530,481,3,False,193,0.18574510649982348,0.023579021692229238,train
263.JPG,C:\Users\PC\Desktop\JARITZA - PUCP\26-2\Tesis\proyecto_ia_tumores_ovaricos\data\processed\MMOTU_OTU_2D\train\images\263.JPG,RGB,532,480,3,False,165,0.18541405597326652,0.03770363408521303,train
265.JPG,C:\Users\PC\Desktop\JARITZA - PUCP\26-2\Tesis\proyecto_ia_tumores_ovaricos\data\processed\MMOTU_OTU_2D\train\images\265.JPG,RGB,531,478,3,False,158,0.22429194672298,0.0321450803331521,train
270.JPG,C:\Users\PC\Desktop\JARITZA - PUCP\26-2\Tesis\proyecto_ia_tumores_ovaricos\data\processed\MMOTU_OTU_2D\train\images\270.JPG,RGB,593,568,3,False,186,0.25438211053844145,0.03067774267866898,train
272.JPG,C:\Users\PC\Desktop\JARITZA - PUCP\26-2\Tesis\proyecto_ia_tumores_ovaricos\data\processed\MMOTU_OTU_2D\train\images\272.JPG,RGB,534,959,3,False,182,2.7244997454953985,0.7749157401006823,train
273.JPG,C:\Users\PC\Desktop\JARITZA - PUCP\26-2\Tesis\proyecto_ia_tumores_ovaricos\data\processed\MMOTU_OTU_2D\train\images\273.JPG,RGB,534,959,3,False,156,2.3620383280024058,0.7684600453812297,train
274.JPG,C:\Users\PC\Desktop\JARITZA - PUCP\26-2\Tesis\proyecto_ia_tumores_ovaricos\data\processed\MMOTU_OTU_2D\train\images\274.JPG,RGB,534,959,3,False,182,3.196405952413498,0.7739667178279497,train
275.JPG,C:\Users\PC\Desktop\JARITZA - PUCP\26-2\Tesis\proyecto_ia_tumores_ovaricos\data\processed\MMOTU_OTU_2D\train\images\275.JPG,RGB,533,959,3,False,177,3.09244763900274,0.7736345904407147,train
276.JPG,C:\Users\PC\Desktop\JARITZA - PUCP\26-2\Tesis\proyecto_ia_tumores_ovaricos\data\processed\MMOTU_OTU_2D\train\images\276.JPG,RGB,533,958,3,False,189,2.417862938867063,0.7733493402061048,train
277.JPG,C:\Users\PC\Desktop\JARITZA - PUCP\26-2\Tesis\proyecto_ia_tumores_ovaricos\data\processed\MMOTU_OTU_2D\train\images\277.JPG,RGB,534,959,3,False,188,2.376836045662422,0.7779092609733141,train
278.JPG,C:\Users\PC\Desktop\JARITZA - PUCP\26-2\Tesis\proyecto_ia_tumores_ovaricos\data\processed\MMOTU_OTU_2D\train\images\278.JPG,RGB,532,959,3,False,194,2.289630489153018,0.7755533254408179,train
279.JPG,C:\Users\PC\Desktop\JARITZA - PUCP\26-2\Tesis\proyecto_ia_tumores_ovaricos\data\processed\MMOTU_OTU_2D\train\images\279.JPG,RGB,535,958,3,False,143,2.3902860970739925,0.7601467231186467,train
28.JPG,C:\Users\PC\Desktop\JARITZA - PUCP\26-2\Tesis\proyecto_ia_tumores_ovaricos\data\processed\MMOTU_OTU_2D\train\images\28.JPG,RGB,534,959,3,False,163,2.404391538730914,0.8233666467489152,train
280.JPG,C:\Users\PC\Desktop\JARITZA - PUCP\26-2\Tesis\proyecto_ia_tumores_ovaricos\data\processed\MMOTU_OTU_2D\train\images\280.JPG,RGB,532,958,3,False,194,2.646493582599505,0.7762196461927261,train
282.JPG,C:\Users\PC\Desktop\JARITZA - PUCP\26-2\Tesis\proyecto_ia_tumores_ovaricos\data\processed\MMOTU_OTU_2D\train\images\282.JPG,RGB,533,479,3,False,197,3.6667985340524676,0.9295710654231963,train
283.JPG,C:\Users\PC\Desktop\JARITZA - PUCP\26-2\Tesis\proyecto_ia_tumores_ovaricos\data\processed\MMOTU_OTU_2D\train\images\283.JPG,RGB,534,958,3,False,109,2.724835083494275,0.7607883152322644,train
284.JPG,C:\Users\PC\Desktop\JARITZA - PUCP\26-2\Tesis\proyecto_ia_tumores_ovaricos\data\processed\MMOTU_OTU_2D\train\images\284.JPG,RGB,532,480,3,False,183,2.9650323725981615,0.9145598370927318,train
285.JPG,C:\Users\PC\Desktop\JARITZA - PUCP\26-2\Tesis\proyecto_ia_tumores_ovaricos\data\processed\MMOTU_OTU_2D\train\images\285.JPG,RGB,534,477,3,False,191,3.6335162807496917,0.9263145910379321,train
286.JPG,C:\Users\PC\Desktop\JARITZA - PUCP\26-2\Tesis\proyecto_ia_tumores_ovaricos\data\processed\MMOTU_OTU_2D\train\images\286.JPG,RGB,533,958,3,False,161,0.2529386189959539,0.03607617495799175,train
287.JPG,C:\Users\PC\Desktop\JARITZA - PUCP\26-2\Tesis\proyecto_ia_tumores_ovaricos\data\processed\MMOTU_OTU_2D\train\images\287.JPG,RGB,533,958,3,False,155,0.19030683321125808,0.02657584790076261,train
289.JPG,C:\Users\PC\Desktop\JARITZA - PUCP\26-2\Tesis\proyecto_ia_tumores_ovaricos\data\processed\MMOTU_OTU_2D\train\images\289.JPG,RGB,532,961,3,False,162,2.4133265004342284,0.6141863503712455,train
29.JPG,C:\Users\PC\Desktop\JARITZA - PUCP\26-2\Tesis\proyecto_ia_tumores_ovaricos\data\processed\MMOTU_OTU_2D\train\images\29.JPG,RGB,531,959,3,False,181,2.9083640824331165,0.8320048543975304,train
290.JPG,C:\Users\PC\Desktop\JARITZA - PUCP\26-2\Tesis\proyecto_ia_tumores_ovaricos\data\processed\MMOTU_OTU_2D\train\images\290.JPG,RGB,531,487,3,False,188,3.3825862893485485,0.8364598197194864,train
291.JPG,C:\Users\PC\Desktop\JARITZA - PUCP\26-2\Tesis\proyecto_ia_tumores_ovaricos\data\processed\MMOTU_OTU_2D\train\images\291.JPG,RGB,531,495,3,False,116,2.952117534415086,0.8112918259810915,train
293.JPG,C:\Users\PC\Desktop\JARITZA - PUCP\26-2\Tesis\proyecto_ia_tumores_ovaricos\data\processed\MMOTU_OTU_2D\train\images\293.JPG,RGB,532,962,3,False,148,2.4840844314528527,0.6366416300626827,train
294.JPG,C:\Users\PC\Desktop\JARITZA - PUCP\26-2\Tesis\proyecto_ia_tumores_ovaricos\data\processed\MMOTU_OTU_2D\train\images\294.JPG,RGB,533,953,3,False,157,2.3226872514104104,0.5919925031843748,train
297.JPG,C:\Users\PC\Desktop\JARITZA - PUCP\26-2\Tesis\proyecto_ia_tumores_ovaricos\data\processed\MMOTU_OTU_2D\train\images\297.JPG,RGB,531,958,3,False,150,0.19570485173259314,0.02082178424133769,train
298.JPG,C:\Users\PC\Desktop\JARITZA - PUCP\26-2\Tesis\proyecto_ia_tumores_ovaricos\data\processed\MMOTU_OTU_2D\train\images\298.JPG,RGB,536,479,3,False,155,2.0514338536960293,0.8926284548032282,train
30.JPG,C:\Users\PC\Desktop\JARITZA - PUCP\26-2\Tesis\proyecto_ia_tumores_ovaricos\data\processed\MMOTU_OTU_2D\train\images\30.JPG,RGB,532,959,3,False,130,2.4362614042927966,0.8210247987016551,train
300.JPG,C:\Users\PC\Desktop\JARITZA - PUCP\26-2\Tesis\proyecto_ia_tumores_ovaricos\data\processed\MMOTU_OTU_2D\train\images\300.JPG,RGB,530,477,3,False,160,2.539469693973076,0.897227166646889,train
302.JPG,C:\Users\PC\Desktop\JARITZA - PUCP\26-2\Tesis\proyecto_ia_tumores_ovaricos\data\processed\MMOTU_OTU_2D\train\images\302.JPG,RGB,534,958,3,False,160,0.18671337237638755,0.018181213983564384,train
303.JPG,C:\Users\PC\Desktop\JARITZA - PUCP\26-2\Tesis\proyecto_ia_tumores_ovaricos\data\processed\MMOTU_OTU_2D\train\images\303.JPG,RGB,535,481,3,False,170,0.22989747475728783,0.0340917481104397,train
304.JPG,C:\Users\PC\Desktop\JARITZA - PUCP\26-2\Tesis\proyecto_ia_tumores_ovaricos\data\processed\MMOTU_OTU_2D\train\images\304.JPG,RGB,534,477,3,False,159,0.7018271186174513,0.05276423338751089,train
305.JPG,C:\Users\PC\Desktop\JARITZA - PUCP\26-2\Tesis\proyecto_ia_tumores_ovaricos\data\processed\MMOTU_OTU_2D\train\images\305.JPG,RGB,531,477,3,False,186,5.3340413575640815,0.9110732094422532,train
307.JPG,C:\Users\PC\Desktop\JARITZA - PUCP\26-2\Tesis\proyecto_ia_tumores_ovaricos\data\processed\MMOTU_OTU_2D\train\images\307.JPG,RGB,529,480,3,False,210,4.236208254568368,0.9249684940138626,train
308.JPG,C:\Users\PC\Desktop\JARITZA - PUCP\26-2\Tesis\proyecto_ia_tumores_ovaricos\data\processed\MMOTU_OTU_2D\train\images\308.JPG,RGB,532,963,3,False,126,2.652088424592114,0.7033237298854613,train
309.JPG,C:\Users\PC\Desktop\JARITZA - PUCP\26-2\Tesis\proyecto_ia_tumores_ovaricos\data\processed\MMOTU_OTU_2D\train\images\309.JPG,RGB,607,794,3,False,204,1.2924390368731993,0.5415534133679698,train
31.JPG,C:\Users\PC\Desktop\JARITZA - PUCP\26-2\Tesis\proyecto_ia_tumores_ovaricos\data\processed\MMOTU_OTU_2D\train\images\31.JPG,RGB,532,479,3,False,176,3.458740797714537,0.935387790980583,train
310.JPG,C:\Users\PC\Desktop\JARITZA - PUCP\26-2\Tesis\proyecto_ia_tumores_ovaricos\data\processed\MMOTU_OTU_2D\train\images\310.JPG,RGB,623,799,3,False,122,1.224091644786052,0.5280115393037444,train
311.JPG,C:\Users\PC\Desktop\JARITZA - PUCP\26-2\Tesis\proyecto_ia_tumores_ovaricos\data\processed\MMOTU_OTU_2D\train\images\311.JPG,RGB,533,479,3,False,221,0.22646460927432463,0.036955508466277855,train
312.JPG,C:\Users\PC\Desktop\JARITZA - PUCP\26-2\Tesis\proyecto_ia_tumores_ovaricos\data\processed\MMOTU_OTU_2D\train\images\312.JPG,RGB,532,479,3,False,165,0.6730081989943543,0.05929489695009967,train
314.JPG,C:\Users\PC\Desktop\JARITZA - PUCP\26-2\Tesis\proyecto_ia_tumores_ovaricos\data\processed\MMOTU_OTU_2D\train\images\314.JPG,RGB,533,480,3,False,182,0.28167344173441733,0.05701219512195122,train
317.JPG,C:\Users\PC\Desktop\JARITZA - PUCP\26-2\Tesis\proyecto_ia_tumores_ovaricos\data\processed\MMOTU_OTU_2D\train\images\317.JPG,RGB,532,478,3,False,180,2.707493105147807,0.8931717368735647,train
318.JPG,C:\Users\PC\Desktop\JARITZA - PUCP\26-2\Tesis\proyecto_ia_tumores_ovaricos\data\processed\MMOTU_OTU_2D\train\images\318.JPG,RGB,537,480,3,False,196,2.491935650734533,0.8639238050900062,train
319.JPG,C:\Users\PC\Desktop\JARITZA - PUCP\26-2\Tesis\proyecto_ia_tumores_ovaricos\data\processed\MMOTU_OTU_2D\train\images\319.JPG,RGB,534,482,3,False,167,4.632026357095125,0.837358385006294,train
32.JPG,C:\Users\PC\Desktop\JARITZA - PUCP\26-2\Tesis\proyecto_ia_tumores_ovaricos\data\processed\MMOTU_OTU_2D\train\images\32.JPG,RGB,533,479,3,False,187,3.5692558370902483,0.933918772301582,train
320.JPG,C:\Users\PC\Desktop\JARITZA - PUCP\26-2\Tesis\proyecto_ia_tumores_ovaricos\data\processed\MMOTU_OTU_2D\train\images\320.JPG,RGB,532,482,3,False,179,5.38250449775892,0.8563979970673572,train
321.JPG,C:\Users\PC\Desktop\JARITZA - PUCP\26-2\Tesis\proyecto_ia_tumores_ovaricos\data\processed\MMOTU_OTU_2D\train\images\321.JPG,RGB,529,959,3,False,154,0.22810071139793933,0.032441638363843874,train
324.JPG,C:\Users\PC\Desktop\JARITZA - PUCP\26-2\Tesis\proyecto_ia_tumores_ovaricos\data\processed\MMOTU_OTU_2D\train\images\324.JPG,RGB,532,958,3,False,165,0.21344200794261226,0.02936882917104871,train
327.JPG,C:\Users\PC\Desktop\JARITZA - PUCP\26-2\Tesis\proyecto_ia_tumores_ovaricos\data\processed\MMOTU_OTU_2D\train\images\327.JPG,RGB,533,959,3,False,171,1.780971031816679,0.7608574441403354,train
328.JPG,C:\Users\PC\Desktop\JARITZA - PUCP\26-2\Tesis\proyecto_ia_tumores_ovaricos\data\processed\MMOTU_OTU_2D\train\images\328.JPG,RGB,569,1105,3,False,86,0.23532910798495418,0.013428337402285506,train
329.JPG,C:\Users\PC\Desktop\JARITZA - PUCP\26-2\Tesis\proyecto_ia_tumores_ovaricos\data\processed\MMOTU_OTU_2D\train\images\329.JPG,RGB,569,1104,3,False,92,0.2346645950604077,0.014051794401568988,train
33.JPG,C:\Users\PC\Desktop\JARITZA - PUCP\26-2\Tesis\proyecto_ia_tumores_ovaricos\data\processed\MMOTU_OTU_2D\train\images\33.JPG,RGB,534,959,3,False,128,2.3823153800189805,0.8205449653001528,train
330.JPG,C:\Users\PC\Desktop\JARITZA - PUCP\26-2\Tesis\proyecto_ia_tumores_ovaricos\data\processed\MMOTU_OTU_2D\train\images\330.JPG,RGB,568,1102,3,False,84,0.2395090445881581,0.013817706602591958,train
332.JPG,C:\Users\PC\Desktop\JARITZA - PUCP\26-2\Tesis\proyecto_ia_tumores_ovaricos\data\processed\MMOTU_OTU_2D\train\images\332.JPG,RGB,549,555,3,False,200,0.1882428876964396,0.012120317038349825,train
334.JPG,C:\Users\PC\Desktop\JARITZA - PUCP\26-2\Tesis\proyecto_ia_tumores_ovaricos\data\processed\MMOTU_OTU_2D\train\images\334.JPG,RGB,565,1103,3,False,95,0.2331512073535036,0.012607610779932445,train
335.JPG,C:\Users\PC\Desktop\JARITZA - PUCP\26-2\Tesis\proyecto_ia_tumores_ovaricos\data\processed\MMOTU_OTU_2D\train\images\335.JPG,RGB,590,1135,3,False,185,0.21151148609970383,0.028523855745538715,train
337.JPG,C:\Users\PC\Desktop\JARITZA - PUCP\26-2\Tesis\proyecto_ia_tumores_ovaricos\data\processed\MMOTU_OTU_2D\train\images\337.JPG,RGB,619,801,3,False,187,4.82439895741524,0.6028772596451528,train
338.JPG,C:\Users\PC\Desktop\JARITZA - PUCP\26-2\Tesis\proyecto_ia_tumores_ovaricos\data\processed\MMOTU_OTU_2D\train\images\338.JPG,RGB,590,567,3,False,175,0.24874500543050448,0.03599976085851792,train
34.JPG,C:\Users\PC\Desktop\JARITZA - PUCP\26-2\Tesis\proyecto_ia_tumores_ovaricos\data\processed\MMOTU_OTU_2D\train\images\34.JPG,RGB,532,479,3,False,166,3.063899309861292,0.9377737140345644,train
340.JPG,C:\Users\PC\Desktop\JARITZA - PUCP\26-2\Tesis\proyecto_ia_tumores_ovaricos\data\processed\MMOTU_OTU_2D\train\images\340.JPG,RGB,587,569,3,False,218,0.4835445589810072,0.023721343820265087,train
341.JPG,C:\Users\PC\Desktop\JARITZA - PUCP\26-2\Tesis\proyecto_ia_tumores_ovaricos\data\processed\MMOTU_OTU_2D\train\images\341.JPG,RGB,592,566,3,False,204,0.23525292076528825,0.02682110113647216,train
342.JPG,C:\Users\PC\Desktop\JARITZA - PUCP\26-2\Tesis\proyecto_ia_tumores_ovaricos\data\processed\MMOTU_OTU_2D\train\images\342.JPG,RGB,590,569,3,False,207,0.7622293050549581,0.042852461946322716,train
343.JPG,C:\Users\PC\Desktop\JARITZA - PUCP\26-2\Tesis\proyecto_ia_tumores_ovaricos\data\processed\MMOTU_OTU_2D\train\images\343.JPG,RGB,531,958,3,False,149,2.6496401925438406,0.707252633192975,train
346.JPG,C:\Users\PC\Desktop\JARITZA - PUCP\26-2\Tesis\proyecto_ia_tumores_ovaricos\data\processed\MMOTU_OTU_2D\train\images\346.JPG,RGB,535,958,3,False,150,3.7456513114679466,0.58270735371588,train
347.JPG,C:\Users\PC\Desktop\JARITZA - PUCP\26-2\Tesis\proyecto_ia_tumores_ovaricos\data\processed\MMOTU_OTU_2D\train\images\347.JPG,RGB,609,828,3,False,158,1.7333793420749943,0.6157595805271967,train
348.JPG,C:\Users\PC\Desktop\JARITZA - PUCP\26-2\Tesis\proyecto_ia_tumores_ovaricos\data\processed\MMOTU_OTU_2D\train\images\348.JPG,RGB,604,478,3,False,200,3.223780099199202,0.8856646069439441,train
349.JPG,C:\Users\PC\Desktop\JARITZA - PUCP\26-2\Tesis\proyecto_ia_tumores_ovaricos\data\processed\MMOTU_OTU_2D\train\images\349.JPG,RGB,600,476,3,False,142,2.892866479925304,0.8845063025210084,train
35.JPG,C:\Users\PC\Desktop\JARITZA - PUCP\26-2\Tesis\proyecto_ia_tumores_ovaricos\data\processed\MMOTU_OTU_2D\train\images\35.JPG,RGB,535,480,3,False,180,3.7497326064382137,0.929528816199377,train
351.JPG,C:\Users\PC\Desktop\JARITZA - PUCP\26-2\Tesis\proyecto_ia_tumores_ovaricos\data\processed\MMOTU_OTU_2D\train\images\351.JPG,RGB,601,473,3,False,142,2.8277207707614394,0.8696710556401769,train
353.JPG,C:\Users\PC\Desktop\JARITZA - PUCP\26-2\Tesis\proyecto_ia_tumores_ovaricos\data\processed\MMOTU_OTU_2D\train\images\353.JPG,RGB,537,958,3,False,142,2.4876767111287355,0.7686968117159041,train
355.JPG,C:\Users\PC\Desktop\JARITZA - PUCP\26-2\Tesis\proyecto_ia_tumores_ovaricos\data\processed\MMOTU_OTU_2D\train\images\355.JPG,RGB,537,958,3,False,134,2.381245067509515,0.7655808384164713,train
357.JPG,C:\Users\PC\Desktop\JARITZA - PUCP\26-2\Tesis\proyecto_ia_tumores_ovaricos\data\processed\MMOTU_OTU_2D\train\images\357.JPG,RGB,533,480,3,False,195,3.473759641442568,0.8990970919324578,train
360.JPG,C:\Users\PC\Desktop\JARITZA - PUCP\26-2\Tesis\proyecto_ia_tumores_ovaricos\data\processed\MMOTU_OTU_2D\train\images\360.JPG,RGB,534,964,3,False,146,1.5968343512518066,0.6185078558440953,train
362.JPG,C:\Users\PC\Desktop\JARITZA - PUCP\26-2\Tesis\proyecto_ia_tumores_ovaricos\data\processed\MMOTU_OTU_2D\train\images\362.JPG,RGB,556,958,3,False,160,1.4345809365034068,0.5346514020516363,train
364.JPG,C:\Users\PC\Desktop\JARITZA - PUCP\26-2\Tesis\proyecto_ia_tumores_ovaricos\data\processed\MMOTU_OTU_2D\train\images\364.JPG,RGB,562,958,3,False,129,1.602367030958625,0.38975029532165917,train
365.JPG,C:\Users\PC\Desktop\JARITZA - PUCP\26-2\Tesis\proyecto_ia_tumores_ovaricos\data\processed\MMOTU_OTU_2D\train\images\365.JPG,RGB,554,958,3,False,201,1.8122668314704973,0.3879585176699351,train
366.JPG,C:\Users\PC\Desktop\JARITZA - PUCP\26-2\Tesis\proyecto_ia_tumores_ovaricos\data\processed\MMOTU_OTU_2D\train\images\366.JPG,RGB,535,959,3,False,179,1.9039432950340924,0.5975578143120267,train
367.JPG,C:\Users\PC\Desktop\JARITZA - PUCP\26-2\Tesis\proyecto_ia_tumores_ovaricos\data\processed\MMOTU_OTU_2D\train\images\367.JPG,RGB,534,958,3,False,185,1.8688695498059573,0.6080668996739462,train
368.JPG,C:\Users\PC\Desktop\JARITZA - PUCP\26-2\Tesis\proyecto_ia_tumores_ovaricos\data\processed\MMOTU_OTU_2D\train\images\368.JPG,RGB,534,958,3,False,177,1.8947479533672678,0.5975874363725927,train
369.JPG,C:\Users\PC\Desktop\JARITZA - PUCP\26-2\Tesis\proyecto_ia_tumores_ovaricos\data\processed\MMOTU_OTU_2D\train\images\369.JPG,RGB,589,1135,3,False,200,0.17681178931412658,0.02727238730619358,train
37.JPG,C:\Users\PC\Desktop\JARITZA - PUCP\26-2\Tesis\proyecto_ia_tumores_ovaricos\data\processed\MMOTU_OTU_2D\train\images\37.JPG,RGB,534,958,3,False,114,2.7634076923678386,0.820844377722002,train
372.JPG,C:\Users\PC\Desktop\JARITZA - PUCP\26-2\Tesis\proyecto_ia_tumores_ovaricos\data\processed\MMOTU_OTU_2D\train\images\372.JPG,RGB,669,806,3,False,196,4.223637863012954,0.6309424458563762,train
373.JPG,C:\Users\PC\Desktop\JARITZA - PUCP\26-2\Tesis\proyecto_ia_tumores_ovaricos\data\processed\MMOTU_OTU_2D\train\images\373.JPG,RGB,536,480,3,False,171,2.374593179933665,0.9044504042288557,train
374.JPG,C:\Users\PC\Desktop\JARITZA - PUCP\26-2\Tesis\proyecto_ia_tumores_ovaricos\data\processed\MMOTU_OTU_2D\train\images\374.JPG,RGB,535,480,3,False,187,3.21539979231568,0.9257593457943926,train
375.JPG,C:\Users\PC\Desktop\JARITZA - PUCP\26-2\Tesis\proyecto_ia_tumores_ovaricos\data\processed\MMOTU_OTU_2D\train\images\375.JPG,RGB,535,479,3,False,212,2.6978193146417446,0.9126373090355686,train
376.JPG,C:\Users\PC\Desktop\JARITZA - PUCP\26-2\Tesis\proyecto_ia_tumores_ovaricos\data\processed\MMOTU_OTU_2D\train\images\376.JPG,RGB,535,480,3,False,144,2.5461240913811007,0.9137383177570093,train
378.JPG,C:\Users\PC\Desktop\JARITZA - PUCP\26-2\Tesis\proyecto_ia_tumores_ovaricos\data\processed\MMOTU_OTU_2D\train\images\378.JPG,RGB,538,479,3,False,148,2.5301265285743484,0.8990539460306866,train
379.JPG,C:\Users\PC\Desktop\JARITZA - PUCP\26-2\Tesis\proyecto_ia_tumores_ovaricos\data\processed\MMOTU_OTU_2D\train\images\379.JPG,RGB,531,482,3,False,171,3.7446374569238343,0.859405646591806,train
38.JPG,C:\Users\PC\Desktop\JARITZA - PUCP\26-2\Tesis\proyecto_ia_tumores_ovaricos\data\processed\MMOTU_OTU_2D\train\images\38.JPG,RGB,535,481,3,False,54,2.658278119960363,0.8872520255697826,train
380.JPG,C:\Users\PC\Desktop\JARITZA - PUCP\26-2\Tesis\proyecto_ia_tumores_ovaricos\data\processed\MMOTU_OTU_2D\train\images\380.JPG,RGB,535,477,3,False,134,2.909827125662075,0.7846235231881502,train
381.JPG,C:\Users\PC\Desktop\JARITZA - PUCP\26-2\Tesis\proyecto_ia_tumores_ovaricos\data\processed\MMOTU_OTU_2D\train\images\381.JPG,RGB,533,481,3,False,124,2.8984565457360953,0.782601912057822,train
384.JPG,C:\Users\PC\Desktop\JARITZA - PUCP\26-2\Tesis\proyecto_ia_tumores_ovaricos\data\processed\MMOTU_OTU_2D\train\images\384.JPG,RGB,589,554,3,False,87,4.440151269054201,0.7378564905334257,train
389.JPG,C:\Users\PC\Desktop\JARITZA - PUCP\26-2\Tesis\proyecto_ia_tumores_ovaricos\data\processed\MMOTU_OTU_2D\train\images\389.JPG,RGB,537,938,3,False,154,0.23404128598825505,0.03389080138017018,train
390.JPG,C:\Users\PC\Desktop\JARITZA - PUCP\26-2\Tesis\proyecto_ia_tumores_ovaricos\data\processed\MMOTU_OTU_2D\train\images\390.JPG,RGB,533,914,3,False,196,0.13185620662804845,0.02077542993911676,train
393.JPG,C:\Users\PC\Desktop\JARITZA - PUCP\26-2\Tesis\proyecto_ia_tumores_ovaricos\data\processed\MMOTU_OTU_2D\train\images\393.JPG,RGB,531,959,3,False,255,1.3503407438827457,0.11791158791035075,train
395.JPG,C:\Users\PC\Desktop\JARITZA - PUCP\26-2\Tesis\proyecto_ia_tumores_ovaricos\data\processed\MMOTU_OTU_2D\train\images\395.JPG,RGB,531,959,3,False,255,1.2315061920406472,0.10104687674896756,train
396.JPG,C:\Users\PC\Desktop\JARITZA - PUCP\26-2\Tesis\proyecto_ia_tumores_ovaricos\data\processed\MMOTU_OTU_2D\train\images\396.JPG,RGB,532,959,3,False,255,1.4333918738451967,0.10625690921777854,train
397.JPG,C:\Users\PC\Desktop\JARITZA - PUCP\26-2\Tesis\proyecto_ia_tumores_ovaricos\data\processed\MMOTU_OTU_2D\train\images\397.JPG,RGB,534,479,3,False,255,3.602795566085191,0.19216845331644422,train
398.JPG,C:\Users\PC\Desktop\JARITZA - PUCP\26-2\Tesis\proyecto_ia_tumores_ovaricos\data\processed\MMOTU_OTU_2D\train\images\398.JPG,RGB,534,959,3,False,255,3.239660018303502,0.7620473105177443,train
4.JPG,C:\Users\PC\Desktop\JARITZA - PUCP\26-2\Tesis\proyecto_ia_tumores_ovaricos\data\processed\MMOTU_OTU_2D\train\images\4.JPG,RGB,535,478,3,False,181,3.4277454085689336,0.9105501896531498,train
40.JPG,C:\Users\PC\Desktop\JARITZA - PUCP\26-2\Tesis\proyecto_ia_tumores_ovaricos\data\processed\MMOTU_OTU_2D\train\images\40.JPG,RGB,533,478,3,False,160,2.7641779250106633,0.8875356198042187,train
400.JPG,C:\Users\PC\Desktop\JARITZA - PUCP\26-2\Tesis\proyecto_ia_tumores_ovaricos\data\processed\MMOTU_OTU_2D\train\images\400.JPG,RGB,322,572,3,False,252,2.547126786257221,0.14323176823176823,train
401.JPG,C:\Users\PC\Desktop\JARITZA - PUCP\26-2\Tesis\proyecto_ia_tumores_ovaricos\data\processed\MMOTU_OTU_2D\train\images\401.JPG,RGB,347,655,3,False,221,5.131859412925035,0.4905207118815584,train
402.JPG,C:\Users\PC\Desktop\JARITZA - PUCP\26-2\Tesis\proyecto_ia_tumores_ovaricos\data\processed\MMOTU_OTU_2D\train\images\402.JPG,RGB,616,846,3,False,196,4.603215539385752,0.6342375118970863,train
404.JPG,C:\Users\PC\Desktop\JARITZA - PUCP\26-2\Tesis\proyecto_ia_tumores_ovaricos\data\processed\MMOTU_OTU_2D\train\images\404.JPG,RGB,532,958,3,False,200,1.4379660005964807,0.07888850518781296,train
405.JPG,C:\Users\PC\Desktop\JARITZA - PUCP\26-2\Tesis\proyecto_ia_tumores_ovaricos\data\processed\MMOTU_OTU_2D\train\images\405.JPG,RGB,533,958,3,False,201,2.3585996466998553,0.09142130846392774,train
406.JPG,C:\Users\PC\Desktop\JARITZA - PUCP\26-2\Tesis\proyecto_ia_tumores_ovaricos\data\processed\MMOTU_OTU_2D\train\images\406.JPG,RGB,530,959,3,False,194,0.793460168807917,0.06618726267534972,train
407.JPG,C:\Users\PC\Desktop\JARITZA - PUCP\26-2\Tesis\proyecto_ia_tumores_ovaricos\data\processed\MMOTU_OTU_2D\train\images\407.JPG,RGB,531,958,3,False,192,0.7298986825189012,0.061867748644578904,train
408.JPG,C:\Users\PC\Desktop\JARITZA - PUCP\26-2\Tesis\proyecto_ia_tumores_ovaricos\data\processed\MMOTU_OTU_2D\train\images\408.JPG,RGB,532,957,3,False,200,1.2651639548191271,0.06939370369497411,train
409.JPG,C:\Users\PC\Desktop\JARITZA - PUCP\26-2\Tesis\proyecto_ia_tumores_ovaricos\data\processed\MMOTU_OTU_2D\train\images\409.JPG,RGB,532,958,3,False,189,0.7462340611445105,0.06058400175804857,train
41.JPG,C:\Users\PC\Desktop\JARITZA - PUCP\26-2\Tesis\proyecto_ia_tumores_ovaricos\data\processed\MMOTU_OTU_2D\train\images\41.JPG,RGB,533,481,3,False,218,3.416667641808355,0.9101855499604092,train
410.JPG,C:\Users\PC\Desktop\JARITZA - PUCP\26-2\Tesis\proyecto_ia_tumores_ovaricos\data\processed\MMOTU_OTU_2D\train\images\410.JPG,RGB,604,833,3,False,111,2.0359229784629083,0.602692732722228,train
411.JPG,C:\Users\PC\Desktop\JARITZA - PUCP\26-2\Tesis\proyecto_ia_tumores_ovaricos\data\processed\MMOTU_OTU_2D\train\images\411.JPG,RGB,535,959,3,False,255,5.307564018854012,0.7488232485162699,train
413.JPG,C:\Users\PC\Desktop\JARITZA - PUCP\26-2\Tesis\proyecto_ia_tumores_ovaricos\data\processed\MMOTU_OTU_2D\train\images\413.JPG,RGB,660,959,3,False,192,3.229103337862462,0.6082061490820615,train
414.JPG,C:\Users\PC\Desktop\JARITZA - PUCP\26-2\Tesis\proyecto_ia_tumores_ovaricos\data\processed\MMOTU_OTU_2D\train\images\414.JPG,RGB,334,483,3,False,111,2.8737266667493166,0.6101089745973891,train
415.JPG,C:\Users\PC\Desktop\JARITZA - PUCP\26-2\Tesis\proyecto_ia_tumores_ovaricos\data\processed\MMOTU_OTU_2D\train\images\415.JPG,RGB,595,876,3,False,251,1.7943338065819938,0.3837189670388703,train
416.JPG,C:\Users\PC\Desktop\JARITZA - PUCP\26-2\Tesis\proyecto_ia_tumores_ovaricos\data\processed\MMOTU_OTU_2D\train\images\416.JPG,RGB,532,958,3,False,255,1.0312930028620613,0.07898268636099644,train
417.JPG,C:\Users\PC\Desktop\JARITZA - PUCP\26-2\Tesis\proyecto_ia_tumores_ovaricos\data\processed\MMOTU_OTU_2D\train\images\417.JPG,RGB,534,957,3,False,253,1.2859930833584456,0.09784203914386014,train
418.JPG,C:\Users\PC\Desktop\JARITZA - PUCP\26-2\Tesis\proyecto_ia_tumores_ovaricos\data\processed\MMOTU_OTU_2D\train\images\418.JPG,RGB,531,959,3,False,255,1.227565594261128,0.10040276574979037,train
419.JPG,C:\Users\PC\Desktop\JARITZA - PUCP\26-2\Tesis\proyecto_ia_tumores_ovaricos\data\processed\MMOTU_OTU_2D\train\images\419.JPG,RGB,535,959,3,False,255,1.400767284197259,0.10452671688772378,train
42.JPG,C:\Users\PC\Desktop\JARITZA - PUCP\26-2\Tesis\proyecto_ia_tumores_ovaricos\data\processed\MMOTU_OTU_2D\train\images\42.JPG,RGB,534,480,3,False,186,3.4880800041614646,0.9077442259675406,train
420.JPG,C:\Users\PC\Desktop\JARITZA - PUCP\26-2\Tesis\proyecto_ia_tumores_ovaricos\data\processed\MMOTU_OTU_2D\train\images\420.JPG,RGB,533,959,3,False,255,1.4112391673367284,0.10245780568016637,train
421.JPG,C:\Users\PC\Desktop\JARITZA - PUCP\26-2\Tesis\proyecto_ia_tumores_ovaricos\data\processed\MMOTU_OTU_2D\train\images\421.JPG,RGB,531,957,3,False,209,4.138664389200138,0.171728978859312,train
422.JPG,C:\Users\PC\Desktop\JARITZA - PUCP\26-2\Tesis\proyecto_ia_tumores_ovaricos\data\processed\MMOTU_OTU_2D\train\images\422.JPG,RGB,532,959,3,False,255,5.390816718542968,0.1662132390412946,train
423.JPG,C:\Users\PC\Desktop\JARITZA - PUCP\26-2\Tesis\proyecto_ia_tumores_ovaricos\data\processed\MMOTU_OTU_2D\train\images\423.JPG,RGB,534,961,3,False,195,4.0550027865792115,0.6088539169950153,train
424.JPG,C:\Users\PC\Desktop\JARITZA - PUCP\26-2\Tesis\proyecto_ia_tumores_ovaricos\data\processed\MMOTU_OTU_2D\train\images\424.JPG,RGB,557,956,3,False,255,2.010072138798955,0.12115299384779489,train
425.JPG,C:\Users\PC\Desktop\JARITZA - PUCP\26-2\Tesis\proyecto_ia_tumores_ovaricos\data\processed\MMOTU_OTU_2D\train\images\425.JPG,RGB,602,831,3,False,255,2.3163049228870736,0.5738712914432837,train
426.JPG,C:\Users\PC\Desktop\JARITZA - PUCP\26-2\Tesis\proyecto_ia_tumores_ovaricos\data\processed\MMOTU_OTU_2D\train\images\426.JPG,RGB,537,479,3,False,201,3.403290789185519,0.8684487779086629,train
427.JPG,C:\Users\PC\Desktop\JARITZA - PUCP\26-2\Tesis\proyecto_ia_tumores_ovaricos\data\processed\MMOTU_OTU_2D\train\images\427.JPG,RGB,536,479,3,False,203,10.951505520414628,0.9260703268625557,train
428.JPG,C:\Users\PC\Desktop\JARITZA - PUCP\26-2\Tesis\proyecto_ia_tumores_ovaricos\data\processed\MMOTU_OTU_2D\train\images\428.JPG,RGB,270,482,3,False,190,5.09519491829312,0.7814200092208391,train
43.JPG,C:\Users\PC\Desktop\JARITZA - PUCP\26-2\Tesis\proyecto_ia_tumores_ovaricos\data\processed\MMOTU_OTU_2D\train\images\43.JPG,RGB,534,481,3,False,187,4.2985171861576355,0.9293022495269686,train
432.JPG,C:\Users\PC\Desktop\JARITZA - PUCP\26-2\Tesis\proyecto_ia_tumores_ovaricos\data\processed\MMOTU_OTU_2D\train\images\432.JPG,RGB,529,474,3,False,255,5.894562625126622,0.9033085273543745,train
433.JPG,C:\Users\PC\Desktop\JARITZA - PUCP\26-2\Tesis\proyecto_ia_tumores_ovaricos\data\processed\MMOTU_OTU_2D\train\images\433.JPG,RGB,532,958,3,False,255,4.963622521857881,0.7707767592258308,train
434.JPG,C:\Users\PC\Desktop\JARITZA - PUCP\26-2\Tesis\proyecto_ia_tumores_ovaricos\data\processed\MMOTU_OTU_2D\train\images\434.JPG,RGB,664,957,3,False,255,5.897166513493892,0.8186098626480846,train
435.JPG,C:\Users\PC\Desktop\JARITZA - PUCP\26-2\Tesis\proyecto_ia_tumores_ovaricos\data\processed\MMOTU_OTU_2D\train\images\435.JPG,RGB,275,406,3,False,255,7.275432154052844,0.6381191222570533,train
437.JPG,C:\Users\PC\Desktop\JARITZA - PUCP\26-2\Tesis\proyecto_ia_tumores_ovaricos\data\processed\MMOTU_OTU_2D\train\images\437.JPG,RGB,272,487,3,False,255,5.158317228328703,0.7330595482546202,train
438.JPG,C:\Users\PC\Desktop\JARITZA - PUCP\26-2\Tesis\proyecto_ia_tumores_ovaricos\data\processed\MMOTU_OTU_2D\train\images\438.JPG,RGB,533,959,3,False,255,5.195855595357108,0.7734252573134539,train
439.JPG,C:\Users\PC\Desktop\JARITZA - PUCP\26-2\Tesis\proyecto_ia_tumores_ovaricos\data\processed\MMOTU_OTU_2D\train\images\439.JPG,RGB,531,957,3,False,255,6.891392003022628,0.7765380278530483,train
44.JPG,C:\Users\PC\Desktop\JARITZA - PUCP\26-2\Tesis\proyecto_ia_tumores_ovaricos\data\processed\MMOTU_OTU_2D\train\images\44.JPG,RGB,535,480,3,False,188,3.435672377985462,0.9098169781931464,train
444.JPG,C:\Users\PC\Desktop\JARITZA - PUCP\26-2\Tesis\proyecto_ia_tumores_ovaricos\data\processed\MMOTU_OTU_2D\train\images\444.JPG,RGB,532,957,3,False,254,2.9035965043224565,0.7602096935127788,train
446.JPG,C:\Users\PC\Desktop\JARITZA - PUCP\26-2\Tesis\proyecto_ia_tumores_ovaricos\data\processed\MMOTU_OTU_2D\train\images\446.JPG,RGB,533,478,3,False,253,3.9684347696389737,0.9148971245103503,train
447.JPG,C:\Users\PC\Desktop\JARITZA - PUCP\26-2\Tesis\proyecto_ia_tumores_ovaricos\data\processed\MMOTU_OTU_2D\train\images\447.JPG,RGB,535,480,3,False,253,3.641269470404984,0.9045794392523364,train
449.JPG,C:\Users\PC\Desktop\JARITZA - PUCP\26-2\Tesis\proyecto_ia_tumores_ovaricos\data\processed\MMOTU_OTU_2D\train\images\449.JPG,RGB,273,486,3,False,118,2.747850686122291,0.5709311264866821,train
45.JPG,C:\Users\PC\Desktop\JARITZA - PUCP\26-2\Tesis\proyecto_ia_tumores_ovaricos\data\processed\MMOTU_OTU_2D\train\images\45.JPG,RGB,536,941,3,False,138,1.7911941355919658,0.5085293511190064,train
450.JPG,C:\Users\PC\Desktop\JARITZA - PUCP\26-2\Tesis\proyecto_ia_tumores_ovaricos\data\processed\MMOTU_OTU_2D\train\images\450.JPG,RGB,532,955,3,False,253,2.8860108386148617,0.60036413022084,train
451.JPG,C:\Users\PC\Desktop\JARITZA - PUCP\26-2\Tesis\proyecto_ia_tumores_ovaricos\data\processed\MMOTU_OTU_2D\train\images\451.JPG,RGB,532,958,3,False,254,1.7995144437293653,0.13653326949942707,train
454.JPG,C:\Users\PC\Desktop\JARITZA - PUCP\26-2\Tesis\proyecto_ia_tumores_ovaricos\data\processed\MMOTU_OTU_2D\train\images\454.JPG,RGB,532,484,3,False,255,10.160838563350525,0.8920648729261169,train
455.JPG,C:\Users\PC\Desktop\JARITZA - PUCP\26-2\Tesis\proyecto_ia_tumores_ovaricos\data\processed\MMOTU_OTU_2D\train\images\455.JPG,RGB,531,961,3,False,255,3.8485844351556264,0.6144376444028995,train
456.JPG,C:\Users\PC\Desktop\JARITZA - PUCP\26-2\Tesis\proyecto_ia_tumores_ovaricos\data\processed\MMOTU_OTU_2D\train\images\456.JPG,RGB,662,959,3,False,255,3.4930582902003287,0.7773848640168353,train
458.JPG,C:\Users\PC\Desktop\JARITZA - PUCP\26-2\Tesis\proyecto_ia_tumores_ovaricos\data\processed\MMOTU_OTU_2D\train\images\458.JPG,RGB,530,959,3,False,255,6.2278592086882965,0.2044385857910166,train
459.JPG,C:\Users\PC\Desktop\JARITZA - PUCP\26-2\Tesis\proyecto_ia_tumores_ovaricos\data\processed\MMOTU_OTU_2D\train\images\459.JPG,RGB,661,958,3,False,255,3.4081066939549847,0.7466623923390574,train
46.JPG,C:\Users\PC\Desktop\JARITZA - PUCP\26-2\Tesis\proyecto_ia_tumores_ovaricos\data\processed\MMOTU_OTU_2D\train\images\46.JPG,RGB,534,480,3,False,44,3.9095817727840196,0.7975031210986268,train
460.JPG,C:\Users\PC\Desktop\JARITZA - PUCP\26-2\Tesis\proyecto_ia_tumores_ovaricos\data\processed\MMOTU_OTU_2D\train\images\460.JPG,RGB,662,959,3,False,255,3.5373201566334522,0.7352321306496886,train
461.JPG,C:\Users\PC\Desktop\JARITZA - PUCP\26-2\Tesis\proyecto_ia_tumores_ovaricos\data\processed\MMOTU_OTU_2D\train\images\461.JPG,RGB,529,958,3,False,254,1.3177053118171784,0.09737322951486044,train
462.JPG,C:\Users\PC\Desktop\JARITZA - PUCP\26-2\Tesis\proyecto_ia_tumores_ovaricos\data\processed\MMOTU_OTU_2D\train\images\462.JPG,RGB,532,957,3,False,255,1.4088041420164832,0.10511191772534785,train
463.JPG,C:\Users\PC\Desktop\JARITZA - PUCP\26-2\Tesis\proyecto_ia_tumores_ovaricos\data\processed\MMOTU_OTU_2D\train\images\463.JPG,RGB,530,958,3,False,255,2.1857538635259517,0.13611887974160003,train
465.JPG,C:\Users\PC\Desktop\JARITZA - PUCP\26-2\Tesis\proyecto_ia_tumores_ovaricos\data\processed\MMOTU_OTU_2D\train\images\465.JPG,RGB,592,1134,3,False,255,1.1996421024198802,0.062124624624624626,train
466.JPG,C:\Users\PC\Desktop\JARITZA - PUCP\26-2\Tesis\proyecto_ia_tumores_ovaricos\data\processed\MMOTU_OTU_2D\train\images\466.JPG,RGB,533,958,3,False,255,4.157406573262778,0.7789484816319177,train
467.JPG,C:\Users\PC\Desktop\JARITZA - PUCP\26-2\Tesis\proyecto_ia_tumores_ovaricos\data\processed\MMOTU_OTU_2D\train\images\467.JPG,RGB,532,959,3,False,255,3.6001813710501493,0.7827761531043459,train
469.JPG,C:\Users\PC\Desktop\JARITZA - PUCP\26-2\Tesis\proyecto_ia_tumores_ovaricos\data\processed\MMOTU_OTU_2D\train\images\469.JPG,RGB,533,480,3,False,202,2.0009849906191373,0.15141885553470918,train
470.JPG,C:\Users\PC\Desktop\JARITZA - PUCP\26-2\Tesis\proyecto_ia_tumores_ovaricos\data\processed\MMOTU_OTU_2D\train\images\470.JPG,RGB,538,958,3,False,255,1.9110147896924872,0.08910485754864145,train
471.JPG,C:\Users\PC\Desktop\JARITZA - PUCP\26-2\Tesis\proyecto_ia_tumores_ovaricos\data\processed\MMOTU_OTU_2D\train\images\471.JPG,RGB,532,957,3,False,254,1.1273717208381455,0.1120414673046252,train
478.JPG,C:\Users\PC\Desktop\JARITZA - PUCP\26-2\Tesis\proyecto_ia_tumores_ovaricos\data\processed\MMOTU_OTU_2D\train\images\478.JPG,RGB,283,485,3,False,162,3.1231551977462875,0.6447196823430841,train
479.JPG,C:\Users\PC\Desktop\JARITZA - PUCP\26-2\Tesis\proyecto_ia_tumores_ovaricos\data\processed\MMOTU_OTU_2D\train\images\479.JPG,RGB,532,961,3,False,255,1.9759140306541587,0.427159209157128,train
480.JPG,C:\Users\PC\Desktop\JARITZA - PUCP\26-2\Tesis\proyecto_ia_tumores_ovaricos\data\processed\MMOTU_OTU_2D\train\images\480.JPG,RGB,672,805,3,False,160,5.215664744158533,0.6324645075421473,train
481.JPG,C:\Users\PC\Desktop\JARITZA - PUCP\26-2\Tesis\proyecto_ia_tumores_ovaricos\data\processed\MMOTU_OTU_2D\train\images\481.JPG,RGB,535,915,3,False,255,1.0683199700389834,0.09014452785863848,train
482.JPG,C:\Users\PC\Desktop\JARITZA - PUCP\26-2\Tesis\proyecto_ia_tumores_ovaricos\data\processed\MMOTU_OTU_2D\train\images\482.JPG,RGB,707,566,3,False,177,0.2354229870235888,0.03612786821337358,train
483.JPG,C:\Users\PC\Desktop\JARITZA - PUCP\26-2\Tesis\proyecto_ia_tumores_ovaricos\data\processed\MMOTU_OTU_2D\train\images\483.JPG,RGB,713,568,3,False,195,1.3062425511460536,0.07229668332576102,train
484.JPG,C:\Users\PC\Desktop\JARITZA - PUCP\26-2\Tesis\proyecto_ia_tumores_ovaricos\data\processed\MMOTU_OTU_2D\train\images\484.JPG,RGB,713,568,3,False,194,1.3127119425294167,0.06564209944096557,train
485.JPG,C:\Users\PC\Desktop\JARITZA - PUCP\26-2\Tesis\proyecto_ia_tumores_ovaricos\data\processed\MMOTU_OTU_2D\train\images\485.JPG,RGB,695,566,3,False,184,0.2582674496445247,0.034006151968884256,train
486.JPG,C:\Users\PC\Desktop\JARITZA - PUCP\26-2\Tesis\proyecto_ia_tumores_ovaricos\data\processed\MMOTU_OTU_2D\train\images\486.JPG,RGB,701,569,3,False,209,1.1965565971116667,0.06391572170311556,train
489.JPG,C:\Users\PC\Desktop\JARITZA - PUCP\26-2\Tesis\proyecto_ia_tumores_ovaricos\data\processed\MMOTU_OTU_2D\train\images\489.JPG,RGB,714,569,3,False,199,0.2590388234965925,0.021074862282347034,train
49.JPG,C:\Users\PC\Desktop\JARITZA - PUCP\26-2\Tesis\proyecto_ia_tumores_ovaricos\data\processed\MMOTU_OTU_2D\train\images\49.JPG,RGB,614,846,3,False,200,3.6936147111141913,0.5764856269395738,train
490.JPG,C:\Users\PC\Desktop\JARITZA - PUCP\26-2\Tesis\proyecto_ia_tumores_ovaricos\data\processed\MMOTU_OTU_2D\train\images\490.JPG,RGB,538,957,3,False,173,0.2939858785263221,0.03672411850850513,train
491.JPG,C:\Users\PC\Desktop\JARITZA - PUCP\26-2\Tesis\proyecto_ia_tumores_ovaricos\data\processed\MMOTU_OTU_2D\train\images\491.JPG,RGB,549,958,3,False,122,0.18598628746135507,0.025729072787493677,train
492.JPG,C:\Users\PC\Desktop\JARITZA - PUCP\26-2\Tesis\proyecto_ia_tumores_ovaricos\data\processed\MMOTU_OTU_2D\train\images\492.JPG,RGB,552,958,3,False,135,0.18309708228697064,0.02949797282986899,train
497.JPG,C:\Users\PC\Desktop\JARITZA - PUCP\26-2\Tesis\proyecto_ia_tumores_ovaricos\data\processed\MMOTU_OTU_2D\train\images\497.JPG,RGB,554,481,3,False,133,2.6782500356507577,0.8754437581152382,train
498.JPG,C:\Users\PC\Desktop\JARITZA - PUCP\26-2\Tesis\proyecto_ia_tumores_ovaricos\data\processed\MMOTU_OTU_2D\train\images\498.JPG,RGB,544,478,3,False,151,2.7049516982525232,0.8865793440807285,train
499.JPG,C:\Users\PC\Desktop\JARITZA - PUCP\26-2\Tesis\proyecto_ia_tumores_ovaricos\data\processed\MMOTU_OTU_2D\train\images\499.JPG,RGB,549,483,3,False,180,3.245557202316528,0.901205655304016,train
50.JPG,C:\Users\PC\Desktop\JARITZA - PUCP\26-2\Tesis\proyecto_ia_tumores_ovaricos\data\processed\MMOTU_OTU_2D\train\images\50.JPG,RGB,614,847,3,False,183,5.038408536483751,0.6092878102057847,train
500.JPG,C:\Users\PC\Desktop\JARITZA - PUCP\26-2\Tesis\proyecto_ia_tumores_ovaricos\data\processed\MMOTU_OTU_2D\train\images\500.JPG,RGB,566,481,3,False,141,2.6365027707783892,0.8495662011563072,train
502.JPG,C:\Users\PC\Desktop\JARITZA - PUCP\26-2\Tesis\proyecto_ia_tumores_ovaricos\data\processed\MMOTU_OTU_2D\train\images\502.JPG,RGB,542,478,3,False,148,2.682705718270572,0.8959224320276675,train
503.JPG,C:\Users\PC\Desktop\JARITZA - PUCP\26-2\Tesis\proyecto_ia_tumores_ovaricos\data\processed\MMOTU_OTU_2D\train\images\503.JPG,RGB,545,482,3,False,154,3.6876013552095626,0.9145266283451977,train
505.JPG,C:\Users\PC\Desktop\JARITZA - PUCP\26-2\Tesis\proyecto_ia_tumores_ovaricos\data\processed\MMOTU_OTU_2D\train\images\505.JPG,RGB,549,480,3,False,140,2.7105115361262904,0.8787530358227079,train
507.JPG,C:\Users\PC\Desktop\JARITZA - PUCP\26-2\Tesis\proyecto_ia_tumores_ovaricos\data\processed\MMOTU_OTU_2D\train\images\507.JPG,RGB,545,479,3,False,178,2.6498145346127573,0.8919767865009289,train
509.JPG,C:\Users\PC\Desktop\JARITZA - PUCP\26-2\Tesis\proyecto_ia_tumores_ovaricos\data\processed\MMOTU_OTU_2D\train\images\509.JPG,RGB,270,480,3,False,129,2.7112088477366254,0.7189274691358025,train
51.JPG,C:\Users\PC\Desktop\JARITZA - PUCP\26-2\Tesis\proyecto_ia_tumores_ovaricos\data\processed\MMOTU_OTU_2D\train\images\51.JPG,RGB,615,849,3,False,187,4.084375369077601,0.5977975044768116,train
510.JPG,C:\Users\PC\Desktop\JARITZA - PUCP\26-2\Tesis\proyecto_ia_tumores_ovaricos\data\processed\MMOTU_OTU_2D\train\images\510.JPG,RGB,538,959,3,False,139,1.9753589873797182,0.7007551236379282,train
513.JPG,C:\Users\PC\Desktop\JARITZA - PUCP\26-2\Tesis\proyecto_ia_tumores_ovaricos\data\processed\MMOTU_OTU_2D\train\images\513.JPG,RGB,549,479,3,False,171,3.7293770035479192,0.8321259758680615,train
516.JPG,C:\Users\PC\Desktop\JARITZA - PUCP\26-2\Tesis\proyecto_ia_tumores_ovaricos\data\processed\MMOTU_OTU_2D\train\images\516.JPG,RGB,559,481,3,False,166,1.2284707991326955,0.10013426113605005,train
518.JPG,C:\Users\PC\Desktop\JARITZA - PUCP\26-2\Tesis\proyecto_ia_tumores_ovaricos\data\processed\MMOTU_OTU_2D\train\images\518.JPG,RGB,565,959,3,False,154,0.20038326550825744,0.03174028994066459,train
519.JPG,C:\Users\PC\Desktop\JARITZA - PUCP\26-2\Tesis\proyecto_ia_tumores_ovaricos\data\processed\MMOTU_OTU_2D\train\images\519.JPG,RGB,527,479,3,False,189,0.4471179811408703,0.04050579757797118,train
52.JPG,C:\Users\PC\Desktop\JARITZA - PUCP\26-2\Tesis\proyecto_ia_tumores_ovaricos\data\processed\MMOTU_OTU_2D\train\images\52.JPG,RGB,794,1071,3,False,69,3.24946748920671,0.6268935785901262,train
522.JPG,C:\Users\PC\Desktop\JARITZA - PUCP\26-2\Tesis\proyecto_ia_tumores_ovaricos\data\processed\MMOTU_OTU_2D\train\images\522.JPG,RGB,545,959,3,False,166,0.33698711387052643,0.035474643885545915,train
523.JPG,C:\Users\PC\Desktop\JARITZA - PUCP\26-2\Tesis\proyecto_ia_tumores_ovaricos\data\processed\MMOTU_OTU_2D\train\images\523.JPG,RGB,565,956,3,False,147,0.3298021500598611,0.03976746769356093,train
525.JPG,C:\Users\PC\Desktop\JARITZA - PUCP\26-2\Tesis\proyecto_ia_tumores_ovaricos\data\processed\MMOTU_OTU_2D\train\images\525.JPG,RGB,556,958,3,False,141,0.20437887685676093,0.028942190715068865,train
526.JPG,C:\Users\PC\Desktop\JARITZA - PUCP\26-2\Tesis\proyecto_ia_tumores_ovaricos\data\processed\MMOTU_OTU_2D\train\images\526.JPG,RGB,554,957,3,False,168,0.35214588308077666,0.046456095877233684,train
527.JPG,C:\Users\PC\Desktop\JARITZA - PUCP\26-2\Tesis\proyecto_ia_tumores_ovaricos\data\processed\MMOTU_OTU_2D\train\images\527.JPG,RGB,558,480,3,False,189,0.18094135802469136,0.02114321983273596,train
528.JPG,C:\Users\PC\Desktop\JARITZA - PUCP\26-2\Tesis\proyecto_ia_tumores_ovaricos\data\processed\MMOTU_OTU_2D\train\images\528.JPG,RGB,569,956,3,False,150,0.3749071629740204,0.04008905001066247,train
529.JPG,C:\Users\PC\Desktop\JARITZA - PUCP\26-2\Tesis\proyecto_ia_tumores_ovaricos\data\processed\MMOTU_OTU_2D\train\images\529.JPG,RGB,559,959,3,False,179,0.32910076400146,0.030157756010752105,train
53.JPG,C:\Users\PC\Desktop\JARITZA - PUCP\26-2\Tesis\proyecto_ia_tumores_ovaricos\data\processed\MMOTU_OTU_2D\train\images\53.JPG,RGB,594,1067,3,False,87,2.1146390490345506,0.45185058962003666,train
530.JPG,C:\Users\PC\Desktop\JARITZA - PUCP\26-2\Tesis\proyecto_ia_tumores_ovaricos\data\processed\MMOTU_OTU_2D\train\images\530.JPG,RGB,549,972,3,False,182,2.6907371177424473,0.6841470087776503,train
531.JPG,C:\Users\PC\Desktop\JARITZA - PUCP\26-2\Tesis\proyecto_ia_tumores_ovaricos\data\processed\MMOTU_OTU_2D\train\images\531.JPG,RGB,553,972,3,False,139,2.2631537169746263,0.6667094560906094,train
533.JPG,C:\Users\PC\Desktop\JARITZA - PUCP\26-2\Tesis\proyecto_ia_tumores_ovaricos\data\processed\MMOTU_OTU_2D\train\images\533.JPG,RGB,537,972,3,False,151,2.024527872931211,0.6715099125610196,train
537.JPG,C:\Users\PC\Desktop\JARITZA - PUCP\26-2\Tesis\proyecto_ia_tumores_ovaricos\data\processed\MMOTU_OTU_2D\train\images\537.JPG,RGB,551,478,3,False,166,3.00260968392703,0.8586404331417202,train
538.JPG,C:\Users\PC\Desktop\JARITZA - PUCP\26-2\Tesis\proyecto_ia_tumores_ovaricos\data\processed\MMOTU_OTU_2D\train\images\538.JPG,RGB,549,480,3,False,169,4.642273831208257,0.9123557984213722,train
54.JPG,C:\Users\PC\Desktop\JARITZA - PUCP\26-2\Tesis\proyecto_ia_tumores_ovaricos\data\processed\MMOTU_OTU_2D\train\images\54.JPG,RGB,632,1069,3,False,85,2.072207552308439,0.4295612248522812,train
540.JPG,C:\Users\PC\Desktop\JARITZA - PUCP\26-2\Tesis\proyecto_ia_tumores_ovaricos\data\processed\MMOTU_OTU_2D\train\images\540.JPG,RGB,548,478,3,False,145,4.047974630709873,0.9117864887151452,train
541.JPG,C:\Users\PC\Desktop\JARITZA - PUCP\26-2\Tesis\proyecto_ia_tumores_ovaricos\data\processed\MMOTU_OTU_2D\train\images\541.JPG,RGB,543,957,3,False,173,3.025980898718563,0.7661950039545772,train
542.JPG,C:\Users\PC\Desktop\JARITZA - PUCP\26-2\Tesis\proyecto_ia_tumores_ovaricos\data\processed\MMOTU_OTU_2D\train\images\542.JPG,RGB,554,480,3,False,180,3.4343286201363816,0.8707506016847172,train
543.JPG,C:\Users\PC\Desktop\JARITZA - PUCP\26-2\Tesis\proyecto_ia_tumores_ovaricos\data\processed\MMOTU_OTU_2D\train\images\543.JPG,RGB,558,478,3,False,132,3.4917042835790304,0.8731497727988482,train
544.JPG,C:\Users\PC\Desktop\JARITZA - PUCP\26-2\Tesis\proyecto_ia_tumores_ovaricos\data\processed\MMOTU_OTU_2D\train\images\544.JPG,RGB,545,959,3,False,177,0.29783190313559293,0.04081468655231463,train
545.JPG,C:\Users\PC\Desktop\JARITZA - PUCP\26-2\Tesis\proyecto_ia_tumores_ovaricos\data\processed\MMOTU_OTU_2D\train\images\545.JPG,RGB,556,958,3,False,111,0.17705251247853493,0.02330056622760247,train
547.JPG,C:\Users\PC\Desktop\JARITZA - PUCP\26-2\Tesis\proyecto_ia_tumores_ovaricos\data\processed\MMOTU_OTU_2D\train\images\547.JPG,RGB,581,796,3,False,157,0.10369258801177429,0.015293766595455765,train
549.JPG,C:\Users\PC\Desktop\JARITZA - PUCP\26-2\Tesis\proyecto_ia_tumores_ovaricos\data\processed\MMOTU_OTU_2D\train\images\549.JPG,RGB,557,479,3,False,175,4.170207981169627,0.9048848776063237,train
55.JPG,C:\Users\PC\Desktop\JARITZA - PUCP\26-2\Tesis\proyecto_ia_tumores_ovaricos\data\processed\MMOTU_OTU_2D\train\images\55.JPG,RGB,624,548,3,False,22,2.743090648200137,0.6356915590492233,train
550.JPG,C:\Users\PC\Desktop\JARITZA - PUCP\26-2\Tesis\proyecto_ia_tumores_ovaricos\data\processed\MMOTU_OTU_2D\train\images\550.JPG,RGB,544,481,3,False,151,3.1537518853695325,0.8985645713586891,train
552.JPG,C:\Users\PC\Desktop\JARITZA - PUCP\26-2\Tesis\proyecto_ia_tumores_ovaricos\data\processed\MMOTU_OTU_2D\train\images\552.JPG,RGB,540,478,3,False,115,3.7106384627305125,0.9006237408957074,train
555.JPG,C:\Users\PC\Desktop\JARITZA - PUCP\26-2\Tesis\proyecto_ia_tumores_ovaricos\data\processed\MMOTU_OTU_2D\train\images\555.JPG,RGB,544,480,3,False,170,3.710194546568627,0.8878867953431373,train
556.JPG,C:\Users\PC\Desktop\JARITZA - PUCP\26-2\Tesis\proyecto_ia_tumores_ovaricos\data\processed\MMOTU_OTU_2D\train\images\556.JPG,RGB,551,480,3,False,166,3.6655878201250256,0.8837038717483363,train
557.JPG,C:\Users\PC\Desktop\JARITZA - PUCP\26-2\Tesis\proyecto_ia_tumores_ovaricos\data\processed\MMOTU_OTU_2D\train\images\557.JPG,RGB,625,563,3,False,177,0.2482548253404381,0.034139964476021314,train
559.JPG,C:\Users\PC\Desktop\JARITZA - PUCP\26-2\Tesis\proyecto_ia_tumores_ovaricos\data\processed\MMOTU_OTU_2D\train\images\559.JPG,RGB,603,566,3,False,171,0.31906818479256643,0.05414622998083786,train
56.JPG,C:\Users\PC\Desktop\JARITZA - PUCP\26-2\Tesis\proyecto_ia_tumores_ovaricos\data\processed\MMOTU_OTU_2D\train\images\56.JPG,RGB,610,818,3,False,79,3.553832484935936,0.6301715499619224,train
561.JPG,C:\Users\PC\Desktop\JARITZA - PUCP\26-2\Tesis\proyecto_ia_tumores_ovaricos\data\processed\MMOTU_OTU_2D\train\images\561.JPG,RGB,605,566,3,False,191,0.3551460639157395,0.06250912595274946,train
562.JPG,C:\Users\PC\Desktop\JARITZA - PUCP\26-2\Tesis\proyecto_ia_tumores_ovaricos\data\processed\MMOTU_OTU_2D\train\images\562.JPG,RGB,623,568,3,False,163,0.16825296347372623,0.020420274455723104,train
563.JPG,C:\Users\PC\Desktop\JARITZA - PUCP\26-2\Tesis\proyecto_ia_tumores_ovaricos\data\processed\MMOTU_OTU_2D\train\images\563.JPG,RGB,554,483,3,False,181,1.9892817902549502,0.14880672093040637,train
564.JPG,C:\Users\PC\Desktop\JARITZA - PUCP\26-2\Tesis\proyecto_ia_tumores_ovaricos\data\processed\MMOTU_OTU_2D\train\images\564.JPG,RGB,544,481,3,False,146,0.5413150707268355,0.0564922954628837,train
565.JPG,C:\Users\PC\Desktop\JARITZA - PUCP\26-2\Tesis\proyecto_ia_tumores_ovaricos\data\processed\MMOTU_OTU_2D\train\images\565.JPG,RGB,550,482,3,False,144,0.8377668804224822,0.07979253112033195,train
566.JPG,C:\Users\PC\Desktop\JARITZA - PUCP\26-2\Tesis\proyecto_ia_tumores_ovaricos\data\processed\MMOTU_OTU_2D\train\images\566.JPG,RGB,560,477,3,False,144,0.2273510032943995,0.040232854147948485,train
567.JPG,C:\Users\PC\Desktop\JARITZA - PUCP\26-2\Tesis\proyecto_ia_tumores_ovaricos\data\processed\MMOTU_OTU_2D\train\images\567.JPG,RGB,589,478,3,False,169,0.3420685605226455,0.03718095346342642,train
568.JPG,C:\Users\PC\Desktop\JARITZA - PUCP\26-2\Tesis\proyecto_ia_tumores_ovaricos\data\processed\MMOTU_OTU_2D\train\images\568.JPG,RGB,566,479,3,False,166,0.140713254694827,0.02676364923980318,train
569.JPG,C:\Users\PC\Desktop\JARITZA - PUCP\26-2\Tesis\proyecto_ia_tumores_ovaricos\data\processed\MMOTU_OTU_2D\train\images\569.JPG,RGB,619,565,3,False,198,0.5113890993657102,0.08242526484338142,train
57.JPG,C:\Users\PC\Desktop\JARITZA - PUCP\26-2\Tesis\proyecto_ia_tumores_ovaricos\data\processed\MMOTU_OTU_2D\train\images\57.JPG,RGB,793,1099,3,False,76,2.8221046991016707,0.6468657165117434,train
570.JPG,C:\Users\PC\Desktop\JARITZA - PUCP\26-2\Tesis\proyecto_ia_tumores_ovaricos\data\processed\MMOTU_OTU_2D\train\images\570.JPG,RGB,612,569,3,False,210,2.474928303678433,0.12399347553901467,train
571.JPG,C:\Users\PC\Desktop\JARITZA - PUCP\26-2\Tesis\proyecto_ia_tumores_ovaricos\data\processed\MMOTU_OTU_2D\train\images\571.JPG,RGB,628,565,3,False,182,0.2020949589463202,0.01743701031508934,train
572.JPG,C:\Users\PC\Desktop\JARITZA - PUCP\26-2\Tesis\proyecto_ia_tumores_ovaricos\data\processed\MMOTU_OTU_2D\train\images\572.JPG,RGB,606,568,3,False,193,0.16096081439129828,0.024874494491702693,train
574.JPG,C:\Users\PC\Desktop\JARITZA - PUCP\26-2\Tesis\proyecto_ia_tumores_ovaricos\data\processed\MMOTU_OTU_2D\train\images\574.JPG,RGB,612,568,3,False,161,0.26808317223603056,0.020856347233729172,train
575.JPG,C:\Users\PC\Desktop\JARITZA - PUCP\26-2\Tesis\proyecto_ia_tumores_ovaricos\data\processed\MMOTU_OTU_2D\train\images\575.JPG,RGB,546,479,3,False,162,3.1581387760928474,0.8893145824252296,train
576.JPG,C:\Users\PC\Desktop\JARITZA - PUCP\26-2\Tesis\proyecto_ia_tumores_ovaricos\data\processed\MMOTU_OTU_2D\train\images\576.JPG,RGB,550,480,3,False,173,5.167818181818181,0.908715909090909,train
577.JPG,C:\Users\PC\Desktop\JARITZA - PUCP\26-2\Tesis\proyecto_ia_tumores_ovaricos\data\processed\MMOTU_OTU_2D\train\images\577.JPG,RGB,559,479,3,False,120,2.850512210516095,0.8742423280462801,train
578.JPG,C:\Users\PC\Desktop\JARITZA - PUCP\26-2\Tesis\proyecto_ia_tumores_ovaricos\data\processed\MMOTU_OTU_2D\train\images\578.JPG,RGB,556,480,3,False,156,3.7138114508393287,0.9100607014388489,train
579.JPG,C:\Users\PC\Desktop\JARITZA - PUCP\26-2\Tesis\proyecto_ia_tumores_ovaricos\data\processed\MMOTU_OTU_2D\train\images\579.JPG,RGB,553,476,3,False,126,2.843580470162749,0.8835154314890513,train
58.JPG,C:\Users\PC\Desktop\JARITZA - PUCP\26-2\Tesis\proyecto_ia_tumores_ovaricos\data\processed\MMOTU_OTU_2D\train\images\58.JPG,RGB,530,959,3,False,165,0.20834333457939022,0.021685324728982627,train
583.JPG,C:\Users\PC\Desktop\JARITZA - PUCP\26-2\Tesis\proyecto_ia_tumores_ovaricos\data\processed\MMOTU_OTU_2D\train\images\583.JPG,RGB,555,481,3,False,183,3.9596586191180787,0.9015264744994474,train
584.JPG,C:\Users\PC\Desktop\JARITZA - PUCP\26-2\Tesis\proyecto_ia_tumores_ovaricos\data\processed\MMOTU_OTU_2D\train\images\584.JPG,RGB,557,479,3,False,174,3.0080321435666018,0.8763994407858983,train
586.JPG,C:\Users\PC\Desktop\JARITZA - PUCP\26-2\Tesis\proyecto_ia_tumores_ovaricos\data\processed\MMOTU_OTU_2D\train\images\586.JPG,RGB,562,958,3,False,141,2.124328561133441,0.7326224563332565,train
587.JPG,C:\Users\PC\Desktop\JARITZA - PUCP\26-2\Tesis\proyecto_ia_tumores_ovaricos\data\processed\MMOTU_OTU_2D\train\images\587.JPG,RGB,550,477,3,False,189,2.670823962899435,0.8765389746521822,train
588.JPG,C:\Users\PC\Desktop\JARITZA - PUCP\26-2\Tesis\proyecto_ia_tumores_ovaricos\data\processed\MMOTU_OTU_2D\train\images\588.JPG,RGB,541,480,3,False,142,2.8118684534812073,0.904370764017252,train
589.JPG,C:\Users\PC\Desktop\JARITZA - PUCP\26-2\Tesis\proyecto_ia_tumores_ovaricos\data\processed\MMOTU_OTU_2D\train\images\589.JPG,RGB,568,568,3,False,184,0.2481939760629505,0.027201944058718508,train
59.JPG,C:\Users\PC\Desktop\JARITZA - PUCP\26-2\Tesis\proyecto_ia_tumores_ovaricos\data\processed\MMOTU_OTU_2D\train\images\59.JPG,RGB,608,957,3,False,182,2.074839822911511,0.6879520018698785,train
590.JPG,C:\Users\PC\Desktop\JARITZA - PUCP\26-2\Tesis\proyecto_ia_tumores_ovaricos\data\processed\MMOTU_OTU_2D\train\images\590.JPG,RGB,560,568,3,False,200,0.6581195506371563,0.04499496981891348,train
591.JPG,C:\Users\PC\Desktop\JARITZA - PUCP\26-2\Tesis\proyecto_ia_tumores_ovaricos\data\processed\MMOTU_OTU_2D\train\images\591.JPG,RGB,607,568,3,False,180,0.23712980795260305,0.029627932338677866,train
593.JPG,C:\Users\PC\Desktop\JARITZA - PUCP\26-2\Tesis\proyecto_ia_tumores_ovaricos\data\processed\MMOTU_OTU_2D\train\images\593.JPG,RGB,543,478,3,False,161,3.8099046826479266,0.8748391471524231,train
596.JPG,C:\Users\PC\Desktop\JARITZA - PUCP\26-2\Tesis\proyecto_ia_tumores_ovaricos\data\processed\MMOTU_OTU_2D\train\images\596.JPG,RGB,537,494,3,False,189,3.884337688512931,0.8556457753752666,train
597.JPG,C:\Users\PC\Desktop\JARITZA - PUCP\26-2\Tesis\proyecto_ia_tumores_ovaricos\data\processed\MMOTU_OTU_2D\train\images\597.JPG,RGB,608,567,3,False,220,0.2639778458491909,0.022063260001856492,train
598.JPG,C:\Users\PC\Desktop\JARITZA - PUCP\26-2\Tesis\proyecto_ia_tumores_ovaricos\data\processed\MMOTU_OTU_2D\train\images\598.JPG,RGB,604,566,3,False,168,0.36795528826277896,0.06188425806753563,train
599.JPG,C:\Users\PC\Desktop\JARITZA - PUCP\26-2\Tesis\proyecto_ia_tumores_ovaricos\data\processed\MMOTU_OTU_2D\train\images\599.JPG,RGB,594,566,3,False,175,0.1135203626369704,0.01585941868627381,train
6.JPG,C:\Users\PC\Desktop\JARITZA - PUCP\26-2\Tesis\proyecto_ia_tumores_ovaricos\data\processed\MMOTU_OTU_2D\train\images\6.JPG,RGB,534,958,3,False,122,0.19174101266944507,0.02760315263540616,train
60.JPG,C:\Users\PC\Desktop\JARITZA - PUCP\26-2\Tesis\proyecto_ia_tumores_ovaricos\data\processed\MMOTU_OTU_2D\train\images\60.JPG,RGB,604,959,3,False,196,1.9000142716728012,0.6721871568756086,train
601.JPG,C:\Users\PC\Desktop\JARITZA - PUCP\26-2\Tesis\proyecto_ia_tumores_ovaricos\data\processed\MMOTU_OTU_2D\train\images\601.JPG,RGB,608,568,3,False,189,0.747440233506301,0.04620899740548554,train
603.JPG,C:\Users\PC\Desktop\JARITZA - PUCP\26-2\Tesis\proyecto_ia_tumores_ovaricos\data\processed\MMOTU_OTU_2D\train\images\603.JPG,RGB,542,959,3,False,180,0.2791460969875601,0.03961691337455606,train
604.JPG,C:\Users\PC\Desktop\JARITZA - PUCP\26-2\Tesis\proyecto_ia_tumores_ovaricos\data\processed\MMOTU_OTU_2D\train\images\604.JPG,RGB,547,958,3,False,151,0.1855455009229822,0.02781541373901295,train
605.JPG,C:\Users\PC\Desktop\JARITZA - PUCP\26-2\Tesis\proyecto_ia_tumores_ovaricos\data\processed\MMOTU_OTU_2D\train\images\605.JPG,RGB,562,958,3,False,143,0.41307637253372365,0.04548510761595554,train
607.JPG,C:\Users\PC\Desktop\JARITZA - PUCP\26-2\Tesis\proyecto_ia_tumores_ovaricos\data\processed\MMOTU_OTU_2D\train\images\607.JPG,RGB,561,958,3,False,157,0.43460641041385245,0.05408437810500932,train
608.JPG,C:\Users\PC\Desktop\JARITZA - PUCP\26-2\Tesis\proyecto_ia_tumores_ovaricos\data\processed\MMOTU_OTU_2D\train\images\608.JPG,RGB,557,959,3,False,161,0.21388602355460784,0.03403268290765178,train
61.JPG,C:\Users\PC\Desktop\JARITZA - PUCP\26-2\Tesis\proyecto_ia_tumores_ovaricos\data\processed\MMOTU_OTU_2D\train\images\61.JPG,RGB,606,959,3,False,122,1.8912451203410228,0.7189075529033613,train
611.JPG,C:\Users\PC\Desktop\JARITZA - PUCP\26-2\Tesis\proyecto_ia_tumores_ovaricos\data\processed\MMOTU_OTU_2D\train\images\611.JPG,RGB,559,788,3,False,165,0.0612103435855059,0.004858204008245326,train
612.JPG,C:\Users\PC\Desktop\JARITZA - PUCP\26-2\Tesis\proyecto_ia_tumores_ovaricos\data\processed\MMOTU_OTU_2D\train\images\612.JPG,RGB,548,964,3,False,176,3.107686949147409,0.5778614047308962,train
613.JPG,C:\Users\PC\Desktop\JARITZA - PUCP\26-2\Tesis\proyecto_ia_tumores_ovaricos\data\processed\MMOTU_OTU_2D\train\images\613.JPG,RGB,534,974,3,False,135,3.4617021331138953,0.6305862538356828,train
615.JPG,C:\Users\PC\Desktop\JARITZA - PUCP\26-2\Tesis\proyecto_ia_tumores_ovaricos\data\processed\MMOTU_OTU_2D\train\images\615.JPG,RGB,539,971,3,False,139,3.255426540993703,0.5696382475844003,train
616.JPG,C:\Users\PC\Desktop\JARITZA - PUCP\26-2\Tesis\proyecto_ia_tumores_ovaricos\data\processed\MMOTU_OTU_2D\train\images\616.JPG,RGB,542,971,3,False,142,2.74539505436249,0.6881500792350869,train
617.JPG,C:\Users\PC\Desktop\JARITZA - PUCP\26-2\Tesis\proyecto_ia_tumores_ovaricos\data\processed\MMOTU_OTU_2D\train\images\617.JPG,RGB,546,497,3,False,130,4.420103035797201,0.6546126576307663,train
618.JPG,C:\Users\PC\Desktop\JARITZA - PUCP\26-2\Tesis\proyecto_ia_tumores_ovaricos\data\processed\MMOTU_OTU_2D\train\images\618.JPG,RGB,541,974,3,False,172,2.822097897143349,0.6983645010570584,train
619.JPG,C:\Users\PC\Desktop\JARITZA - PUCP\26-2\Tesis\proyecto_ia_tumores_ovaricos\data\processed\MMOTU_OTU_2D\train\images\619.JPG,RGB,551,974,3,False,155,2.415943384624558,0.6674592024208365,train
62.JPG,C:\Users\PC\Desktop\JARITZA - PUCP\26-2\Tesis\proyecto_ia_tumores_ovaricos\data\processed\MMOTU_OTU_2D\train\images\62.JPG,RGB,606,852,3,False,129,1.676523755661951,0.5780342118718914,train
622.JPG,C:\Users\PC\Desktop\JARITZA - PUCP\26-2\Tesis\proyecto_ia_tumores_ovaricos\data\processed\MMOTU_OTU_2D\train\images\622.JPG,RGB,627,774,3,False,64,2.195948331403248,0.4243063025192768,train
624.JPG,C:\Users\PC\Desktop\JARITZA - PUCP\26-2\Tesis\proyecto_ia_tumores_ovaricos\data\processed\MMOTU_OTU_2D\train\images\624.JPG,RGB,540,479,3,False,162,0.2280728884765071,0.03668522384597541,train
625.JPG,C:\Users\PC\Desktop\JARITZA - PUCP\26-2\Tesis\proyecto_ia_tumores_ovaricos\data\processed\MMOTU_OTU_2D\train\images\625.JPG,RGB,537,959,3,False,165,0.20767934734415183,0.03482639232751372,train
628.JPG,C:\Users\PC\Desktop\JARITZA - PUCP\26-2\Tesis\proyecto_ia_tumores_ovaricos\data\processed\MMOTU_OTU_2D\train\images\628.JPG,RGB,552,483,3,False,130,0.337476620557906,0.045368620037807186,train
629.JPG,C:\Users\PC\Desktop\JARITZA - PUCP\26-2\Tesis\proyecto_ia_tumores_ovaricos\data\processed\MMOTU_OTU_2D\train\images\629.JPG,RGB,619,959,3,False,160,2.4376619650135916,0.7441212490798,train
630.JPG,C:\Users\PC\Desktop\JARITZA - PUCP\26-2\Tesis\proyecto_ia_tumores_ovaricos\data\processed\MMOTU_OTU_2D\train\images\630.JPG,RGB,614,957,3,False,146,2.1656086871182905,0.7353820128727463,train
633.JPG,C:\Users\PC\Desktop\JARITZA - PUCP\26-2\Tesis\proyecto_ia_tumores_ovaricos\data\processed\MMOTU_OTU_2D\train\images\633.JPG,RGB,619,567,3,False,201,0.9190963407441597,0.06125542420642044,train
634.JPG,C:\Users\PC\Desktop\JARITZA - PUCP\26-2\Tesis\proyecto_ia_tumores_ovaricos\data\processed\MMOTU_OTU_2D\train\images\634.JPG,RGB,620,567,3,False,199,0.966469439229296,0.060766911304545715,train
635.JPG,C:\Users\PC\Desktop\JARITZA - PUCP\26-2\Tesis\proyecto_ia_tumores_ovaricos\data\processed\MMOTU_OTU_2D\train\images\635.JPG,RGB,631,567,3,False,180,0.12955183442945373,0.017136372656710745,train
637.JPG,C:\Users\PC\Desktop\JARITZA - PUCP\26-2\Tesis\proyecto_ia_tumores_ovaricos\data\processed\MMOTU_OTU_2D\train\images\637.JPG,RGB,631,566,3,False,194,0.846746148633892,0.049248766610853825,train
641.JPG,C:\Users\PC\Desktop\JARITZA - PUCP\26-2\Tesis\proyecto_ia_tumores_ovaricos\data\processed\MMOTU_OTU_2D\train\images\641.JPG,RGB,595,1116,3,False,60,0.02992279349015592,0.004316135056173007,train
642.JPG,C:\Users\PC\Desktop\JARITZA - PUCP\26-2\Tesis\proyecto_ia_tumores_ovaricos\data\processed\MMOTU_OTU_2D\train\images\642.JPG,RGB,551,973,3,False,203,2.689902628066072,0.6136129209155362,train
643.JPG,C:\Users\PC\Desktop\JARITZA - PUCP\26-2\Tesis\proyecto_ia_tumores_ovaricos\data\processed\MMOTU_OTU_2D\train\images\643.JPG,RGB,618,1111,3,False,62,0.025720047732928634,0.004041666302552586,train
645.JPG,C:\Users\PC\Desktop\JARITZA - PUCP\26-2\Tesis\proyecto_ia_tumores_ovaricos\data\processed\MMOTU_OTU_2D\train\images\645.JPG,RGB,556,973,3,False,131,2.460712622091433,0.5962147034684688,train
646.JPG,C:\Users\PC\Desktop\JARITZA - PUCP\26-2\Tesis\proyecto_ia_tumores_ovaricos\data\processed\MMOTU_OTU_2D\train\images\646.JPG,RGB,557,970,3,False,193,2.6774312560538474,0.6165318625182772,train
647.JPG,C:\Users\PC\Desktop\JARITZA - PUCP\26-2\Tesis\proyecto_ia_tumores_ovaricos\data\processed\MMOTU_OTU_2D\train\images\647.JPG,RGB,546,972,3,False,124,3.0403106267303794,0.6616526477637589,train
648.JPG,C:\Users\PC\Desktop\JARITZA - PUCP\26-2\Tesis\proyecto_ia_tumores_ovaricos\data\processed\MMOTU_OTU_2D\train\images\648.JPG,RGB,559,971,3,False,179,1.9668563659175113,0.5655236196754172,train
65.JPG,C:\Users\PC\Desktop\JARITZA - PUCP\26-2\Tesis\proyecto_ia_tumores_ovaricos\data\processed\MMOTU_OTU_2D\train\images\65.JPG,RGB,605,863,3,False,150,1.7340343283248583,0.600938490562424,train
650.JPG,C:\Users\PC\Desktop\JARITZA - PUCP\26-2\Tesis\proyecto_ia_tumores_ovaricos\data\processed\MMOTU_OTU_2D\train\images\650.JPG,RGB,643,478,3,False,151,2.3053894423585395,0.7637219622975462,train
651.JPG,C:\Users\PC\Desktop\JARITZA - PUCP\26-2\Tesis\proyecto_ia_tumores_ovaricos\data\processed\MMOTU_OTU_2D\train\images\651.JPG,RGB,556,971,3,False,131,1.6353545382025996,0.5359860412390993,train
654.JPG,C:\Users\PC\Desktop\JARITZA - PUCP\26-2\Tesis\proyecto_ia_tumores_ovaricos\data\processed\MMOTU_OTU_2D\train\images\654.JPG,RGB,552,494,3,False,181,3.3304069119286512,0.8356913395528957,train
655.JPG,C:\Users\PC\Desktop\JARITZA - PUCP\26-2\Tesis\proyecto_ia_tumores_ovaricos\data\processed\MMOTU_OTU_2D\train\images\655.JPG,RGB,569,480,3,False,205,3.2422354032415543,0.8371301991798477,train
657.JPG,C:\Users\PC\Desktop\JARITZA - PUCP\26-2\Tesis\proyecto_ia_tumores_ovaricos\data\processed\MMOTU_OTU_2D\train\images\657.JPG,RGB,563,479,3,False,171,3.2271346833434076,0.8664253903744109,train
658.JPG,C:\Users\PC\Desktop\JARITZA - PUCP\26-2\Tesis\proyecto_ia_tumores_ovaricos\data\processed\MMOTU_OTU_2D\train\images\658.JPG,RGB,559,480,3,False,142,3.2039952295766247,0.8731514609421586,train
659.JPG,C:\Users\PC\Desktop\JARITZA - PUCP\26-2\Tesis\proyecto_ia_tumores_ovaricos\data\processed\MMOTU_OTU_2D\train\images\659.JPG,RGB,554,477,3,False,183,3.3539344125816437,0.8790878611054348,train
66.JPG,C:\Users\PC\Desktop\JARITZA - PUCP\26-2\Tesis\proyecto_ia_tumores_ovaricos\data\processed\MMOTU_OTU_2D\train\images\66.JPG,RGB,660,958,3,False,175,0.44295776132936887,0.04411494907319542,train
660.JPG,C:\Users\PC\Desktop\JARITZA - PUCP\26-2\Tesis\proyecto_ia_tumores_ovaricos\data\processed\MMOTU_OTU_2D\train\images\660.JPG,RGB,600,480,3,False,181,4.014474537037037,0.8370243055555555,train
662.JPG,C:\Users\PC\Desktop\JARITZA - PUCP\26-2\Tesis\proyecto_ia_tumores_ovaricos\data\processed\MMOTU_OTU_2D\train\images\662.JPG,RGB,547,479,3,False,166,3.279893236849571,0.8821852350837553,train
663.JPG,C:\Users\PC\Desktop\JARITZA - PUCP\26-2\Tesis\proyecto_ia_tumores_ovaricos\data\processed\MMOTU_OTU_2D\train\images\663.JPG,RGB,552,479,3,False,134,3.0220063941585225,0.8887476929593658,train
664.JPG,C:\Users\PC\Desktop\JARITZA - PUCP\26-2\Tesis\proyecto_ia_tumores_ovaricos\data\processed\MMOTU_OTU_2D\train\images\664.JPG,RGB,562,479,3,False,163,3.3705376711565465,0.8937027763950698,train
665.JPG,C:\Users\PC\Desktop\JARITZA - PUCP\26-2\Tesis\proyecto_ia_tumores_ovaricos\data\processed\MMOTU_OTU_2D\train\images\665.JPG,RGB,554,481,3,False,165,3.346067533793166,0.9028798306776646,train
666.JPG,C:\Users\PC\Desktop\JARITZA - PUCP\26-2\Tesis\proyecto_ia_tumores_ovaricos\data\processed\MMOTU_OTU_2D\train\images\666.JPG,RGB,550,958,3,False,108,2.521985196431961,0.7511292465363446,train
667.JPG,C:\Users\PC\Desktop\JARITZA - PUCP\26-2\Tesis\proyecto_ia_tumores_ovaricos\data\processed\MMOTU_OTU_2D\train\images\667.JPG,RGB,549,479,3,False,152,2.8018298595662636,0.8829528731304973,train
668.JPG,C:\Users\PC\Desktop\JARITZA - PUCP\26-2\Tesis\proyecto_ia_tumores_ovaricos\data\processed\MMOTU_OTU_2D\train\images\668.JPG,RGB,540,482,3,False,159,3.5584652425592953,0.924277700937452,train
669.JPG,C:\Users\PC\Desktop\JARITZA - PUCP\26-2\Tesis\proyecto_ia_tumores_ovaricos\data\processed\MMOTU_OTU_2D\train\images\669.JPG,RGB,785,1135,3,False,202,0.5599842868767362,0.04120093156373636,train
67.JPG,C:\Users\PC\Desktop\JARITZA - PUCP\26-2\Tesis\proyecto_ia_tumores_ovaricos\data\processed\MMOTU_OTU_2D\train\images\67.JPG,RGB,664,958,3,False,155,0.465876030216901,0.057285509470030437,train
670.JPG,C:\Users\PC\Desktop\JARITZA - PUCP\26-2\Tesis\proyecto_ia_tumores_ovaricos\data\processed\MMOTU_OTU_2D\train\images\670.JPG,RGB,784,1135,3,False,205,0.2738529773142737,0.01996201564326171,train
671.JPG,C:\Users\PC\Desktop\JARITZA - PUCP\26-2\Tesis\proyecto_ia_tumores_ovaricos\data\processed\MMOTU_OTU_2D\train\images\671.JPG,RGB,784,1134,3,False,196,0.5871591140865517,0.036705224417809455,train
673.JPG,C:\Users\PC\Desktop\JARITZA - PUCP\26-2\Tesis\proyecto_ia_tumores_ovaricos\data\processed\MMOTU_OTU_2D\train\images\673.JPG,RGB,579,974,3,False,176,1.0568553253916746,0.32354693534487344,train
674.JPG,C:\Users\PC\Desktop\JARITZA - PUCP\26-2\Tesis\proyecto_ia_tumores_ovaricos\data\processed\MMOTU_OTU_2D\train\images\674.JPG,RGB,572,971,3,False,181,1.1380188640744768,0.38973230682808435,train
675.JPG,C:\Users\PC\Desktop\JARITZA - PUCP\26-2\Tesis\proyecto_ia_tumores_ovaricos\data\processed\MMOTU_OTU_2D\train\images\675.JPG,RGB,661,973,3,False,120,1.4828384536805395,0.5673253487117373,train
676.JPG,C:\Users\PC\Desktop\JARITZA - PUCP\26-2\Tesis\proyecto_ia_tumores_ovaricos\data\processed\MMOTU_OTU_2D\train\images\676.JPG,RGB,662,974,3,False,195,2.103173963121729,0.5797130219545029,train
677.JPG,C:\Users\PC\Desktop\JARITZA - PUCP\26-2\Tesis\proyecto_ia_tumores_ovaricos\data\processed\MMOTU_OTU_2D\train\images\677.JPG,RGB,661,974,3,False,179,1.6046311512331204,0.49452170968633796,train
678.JPG,C:\Users\PC\Desktop\JARITZA - PUCP\26-2\Tesis\proyecto_ia_tumores_ovaricos\data\processed\MMOTU_OTU_2D\train\images\678.JPG,RGB,552,476,3,False,138,2.1103245646084523,0.6651595420777007,train
68.JPG,C:\Users\PC\Desktop\JARITZA - PUCP\26-2\Tesis\proyecto_ia_tumores_ovaricos\data\processed\MMOTU_OTU_2D\train\images\68.JPG,RGB,662,959,3,False,165,0.2910183589611115,0.05017027429755946,train
680.JPG,C:\Users\PC\Desktop\JARITZA - PUCP\26-2\Tesis\proyecto_ia_tumores_ovaricos\data\processed\MMOTU_OTU_2D\train\images\680.JPG,RGB,587,478,3,False,44,1.614620829264468,0.5711475269614307,train
681.JPG,C:\Users\PC\Desktop\JARITZA - PUCP\26-2\Tesis\proyecto_ia_tumores_ovaricos\data\processed\MMOTU_OTU_2D\train\images\681.JPG,RGB,534,478,3,False,128,4.344493546247107,0.773995894253522,train
683.JPG,C:\Users\PC\Desktop\JARITZA - PUCP\26-2\Tesis\proyecto_ia_tumores_ovaricos\data\processed\MMOTU_OTU_2D\train\images\683.JPG,RGB,545,478,3,False,120,4.3641344542116105,0.8328739779662969,train
684.JPG,C:\Users\PC\Desktop\JARITZA - PUCP\26-2\Tesis\proyecto_ia_tumores_ovaricos\data\processed\MMOTU_OTU_2D\train\images\684.JPG,RGB,552,495,3,False,157,4.707534279998048,0.8294978773239643,train
686.JPG,C:\Users\PC\Desktop\JARITZA - PUCP\26-2\Tesis\proyecto_ia_tumores_ovaricos\data\processed\MMOTU_OTU_2D\train\images\686.JPG,RGB,541,495,3,False,165,3.0105416456617937,0.8439814036856551,train
688.JPG,C:\Users\PC\Desktop\JARITZA - PUCP\26-2\Tesis\proyecto_ia_tumores_ovaricos\data\processed\MMOTU_OTU_2D\train\images\688.JPG,RGB,544,478,3,False,151,0.2291435925834769,0.03773766305685454,train
69.JPG,C:\Users\PC\Desktop\JARITZA - PUCP\26-2\Tesis\proyecto_ia_tumores_ovaricos\data\processed\MMOTU_OTU_2D\train\images\69.JPG,RGB,660,959,3,False,188,0.27576494875764945,0.03229532025152463,train
692.JPG,C:\Users\PC\Desktop\JARITZA - PUCP\26-2\Tesis\proyecto_ia_tumores_ovaricos\data\processed\MMOTU_OTU_2D\train\images\692.JPG,RGB,535,959,3,False,176,0.29648225208631784,0.04468439671386666,train
695.JPG,C:\Users\PC\Desktop\JARITZA - PUCP\26-2\Tesis\proyecto_ia_tumores_ovaricos\data\processed\MMOTU_OTU_2D\train\images\695.JPG,RGB,554,481,3,False,129,0.29951890240698903,0.03425850176752704,train
696.JPG,C:\Users\PC\Desktop\JARITZA - PUCP\26-2\Tesis\proyecto_ia_tumores_ovaricos\data\processed\MMOTU_OTU_2D\train\images\696.JPG,RGB,617,866,3,False,107,1.6032978865428211,0.5486728976160442,train
697.JPG,C:\Users\PC\Desktop\JARITZA - PUCP\26-2\Tesis\proyecto_ia_tumores_ovaricos\data\processed\MMOTU_OTU_2D\train\images\697.JPG,RGB,617,849,3,False,151,1.6871114776401386,0.5970834216248309,train
698.JPG,C:\Users\PC\Desktop\JARITZA - PUCP\26-2\Tesis\proyecto_ia_tumores_ovaricos\data\processed\MMOTU_OTU_2D\train\images\698.JPG,RGB,613,852,3,False,141,1.6629036499220078,0.575278205393317,train
7.JPG,C:\Users\PC\Desktop\JARITZA - PUCP\26-2\Tesis\proyecto_ia_tumores_ovaricos\data\processed\MMOTU_OTU_2D\train\images\7.JPG,RGB,531,957,3,False,185,0.252196620402348,0.03746406201111052,train
702.JPG,C:\Users\PC\Desktop\JARITZA - PUCP\26-2\Tesis\proyecto_ia_tumores_ovaricos\data\processed\MMOTU_OTU_2D\train\images\702.JPG,RGB,533,958,3,False,125,0.18164928236724154,0.02739055333382947,train
704.JPG,C:\Users\PC\Desktop\JARITZA - PUCP\26-2\Tesis\proyecto_ia_tumores_ovaricos\data\processed\MMOTU_OTU_2D\train\images\704.JPG,RGB,549,478,3,False,145,0.1995716822522502,0.035115196134470436,train
705.JPG,C:\Users\PC\Desktop\JARITZA - PUCP\26-2\Tesis\proyecto_ia_tumores_ovaricos\data\processed\MMOTU_OTU_2D\train\images\705.JPG,RGB,547,482,3,False,151,0.7351908182693986,0.067364803871741,train
706.JPG,C:\Users\PC\Desktop\JARITZA - PUCP\26-2\Tesis\proyecto_ia_tumores_ovaricos\data\processed\MMOTU_OTU_2D\train\images\706.JPG,RGB,550,477,3,False,139,0.17670796010418655,0.032590051457975985,train
708.JPG,C:\Users\PC\Desktop\JARITZA - PUCP\26-2\Tesis\proyecto_ia_tumores_ovaricos\data\processed\MMOTU_OTU_2D\train\images\708.JPG,RGB,550,480,3,False,148,0.229219696969697,0.04477651515151515,train
709.JPG,C:\Users\PC\Desktop\JARITZA - PUCP\26-2\Tesis\proyecto_ia_tumores_ovaricos\data\processed\MMOTU_OTU_2D\train\images\709.JPG,RGB,553,481,3,False,169,0.8078633648253902,0.06861834709935975,train
710.JPG,C:\Users\PC\Desktop\JARITZA - PUCP\26-2\Tesis\proyecto_ia_tumores_ovaricos\data\processed\MMOTU_OTU_2D\train\images\710.JPG,RGB,552,480,3,False,169,0.40053592995169085,0.03691123188405797,train
711.JPG,C:\Users\PC\Desktop\JARITZA - PUCP\26-2\Tesis\proyecto_ia_tumores_ovaricos\data\processed\MMOTU_OTU_2D\train\images\711.JPG,RGB,542,958,3,False,178,0.34256741314803546,0.05939110539330863,train
712.JPG,C:\Users\PC\Desktop\JARITZA - PUCP\26-2\Tesis\proyecto_ia_tumores_ovaricos\data\processed\MMOTU_OTU_2D\train\images\712.JPG,RGB,539,959,3,False,173,0.20765291612900727,0.03479776591649078,train
713.JPG,C:\Users\PC\Desktop\JARITZA - PUCP\26-2\Tesis\proyecto_ia_tumores_ovaricos\data\processed\MMOTU_OTU_2D\train\images\713.JPG,RGB,288,479,3,False,125,0.14063828964664038,0.03190240083507307,train
715.JPG,C:\Users\PC\Desktop\JARITZA - PUCP\26-2\Tesis\proyecto_ia_tumores_ovaricos\data\processed\MMOTU_OTU_2D\train\images\715.JPG,RGB,543,479,3,False,152,0.23826751814387195,0.044760224070250716,train
716.JPG,C:\Users\PC\Desktop\JARITZA - PUCP\26-2\Tesis\proyecto_ia_tumores_ovaricos\data\processed\MMOTU_OTU_2D\train\images\716.JPG,RGB,551,481,3,False,158,0.8016345257724568,0.06632431677803728,train
717.JPG,C:\Users\PC\Desktop\JARITZA - PUCP\26-2\Tesis\proyecto_ia_tumores_ovaricos\data\processed\MMOTU_OTU_2D\train\images\717.JPG,RGB,550,480,3,False,141,0.24007575757575758,0.04217424242424243,train
719.JPG,C:\Users\PC\Desktop\JARITZA - PUCP\26-2\Tesis\proyecto_ia_tumores_ovaricos\data\processed\MMOTU_OTU_2D\train\images\719.JPG,RGB,558,478,3,False,122,0.1485430632414031,0.030248496573236753,train
72.JPG,C:\Users\PC\Desktop\JARITZA - PUCP\26-2\Tesis\proyecto_ia_tumores_ovaricos\data\processed\MMOTU_OTU_2D\train\images\72.JPG,RGB,535,959,3,False,191,2.2343302830375618,0.7334684689074483,train
720.JPG,C:\Users\PC\Desktop\JARITZA - PUCP\26-2\Tesis\proyecto_ia_tumores_ovaricos\data\processed\MMOTU_OTU_2D\train\images\720.JPG,RGB,544,479,3,False,123,0.16419521879733104,0.03439303696426378,train
721.JPG,C:\Users\PC\Desktop\JARITZA - PUCP\26-2\Tesis\proyecto_ia_tumores_ovaricos\data\processed\MMOTU_OTU_2D\train\images\721.JPG,RGB,560,482,3,False,156,0.9079060462359217,0.07875666864256076,train
722.JPG,C:\Users\PC\Desktop\JARITZA - PUCP\26-2\Tesis\proyecto_ia_tumores_ovaricos\data\processed\MMOTU_OTU_2D\train\images\722.JPG,RGB,556,480,3,False,150,0.2331534772182254,0.04100719424460432,train
723.JPG,C:\Users\PC\Desktop\JARITZA - PUCP\26-2\Tesis\proyecto_ia_tumores_ovaricos\data\processed\MMOTU_OTU_2D\train\images\723.JPG,RGB,554,479,3,False,161,0.2359558747792357,0.03957929802612241,train
724.JPG,C:\Users\PC\Desktop\JARITZA - PUCP\26-2\Tesis\proyecto_ia_tumores_ovaricos\data\processed\MMOTU_OTU_2D\train\images\724.JPG,RGB,563,481,3,False,158,0.8402171812473767,0.07132860418828448,train
725.JPG,C:\Users\PC\Desktop\JARITZA - PUCP\26-2\Tesis\proyecto_ia_tumores_ovaricos\data\processed\MMOTU_OTU_2D\train\images\725.JPG,RGB,557,476,3,False,94,3.2983168132603136,0.7768470045109606,train
726.JPG,C:\Users\PC\Desktop\JARITZA - PUCP\26-2\Tesis\proyecto_ia_tumores_ovaricos\data\processed\MMOTU_OTU_2D\train\images\726.JPG,RGB,540,973,3,False,139,2.9454607742377523,0.5748429827566518,train
727.JPG,C:\Users\PC\Desktop\JARITZA - PUCP\26-2\Tesis\proyecto_ia_tumores_ovaricos\data\processed\MMOTU_OTU_2D\train\images\727.JPG,RGB,564,974,3,False,142,2.478940636210504,0.5489354420609609,train
728.JPG,C:\Users\PC\Desktop\JARITZA - PUCP\26-2\Tesis\proyecto_ia_tumores_ovaricos\data\processed\MMOTU_OTU_2D\train\images\728.JPG,RGB,535,974,3,False,129,2.3122429266857294,0.5263121533708188,train
729.JPG,C:\Users\PC\Desktop\JARITZA - PUCP\26-2\Tesis\proyecto_ia_tumores_ovaricos\data\processed\MMOTU_OTU_2D\train\images\729.JPG,RGB,533,973,3,False,154,2.289773863032329,0.5524624524449055,train
730.JPG,C:\Users\PC\Desktop\JARITZA - PUCP\26-2\Tesis\proyecto_ia_tumores_ovaricos\data\processed\MMOTU_OTU_2D\train\images\730.JPG,RGB,547,973,3,False,120,2.33180580111518,0.46576768358100146,train
731.JPG,C:\Users\PC\Desktop\JARITZA - PUCP\26-2\Tesis\proyecto_ia_tumores_ovaricos\data\processed\MMOTU_OTU_2D\train\images\731.JPG,RGB,533,480,3,False,183,0.3514019178653325,0.03185584740462789,train
733.JPG,C:\Users\PC\Desktop\JARITZA - PUCP\26-2\Tesis\proyecto_ia_tumores_ovaricos\data\processed\MMOTU_OTU_2D\train\images\733.JPG,RGB,556,480,3,False,164,0.8421637689848122,0.07188249400479617,train
734.JPG,C:\Users\PC\Desktop\JARITZA - PUCP\26-2\Tesis\proyecto_ia_tumores_ovaricos\data\processed\MMOTU_OTU_2D\train\images\734.JPG,RGB,566,476,3,False,163,0.25806930546070017,0.05183062624343023,train
736.JPG,C:\Users\PC\Desktop\JARITZA - PUCP\26-2\Tesis\proyecto_ia_tumores_ovaricos\data\processed\MMOTU_OTU_2D\train\images\736.JPG,RGB,546,498,3,False,143,3.740905011989349,0.8657156096915133,train
737.JPG,C:\Users\PC\Desktop\JARITZA - PUCP\26-2\Tesis\proyecto_ia_tumores_ovaricos\data\processed\MMOTU_OTU_2D\train\images\737.JPG,RGB,557,477,3,False,151,2.4363397305370817,0.6617624365329389,train
738.JPG,C:\Users\PC\Desktop\JARITZA - PUCP\26-2\Tesis\proyecto_ia_tumores_ovaricos\data\processed\MMOTU_OTU_2D\train\images\738.JPG,RGB,549,496,3,False,168,2.7961200227197054,0.6937834185322287,train
739.JPG,C:\Users\PC\Desktop\JARITZA - PUCP\26-2\Tesis\proyecto_ia_tumores_ovaricos\data\processed\MMOTU_OTU_2D\train\images\739.JPG,RGB,557,478,3,False,157,2.5585385946330335,0.694560669456067,train
74.JPG,C:\Users\PC\Desktop\JARITZA - PUCP\26-2\Tesis\proyecto_ia_tumores_ovaricos\data\processed\MMOTU_OTU_2D\train\images\74.JPG,RGB,660,959,3,False,214,2.110768793250545,0.631257307169716,train
742.JPG,C:\Users\PC\Desktop\JARITZA - PUCP\26-2\Tesis\proyecto_ia_tumores_ovaricos\data\processed\MMOTU_OTU_2D\train\images\742.JPG,RGB,662,958,3,False,183,0.5363599476082053,0.06213221149297694,train
744.JPG,C:\Users\PC\Desktop\JARITZA - PUCP\26-2\Tesis\proyecto_ia_tumores_ovaricos\data\processed\MMOTU_OTU_2D\train\images\744.JPG,RGB,543,958,3,False,130,2.321731251545897,0.7408659077190433,train
745.JPG,C:\Users\PC\Desktop\JARITZA - PUCP\26-2\Tesis\proyecto_ia_tumores_ovaricos\data\processed\MMOTU_OTU_2D\train\images\745.JPG,RGB,536,959,3,False,164,2.9692102573680095,0.7742381678676482,train
746.JPG,C:\Users\PC\Desktop\JARITZA - PUCP\26-2\Tesis\proyecto_ia_tumores_ovaricos\data\processed\MMOTU_OTU_2D\train\images\746.JPG,RGB,543,972,3,False,127,2.971087314038,0.6895827175651199,train
749.JPG,C:\Users\PC\Desktop\JARITZA - PUCP\26-2\Tesis\proyecto_ia_tumores_ovaricos\data\processed\MMOTU_OTU_2D\train\images\749.JPG,RGB,541,498,3,False,136,3.939947095838684,0.8579270872770194,train
75.JPG,C:\Users\PC\Desktop\JARITZA - PUCP\26-2\Tesis\proyecto_ia_tumores_ovaricos\data\processed\MMOTU_OTU_2D\train\images\75.JPG,RGB,661,959,3,False,175,2.212056915481278,0.5489454944715167,train
750.JPG,C:\Users\PC\Desktop\JARITZA - PUCP\26-2\Tesis\proyecto_ia_tumores_ovaricos\data\processed\MMOTU_OTU_2D\train\images\750.JPG,RGB,520,476,3,False,116,2.8138736263736264,0.7766806722689076,train
753.JPG,C:\Users\PC\Desktop\JARITZA - PUCP\26-2\Tesis\proyecto_ia_tumores_ovaricos\data\processed\MMOTU_OTU_2D\train\images\753.JPG,RGB,546,959,3,False,139,2.159415141688343,0.8015236414610762,train
754.JPG,C:\Users\PC\Desktop\JARITZA - PUCP\26-2\Tesis\proyecto_ia_tumores_ovaricos\data\processed\MMOTU_OTU_2D\train\images\754.JPG,RGB,546,959,3,False,171,2.2259959945048577,0.8010022650272911,train
755.JPG,C:\Users\PC\Desktop\JARITZA - PUCP\26-2\Tesis\proyecto_ia_tumores_ovaricos\data\processed\MMOTU_OTU_2D\train\images\755.JPG,RGB,549,957,3,False,142,2.4301072403578527,0.8066380785431096,train
756.JPG,C:\Users\PC\Desktop\JARITZA - PUCP\26-2\Tesis\proyecto_ia_tumores_ovaricos\data\processed\MMOTU_OTU_2D\train\images\756.JPG,RGB,540,483,3,False,41,2.4870101986044015,0.8950924008895024,train
757.JPG,C:\Users\PC\Desktop\JARITZA - PUCP\26-2\Tesis\proyecto_ia_tumores_ovaricos\data\processed\MMOTU_OTU_2D\train\images\757.JPG,RGB,617,1084,3,False,166,3.4189786711481376,0.6374404181643113,train
758.JPG,C:\Users\PC\Desktop\JARITZA - PUCP\26-2\Tesis\proyecto_ia_tumores_ovaricos\data\processed\MMOTU_OTU_2D\train\images\758.JPG,RGB,614,1096,3,False,169,3.4310086228076435,0.6400042202620129,train
759.JPG,C:\Users\PC\Desktop\JARITZA - PUCP\26-2\Tesis\proyecto_ia_tumores_ovaricos\data\processed\MMOTU_OTU_2D\train\images\759.JPG,RGB,628,1106,3,False,163,3.2981517528401345,0.6192410246368966,train
760.JPG,C:\Users\PC\Desktop\JARITZA - PUCP\26-2\Tesis\proyecto_ia_tumores_ovaricos\data\processed\MMOTU_OTU_2D\train\images\760.JPG,RGB,635,1111,3,False,131,3.807060391078478,0.6386131526538481,train
761.JPG,C:\Users\PC\Desktop\JARITZA - PUCP\26-2\Tesis\proyecto_ia_tumores_ovaricos\data\processed\MMOTU_OTU_2D\train\images\761.JPG,RGB,632,1108,3,False,158,3.7391525385002056,0.6480744184983778,train
763.JPG,C:\Users\PC\Desktop\JARITZA - PUCP\26-2\Tesis\proyecto_ia_tumores_ovaricos\data\processed\MMOTU_OTU_2D\train\images\763.JPG,RGB,602,549,3,False,220,0.7285470209602881,0.042974541449570046,train
764.JPG,C:\Users\PC\Desktop\JARITZA - PUCP\26-2\Tesis\proyecto_ia_tumores_ovaricos\data\processed\MMOTU_OTU_2D\train\images\764.JPG,RGB,598,571,3,False,158,0.3447939912570995,0.10950980794124021,train
765.JPG,C:\Users\PC\Desktop\JARITZA - PUCP\26-2\Tesis\proyecto_ia_tumores_ovaricos\data\processed\MMOTU_OTU_2D\train\images\765.JPG,RGB,597,561,3,False,127,0.4555795415978685,0.05710967194857233,train
766.JPG,C:\Users\PC\Desktop\JARITZA - PUCP\26-2\Tesis\proyecto_ia_tumores_ovaricos\data\processed\MMOTU_OTU_2D\train\images\766.JPG,RGB,611,566,3,False,132,0.21623012728944613,0.036000763389681514,train
767.JPG,C:\Users\PC\Desktop\JARITZA - PUCP\26-2\Tesis\proyecto_ia_tumores_ovaricos\data\processed\MMOTU_OTU_2D\train\images\767.JPG,RGB,622,562,3,False,142,0.8414577397367387,0.07455859299012484,train
768.JPG,C:\Users\PC\Desktop\JARITZA - PUCP\26-2\Tesis\proyecto_ia_tumores_ovaricos\data\processed\MMOTU_OTU_2D\train\images\768.JPG,RGB,602,569,3,False,134,0.7285595564093131,0.06753119361939405,train
769.JPG,C:\Users\PC\Desktop\JARITZA - PUCP\26-2\Tesis\proyecto_ia_tumores_ovaricos\data\processed\MMOTU_OTU_2D\train\images\769.JPG,RGB,524,388,3,False,159,0.15329477191049554,0.027012670181789565,train
77.JPG,C:\Users\PC\Desktop\JARITZA - PUCP\26-2\Tesis\proyecto_ia_tumores_ovaricos\data\processed\MMOTU_OTU_2D\train\images\77.JPG,RGB,663,961,3,False,191,3.551082462388088,0.6234973938346651,train
771.JPG,C:\Users\PC\Desktop\JARITZA - PUCP\26-2\Tesis\proyecto_ia_tumores_ovaricos\data\processed\MMOTU_OTU_2D\train\images\771.JPG,RGB,542,484,3,False,190,2.4763807142203653,0.8963435088896343,train
772.JPG,C:\Users\PC\Desktop\JARITZA - PUCP\26-2\Tesis\proyecto_ia_tumores_ovaricos\data\processed\MMOTU_OTU_2D\train\images\772.JPG,RGB,548,474,3,False,176,1.8563655589434023,0.8403900643690905,train
774.JPG,C:\Users\PC\Desktop\JARITZA - PUCP\26-2\Tesis\proyecto_ia_tumores_ovaricos\data\processed\MMOTU_OTU_2D\train\images\774.JPG,RGB,493,461,3,False,174,0.79162945004466,0.06830991802809837,train
775.JPG,C:\Users\PC\Desktop\JARITZA - PUCP\26-2\Tesis\proyecto_ia_tumores_ovaricos\data\processed\MMOTU_OTU_2D\train\images\775.JPG,RGB,447,493,3,False,95,1.2512081898253402,0.4259952534589397,train
777.JPG,C:\Users\PC\Desktop\JARITZA - PUCP\26-2\Tesis\proyecto_ia_tumores_ovaricos\data\processed\MMOTU_OTU_2D\train\images\777.JPG,RGB,537,973,3,False,156,1.8716353333933011,0.6652446598188329,train
78.JPG,C:\Users\PC\Desktop\JARITZA - PUCP\26-2\Tesis\proyecto_ia_tumores_ovaricos\data\processed\MMOTU_OTU_2D\train\images\78.JPG,RGB,661,962,3,False,205,3.2105275297408427,0.6361652004617209,train
780.JPG,C:\Users\PC\Desktop\JARITZA - PUCP\26-2\Tesis\proyecto_ia_tumores_ovaricos\data\processed\MMOTU_OTU_2D\train\images\780.JPG,RGB,542,481,3,False,175,3.206969387781196,0.9143082906920545,train
781.JPG,C:\Users\PC\Desktop\JARITZA - PUCP\26-2\Tesis\proyecto_ia_tumores_ovaricos\data\processed\MMOTU_OTU_2D\train\images\781.JPG,RGB,544,479,3,False,118,2.52068238568914,0.8970281223136436,train
782.JPG,C:\Users\PC\Desktop\JARITZA - PUCP\26-2\Tesis\proyecto_ia_tumores_ovaricos\data\processed\MMOTU_OTU_2D\train\images\782.JPG,RGB,551,479,3,False,153,2.303500815244504,0.8817106115659893,train
783.JPG,C:\Users\PC\Desktop\JARITZA - PUCP\26-2\Tesis\proyecto_ia_tumores_ovaricos\data\processed\MMOTU_OTU_2D\train\images\783.JPG,RGB,545,483,3,False,190,2.779030144167759,0.9002108382244003,train
785.JPG,C:\Users\PC\Desktop\JARITZA - PUCP\26-2\Tesis\proyecto_ia_tumores_ovaricos\data\processed\MMOTU_OTU_2D\train\images\785.JPG,RGB,582,959,3,False,185,0.5537113282617082,0.06622197377709456,train
786.JPG,C:\Users\PC\Desktop\JARITZA - PUCP\26-2\Tesis\proyecto_ia_tumores_ovaricos\data\processed\MMOTU_OTU_2D\train\images\786.JPG,RGB,686,782,3,False,165,3.172856720327882,0.47182972567909154,train
787.JPG,C:\Users\PC\Desktop\JARITZA - PUCP\26-2\Tesis\proyecto_ia_tumores_ovaricos\data\processed\MMOTU_OTU_2D\train\images\787.JPG,RGB,685,738,3,False,79,3.7634047435364866,0.47174450576622556,train
788.JPG,C:\Users\PC\Desktop\JARITZA - PUCP\26-2\Tesis\proyecto_ia_tumores_ovaricos\data\processed\MMOTU_OTU_2D\train\images\788.JPG,RGB,687,761,3,False,176,3.712644755457878,0.4611204517154514,train
789.JPG,C:\Users\PC\Desktop\JARITZA - PUCP\26-2\Tesis\proyecto_ia_tumores_ovaricos\data\processed\MMOTU_OTU_2D\train\images\789.JPG,RGB,622,860,3,False,176,1.8635334878735759,0.5820197412697226,train
79.JPG,C:\Users\PC\Desktop\JARITZA - PUCP\26-2\Tesis\proyecto_ia_tumores_ovaricos\data\processed\MMOTU_OTU_2D\train\images\79.JPG,RGB,530,958,3,False,201,0.2477068315804677,0.03328475203844487,train
790.JPG,C:\Users\PC\Desktop\JARITZA - PUCP\26-2\Tesis\proyecto_ia_tumores_ovaricos\data\processed\MMOTU_OTU_2D\train\images\790.JPG,RGB,614,867,3,False,135,1.7735974762901263,0.5880136304378045,train
794.JPG,C:\Users\PC\Desktop\JARITZA - PUCP\26-2\Tesis\proyecto_ia_tumores_ovaricos\data\processed\MMOTU_OTU_2D\train\images\794.JPG,RGB,554,959,3,False,162,0.2744686164012102,0.038165884288311754,train
795.JPG,C:\Users\PC\Desktop\JARITZA - PUCP\26-2\Tesis\proyecto_ia_tumores_ovaricos\data\processed\MMOTU_OTU_2D\train\images\795.JPG,RGB,545,959,3,False,152,0.19188821179044177,0.02211401402454774,train
796.JPG,C:\Users\PC\Desktop\JARITZA - PUCP\26-2\Tesis\proyecto_ia_tumores_ovaricos\data\processed\MMOTU_OTU_2D\train\images\796.JPG,RGB,541,959,3,False,159,0.28199815349861895,0.041139588180078214,train
797.JPG,C:\Users\PC\Desktop\JARITZA - PUCP\26-2\Tesis\proyecto_ia_tumores_ovaricos\data\processed\MMOTU_OTU_2D\train\images\797.JPG,RGB,542,954,3,False,111,0.16472623845735312,0.026491680011139735,train
798.JPG,C:\Users\PC\Desktop\JARITZA - PUCP\26-2\Tesis\proyecto_ia_tumores_ovaricos\data\processed\MMOTU_OTU_2D\train\images\798.JPG,RGB,536,958,3,False,171,0.2721413807787783,0.041486850715109214,train
799.JPG,C:\Users\PC\Desktop\JARITZA - PUCP\26-2\Tesis\proyecto_ia_tumores_ovaricos\data\processed\MMOTU_OTU_2D\train\images\799.JPG,RGB,541,957,3,False,112,0.16075214507236943,0.026640939318611574,train
80.JPG,C:\Users\PC\Desktop\JARITZA - PUCP\26-2\Tesis\proyecto_ia_tumores_ovaricos\data\processed\MMOTU_OTU_2D\train\images\80.JPG,RGB,531,958,3,False,153,0.23436433142388347,0.03153541000750937,train
801.JPG,C:\Users\PC\Desktop\JARITZA - PUCP\26-2\Tesis\proyecto_ia_tumores_ovaricos\data\processed\MMOTU_OTU_2D\train\images\801.JPG,RGB,543,958,3,False,116,0.1745451376473649,0.02711296170274936,train
803.JPG,C:\Users\PC\Desktop\JARITZA - PUCP\26-2\Tesis\proyecto_ia_tumores_ovaricos\data\processed\MMOTU_OTU_2D\train\images\803.JPG,RGB,542,957,3,False,163,2.3952773697015965,0.7513620747492742,train
805.JPG,C:\Users\PC\Desktop\JARITZA - PUCP\26-2\Tesis\proyecto_ia_tumores_ovaricos\data\processed\MMOTU_OTU_2D\train\images\805.JPG,RGB,543,480,3,False,202,3.739285348884797,0.9043930325352977,train
807.JPG,C:\Users\PC\Desktop\JARITZA - PUCP\26-2\Tesis\proyecto_ia_tumores_ovaricos\data\processed\MMOTU_OTU_2D\train\images\807.JPG,RGB,544,959,3,False,137,2.2491476517614344,0.7590474145862725,train
808.JPG,C:\Users\PC\Desktop\JARITZA - PUCP\26-2\Tesis\proyecto_ia_tumores_ovaricos\data\processed\MMOTU_OTU_2D\train\images\808.JPG,RGB,541,959,3,False,131,2.6997032362603015,0.7640911377570984,train
809.JPG,C:\Users\PC\Desktop\JARITZA - PUCP\26-2\Tesis\proyecto_ia_tumores_ovaricos\data\processed\MMOTU_OTU_2D\train\images\809.JPG,RGB,558,484,3,False,118,3.4889313467026075,0.8790359607808288,train
81.JPG,C:\Users\PC\Desktop\JARITZA - PUCP\26-2\Tesis\proyecto_ia_tumores_ovaricos\data\processed\MMOTU_OTU_2D\train\images\81.JPG,RGB,531,957,3,False,175,0.18383195550544076,0.02536174131732285,train
811.JPG,C:\Users\PC\Desktop\JARITZA - PUCP\26-2\Tesis\proyecto_ia_tumores_ovaricos\data\processed\MMOTU_OTU_2D\train\images\811.JPG,RGB,602,569,3,False,207,0.7905750602852822,0.0519591986874449,train
812.JPG,C:\Users\PC\Desktop\JARITZA - PUCP\26-2\Tesis\proyecto_ia_tumores_ovaricos\data\processed\MMOTU_OTU_2D\train\images\812.JPG,RGB,705,1135,3,False,254,1.1871244831859697,0.08068360046239885,train
813.JPG,C:\Users\PC\Desktop\JARITZA - PUCP\26-2\Tesis\proyecto_ia_tumores_ovaricos\data\processed\MMOTU_OTU_2D\train\images\813.JPG,RGB,273,490,3,False,213,1.5813610425855325,0.17620542722583538,train
814.JPG,C:\Users\PC\Desktop\JARITZA - PUCP\26-2\Tesis\proyecto_ia_tumores_ovaricos\data\processed\MMOTU_OTU_2D\train\images\814.JPG,RGB,629,773,3,False,252,1.7538053996466598,0.6002052581460541,train
815.JPG,C:\Users\PC\Desktop\JARITZA - PUCP\26-2\Tesis\proyecto_ia_tumores_ovaricos\data\processed\MMOTU_OTU_2D\train\images\815.JPG,RGB,610,775,3,False,255,3.9106010928961745,0.607111581173982,train
818.JPG,C:\Users\PC\Desktop\JARITZA - PUCP\26-2\Tesis\proyecto_ia_tumores_ovaricos\data\processed\MMOTU_OTU_2D\train\images\818.JPG,RGB,534,972,3,False,253,3.7099703046089503,0.6931902251814861,train
819.JPG,C:\Users\PC\Desktop\JARITZA - PUCP\26-2\Tesis\proyecto_ia_tumores_ovaricos\data\processed\MMOTU_OTU_2D\train\images\819.JPG,RGB,548,972,3,False,255,3.7675535429996097,0.6810999969961852,train
82.JPG,C:\Users\PC\Desktop\JARITZA - PUCP\26-2\Tesis\proyecto_ia_tumores_ovaricos\data\processed\MMOTU_OTU_2D\train\images\82.JPG,RGB,532,958,3,False,148,0.235370524432166,0.03384243489726404,train
820.JPG,C:\Users\PC\Desktop\JARITZA - PUCP\26-2\Tesis\proyecto_ia_tumores_ovaricos\data\processed\MMOTU_OTU_2D\train\images\820.JPG,RGB,544,959,3,False,250,3.5755701915802818,0.7721584984358707,train
822.JPG,C:\Users\PC\Desktop\JARITZA - PUCP\26-2\Tesis\proyecto_ia_tumores_ovaricos\data\processed\MMOTU_OTU_2D\train\images\822.JPG,RGB,609,1135,3,False,255,1.2637138950977624,0.1045405553988267,train
823.JPG,C:\Users\PC\Desktop\JARITZA - PUCP\26-2\Tesis\proyecto_ia_tumores_ovaricos\data\processed\MMOTU_OTU_2D\train\images\823.JPG,RGB,552,959,3,False,255,8.499328759325586,0.1862919556905593,train
824.JPG,C:\Users\PC\Desktop\JARITZA - PUCP\26-2\Tesis\proyecto_ia_tumores_ovaricos\data\processed\MMOTU_OTU_2D\train\images\824.JPG,RGB,546,959,3,False,251,2.8569518767641813,0.7345181756026385,train
827.JPG,C:\Users\PC\Desktop\JARITZA - PUCP\26-2\Tesis\proyecto_ia_tumores_ovaricos\data\processed\MMOTU_OTU_2D\train\images\827.JPG,RGB,563,959,3,False,195,2.7119439963303,0.7110352146718848,train
828.JPG,C:\Users\PC\Desktop\JARITZA - PUCP\26-2\Tesis\proyecto_ia_tumores_ovaricos\data\processed\MMOTU_OTU_2D\train\images\828.JPG,RGB,531,971,3,False,252,3.1007452144843266,0.6428944086609607,train
829.JPG,C:\Users\PC\Desktop\JARITZA - PUCP\26-2\Tesis\proyecto_ia_tumores_ovaricos\data\processed\MMOTU_OTU_2D\train\images\829.JPG,RGB,586,1101,3,False,215,0.703214266893578,0.04675550926399519,train
830.JPG,C:\Users\PC\Desktop\JARITZA - PUCP\26-2\Tesis\proyecto_ia_tumores_ovaricos\data\processed\MMOTU_OTU_2D\train\images\830.JPG,RGB,545,958,3,False,255,1.3524021119432048,0.1094424546551493,train
831.JPG,C:\Users\PC\Desktop\JARITZA - PUCP\26-2\Tesis\proyecto_ia_tumores_ovaricos\data\processed\MMOTU_OTU_2D\train\images\831.JPG,RGB,540,958,3,False,253,3.418732441557772,0.13750676563828965,train
832.JPG,C:\Users\PC\Desktop\JARITZA - PUCP\26-2\Tesis\proyecto_ia_tumores_ovaricos\data\processed\MMOTU_OTU_2D\train\images\832.JPG,RGB,272,492,3,False,246,1.89678981348637,0.18552725968436154,train
833.JPG,C:\Users\PC\Desktop\JARITZA - PUCP\26-2\Tesis\proyecto_ia_tumores_ovaricos\data\processed\MMOTU_OTU_2D\train\images\833.JPG,RGB,280,493,3,False,91,1.2432483338162852,0.18849608809040858,train
834.JPG,C:\Users\PC\Desktop\JARITZA - PUCP\26-2\Tesis\proyecto_ia_tumores_ovaricos\data\processed\MMOTU_OTU_2D\train\images\834.JPG,RGB,537,967,3,False,204,9.054413266599779,0.6068934041237948,train
835.JPG,C:\Users\PC\Desktop\JARITZA - PUCP\26-2\Tesis\proyecto_ia_tumores_ovaricos\data\processed\MMOTU_OTU_2D\train\images\835.JPG,RGB,611,959,3,False,255,4.037650603266382,0.7401497399944363,train
836.JPG,C:\Users\PC\Desktop\JARITZA - PUCP\26-2\Tesis\proyecto_ia_tumores_ovaricos\data\processed\MMOTU_OTU_2D\train\images\836.JPG,RGB,612,959,3,False,255,4.493401577987236,0.7567216667688973,train
838.JPG,C:\Users\PC\Desktop\JARITZA - PUCP\26-2\Tesis\proyecto_ia_tumores_ovaricos\data\processed\MMOTU_OTU_2D\train\images\838.JPG,RGB,534,955,3,False,255,0.9350066343771856,0.1037629664490068,train
839.JPG,C:\Users\PC\Desktop\JARITZA - PUCP\26-2\Tesis\proyecto_ia_tumores_ovaricos\data\processed\MMOTU_OTU_2D\train\images\839.JPG,RGB,609,958,3,False,254,2.729121173581616,0.7507618841936026,train
840.JPG,C:\Users\PC\Desktop\JARITZA - PUCP\26-2\Tesis\proyecto_ia_tumores_ovaricos\data\processed\MMOTU_OTU_2D\train\images\840.JPG,RGB,630,566,3,False,253,0.7311440163030268,0.01912053396152336,train
841.JPG,C:\Users\PC\Desktop\JARITZA - PUCP\26-2\Tesis\proyecto_ia_tumores_ovaricos\data\processed\MMOTU_OTU_2D\train\images\841.JPG,RGB,627,570,3,False,249,1.9767070520533128,0.11808948207840175,train
843.JPG,C:\Users\PC\Desktop\JARITZA - PUCP\26-2\Tesis\proyecto_ia_tumores_ovaricos\data\processed\MMOTU_OTU_2D\train\images\843.JPG,RGB,584,1105,3,False,233,1.3820791751895702,0.06219240066943532,train
845.JPG,C:\Users\PC\Desktop\JARITZA - PUCP\26-2\Tesis\proyecto_ia_tumores_ovaricos\data\processed\MMOTU_OTU_2D\train\images\845.JPG,RGB,554,973,3,False,255,4.6780572447663324,0.6185788862463407,train
846.JPG,C:\Users\PC\Desktop\JARITZA - PUCP\26-2\Tesis\proyecto_ia_tumores_ovaricos\data\processed\MMOTU_OTU_2D\train\images\846.JPG,RGB,554,972,3,False,254,3.7010951652280704,0.6505363165010176,train
848.JPG,C:\Users\PC\Desktop\JARITZA - PUCP\26-2\Tesis\proyecto_ia_tumores_ovaricos\data\processed\MMOTU_OTU_2D\train\images\848.JPG,RGB,539,958,3,False,255,3.187386626694709,0.7701031446930642,train
849.JPG,C:\Users\PC\Desktop\JARITZA - PUCP\26-2\Tesis\proyecto_ia_tumores_ovaricos\data\processed\MMOTU_OTU_2D\train\images\849.JPG,RGB,661,974,3,False,255,3.2946337503274754,0.4606625516065199,train
85.JPG,C:\Users\PC\Desktop\JARITZA - PUCP\26-2\Tesis\proyecto_ia_tumores_ovaricos\data\processed\MMOTU_OTU_2D\train\images\85.JPG,RGB,533,957,3,False,131,0.16502869152154268,0.02027717166489244,train
850.JPG,C:\Users\PC\Desktop\JARITZA - PUCP\26-2\Tesis\proyecto_ia_tumores_ovaricos\data\processed\MMOTU_OTU_2D\train\images\850.JPG,RGB,553,974,3,False,255,7.169839578281863,0.6704980487243373,train
851.JPG,C:\Users\PC\Desktop\JARITZA - PUCP\26-2\Tesis\proyecto_ia_tumores_ovaricos\data\processed\MMOTU_OTU_2D\train\images\851.JPG,RGB,534,971,3,False,255,6.701198681874228,0.6966928568948958,train
852.JPG,C:\Users\PC\Desktop\JARITZA - PUCP\26-2\Tesis\proyecto_ia_tumores_ovaricos\data\processed\MMOTU_OTU_2D\train\images\852.JPG,RGB,274,482,3,False,253,5.912807543588656,0.6969515704031256,train
853.JPG,C:\Users\PC\Desktop\JARITZA - PUCP\26-2\Tesis\proyecto_ia_tumores_ovaricos\data\processed\MMOTU_OTU_2D\train\images\853.JPG,RGB,546,958,3,False,255,0.9682858315426165,0.10543753393440242,train
855.JPG,C:\Users\PC\Desktop\JARITZA - PUCP\26-2\Tesis\proyecto_ia_tumores_ovaricos\data\processed\MMOTU_OTU_2D\train\images\855.JPG,RGB,539,958,3,False,255,2.0578250658775565,0.15449626424872473,train
857.JPG,C:\Users\PC\Desktop\JARITZA - PUCP\26-2\Tesis\proyecto_ia_tumores_ovaricos\data\processed\MMOTU_OTU_2D\train\images\857.JPG,RGB,272,487,3,False,236,1.7661100374441359,0.16941961589563956,train
858.JPG,C:\Users\PC\Desktop\JARITZA - PUCP\26-2\Tesis\proyecto_ia_tumores_ovaricos\data\processed\MMOTU_OTU_2D\train\images\858.JPG,RGB,548,958,3,False,255,2.340470058770045,0.11159959160660135,train
859.JPG,C:\Users\PC\Desktop\JARITZA - PUCP\26-2\Tesis\proyecto_ia_tumores_ovaricos\data\processed\MMOTU_OTU_2D\train\images\859.JPG,RGB,537,956,3,False,252,1.3043731770853624,0.12450231021559414,train
86.JPG,C:\Users\PC\Desktop\JARITZA - PUCP\26-2\Tesis\proyecto_ia_tumores_ovaricos\data\processed\MMOTU_OTU_2D\train\images\86.JPG,RGB,604,1113,3,False,74,1.7511637501016484,0.6323670290307801,train
860.JPG,C:\Users\PC\Desktop\JARITZA - PUCP\26-2\Tesis\proyecto_ia_tumores_ovaricos\data\processed\MMOTU_OTU_2D\train\images\860.JPG,RGB,541,959,3,False,252,1.499411805144633,0.1414019147332692,train
861.JPG,C:\Users\PC\Desktop\JARITZA - PUCP\26-2\Tesis\proyecto_ia_tumores_ovaricos\data\processed\MMOTU_OTU_2D\train\images\861.JPG,RGB,538,959,3,False,252,1.4191659786048303,0.13662000767528132,train
865.JPG,C:\Users\PC\Desktop\JARITZA - PUCP\26-2\Tesis\proyecto_ia_tumores_ovaricos\data\processed\MMOTU_OTU_2D\train\images\865.JPG,RGB,547,972,3,False,190,3.6679406063250606,0.5486755290736602,train
866.JPG,C:\Users\PC\Desktop\JARITZA - PUCP\26-2\Tesis\proyecto_ia_tumores_ovaricos\data\processed\MMOTU_OTU_2D\train\images\866.JPG,RGB,556,974,3,False,255,5.597302035168579,0.5892946833498294,train
867.JPG,C:\Users\PC\Desktop\JARITZA - PUCP\26-2\Tesis\proyecto_ia_tumores_ovaricos\data\processed\MMOTU_OTU_2D\train\images\867.JPG,RGB,296,477,3,False,253,5.301192702136098,0.5162261317921695,train
869.JPG,C:\Users\PC\Desktop\JARITZA - PUCP\26-2\Tesis\proyecto_ia_tumores_ovaricos\data\processed\MMOTU_OTU_2D\train\images\869.JPG,RGB,540,972,3,False,253,3.9121170553269313,0.5575826855662247,train
87.JPG,C:\Users\PC\Desktop\JARITZA - PUCP\26-2\Tesis\proyecto_ia_tumores_ovaricos\data\processed\MMOTU_OTU_2D\train\images\87.JPG,RGB,532,957,3,False,171,0.24764235562783657,0.029892521271831618,train
871.JPG,C:\Users\PC\Desktop\JARITZA - PUCP\26-2\Tesis\proyecto_ia_tumores_ovaricos\data\processed\MMOTU_OTU_2D\train\images\871.JPG,RGB,544,956,3,False,198,3.4934623430962346,0.8220084451144475,train
873.JPG,C:\Users\PC\Desktop\JARITZA - PUCP\26-2\Tesis\proyecto_ia_tumores_ovaricos\data\processed\MMOTU_OTU_2D\train\images\873.JPG,RGB,608,1134,3,False,255,1.5820879358891053,0.08878823215446023,train
874.JPG,C:\Users\PC\Desktop\JARITZA - PUCP\26-2\Tesis\proyecto_ia_tumores_ovaricos\data\processed\MMOTU_OTU_2D\train\images\874.JPG,RGB,545,958,3,False,255,1.0327938557009058,0.11249545115014077,train
875.JPG,C:\Users\PC\Desktop\JARITZA - PUCP\26-2\Tesis\proyecto_ia_tumores_ovaricos\data\processed\MMOTU_OTU_2D\train\images\875.JPG,RGB,545,954,3,False,255,2.0882798325415597,0.1231569634373858,train
876.JPG,C:\Users\PC\Desktop\JARITZA - PUCP\26-2\Tesis\proyecto_ia_tumores_ovaricos\data\processed\MMOTU_OTU_2D\train\images\876.JPG,RGB,548,479,3,False,255,3.877852785354728,0.8942443960196882,train
879.JPG,C:\Users\PC\Desktop\JARITZA - PUCP\26-2\Tesis\proyecto_ia_tumores_ovaricos\data\processed\MMOTU_OTU_2D\train\images\879.JPG,RGB,586,959,3,False,200,1.643385637057942,0.14352799239822484,train
880.JPG,C:\Users\PC\Desktop\JARITZA - PUCP\26-2\Tesis\proyecto_ia_tumores_ovaricos\data\processed\MMOTU_OTU_2D\train\images\880.JPG,RGB,610,1135,3,False,250,1.1239584988324787,0.07696396331335308,train
881.JPG,C:\Users\PC\Desktop\JARITZA - PUCP\26-2\Tesis\proyecto_ia_tumores_ovaricos\data\processed\MMOTU_OTU_2D\train\images\881.JPG,RGB,539,957,3,False,198,1.3119564915355333,0.12280956839846226,train
885.JPG,C:\Users\PC\Desktop\JARITZA - PUCP\26-2\Tesis\proyecto_ia_tumores_ovaricos\data\processed\MMOTU_OTU_2D\train\images\885.JPG,RGB,580,1127,3,False,186,0.18678007934808108,0.02027812624300095,train
886.JPG,C:\Users\PC\Desktop\JARITZA - PUCP\26-2\Tesis\proyecto_ia_tumores_ovaricos\data\processed\MMOTU_OTU_2D\train\images\886.JPG,RGB,587,565,3,False,168,0.20426849185649745,0.015579442492952013,train
887.JPG,C:\Users\PC\Desktop\JARITZA - PUCP\26-2\Tesis\proyecto_ia_tumores_ovaricos\data\processed\MMOTU_OTU_2D\train\images\887.JPG,RGB,581,565,3,False,177,0.26358379155052575,0.02897354271701217,train
888.JPG,C:\Users\PC\Desktop\JARITZA - PUCP\26-2\Tesis\proyecto_ia_tumores_ovaricos\data\processed\MMOTU_OTU_2D\train\images\888.JPG,RGB,529,477,3,False,181,2.991557452519752,0.9125362120689724,train
889.JPG,C:\Users\PC\Desktop\JARITZA - PUCP\26-2\Tesis\proyecto_ia_tumores_ovaricos\data\processed\MMOTU_OTU_2D\train\images\889.JPG,RGB,531,479,3,False,153,3.8342539843548304,0.9222013847115578,train
891.JPG,C:\Users\PC\Desktop\JARITZA - PUCP\26-2\Tesis\proyecto_ia_tumores_ovaricos\data\processed\MMOTU_OTU_2D\train\images\891.JPG,RGB,528,479,3,False,207,3.028376141371966,0.9156781805529196,train
892.JPG,C:\Users\PC\Desktop\JARITZA - PUCP\26-2\Tesis\proyecto_ia_tumores_ovaricos\data\processed\MMOTU_OTU_2D\train\images\892.JPG,RGB,528,959,3,False,149,2.6059592273095924,0.7800996144974247,train
893.JPG,C:\Users\PC\Desktop\JARITZA - PUCP\26-2\Tesis\proyecto_ia_tumores_ovaricos\data\processed\MMOTU_OTU_2D\train\images\893.JPG,RGB,528,958,3,False,176,2.692779833828894,0.7816256247232238,train
895.JPG,C:\Users\PC\Desktop\JARITZA - PUCP\26-2\Tesis\proyecto_ia_tumores_ovaricos\data\processed\MMOTU_OTU_2D\train\images\895.JPG,RGB,528,480,3,False,184,2.523945180976431,0.8683988320707071,train
898.JPG,C:\Users\PC\Desktop\JARITZA - PUCP\26-2\Tesis\proyecto_ia_tumores_ovaricos\data\processed\MMOTU_OTU_2D\train\images\898.JPG,RGB,530,959,3,False,182,2.3293590676871214,0.7821708934227871,train
899.JPG,C:\Users\PC\Desktop\JARITZA - PUCP\26-2\Tesis\proyecto_ia_tumores_ovaricos\data\processed\MMOTU_OTU_2D\train\images\899.JPG,RGB,523,959,3,False,171,0.2279568091629333,0.026946089876125744,train
9.JPG,C:\Users\PC\Desktop\JARITZA - PUCP\26-2\Tesis\proyecto_ia_tumores_ovaricos\data\processed\MMOTU_OTU_2D\train\images\9.JPG,RGB,536,480,3,False,171,0.27955016583747927,0.02786847014925373,train
900.JPG,C:\Users\PC\Desktop\JARITZA - PUCP\26-2\Tesis\proyecto_ia_tumores_ovaricos\data\processed\MMOTU_OTU_2D\train\images\900.JPG,RGB,526,478,3,False,183,2.7067444092675967,0.19184418600951367,train
901.JPG,C:\Users\PC\Desktop\JARITZA - PUCP\26-2\Tesis\proyecto_ia_tumores_ovaricos\data\processed\MMOTU_OTU_2D\train\images\901.JPG,RGB,528,480,3,False,126,0.31344960016835016,0.03578756313131313,train
902.JPG,C:\Users\PC\Desktop\JARITZA - PUCP\26-2\Tesis\proyecto_ia_tumores_ovaricos\data\processed\MMOTU_OTU_2D\train\images\902.JPG,RGB,529,479,3,False,196,1.1863404777596678,0.10007458828450892,train
903.JPG,C:\Users\PC\Desktop\JARITZA - PUCP\26-2\Tesis\proyecto_ia_tumores_ovaricos\data\processed\MMOTU_OTU_2D\train\images\903.JPG,RGB,585,566,3,False,190,0.3878247913583603,0.05806831566548881,train
905.JPG,C:\Users\PC\Desktop\JARITZA - PUCP\26-2\Tesis\proyecto_ia_tumores_ovaricos\data\processed\MMOTU_OTU_2D\train\images\905.JPG,RGB,583,568,3,False,196,0.25992116219328554,0.030524484816273283,train
907.JPG,C:\Users\PC\Desktop\JARITZA - PUCP\26-2\Tesis\proyecto_ia_tumores_ovaricos\data\processed\MMOTU_OTU_2D\train\images\907.JPG,RGB,523,963,3,False,151,2.742785815783082,0.606700301201829,train
908.JPG,C:\Users\PC\Desktop\JARITZA - PUCP\26-2\Tesis\proyecto_ia_tumores_ovaricos\data\processed\MMOTU_OTU_2D\train\images\908.JPG,RGB,526,481,3,False,174,3.1953181610976285,0.7946807585590856,train
909.JPG,C:\Users\PC\Desktop\JARITZA - PUCP\26-2\Tesis\proyecto_ia_tumores_ovaricos\data\processed\MMOTU_OTU_2D\train\images\909.JPG,RGB,528,953,3,False,153,2.179176338410336,0.5789850233711724,train
91.JPG,C:\Users\PC\Desktop\JARITZA - PUCP\26-2\Tesis\proyecto_ia_tumores_ovaricos\data\processed\MMOTU_OTU_2D\train\images\91.JPG,RGB,606,861,3,False,122,1.25477576793684,0.5424117324624449,train
910.JPG,C:\Users\PC\Desktop\JARITZA - PUCP\26-2\Tesis\proyecto_ia_tumores_ovaricos\data\processed\MMOTU_OTU_2D\train\images\910.JPG,RGB,525,953,3,False,185,2.3585456120188546,0.5779883076000599,train
913.JPG,C:\Users\PC\Desktop\JARITZA - PUCP\26-2\Tesis\proyecto_ia_tumores_ovaricos\data\processed\MMOTU_OTU_2D\train\images\913.JPG,RGB,521,957,3,False,175,2.4704133130898636,0.7891543671542348,train
914.JPG,C:\Users\PC\Desktop\JARITZA - PUCP\26-2\Tesis\proyecto_ia_tumores_ovaricos\data\processed\MMOTU_OTU_2D\train\images\914.JPG,RGB,530,958,3,False,153,2.5090558159688032,0.7796903927206839,train
915.JPG,C:\Users\PC\Desktop\JARITZA - PUCP\26-2\Tesis\proyecto_ia_tumores_ovaricos\data\processed\MMOTU_OTU_2D\train\images\915.JPG,RGB,530,958,3,False,194,3.0183505993881377,0.7843285933745617,train
918.JPG,C:\Users\PC\Desktop\JARITZA - PUCP\26-2\Tesis\proyecto_ia_tumores_ovaricos\data\processed\MMOTU_OTU_2D\train\images\918.JPG,RGB,527,957,3,False,168,3.05397361695209,0.7853507263963326,train
92.JPG,C:\Users\PC\Desktop\JARITZA - PUCP\26-2\Tesis\proyecto_ia_tumores_ovaricos\data\processed\MMOTU_OTU_2D\train\images\92.JPG,RGB,606,846,3,False,120,1.4244994239376656,0.5705903923725706,train
920.JPG,C:\Users\PC\Desktop\JARITZA - PUCP\26-2\Tesis\proyecto_ia_tumores_ovaricos\data\processed\MMOTU_OTU_2D\train\images\920.JPG,RGB,527,957,3,False,169,2.859400786640203,0.7870123071981346,train
922.JPG,C:\Users\PC\Desktop\JARITZA - PUCP\26-2\Tesis\proyecto_ia_tumores_ovaricos\data\processed\MMOTU_OTU_2D\train\images\922.JPG,RGB,527,479,3,False,165,3.8463565909898207,0.9013876949527201,train
924.JPG,C:\Users\PC\Desktop\JARITZA - PUCP\26-2\Tesis\proyecto_ia_tumores_ovaricos\data\processed\MMOTU_OTU_2D\train\images\924.JPG,RGB,529,479,3,False,155,4.398438250240406,0.9088010229250447,train
926.JPG,C:\Users\PC\Desktop\JARITZA - PUCP\26-2\Tesis\proyecto_ia_tumores_ovaricos\data\processed\MMOTU_OTU_2D\train\images\926.JPG,RGB,526,957,3,False,170,3.4986603944254395,0.718937109392072,train
927.JPG,C:\Users\PC\Desktop\JARITZA - PUCP\26-2\Tesis\proyecto_ia_tumores_ovaricos\data\processed\MMOTU_OTU_2D\train\images\927.JPG,RGB,523,482,3,False,198,4.861428242742556,0.9188173877168903,train
928.JPG,C:\Users\PC\Desktop\JARITZA - PUCP\26-2\Tesis\proyecto_ia_tumores_ovaricos\data\processed\MMOTU_OTU_2D\train\images\928.JPG,RGB,521,952,3,False,164,3.126132410737808,0.7359695317666414,train
929.JPG,C:\Users\PC\Desktop\JARITZA - PUCP\26-2\Tesis\proyecto_ia_tumores_ovaricos\data\processed\MMOTU_OTU_2D\train\images\929.JPG,RGB,528,480,3,False,176,4.694967908249159,0.9088541666666666,train
93.JPG,C:\Users\PC\Desktop\JARITZA - PUCP\26-2\Tesis\proyecto_ia_tumores_ovaricos\data\processed\MMOTU_OTU_2D\train\images\93.JPG,RGB,661,959,3,False,125,1.9046283398459376,0.6890656082435845,train
931.JPG,C:\Users\PC\Desktop\JARITZA - PUCP\26-2\Tesis\proyecto_ia_tumores_ovaricos\data\processed\MMOTU_OTU_2D\train\images\931.JPG,RGB,588,568,3,False,191,0.7400614001469131,0.042882293762575456,train
932.JPG,C:\Users\PC\Desktop\JARITZA - PUCP\26-2\Tesis\proyecto_ia_tumores_ovaricos\data\processed\MMOTU_OTU_2D\train\images\932.JPG,RGB,585,568,3,False,199,0.3986838409373621,0.027211989888046226,train
933.JPG,C:\Users\PC\Desktop\JARITZA - PUCP\26-2\Tesis\proyecto_ia_tumores_ovaricos\data\processed\MMOTU_OTU_2D\train\images\933.JPG,RGB,581,567,3,False,197,0.28075618169326333,0.033546127063051906,train
935.JPG,C:\Users\PC\Desktop\JARITZA - PUCP\26-2\Tesis\proyecto_ia_tumores_ovaricos\data\processed\MMOTU_OTU_2D\train\images\935.JPG,RGB,584,569,3,False,203,0.28844363659709016,0.03482437345017695,train
938.JPG,C:\Users\PC\Desktop\JARITZA - PUCP\26-2\Tesis\proyecto_ia_tumores_ovaricos\data\processed\MMOTU_OTU_2D\train\images\938.JPG,RGB,580,565,3,False,174,0.2693052588749873,0.032889838266707355,train
939.JPG,C:\Users\PC\Desktop\JARITZA - PUCP\26-2\Tesis\proyecto_ia_tumores_ovaricos\data\processed\MMOTU_OTU_2D\train\images\939.JPG,RGB,582,569,3,False,202,0.7377565995687858,0.03665017906860169,train
940.JPG,C:\Users\PC\Desktop\JARITZA - PUCP\26-2\Tesis\proyecto_ia_tumores_ovaricos\data\processed\MMOTU_OTU_2D\train\images\940.JPG,RGB,588,568,3,False,183,0.33562685637635337,0.03326806074542493,train
941.JPG,C:\Users\PC\Desktop\JARITZA - PUCP\26-2\Tesis\proyecto_ia_tumores_ovaricos\data\processed\MMOTU_OTU_2D\train\images\941.JPG,RGB,591,569,3,False,192,0.23528478832556696,0.025600766030587696,train
942.JPG,C:\Users\PC\Desktop\JARITZA - PUCP\26-2\Tesis\proyecto_ia_tumores_ovaricos\data\processed\MMOTU_OTU_2D\train\images\942.JPG,RGB,588,567,3,False,193,0.24316428511439847,0.02592712570036833,train
943.JPG,C:\Users\PC\Desktop\JARITZA - PUCP\26-2\Tesis\proyecto_ia_tumores_ovaricos\data\processed\MMOTU_OTU_2D\train\images\943.JPG,RGB,586,568,3,False,173,0.23153311221137976,0.024656900447050906,train
946.JPG,C:\Users\PC\Desktop\JARITZA - PUCP\26-2\Tesis\proyecto_ia_tumores_ovaricos\data\processed\MMOTU_OTU_2D\train\images\946.JPG,RGB,581,566,3,False,192,0.2793485907283855,0.0341071504594856,train
949.JPG,C:\Users\PC\Desktop\JARITZA - PUCP\26-2\Tesis\proyecto_ia_tumores_ovaricos\data\processed\MMOTU_OTU_2D\train\images\949.JPG,RGB,587,567,3,False,57,0.022269694047093253,0.005300018928639031,train
95.JPG,C:\Users\PC\Desktop\JARITZA - PUCP\26-2\Tesis\proyecto_ia_tumores_ovaricos\data\processed\MMOTU_OTU_2D\train\images\95.JPG,RGB,663,958,3,False,126,1.871021306118936,0.671974040941252,train
950.JPG,C:\Users\PC\Desktop\JARITZA - PUCP\26-2\Tesis\proyecto_ia_tumores_ovaricos\data\processed\MMOTU_OTU_2D\train\images\950.JPG,RGB,590,568,3,False,178,0.3595866157396355,0.03881296252088804,train
951.JPG,C:\Users\PC\Desktop\JARITZA - PUCP\26-2\Tesis\proyecto_ia_tumores_ovaricos\data\processed\MMOTU_OTU_2D\train\images\951.JPG,RGB,586,568,3,False,190,0.32481292762261854,0.032471278181031585,train
954.JPG,C:\Users\PC\Desktop\JARITZA - PUCP\26-2\Tesis\proyecto_ia_tumores_ovaricos\data\processed\MMOTU_OTU_2D\train\images\954.JPG,RGB,542,568,3,False,196,0.5148770853905722,0.035870666805259604,train
955.JPG,C:\Users\PC\Desktop\JARITZA - PUCP\26-2\Tesis\proyecto_ia_tumores_ovaricos\data\processed\MMOTU_OTU_2D\train\images\955.JPG,RGB,542,480,3,False,167,0.23181375563755638,0.0350630381303813,train
956.JPG,C:\Users\PC\Desktop\JARITZA - PUCP\26-2\Tesis\proyecto_ia_tumores_ovaricos\data\processed\MMOTU_OTU_2D\train\images\956.JPG,RGB,545,477,3,False,191,0.8313452451932631,0.05915027022868463,train
958.JPG,C:\Users\PC\Desktop\JARITZA - PUCP\26-2\Tesis\proyecto_ia_tumores_ovaricos\data\processed\MMOTU_OTU_2D\train\images\958.JPG,RGB,527,481,3,False,154,0.44207132252673054,0.042384816578364966,train
959.JPG,C:\Users\PC\Desktop\JARITZA - PUCP\26-2\Tesis\proyecto_ia_tumores_ovaricos\data\processed\MMOTU_OTU_2D\train\images\959.JPG,RGB,518,478,3,False,167,2.5033252020699717,0.7522091727112648,train
961.JPG,C:\Users\PC\Desktop\JARITZA - PUCP\26-2\Tesis\proyecto_ia_tumores_ovaricos\data\processed\MMOTU_OTU_2D\train\images\961.JPG,RGB,518,957,3,False,165,2.2612652957480543,0.6395327257396223,train
963.JPG,C:\Users\PC\Desktop\JARITZA - PUCP\26-2\Tesis\proyecto_ia_tumores_ovaricos\data\processed\MMOTU_OTU_2D\train\images\963.JPG,RGB,520,959,3,False,197,2.7319496804898264,0.6954239191465469,train
964.JPG,C:\Users\PC\Desktop\JARITZA - PUCP\26-2\Tesis\proyecto_ia_tumores_ovaricos\data\processed\MMOTU_OTU_2D\train\images\964.JPG,RGB,522,954,3,False,123,2.6045406716627713,0.6559174116645381,train
967.JPG,C:\Users\PC\Desktop\JARITZA - PUCP\26-2\Tesis\proyecto_ia_tumores_ovaricos\data\processed\MMOTU_OTU_2D\train\images\967.JPG,RGB,605,801,3,False,185,6.701694507210338,0.6443804748196985,train
968.JPG,C:\Users\PC\Desktop\JARITZA - PUCP\26-2\Tesis\proyecto_ia_tumores_ovaricos\data\processed\MMOTU_OTU_2D\train\images\968.JPG,RGB,585,1133,3,False,187,0.12409381341420174,0.008470062838994877,train
969.JPG,C:\Users\PC\Desktop\JARITZA - PUCP\26-2\Tesis\proyecto_ia_tumores_ovaricos\data\processed\MMOTU_OTU_2D\train\images\969.JPG,RGB,525,957,3,False,175,3.196696024282231,0.788706772155048,train
97.JPG,C:\Users\PC\Desktop\JARITZA - PUCP\26-2\Tesis\proyecto_ia_tumores_ovaricos\data\processed\MMOTU_OTU_2D\train\images\97.JPG,RGB,604,951,3,False,148,1.5920072515743857,0.6191147693957563,train
972.JPG,C:\Users\PC\Desktop\JARITZA - PUCP\26-2\Tesis\proyecto_ia_tumores_ovaricos\data\processed\MMOTU_OTU_2D\train\images\972.JPG,RGB,525,479,3,False,201,2.6990568976372735,0.9244139576498658,train
974.JPG,C:\Users\PC\Desktop\JARITZA - PUCP\26-2\Tesis\proyecto_ia_tumores_ovaricos\data\processed\MMOTU_OTU_2D\train\images\974.JPG,RGB,536,478,3,False,156,2.55836924165782,0.9090270405295697,train
975.JPG,C:\Users\PC\Desktop\JARITZA - PUCP\26-2\Tesis\proyecto_ia_tumores_ovaricos\data\processed\MMOTU_OTU_2D\train\images\975.JPG,RGB,530,478,3,False,182,3.1965211441804158,0.9304965658798453,train
976.JPG,C:\Users\PC\Desktop\JARITZA - PUCP\26-2\Tesis\proyecto_ia_tumores_ovaricos\data\processed\MMOTU_OTU_2D\train\images\976.JPG,RGB,528,479,3,False,194,3.2846339174627275,0.9236058391851711,train
977.JPG,C:\Users\PC\Desktop\JARITZA - PUCP\26-2\Tesis\proyecto_ia_tumores_ovaricos\data\processed\MMOTU_OTU_2D\train\images\977.JPG,RGB,526,479,3,False,167,3.845860752359558,0.945097120903022,train
978.JPG,C:\Users\PC\Desktop\JARITZA - PUCP\26-2\Tesis\proyecto_ia_tumores_ovaricos\data\processed\MMOTU_OTU_2D\train\images\978.JPG,RGB,527,478,3,False,195,3.4551353811871626,0.928084285408049,train
980.JPG,C:\Users\PC\Desktop\JARITZA - PUCP\26-2\Tesis\proyecto_ia_tumores_ovaricos\data\processed\MMOTU_OTU_2D\train\images\980.JPG,RGB,530,480,3,False,167,3.213385744234801,0.9195676100628931,train
982.JPG,C:\Users\PC\Desktop\JARITZA - PUCP\26-2\Tesis\proyecto_ia_tumores_ovaricos\data\processed\MMOTU_OTU_2D\train\images\982.JPG,RGB,588,1135,3,False,197,0.1771464532949744,0.017450328148880697,train
983.JPG,C:\Users\PC\Desktop\JARITZA - PUCP\26-2\Tesis\proyecto_ia_tumores_ovaricos\data\processed\MMOTU_OTU_2D\train\images\983.JPG,RGB,587,1135,3,False,183,0.11405714114177216,0.011777949553092332,train
984.JPG,C:\Users\PC\Desktop\JARITZA - PUCP\26-2\Tesis\proyecto_ia_tumores_ovaricos\data\processed\MMOTU_OTU_2D\train\images\984.JPG,RGB,590,569,3,False,211,0.40481963599535314,0.021846236334931934,train
986.JPG,C:\Users\PC\Desktop\JARITZA - PUCP\26-2\Tesis\proyecto_ia_tumores_ovaricos\data\processed\MMOTU_OTU_2D\train\images\986.JPG,RGB,585,567,3,False,212,0.48443298813669183,0.027468005245783023,train
987.JPG,C:\Users\PC\Desktop\JARITZA - PUCP\26-2\Tesis\proyecto_ia_tumores_ovaricos\data\processed\MMOTU_OTU_2D\train\images\987.JPG,RGB,580,567,3,False,182,0.27263678566360555,0.027656145472237426,train
988.JPG,C:\Users\PC\Desktop\JARITZA - PUCP\26-2\Tesis\proyecto_ia_tumores_ovaricos\data\processed\MMOTU_OTU_2D\train\images\988.JPG,RGB,581,566,3,False,208,0.2523957516081489,0.022615449176818327,train
989.JPG,C:\Users\PC\Desktop\JARITZA - PUCP\26-2\Tesis\proyecto_ia_tumores_ovaricos\data\processed\MMOTU_OTU_2D\train\images\989.JPG,RGB,587,565,3,False,209,0.322845527229601,0.018296120969079316,train
99.JPG,C:\Users\PC\Desktop\JARITZA - PUCP\26-2\Tesis\proyecto_ia_tumores_ovaricos\data\processed\MMOTU_OTU_2D\train\images\99.JPG,RGB,534,481,3,False,199,0.16402573705944493,0.02244855053843818,train
990.JPG,C:\Users\PC\Desktop\JARITZA - PUCP\26-2\Tesis\proyecto_ia_tumores_ovaricos\data\processed\MMOTU_OTU_2D\train\images\990.JPG,RGB,545,690,3,False,164,2.8696680405974377,0.6495359659619732,train
992.JPG,C:\Users\PC\Desktop\JARITZA - PUCP\26-2\Tesis\proyecto_ia_tumores_ovaricos\data\processed\MMOTU_OTU_2D\train\images\992.JPG,RGB,542,723,3,False,148,2.1893827651969464,0.5802340596020068,train
994.JPG,C:\Users\PC\Desktop\JARITZA - PUCP\26-2\Tesis\proyecto_ia_tumores_ovaricos\data\processed\MMOTU_OTU_2D\train\images\994.JPG,RGB,517,477,3,False,166,3.5331638342477363,0.9414336054239707,train
995.JPG,C:\Users\PC\Desktop\JARITZA - PUCP\26-2\Tesis\proyecto_ia_tumores_ovaricos\data\processed\MMOTU_OTU_2D\train\images\995.JPG,RGB,500,479,3,False,173,2.4999331941544884,0.7224342379958246,train
996.JPG,C:\Users\PC\Desktop\JARITZA - PUCP\26-2\Tesis\proyecto_ia_tumores_ovaricos\data\processed\MMOTU_OTU_2D\train\images\996.JPG,RGB,508,480,3,False,202,3.7087133639545056,0.8018413713910761,train
997.JPG,C:\Users\PC\Desktop\JARITZA - PUCP\26-2\Tesis\proyecto_ia_tumores_ovaricos\data\processed\MMOTU_OTU_2D\train\images\997.JPG,RGB,508,479,3,False,192,3.173244784902931,0.8042181053046866,train
999.JPG,C:\Users\PC\Desktop\JARITZA - PUCP\26-2\Tesis\proyecto_ia_tumores_ovaricos\data\processed\MMOTU_OTU_2D\train\images\999.JPG,RGB,529,958,3,False,165,2.0680266202561786,0.778899013777127,train
1002.JPG,C:\Users\PC\Desktop\JARITZA - PUCP\26-2\Tesis\proyecto_ia_tumores_ovaricos\data\processed\MMOTU_OTU_2D\validation\images\1002.JPG,RGB,528,959,3,False,169,2.6756143288990004,0.7830777798843492,validation
1012.JPG,C:\Users\PC\Desktop\JARITZA - PUCP\26-2\Tesis\proyecto_ia_tumores_ovaricos\data\processed\MMOTU_OTU_2D\validation\images\1012.JPG,RGB,528,480,3,False,190,3.4319497053872055,0.8191485164141414,validation
1013.JPG,C:\Users\PC\Desktop\JARITZA - PUCP\26-2\Tesis\proyecto_ia_tumores_ovaricos\data\processed\MMOTU_OTU_2D\validation\images\1013.JPG,RGB,650,851,3,False,73,1.9264250203380637,0.4943288438940613,validation
1014.JPG,C:\Users\PC\Desktop\JARITZA - PUCP\26-2\Tesis\proyecto_ia_tumores_ovaricos\data\processed\MMOTU_OTU_2D\validation\images\1014.JPG,RGB,528,481,3,False,168,2.5803880803880808,0.6850587475587475,validation
1017.JPG,C:\Users\PC\Desktop\JARITZA - PUCP\26-2\Tesis\proyecto_ia_tumores_ovaricos\data\processed\MMOTU_OTU_2D\validation\images\1017.JPG,RGB,589,568,3,False,187,0.7763297384761313,0.04370919916784237,validation
1018.JPG,C:\Users\PC\Desktop\JARITZA - PUCP\26-2\Tesis\proyecto_ia_tumores_ovaricos\data\processed\MMOTU_OTU_2D\validation\images\1018.JPG,RGB,589,567,3,False,196,0.2806179127627911,0.035258396888278046,validation
102.JPG,C:\Users\PC\Desktop\JARITZA - PUCP\26-2\Tesis\proyecto_ia_tumores_ovaricos\data\processed\MMOTU_OTU_2D\validation\images\102.JPG,RGB,533,959,3,False,154,0.17648282522770686,0.02424351507491974,validation
1023.JPG,C:\Users\PC\Desktop\JARITZA - PUCP\26-2\Tesis\proyecto_ia_tumores_ovaricos\data\processed\MMOTU_OTU_2D\validation\images\1023.JPG,RGB,525,477,3,False,159,2.594772886093641,0.9279464909653589,validation
1024.JPG,C:\Users\PC\Desktop\JARITZA - PUCP\26-2\Tesis\proyecto_ia_tumores_ovaricos\data\processed\MMOTU_OTU_2D\validation\images\1024.JPG,RGB,523,478,3,False,189,2.523143222103997,0.9319463667128011,validation
1025.JPG,C:\Users\PC\Desktop\JARITZA - PUCP\26-2\Tesis\proyecto_ia_tumores_ovaricos\data\processed\MMOTU_OTU_2D\validation\images\1025.JPG,RGB,523,480,3,False,176,3.0971983216486088,0.9480720203951561,validation
1030.JPG,C:\Users\PC\Desktop\JARITZA - PUCP\26-2\Tesis\proyecto_ia_tumores_ovaricos\data\processed\MMOTU_OTU_2D\validation\images\1030.JPG,RGB,532,479,3,False,144,0.39049345702460747,0.03603607138932927,validation
1032.JPG,C:\Users\PC\Desktop\JARITZA - PUCP\26-2\Tesis\proyecto_ia_tumores_ovaricos\data\processed\MMOTU_OTU_2D\validation\images\1032.JPG,RGB,530,955,3,False,120,0.12560835062069875,0.014491751457077942,validation
1033.JPG,C:\Users\PC\Desktop\JARITZA - PUCP\26-2\Tesis\proyecto_ia_tumores_ovaricos\data\processed\MMOTU_OTU_2D\validation\images\1033.JPG,RGB,521,479,3,False,154,0.2409503697856352,0.042663257987089226,validation
1038.JPG,C:\Users\PC\Desktop\JARITZA - PUCP\26-2\Tesis\proyecto_ia_tumores_ovaricos\data\processed\MMOTU_OTU_2D\validation\images\1038.JPG,RGB,528,957,3,False,160,2.249989445130511,0.5198576675849403,validation
1039.JPG,C:\Users\PC\Desktop\JARITZA - PUCP\26-2\Tesis\proyecto_ia_tumores_ovaricos\data\processed\MMOTU_OTU_2D\validation\images\1039.JPG,RGB,527,951,3,False,166,2.0928254887993663,0.5606801589059355,validation
1042.JPG,C:\Users\PC\Desktop\JARITZA - PUCP\26-2\Tesis\proyecto_ia_tumores_ovaricos\data\processed\MMOTU_OTU_2D\validation\images\1042.JPG,RGB,528,958,3,False,169,0.25964894245165643,0.04019382235718352,validation
1046.JPG,C:\Users\PC\Desktop\JARITZA - PUCP\26-2\Tesis\proyecto_ia_tumores_ovaricos\data\processed\MMOTU_OTU_2D\validation\images\1046.JPG,RGB,538,955,3,False,132,1.7010853980549772,0.6171976877712684,validation
1049.JPG,C:\Users\PC\Desktop\JARITZA - PUCP\26-2\Tesis\proyecto_ia_tumores_ovaricos\data\processed\MMOTU_OTU_2D\validation\images\1049.JPG,RGB,534,955,3,False,140,2.731290075886817,0.6730140988685609,validation
1054.JPG,C:\Users\PC\Desktop\JARITZA - PUCP\26-2\Tesis\proyecto_ia_tumores_ovaricos\data\processed\MMOTU_OTU_2D\validation\images\1054.JPG,RGB,526,479,3,False,127,0.16330229592174234,0.03494288639989839,validation
1055.JPG,C:\Users\PC\Desktop\JARITZA - PUCP\26-2\Tesis\proyecto_ia_tumores_ovaricos\data\processed\MMOTU_OTU_2D\validation\images\1055.JPG,RGB,541,479,3,False,178,0.9278263788931809,0.08777528662223749,validation
1061.JPG,C:\Users\PC\Desktop\JARITZA - PUCP\26-2\Tesis\proyecto_ia_tumores_ovaricos\data\processed\MMOTU_OTU_2D\validation\images\1061.JPG,RGB,533,958,3,False,151,1.4165325144499237,0.4041585228763802,validation
1062.JPG,C:\Users\PC\Desktop\JARITZA - PUCP\26-2\Tesis\proyecto_ia_tumores_ovaricos\data\processed\MMOTU_OTU_2D\validation\images\1062.JPG,RGB,539,958,3,False,151,1.65703130749358,0.43734821694857484,validation
1065.JPG,C:\Users\PC\Desktop\JARITZA - PUCP\26-2\Tesis\proyecto_ia_tumores_ovaricos\data\processed\MMOTU_OTU_2D\validation\images\1065.JPG,RGB,533,956,3,False,150,1.9944970836898586,0.7649171422515642,validation
1066.JPG,C:\Users\PC\Desktop\JARITZA - PUCP\26-2\Tesis\proyecto_ia_tumores_ovaricos\data\processed\MMOTU_OTU_2D\validation\images\1066.JPG,RGB,508,479,3,False,168,2.706779215228577,0.9389393914487203,validation
1071.JPG,C:\Users\PC\Desktop\JARITZA - PUCP\26-2\Tesis\proyecto_ia_tumores_ovaricos\data\processed\MMOTU_OTU_2D\validation\images\1071.JPG,RGB,529,959,3,False,176,0.21609492664920205,0.03304481866153109,validation
1073.JPG,C:\Users\PC\Desktop\JARITZA - PUCP\26-2\Tesis\proyecto_ia_tumores_ovaricos\data\processed\MMOTU_OTU_2D\validation\images\1073.JPG,RGB,523,958,3,False,136,0.13512855415001776,0.014819353576803172,validation
1076.JPG,C:\Users\PC\Desktop\JARITZA - PUCP\26-2\Tesis\proyecto_ia_tumores_ovaricos\data\processed\MMOTU_OTU_2D\validation\images\1076.JPG,RGB,529,482,3,False,151,3.4170268284584027,0.8370329989253975,validation
1078.JPG,C:\Users\PC\Desktop\JARITZA - PUCP\26-2\Tesis\proyecto_ia_tumores_ovaricos\data\processed\MMOTU_OTU_2D\validation\images\1078.JPG,RGB,525,962,3,False,150,2.3256298056298057,0.5984041184041184,validation
1079.JPG,C:\Users\PC\Desktop\JARITZA - PUCP\26-2\Tesis\proyecto_ia_tumores_ovaricos\data\processed\MMOTU_OTU_2D\validation\images\1079.JPG,RGB,533,956,3,False,145,2.274728452144515,0.5912573496510632,validation
1081.JPG,C:\Users\PC\Desktop\JARITZA - PUCP\26-2\Tesis\proyecto_ia_tumores_ovaricos\data\processed\MMOTU_OTU_2D\validation\images\1081.JPG,RGB,528,956,3,False,180,2.6015053780482646,0.7848358057563078,validation
1082.JPG,C:\Users\PC\Desktop\JARITZA - PUCP\26-2\Tesis\proyecto_ia_tumores_ovaricos\data\processed\MMOTU_OTU_2D\validation\images\1082.JPG,RGB,530,955,3,False,176,3.061728736540551,0.785365998221871,validation
1083.JPG,C:\Users\PC\Desktop\JARITZA - PUCP\26-2\Tesis\proyecto_ia_tumores_ovaricos\data\processed\MMOTU_OTU_2D\validation\images\1083.JPG,RGB,529,959,3,False,176,2.8015385697005057,0.7813944503470258,validation
1085.JPG,C:\Users\PC\Desktop\JARITZA - PUCP\26-2\Tesis\proyecto_ia_tumores_ovaricos\data\processed\MMOTU_OTU_2D\validation\images\1085.JPG,RGB,537,1130,3,False,178,0.16998731069033138,0.0154348148514362,validation
1086.JPG,C:\Users\PC\Desktop\JARITZA - PUCP\26-2\Tesis\proyecto_ia_tumores_ovaricos\data\processed\MMOTU_OTU_2D\validation\images\1086.JPG,RGB,540,1132,3,False,200,0.22211970509968157,0.029704881560005236,validation
1088.JPG,C:\Users\PC\Desktop\JARITZA - PUCP\26-2\Tesis\proyecto_ia_tumores_ovaricos\data\processed\MMOTU_OTU_2D\validation\images\1088.JPG,RGB,599,480,3,False,144,1.6026409757002413,0.7987583472454091,validation
1089.JPG,C:\Users\PC\Desktop\JARITZA - PUCP\26-2\Tesis\proyecto_ia_tumores_ovaricos\data\processed\MMOTU_OTU_2D\validation\images\1089.JPG,RGB,590,755,3,False,130,1.1052299173120816,0.596387922325738,validation
1091.JPG,C:\Users\PC\Desktop\JARITZA - PUCP\26-2\Tesis\proyecto_ia_tumores_ovaricos\data\processed\MMOTU_OTU_2D\validation\images\1091.JPG,RGB,605,1134,3,False,177,0.1764057117592471,0.021977349250076522,validation
1092.JPG,C:\Users\PC\Desktop\JARITZA - PUCP\26-2\Tesis\proyecto_ia_tumores_ovaricos\data\processed\MMOTU_OTU_2D\validation\images\1092.JPG,RGB,635,566,3,False,190,0.20941914062862285,0.01650204501822431,validation
1095.JPG,C:\Users\PC\Desktop\JARITZA - PUCP\26-2\Tesis\proyecto_ia_tumores_ovaricos\data\processed\MMOTU_OTU_2D\validation\images\1095.JPG,RGB,549,706,3,False,187,2.6259900824058167,0.5685640128588162,validation
1096.JPG,C:\Users\PC\Desktop\JARITZA - PUCP\26-2\Tesis\proyecto_ia_tumores_ovaricos\data\processed\MMOTU_OTU_2D\validation\images\1096.JPG,RGB,527,956,3,False,254,3.4919043876154863,0.795419720054306,validation
1104.JPG,C:\Users\PC\Desktop\JARITZA - PUCP\26-2\Tesis\proyecto_ia_tumores_ovaricos\data\processed\MMOTU_OTU_2D\validation\images\1104.JPG,RGB,512,957,3,False,255,1.1966635645245558,0.09047030107105539,validation
1108.JPG,C:\Users\PC\Desktop\JARITZA - PUCP\26-2\Tesis\proyecto_ia_tumores_ovaricos\data\processed\MMOTU_OTU_2D\validation\images\1108.JPG,RGB,524,955,3,False,254,2.843043843171736,0.5756044922265298,validation
1111.JPG,C:\Users\PC\Desktop\JARITZA - PUCP\26-2\Tesis\proyecto_ia_tumores_ovaricos\data\processed\MMOTU_OTU_2D\validation\images\1111.JPG,RGB,533,480,3,False,155,3.086103293725245,0.9127970606629143,validation
112.JPG,C:\Users\PC\Desktop\JARITZA - PUCP\26-2\Tesis\proyecto_ia_tumores_ovaricos\data\processed\MMOTU_OTU_2D\validation\images\112.JPG,RGB,534,958,3,False,152,0.16714102153101942,0.020049963641481552,validation
1122.JPG,C:\Users\PC\Desktop\JARITZA - PUCP\26-2\Tesis\proyecto_ia_tumores_ovaricos\data\processed\MMOTU_OTU_2D\validation\images\1122.JPG,RGB,606,818,3,False,151,1.648408606141788,0.5592445552623722,validation
1123.JPG,C:\Users\PC\Desktop\JARITZA - PUCP\26-2\Tesis\proyecto_ia_tumores_ovaricos\data\processed\MMOTU_OTU_2D\validation\images\1123.JPG,RGB,600,824,3,False,156,1.538524811218986,0.5551577669902913,validation
1124.JPG,C:\Users\PC\Desktop\JARITZA - PUCP\26-2\Tesis\proyecto_ia_tumores_ovaricos\data\processed\MMOTU_OTU_2D\validation\images\1124.JPG,RGB,534,482,3,False,57,0.0494454545925477,0.013427199403235583,validation
1130.JPG,C:\Users\PC\Desktop\JARITZA - PUCP\26-2\Tesis\proyecto_ia_tumores_ovaricos\data\processed\MMOTU_OTU_2D\validation\images\1130.JPG,RGB,531,957,3,False,194,0.23437045957988878,0.026345669829012902,validation
1132.JPG,C:\Users\PC\Desktop\JARITZA - PUCP\26-2\Tesis\proyecto_ia_tumores_ovaricos\data\processed\MMOTU_OTU_2D\validation\images\1132.JPG,RGB,533,958,3,False,160,0.2573724966412985,0.02906696643648627,validation
1133.JPG,C:\Users\PC\Desktop\JARITZA - PUCP\26-2\Tesis\proyecto_ia_tumores_ovaricos\data\processed\MMOTU_OTU_2D\validation\images\1133.JPG,RGB,529,959,3,False,196,0.2879272609241011,0.03880459915121099,validation
1134.JPG,C:\Users\PC\Desktop\JARITZA - PUCP\26-2\Tesis\proyecto_ia_tumores_ovaricos\data\processed\MMOTU_OTU_2D\validation\images\1134.JPG,RGB,534,480,3,False,194,0.14736267166042447,0.017060705368289637,validation
114.JPG,C:\Users\PC\Desktop\JARITZA - PUCP\26-2\Tesis\proyecto_ia_tumores_ovaricos\data\processed\MMOTU_OTU_2D\validation\images\114.JPG,RGB,531,958,3,False,151,0.16508288480263994,0.019612815462219234,validation
1140.JPG,C:\Users\PC\Desktop\JARITZA - PUCP\26-2\Tesis\proyecto_ia_tumores_ovaricos\data\processed\MMOTU_OTU_2D\validation\images\1140.JPG,RGB,531,973,3,False,151,2.1176434155339163,0.6114798234051984,validation
1143.JPG,C:\Users\PC\Desktop\JARITZA - PUCP\26-2\Tesis\proyecto_ia_tumores_ovaricos\data\processed\MMOTU_OTU_2D\validation\images\1143.JPG,RGB,524,958,3,False,161,0.23719634310241333,0.030689732107284578,validation
1157.JPG,C:\Users\PC\Desktop\JARITZA - PUCP\26-2\Tesis\proyecto_ia_tumores_ovaricos\data\processed\MMOTU_OTU_2D\validation\images\1157.JPG,RGB,592,1135,3,False,206,0.18144421954994647,0.01935795928086677,validation
1162.JPG,C:\Users\PC\Desktop\JARITZA - PUCP\26-2\Tesis\proyecto_ia_tumores_ovaricos\data\processed\MMOTU_OTU_2D\validation\images\1162.JPG,RGB,535,481,3,False,191,4.001536259480185,0.841564497639264,validation
1167.JPG,C:\Users\PC\Desktop\JARITZA - PUCP\26-2\Tesis\proyecto_ia_tumores_ovaricos\data\processed\MMOTU_OTU_2D\validation\images\1167.JPG,RGB,590,568,3,False,211,0.7696307790244291,0.048737765576509905,validation
1169.JPG,C:\Users\PC\Desktop\JARITZA - PUCP\26-2\Tesis\proyecto_ia_tumores_ovaricos\data\processed\MMOTU_OTU_2D\validation\images\1169.JPG,RGB,589,570,3,False,182,0.1558792283481766,0.020027998689423048,validation
1170.JPG,C:\Users\PC\Desktop\JARITZA - PUCP\26-2\Tesis\proyecto_ia_tumores_ovaricos\data\processed\MMOTU_OTU_2D\validation\images\1170.JPG,RGB,593,567,3,False,216,0.9153012859214845,0.058697740541472976,validation
1171.JPG,C:\Users\PC\Desktop\JARITZA - PUCP\26-2\Tesis\proyecto_ia_tumores_ovaricos\data\processed\MMOTU_OTU_2D\validation\images\1171.JPG,RGB,594,568,3,False,177,0.368643397986121,0.022676886233224263,validation
1173.JPG,C:\Users\PC\Desktop\JARITZA - PUCP\26-2\Tesis\proyecto_ia_tumores_ovaricos\data\processed\MMOTU_OTU_2D\validation\images\1173.JPG,RGB,555,728,3,False,180,0.0478005478005478,0.008754083754083755,validation
1175.JPG,C:\Users\PC\Desktop\JARITZA - PUCP\26-2\Tesis\proyecto_ia_tumores_ovaricos\data\processed\MMOTU_OTU_2D\validation\images\1175.JPG,RGB,559,725,3,False,167,0.13839162708448996,0.009524397014372956,validation
1176.JPG,C:\Users\PC\Desktop\JARITZA - PUCP\26-2\Tesis\proyecto_ia_tumores_ovaricos\data\processed\MMOTU_OTU_2D\validation\images\1176.JPG,RGB,538,954,3,False,166,2.1036177160537126,0.7478607000070141,validation
1179.JPG,C:\Users\PC\Desktop\JARITZA - PUCP\26-2\Tesis\proyecto_ia_tumores_ovaricos\data\processed\MMOTU_OTU_2D\validation\images\1179.JPG,RGB,556,726,3,False,170,0.10423892291125776,0.010394989793289336,validation
1181.JPG,C:\Users\PC\Desktop\JARITZA - PUCP\26-2\Tesis\proyecto_ia_tumores_ovaricos\data\processed\MMOTU_OTU_2D\validation\images\1181.JPG,RGB,597,1135,3,False,195,0.20474275439852221,0.029042422095794686,validation
1184.JPG,C:\Users\PC\Desktop\JARITZA - PUCP\26-2\Tesis\proyecto_ia_tumores_ovaricos\data\processed\MMOTU_OTU_2D\validation\images\1184.JPG,RGB,594,1135,3,False,109,0.0514464270705093,0.005547397617882199,validation
1188.JPG,C:\Users\PC\Desktop\JARITZA - PUCP\26-2\Tesis\proyecto_ia_tumores_ovaricos\data\processed\MMOTU_OTU_2D\validation\images\1188.JPG,RGB,528,958,3,False,151,0.23446627021783595,0.034375593091668245,validation
1190.JPG,C:\Users\PC\Desktop\JARITZA - PUCP\26-2\Tesis\proyecto_ia_tumores_ovaricos\data\processed\MMOTU_OTU_2D\validation\images\1190.JPG,RGB,540,481,3,False,170,0.3811786145119478,0.0376029876029876,validation
1199.JPG,C:\Users\PC\Desktop\JARITZA - PUCP\26-2\Tesis\proyecto_ia_tumores_ovaricos\data\processed\MMOTU_OTU_2D\validation\images\1199.JPG,RGB,535,959,3,False,178,2.455544619102843,0.7668989309346769,validation
12.JPG,C:\Users\PC\Desktop\JARITZA - PUCP\26-2\Tesis\proyecto_ia_tumores_ovaricos\data\processed\MMOTU_OTU_2D\validation\images\12.JPG,RGB,534,479,3,False,160,0.47886123556410437,0.0425238285128975,validation
1200.JPG,C:\Users\PC\Desktop\JARITZA - PUCP\26-2\Tesis\proyecto_ia_tumores_ovaricos\data\processed\MMOTU_OTU_2D\validation\images\1200.JPG,RGB,536,959,3,False,167,2.616335683418154,0.7639798919894791,validation
1208.JPG,C:\Users\PC\Desktop\JARITZA - PUCP\26-2\Tesis\proyecto_ia_tumores_ovaricos\data\processed\MMOTU_OTU_2D\validation\images\1208.JPG,RGB,533,483,3,False,152,0.4918524388301695,0.04558749839767867,validation
1214.JPG,C:\Users\PC\Desktop\JARITZA - PUCP\26-2\Tesis\proyecto_ia_tumores_ovaricos\data\processed\MMOTU_OTU_2D\validation\images\1214.JPG,RGB,536,957,3,False,174,0.27137691895797916,0.039894571031987396,validation
1217.JPG,C:\Users\PC\Desktop\JARITZA - PUCP\26-2\Tesis\proyecto_ia_tumores_ovaricos\data\processed\MMOTU_OTU_2D\validation\images\1217.JPG,RGB,539,958,3,False,167,0.25107063132711804,0.026140575797599357,validation
1218.JPG,C:\Users\PC\Desktop\JARITZA - PUCP\26-2\Tesis\proyecto_ia_tumores_ovaricos\data\processed\MMOTU_OTU_2D\validation\images\1218.JPG,RGB,537,958,3,False,182,2.4288652258934853,0.7040097502944915,validation
1221.JPG,C:\Users\PC\Desktop\JARITZA - PUCP\26-2\Tesis\proyecto_ia_tumores_ovaricos\data\processed\MMOTU_OTU_2D\validation\images\1221.JPG,RGB,530,959,3,False,184,2.643038804834701,0.7510732484703012,validation
1224.JPG,C:\Users\PC\Desktop\JARITZA - PUCP\26-2\Tesis\proyecto_ia_tumores_ovaricos\data\processed\MMOTU_OTU_2D\validation\images\1224.JPG,RGB,589,1135,3,False,195,0.196236933102972,0.028156436280412558,validation
1229.JPG,C:\Users\PC\Desktop\JARITZA - PUCP\26-2\Tesis\proyecto_ia_tumores_ovaricos\data\processed\MMOTU_OTU_2D\validation\images\1229.JPG,RGB,535,963,3,False,116,1.744294665877337,0.5711862268417426,validation
1230.JPG,C:\Users\PC\Desktop\JARITZA - PUCP\26-2\Tesis\proyecto_ia_tumores_ovaricos\data\processed\MMOTU_OTU_2D\validation\images\1230.JPG,RGB,530,960,3,False,179,3.269730083857443,0.5672071540880503,validation
1232.JPG,C:\Users\PC\Desktop\JARITZA - PUCP\26-2\Tesis\proyecto_ia_tumores_ovaricos\data\processed\MMOTU_OTU_2D\validation\images\1232.JPG,RGB,529,973,3,False,120,3.002690799021598,0.6849336625757455,validation
1234.JPG,C:\Users\PC\Desktop\JARITZA - PUCP\26-2\Tesis\proyecto_ia_tumores_ovaricos\data\processed\MMOTU_OTU_2D\validation\images\1234.JPG,RGB,535,958,3,False,177,2.9624113060048516,0.781649854642655,validation
1235.JPG,C:\Users\PC\Desktop\JARITZA - PUCP\26-2\Tesis\proyecto_ia_tumores_ovaricos\data\processed\MMOTU_OTU_2D\validation\images\1235.JPG,RGB,532,958,3,False,145,2.898489700242255,0.7793354733388795,validation
1238.JPG,C:\Users\PC\Desktop\JARITZA - PUCP\26-2\Tesis\proyecto_ia_tumores_ovaricos\data\processed\MMOTU_OTU_2D\validation\images\1238.JPG,RGB,597,570,3,False,217,0.33431093087268704,0.02280407887390167,validation
124.JPG,C:\Users\PC\Desktop\JARITZA - PUCP\26-2\Tesis\proyecto_ia_tumores_ovaricos\data\processed\MMOTU_OTU_2D\validation\images\124.JPG,RGB,531,479,3,False,145,0.6999437780372638,0.056862814479317784,validation
1241.JPG,C:\Users\PC\Desktop\JARITZA - PUCP\26-2\Tesis\proyecto_ia_tumores_ovaricos\data\processed\MMOTU_OTU_2D\validation\images\1241.JPG,RGB,535,958,3,False,152,3.038250769060673,0.6491424892201432,validation
1244.JPG,C:\Users\PC\Desktop\JARITZA - PUCP\26-2\Tesis\proyecto_ia_tumores_ovaricos\data\processed\MMOTU_OTU_2D\validation\images\1244.JPG,RGB,560,756,3,False,86,2.2860119047619047,0.5231575963718821,validation
125.JPG,C:\Users\PC\Desktop\JARITZA - PUCP\26-2\Tesis\proyecto_ia_tumores_ovaricos\data\processed\MMOTU_OTU_2D\validation\images\125.JPG,RGB,527,480,3,False,184,3.3145293063461945,0.8844916192283365,validation
1252.JPG,C:\Users\PC\Desktop\JARITZA - PUCP\26-2\Tesis\proyecto_ia_tumores_ovaricos\data\processed\MMOTU_OTU_2D\validation\images\1252.JPG,RGB,542,570,3,False,178,0.3423491077016034,0.045902116915906004,validation
1254.JPG,C:\Users\PC\Desktop\JARITZA - PUCP\26-2\Tesis\proyecto_ia_tumores_ovaricos\data\processed\MMOTU_OTU_2D\validation\images\1254.JPG,RGB,541,569,3,False,210,0.5271173281269795,0.044609182370731804,validation
1255.JPG,C:\Users\PC\Desktop\JARITZA - PUCP\26-2\Tesis\proyecto_ia_tumores_ovaricos\data\processed\MMOTU_OTU_2D\validation\images\1255.JPG,RGB,537,959,3,False,172,0.268817935090414,0.03982461556983435,validation
1257.JPG,C:\Users\PC\Desktop\JARITZA - PUCP\26-2\Tesis\proyecto_ia_tumores_ovaricos\data\processed\MMOTU_OTU_2D\validation\images\1257.JPG,RGB,535,481,3,False,206,5.219676038367627,0.9020887170419881,validation
126.JPG,C:\Users\PC\Desktop\JARITZA - PUCP\26-2\Tesis\proyecto_ia_tumores_ovaricos\data\processed\MMOTU_OTU_2D\validation\images\126.JPG,RGB,530,479,3,False,120,2.8763199012618004,0.8796746366250443,validation
1267.JPG,C:\Users\PC\Desktop\JARITZA - PUCP\26-2\Tesis\proyecto_ia_tumores_ovaricos\data\processed\MMOTU_OTU_2D\validation\images\1267.JPG,RGB,535,959,3,False,185,1.513154603542761,0.5345579994737509,validation
1269.JPG,C:\Users\PC\Desktop\JARITZA - PUCP\26-2\Tesis\proyecto_ia_tumores_ovaricos\data\processed\MMOTU_OTU_2D\validation\images\1269.JPG,RGB,590,568,3,False,193,0.3225391899419114,0.01823227500596801,validation
1270.JPG,C:\Users\PC\Desktop\JARITZA - PUCP\26-2\Tesis\proyecto_ia_tumores_ovaricos\data\processed\MMOTU_OTU_2D\validation\images\1270.JPG,RGB,592,569,3,False,208,1.477487373137637,0.08725894171851993,validation
1271.JPG,C:\Users\PC\Desktop\JARITZA - PUCP\26-2\Tesis\proyecto_ia_tumores_ovaricos\data\processed\MMOTU_OTU_2D\validation\images\1271.JPG,RGB,592,1116,3,False,180,0.10820699731990054,0.016200171946139687,validation
1273.JPG,C:\Users\PC\Desktop\JARITZA - PUCP\26-2\Tesis\proyecto_ia_tumores_ovaricos\data\processed\MMOTU_OTU_2D\validation\images\1273.JPG,RGB,590,1117,3,False,177,0.22079925547142518,0.03316540976890278,validation
1277.JPG,C:\Users\PC\Desktop\JARITZA - PUCP\26-2\Tesis\proyecto_ia_tumores_ovaricos\data\processed\MMOTU_OTU_2D\validation\images\1277.JPG,RGB,640,962,3,False,197,3.56193044005544,0.7673190618503118,validation
1285.JPG,C:\Users\PC\Desktop\JARITZA - PUCP\26-2\Tesis\proyecto_ia_tumores_ovaricos\data\processed\MMOTU_OTU_2D\validation\images\1285.JPG,RGB,591,1116,3,False,169,0.10228396072509387,0.011929237244449296,validation
1288.JPG,C:\Users\PC\Desktop\JARITZA - PUCP\26-2\Tesis\proyecto_ia_tumores_ovaricos\data\processed\MMOTU_OTU_2D\validation\images\1288.JPG,RGB,589,567,3,False,209,0.2410945723528255,0.01517533379446226,validation
129.JPG,C:\Users\PC\Desktop\JARITZA - PUCP\26-2\Tesis\proyecto_ia_tumores_ovaricos\data\processed\MMOTU_OTU_2D\validation\images\129.JPG,RGB,557,759,3,False,151,0.044440975203601074,0.004009338565579296,validation
1291.JPG,C:\Users\PC\Desktop\JARITZA - PUCP\26-2\Tesis\proyecto_ia_tumores_ovaricos\data\processed\MMOTU_OTU_2D\validation\images\1291.JPG,RGB,533,956,3,False,191,3.4102995857766754,0.7400971056701233,validation
1295.JPG,C:\Users\PC\Desktop\JARITZA - PUCP\26-2\Tesis\proyecto_ia_tumores_ovaricos\data\processed\MMOTU_OTU_2D\validation\images\1295.JPG,RGB,541,954,3,False,253,1.1121909758955064,0.09280507794789523,validation
1302.JPG,C:\Users\PC\Desktop\JARITZA - PUCP\26-2\Tesis\proyecto_ia_tumores_ovaricos\data\processed\MMOTU_OTU_2D\validation\images\1302.JPG,RGB,540,958,3,False,255,2.2418966983685147,0.12624101136627233,validation
1305.JPG,C:\Users\PC\Desktop\JARITZA - PUCP\26-2\Tesis\proyecto_ia_tumores_ovaricos\data\processed\MMOTU_OTU_2D\validation\images\1305.JPG,RGB,536,958,3,False,204,3.7723517070181454,0.7734338485027887,validation
1306.JPG,C:\Users\PC\Desktop\JARITZA - PUCP\26-2\Tesis\proyecto_ia_tumores_ovaricos\data\processed\MMOTU_OTU_2D\validation\images\1306.JPG,RGB,593,1116,3,False,255,3.0566213550764494,0.12927856050578132,validation
1307.JPG,C:\Users\PC\Desktop\JARITZA - PUCP\26-2\Tesis\proyecto_ia_tumores_ovaricos\data\processed\MMOTU_OTU_2D\validation\images\1307.JPG,RGB,624,958,3,False,209,4.49679821744018,0.7500117097585782,validation
1308.JPG,C:\Users\PC\Desktop\JARITZA - PUCP\26-2\Tesis\proyecto_ia_tumores_ovaricos\data\processed\MMOTU_OTU_2D\validation\images\1308.JPG,RGB,616,962,3,False,255,3.7334478584478585,0.7199979074979075,validation
1311.JPG,C:\Users\PC\Desktop\JARITZA - PUCP\26-2\Tesis\proyecto_ia_tumores_ovaricos\data\processed\MMOTU_OTU_2D\validation\images\1311.JPG,RGB,529,963,3,False,169,3.1073238494753253,0.5123462242872875,validation
1315.JPG,C:\Users\PC\Desktop\JARITZA - PUCP\26-2\Tesis\proyecto_ia_tumores_ovaricos\data\processed\MMOTU_OTU_2D\validation\images\1315.JPG,RGB,528,960,3,False,184,1.7760022095959596,0.5617049400252525,validation
1317.JPG,C:\Users\PC\Desktop\JARITZA - PUCP\26-2\Tesis\proyecto_ia_tumores_ovaricos\data\processed\MMOTU_OTU_2D\validation\images\1317.JPG,RGB,536,481,3,False,176,0.268504152832511,0.05783194216030037,validation
1319.JPG,C:\Users\PC\Desktop\JARITZA - PUCP\26-2\Tesis\proyecto_ia_tumores_ovaricos\data\processed\MMOTU_OTU_2D\validation\images\1319.JPG,RGB,535,480,3,False,155,0.1489589823468328,0.02863707165109034,validation
1323.JPG,C:\Users\PC\Desktop\JARITZA - PUCP\26-2\Tesis\proyecto_ia_tumores_ovaricos\data\processed\MMOTU_OTU_2D\validation\images\1323.JPG,RGB,532,479,3,False,162,0.22110076862301895,0.03401510038143375,validation
1325.JPG,C:\Users\PC\Desktop\JARITZA - PUCP\26-2\Tesis\proyecto_ia_tumores_ovaricos\data\processed\MMOTU_OTU_2D\validation\images\1325.JPG,RGB,530,482,3,False,177,0.28319110623972443,0.06802630548813904,validation
1329.JPG,C:\Users\PC\Desktop\JARITZA - PUCP\26-2\Tesis\proyecto_ia_tumores_ovaricos\data\processed\MMOTU_OTU_2D\validation\images\1329.JPG,RGB,561,784,3,False,104,0.02289249032946512,0.002180417621594092,validation
1331.JPG,C:\Users\PC\Desktop\JARITZA - PUCP\26-2\Tesis\proyecto_ia_tumores_ovaricos\data\processed\MMOTU_OTU_2D\validation\images\1331.JPG,RGB,559,479,3,False,166,0.36560962948300907,0.04312427874111614,validation
1335.JPG,C:\Users\PC\Desktop\JARITZA - PUCP\26-2\Tesis\proyecto_ia_tumores_ovaricos\data\processed\MMOTU_OTU_2D\validation\images\1335.JPG,RGB,602,571,3,False,172,0.19169609765463633,0.018243333663037976,validation
1336.JPG,C:\Users\PC\Desktop\JARITZA - PUCP\26-2\Tesis\proyecto_ia_tumores_ovaricos\data\processed\MMOTU_OTU_2D\validation\images\1336.JPG,RGB,562,1103,3,False,63,0.030503458162737446,0.003286088087164414,validation
1337.JPG,C:\Users\PC\Desktop\JARITZA - PUCP\26-2\Tesis\proyecto_ia_tumores_ovaricos\data\processed\MMOTU_OTU_2D\validation\images\1337.JPG,RGB,561,1105,3,False,76,0.029878771747283858,0.0027520345859446205,validation
1339.JPG,C:\Users\PC\Desktop\JARITZA - PUCP\26-2\Tesis\proyecto_ia_tumores_ovaricos\data\processed\MMOTU_OTU_2D\validation\images\1339.JPG,RGB,590,570,3,False,189,0.28081673109326993,0.03435622955694321,validation
134.JPG,C:\Users\PC\Desktop\JARITZA - PUCP\26-2\Tesis\proyecto_ia_tumores_ovaricos\data\processed\MMOTU_OTU_2D\validation\images\134.JPG,RGB,532,478,3,False,186,0.2171118171999035,0.03175433353257621,validation
1340.JPG,C:\Users\PC\Desktop\JARITZA - PUCP\26-2\Tesis\proyecto_ia_tumores_ovaricos\data\processed\MMOTU_OTU_2D\validation\images\1340.JPG,RGB,592,570,3,False,187,0.767206021811285,0.04634305357989568,validation
1341.JPG,C:\Users\PC\Desktop\JARITZA - PUCP\26-2\Tesis\proyecto_ia_tumores_ovaricos\data\processed\MMOTU_OTU_2D\validation\images\1341.JPG,RGB,594,568,3,False,213,0.3373247340383491,0.020133850239484042,validation
1347.JPG,C:\Users\PC\Desktop\JARITZA - PUCP\26-2\Tesis\proyecto_ia_tumores_ovaricos\data\processed\MMOTU_OTU_2D\validation\images\1347.JPG,RGB,595,570,3,False,201,0.7688967516831294,0.046761020197552704,validation
1352.JPG,C:\Users\PC\Desktop\JARITZA - PUCP\26-2\Tesis\proyecto_ia_tumores_ovaricos\data\processed\MMOTU_OTU_2D\validation\images\1352.JPG,RGB,539,959,3,False,179,2.089756710343631,0.7506679228711107,validation
1354.JPG,C:\Users\PC\Desktop\JARITZA - PUCP\26-2\Tesis\proyecto_ia_tumores_ovaricos\data\processed\MMOTU_OTU_2D\validation\images\1354.JPG,RGB,540,482,3,False,167,2.907806977101583,0.8791685876748118,validation
1357.JPG,C:\Users\PC\Desktop\JARITZA - PUCP\26-2\Tesis\proyecto_ia_tumores_ovaricos\data\processed\MMOTU_OTU_2D\validation\images\1357.JPG,RGB,531,487,3,False,119,2.5465312178151076,0.8611855512631623,validation
1358.JPG,C:\Users\PC\Desktop\JARITZA - PUCP\26-2\Tesis\proyecto_ia_tumores_ovaricos\data\processed\MMOTU_OTU_2D\validation\images\1358.JPG,RGB,534,482,3,False,198,2.7250765381447466,0.8565511989680948,validation
1359.JPG,C:\Users\PC\Desktop\JARITZA - PUCP\26-2\Tesis\proyecto_ia_tumores_ovaricos\data\processed\MMOTU_OTU_2D\validation\images\1359.JPG,RGB,540,481,3,False,159,2.2372860039526707,0.875005775005775,validation
136.JPG,C:\Users\PC\Desktop\JARITZA - PUCP\26-2\Tesis\proyecto_ia_tumores_ovaricos\data\processed\MMOTU_OTU_2D\validation\images\136.JPG,RGB,533,957,3,False,193,0.2833746012888149,0.02324728817579953,validation
1360.JPG,C:\Users\PC\Desktop\JARITZA - PUCP\26-2\Tesis\proyecto_ia_tumores_ovaricos\data\processed\MMOTU_OTU_2D\validation\images\1360.JPG,RGB,537,478,3,False,174,2.3268143438546187,0.8813453012630218,validation
1364.JPG,C:\Users\PC\Desktop\JARITZA - PUCP\26-2\Tesis\proyecto_ia_tumores_ovaricos\data\processed\MMOTU_OTU_2D\validation\images\1364.JPG,RGB,632,1135,3,False,216,6.6399886614992845,0.7103203591144817,validation
1365.JPG,C:\Users\PC\Desktop\JARITZA - PUCP\26-2\Tesis\proyecto_ia_tumores_ovaricos\data\processed\MMOTU_OTU_2D\validation\images\1365.JPG,RGB,535,959,3,False,203,2.7373594638755976,0.785561283658016,validation
1366.JPG,C:\Users\PC\Desktop\JARITZA - PUCP\26-2\Tesis\proyecto_ia_tumores_ovaricos\data\processed\MMOTU_OTU_2D\validation\images\1366.JPG,RGB,531,959,3,False,186,2.924997070735039,0.7961585062908829,validation
1367.JPG,C:\Users\PC\Desktop\JARITZA - PUCP\26-2\Tesis\proyecto_ia_tumores_ovaricos\data\processed\MMOTU_OTU_2D\validation\images\1367.JPG,RGB,536,959,3,False,169,2.403755466670817,0.7685224814405553,validation
1369.JPG,C:\Users\PC\Desktop\JARITZA - PUCP\26-2\Tesis\proyecto_ia_tumores_ovaricos\data\processed\MMOTU_OTU_2D\validation\images\1369.JPG,RGB,531,480,3,False,161,2.843549905838041,0.9196249215317012,validation
137.JPG,C:\Users\PC\Desktop\JARITZA - PUCP\26-2\Tesis\proyecto_ia_tumores_ovaricos\data\processed\MMOTU_OTU_2D\validation\images\137.JPG,RGB,533,958,3,False,162,0.2441230884125125,0.03663432651670342,validation
1373.JPG,C:\Users\PC\Desktop\JARITZA - PUCP\26-2\Tesis\proyecto_ia_tumores_ovaricos\data\processed\MMOTU_OTU_2D\validation\images\1373.JPG,RGB,544,480,3,False,196,3.1199269812091504,0.8939836090686275,validation
1374.JPG,C:\Users\PC\Desktop\JARITZA - PUCP\26-2\Tesis\proyecto_ia_tumores_ovaricos\data\processed\MMOTU_OTU_2D\validation\images\1374.JPG,RGB,538,957,3,False,176,2.632336698610253,0.7641114387044396,validation
1376.JPG,C:\Users\PC\Desktop\JARITZA - PUCP\26-2\Tesis\proyecto_ia_tumores_ovaricos\data\processed\MMOTU_OTU_2D\validation\images\1376.JPG,RGB,528,958,3,False,113,2.4309799455937244,0.7840019453406718,validation
1378.JPG,C:\Users\PC\Desktop\JARITZA - PUCP\26-2\Tesis\proyecto_ia_tumores_ovaricos\data\processed\MMOTU_OTU_2D\validation\images\1378.JPG,RGB,534,958,3,False,174,2.4614677894802686,0.774037672116535,validation
1381.JPG,C:\Users\PC\Desktop\JARITZA - PUCP\26-2\Tesis\proyecto_ia_tumores_ovaricos\data\processed\MMOTU_OTU_2D\validation\images\1381.JPG,RGB,551,483,3,False,187,2.490980073872838,0.8669913163718892,validation
1382.JPG,C:\Users\PC\Desktop\JARITZA - PUCP\26-2\Tesis\proyecto_ia_tumores_ovaricos\data\processed\MMOTU_OTU_2D\validation\images\1382.JPG,RGB,559,768,3,False,188,0.15211935996819717,0.012189270274299344,validation
1384.JPG,C:\Users\PC\Desktop\JARITZA - PUCP\26-2\Tesis\proyecto_ia_tumores_ovaricos\data\processed\MMOTU_OTU_2D\validation\images\1384.JPG,RGB,536,958,3,False,154,1.4355765535578888,0.6051046957280404,validation
1388.JPG,C:\Users\PC\Desktop\JARITZA - PUCP\26-2\Tesis\proyecto_ia_tumores_ovaricos\data\processed\MMOTU_OTU_2D\validation\images\1388.JPG,RGB,628,959,3,False,134,2.081096728058465,0.7147855050709669,validation
1390.JPG,C:\Users\PC\Desktop\JARITZA - PUCP\26-2\Tesis\proyecto_ia_tumores_ovaricos\data\processed\MMOTU_OTU_2D\validation\images\1390.JPG,RGB,537,484,3,False,179,0.8139444213593529,0.0801129630484633,validation
1393.JPG,C:\Users\PC\Desktop\JARITZA - PUCP\26-2\Tesis\proyecto_ia_tumores_ovaricos\data\processed\MMOTU_OTU_2D\validation\images\1393.JPG,RGB,592,569,3,False,187,0.2897864912364034,0.03502173086970978,validation
1401.JPG,C:\Users\PC\Desktop\JARITZA - PUCP\26-2\Tesis\proyecto_ia_tumores_ovaricos\data\processed\MMOTU_OTU_2D\validation\images\1401.JPG,RGB,538,959,3,False,174,0.2660634980934549,0.029883203926022693,validation
1404.JPG,C:\Users\PC\Desktop\JARITZA - PUCP\26-2\Tesis\proyecto_ia_tumores_ovaricos\data\processed\MMOTU_OTU_2D\validation\images\1404.JPG,RGB,533,958,3,False,144,0.15292177652786645,0.01830345427269914,validation
1410.JPG,C:\Users\PC\Desktop\JARITZA - PUCP\26-2\Tesis\proyecto_ia_tumores_ovaricos\data\processed\MMOTU_OTU_2D\validation\images\1410.JPG,RGB,320,571,3,False,158,1.0068483654407472,0.09698445709281961,validation
1411.JPG,C:\Users\PC\Desktop\JARITZA - PUCP\26-2\Tesis\proyecto_ia_tumores_ovaricos\data\processed\MMOTU_OTU_2D\validation\images\1411.JPG,RGB,594,1129,3,False,254,1.21508660067857,0.06716560348092677,validation
1413.JPG,C:\Users\PC\Desktop\JARITZA - PUCP\26-2\Tesis\proyecto_ia_tumores_ovaricos\data\processed\MMOTU_OTU_2D\validation\images\1413.JPG,RGB,266,480,3,False,255,3.612640977443609,0.6994047619047619,validation
1416.JPG,C:\Users\PC\Desktop\JARITZA - PUCP\26-2\Tesis\proyecto_ia_tumores_ovaricos\data\processed\MMOTU_OTU_2D\validation\images\1416.JPG,RGB,544,959,3,False,255,3.137528369011838,0.7596109611727903,validation
1427.JPG,C:\Users\PC\Desktop\JARITZA - PUCP\26-2\Tesis\proyecto_ia_tumores_ovaricos\data\processed\MMOTU_OTU_2D\validation\images\1427.JPG,RGB,534,957,3,False,199,0.320672826678251,0.026185919638069967,validation
1430.JPG,C:\Users\PC\Desktop\JARITZA - PUCP\26-2\Tesis\proyecto_ia_tumores_ovaricos\data\processed\MMOTU_OTU_2D\validation\images\1430.JPG,RGB,568,1115,3,False,69,0.02896587296574665,0.0030237478683761763,validation
1432.JPG,C:\Users\PC\Desktop\JARITZA - PUCP\26-2\Tesis\proyecto_ia_tumores_ovaricos\data\processed\MMOTU_OTU_2D\validation\images\1432.JPG,RGB,532,481,3,False,181,3.8346594136067815,0.9267816109921373,validation
1435.JPG,C:\Users\PC\Desktop\JARITZA - PUCP\26-2\Tesis\proyecto_ia_tumores_ovaricos\data\processed\MMOTU_OTU_2D\validation\images\1435.JPG,RGB,536,476,3,False,139,0.1905441280990008,0.03433462937413771,validation
144.JPG,C:\Users\PC\Desktop\JARITZA - PUCP\26-2\Tesis\proyecto_ia_tumores_ovaricos\data\processed\MMOTU_OTU_2D\validation\images\144.JPG,RGB,533,481,3,False,159,0.2065714148265743,0.02590366380235048,validation
1440.JPG,C:\Users\PC\Desktop\JARITZA - PUCP\26-2\Tesis\proyecto_ia_tumores_ovaricos\data\processed\MMOTU_OTU_2D\validation\images\1440.JPG,RGB,531,484,3,False,166,4.311600857055403,0.9051220992669374,validation
1444.JPG,C:\Users\PC\Desktop\JARITZA - PUCP\26-2\Tesis\proyecto_ia_tumores_ovaricos\data\processed\MMOTU_OTU_2D\validation\images\1444.JPG,RGB,521,477,3,False,133,4.828246491521036,0.903857683780184,validation
145.JPG,C:\Users\PC\Desktop\JARITZA - PUCP\26-2\Tesis\proyecto_ia_tumores_ovaricos\data\processed\MMOTU_OTU_2D\validation\images\145.JPG,RGB,532,481,3,False,148,0.1425888004835373,0.02807825176246229,validation
1454.JPG,C:\Users\PC\Desktop\JARITZA - PUCP\26-2\Tesis\proyecto_ia_tumores_ovaricos\data\processed\MMOTU_OTU_2D\validation\images\1454.JPG,RGB,521,957,3,False,164,3.844341890010035,0.7125875205827552,validation
1458.JPG,C:\Users\PC\Desktop\JARITZA - PUCP\26-2\Tesis\proyecto_ia_tumores_ovaricos\data\processed\MMOTU_OTU_2D\validation\images\1458.JPG,RGB,531,955,3,False,154,0.2704554940955686,0.03427692489721064,validation
1460.JPG,C:\Users\PC\Desktop\JARITZA - PUCP\26-2\Tesis\proyecto_ia_tumores_ovaricos\data\processed\MMOTU_OTU_2D\validation\images\1460.JPG,RGB,533,478,3,False,148,0.31621751042100055,0.03138075313807531,validation
1461.JPG,C:\Users\PC\Desktop\JARITZA - PUCP\26-2\Tesis\proyecto_ia_tumores_ovaricos\data\processed\MMOTU_OTU_2D\validation\images\1461.JPG,RGB,536,482,3,False,188,0.8206555397287421,0.0639747321483867,validation
1464.JPG,C:\Users\PC\Desktop\JARITZA - PUCP\26-2\Tesis\proyecto_ia_tumores_ovaricos\data\processed\MMOTU_OTU_2D\validation\images\1464.JPG,RGB,566,1105,3,False,212,0.6367064792755918,0.0452088962793598,validation
1466.JPG,C:\Users\PC\Desktop\JARITZA - PUCP\26-2\Tesis\proyecto_ia_tumores_ovaricos\data\processed\MMOTU_OTU_2D\validation\images\1466.JPG,RGB,534,959,3,False,255,6.237905173277928,0.8241828840122943,validation
1467.JPG,C:\Users\PC\Desktop\JARITZA - PUCP\26-2\Tesis\proyecto_ia_tumores_ovaricos\data\processed\MMOTU_OTU_2D\validation\images\1467.JPG,RGB,535,959,3,False,255,5.453081643326544,0.8196173974057868,validation
1468.JPG,C:\Users\PC\Desktop\JARITZA - PUCP\26-2\Tesis\proyecto_ia_tumores_ovaricos\data\processed\MMOTU_OTU_2D\validation\images\1468.JPG,RGB,271,482,3,False,255,8.035231431152486,0.8154062868429515,validation
1469.JPG,C:\Users\PC\Desktop\JARITZA - PUCP\26-2\Tesis\proyecto_ia_tumores_ovaricos\data\processed\MMOTU_OTU_2D\validation\images\1469.JPG,RGB,520,955,3,False,200,6.624275741710297,0.7309041482078131,validation
148.JPG,C:\Users\PC\Desktop\JARITZA - PUCP\26-2\Tesis\proyecto_ia_tumores_ovaricos\data\processed\MMOTU_OTU_2D\validation\images\148.JPG,RGB,567,1101,3,False,72,0.03349528326821696,0.004187310878197951,validation
149.JPG,C:\Users\PC\Desktop\JARITZA - PUCP\26-2\Tesis\proyecto_ia_tumores_ovaricos\data\processed\MMOTU_OTU_2D\validation\images\149.JPG,RGB,566,1103,3,False,60,0.03171989445211528,0.003551188695142384,validation
15.JPG,C:\Users\PC\Desktop\JARITZA - PUCP\26-2\Tesis\proyecto_ia_tumores_ovaricos\data\processed\MMOTU_OTU_2D\validation\images\15.JPG,RGB,534,958,3,False,148,0.16810015664135905,0.021727146911871643,validation
152.JPG,C:\Users\PC\Desktop\JARITZA - PUCP\26-2\Tesis\proyecto_ia_tumores_ovaricos\data\processed\MMOTU_OTU_2D\validation\images\152.JPG,RGB,570,1102,3,False,66,0.03271351397246899,0.0037714522240264907,validation
154.JPG,C:\Users\PC\Desktop\JARITZA - PUCP\26-2\Tesis\proyecto_ia_tumores_ovaricos\data\processed\MMOTU_OTU_2D\validation\images\154.JPG,RGB,535,959,3,False,175,2.0736605823173804,0.7353590675645386,validation
155.JPG,C:\Users\PC\Desktop\JARITZA - PUCP\26-2\Tesis\proyecto_ia_tumores_ovaricos\data\processed\MMOTU_OTU_2D\validation\images\155.JPG,RGB,534,958,3,False,124,2.1771128990640616,0.7675791481941936,validation
158.JPG,C:\Users\PC\Desktop\JARITZA - PUCP\26-2\Tesis\proyecto_ia_tumores_ovaricos\data\processed\MMOTU_OTU_2D\validation\images\158.JPG,RGB,528,961,3,False,120,1.8655611789066524,0.5031532809888689,validation
159.JPG,C:\Users\PC\Desktop\JARITZA - PUCP\26-2\Tesis\proyecto_ia_tumores_ovaricos\data\processed\MMOTU_OTU_2D\validation\images\159.JPG,RGB,533,953,3,False,180,3.1003729377030633,0.6813459618977495,validation
16.JPG,C:\Users\PC\Desktop\JARITZA - PUCP\26-2\Tesis\proyecto_ia_tumores_ovaricos\data\processed\MMOTU_OTU_2D\validation\images\16.JPG,RGB,538,959,3,False,164,0.25947877862240326,0.03546910311624175,validation
162.JPG,C:\Users\PC\Desktop\JARITZA - PUCP\26-2\Tesis\proyecto_ia_tumores_ovaricos\data\processed\MMOTU_OTU_2D\validation\images\162.JPG,RGB,536,959,3,False,167,2.0963197567947542,0.5791986366395343,validation
163.JPG,C:\Users\PC\Desktop\JARITZA - PUCP\26-2\Tesis\proyecto_ia_tumores_ovaricos\data\processed\MMOTU_OTU_2D\validation\images\163.JPG,RGB,533,956,3,False,158,1.6850685967432575,0.5256698093212023,validation
164.JPG,C:\Users\PC\Desktop\JARITZA - PUCP\26-2\Tesis\proyecto_ia_tumores_ovaricos\data\processed\MMOTU_OTU_2D\validation\images\164.JPG,RGB,535,480,3,False,203,2.866422637590862,0.887433800623053,validation
168.JPG,C:\Users\PC\Desktop\JARITZA - PUCP\26-2\Tesis\proyecto_ia_tumores_ovaricos\data\processed\MMOTU_OTU_2D\validation\images\168.JPG,RGB,535,480,3,False,167,3.3507165109034265,0.9065615264797507,validation
170.JPG,C:\Users\PC\Desktop\JARITZA - PUCP\26-2\Tesis\proyecto_ia_tumores_ovaricos\data\processed\MMOTU_OTU_2D\validation\images\170.JPG,RGB,534,958,3,False,171,3.242433127692681,0.7794523547027593,validation
177.JPG,C:\Users\PC\Desktop\JARITZA - PUCP\26-2\Tesis\proyecto_ia_tumores_ovaricos\data\processed\MMOTU_OTU_2D\validation\images\177.JPG,RGB,533,958,3,False,176,2.210932981338807,0.7765611597018491,validation
179.JPG,C:\Users\PC\Desktop\JARITZA - PUCP\26-2\Tesis\proyecto_ia_tumores_ovaricos\data\processed\MMOTU_OTU_2D\validation\images\179.JPG,RGB,535,479,3,False,161,2.3837746083156106,0.9072210407195677,validation
180.JPG,C:\Users\PC\Desktop\JARITZA - PUCP\26-2\Tesis\proyecto_ia_tumores_ovaricos\data\processed\MMOTU_OTU_2D\validation\images\180.JPG,RGB,533,957,3,False,175,2.0771419964018785,0.7251456141279522,validation
181.JPG,C:\Users\PC\Desktop\JARITZA - PUCP\26-2\Tesis\proyecto_ia_tumores_ovaricos\data\processed\MMOTU_OTU_2D\validation\images\181.JPG,RGB,537,957,3,False,197,2.228279066267893,0.7390880486623118,validation
186.JPG,C:\Users\PC\Desktop\JARITZA - PUCP\26-2\Tesis\proyecto_ia_tumores_ovaricos\data\processed\MMOTU_OTU_2D\validation\images\186.JPG,RGB,532,480,3,False,159,2.7757727652464492,0.9120809837092732,validation
191.JPG,C:\Users\PC\Desktop\JARITZA - PUCP\26-2\Tesis\proyecto_ia_tumores_ovaricos\data\processed\MMOTU_OTU_2D\validation\images\191.JPG,RGB,536,479,3,False,171,0.6032468139469667,0.05274125198641448,validation
193.JPG,C:\Users\PC\Desktop\JARITZA - PUCP\26-2\Tesis\proyecto_ia_tumores_ovaricos\data\processed\MMOTU_OTU_2D\validation\images\193.JPG,RGB,533,479,3,False,156,3.445256103436255,0.9141034127540569,validation
201.JPG,C:\Users\PC\Desktop\JARITZA - PUCP\26-2\Tesis\proyecto_ia_tumores_ovaricos\data\processed\MMOTU_OTU_2D\validation\images\201.JPG,RGB,531,481,3,False,161,0.2041102380085431,0.031408200899726325,validation
203.JPG,C:\Users\PC\Desktop\JARITZA - PUCP\26-2\Tesis\proyecto_ia_tumores_ovaricos\data\processed\MMOTU_OTU_2D\validation\images\203.JPG,RGB,531,479,3,False,144,0.15373364943443849,0.029286531498059754,validation
206.JPG,C:\Users\PC\Desktop\JARITZA - PUCP\26-2\Tesis\proyecto_ia_tumores_ovaricos\data\processed\MMOTU_OTU_2D\validation\images\206.JPG,RGB,662,958,3,False,193,0.369142452280788,0.045730342039369536,validation
21.JPG,C:\Users\PC\Desktop\JARITZA - PUCP\26-2\Tesis\proyecto_ia_tumores_ovaricos\data\processed\MMOTU_OTU_2D\validation\images\21.JPG,RGB,533,480,3,False,184,0.7618641859495519,0.07273686679174483,validation
210.JPG,C:\Users\PC\Desktop\JARITZA - PUCP\26-2\Tesis\proyecto_ia_tumores_ovaricos\data\processed\MMOTU_OTU_2D\validation\images\210.JPG,RGB,534,479,3,False,180,3.768126480729985,0.8512897500254119,validation
217.JPG,C:\Users\PC\Desktop\JARITZA - PUCP\26-2\Tesis\proyecto_ia_tumores_ovaricos\data\processed\MMOTU_OTU_2D\validation\images\217.JPG,RGB,530,957,3,False,177,2.0217188146921394,0.6268862995603399,validation
220.JPG,C:\Users\PC\Desktop\JARITZA - PUCP\26-2\Tesis\proyecto_ia_tumores_ovaricos\data\processed\MMOTU_OTU_2D\validation\images\220.JPG,RGB,531,480,3,False,193,0.1826715840133919,0.023210922787193975,validation
225.JPG,C:\Users\PC\Desktop\JARITZA - PUCP\26-2\Tesis\proyecto_ia_tumores_ovaricos\data\processed\MMOTU_OTU_2D\validation\images\225.JPG,RGB,444,479,3,False,174,0.6323923088014946,0.049944516541593785,validation
227.JPG,C:\Users\PC\Desktop\JARITZA - PUCP\26-2\Tesis\proyecto_ia_tumores_ovaricos\data\processed\MMOTU_OTU_2D\validation\images\227.JPG,RGB,444,478,3,False,140,0.3770307964868635,0.040521693241358514,validation
228.JPG,C:\Users\PC\Desktop\JARITZA - PUCP\26-2\Tesis\proyecto_ia_tumores_ovaricos\data\processed\MMOTU_OTU_2D\validation\images\228.JPG,RGB,446,877,3,False,151,0.16925311012368907,0.013560292681430273,validation
229.JPG,C:\Users\PC\Desktop\JARITZA - PUCP\26-2\Tesis\proyecto_ia_tumores_ovaricos\data\processed\MMOTU_OTU_2D\validation\images\229.JPG,RGB,443,878,3,False,118,0.3849469774489185,0.07508599988687609,validation
234.JPG,C:\Users\PC\Desktop\JARITZA - PUCP\26-2\Tesis\proyecto_ia_tumores_ovaricos\data\processed\MMOTU_OTU_2D\validation\images\234.JPG,RGB,536,480,3,False,173,3.4095926616915424,0.9046175373134329,validation
237.JPG,C:\Users\PC\Desktop\JARITZA - PUCP\26-2\Tesis\proyecto_ia_tumores_ovaricos\data\processed\MMOTU_OTU_2D\validation\images\237.JPG,RGB,559,857,3,False,169,0.8713843481963751,0.3274099648689212,validation
240.JPG,C:\Users\PC\Desktop\JARITZA - PUCP\26-2\Tesis\proyecto_ia_tumores_ovaricos\data\processed\MMOTU_OTU_2D\validation\images\240.JPG,RGB,531,479,3,False,181,4.538619508365802,0.8846977971212783,validation
245.JPG,C:\Users\PC\Desktop\JARITZA - PUCP\26-2\Tesis\proyecto_ia_tumores_ovaricos\data\processed\MMOTU_OTU_2D\validation\images\245.JPG,RGB,529,481,3,False,204,5.432462562897346,0.9108269240594382,validation
248.JPG,C:\Users\PC\Desktop\JARITZA - PUCP\26-2\Tesis\proyecto_ia_tumores_ovaricos\data\processed\MMOTU_OTU_2D\validation\images\248.JPG,RGB,529,480,3,False,207,5.093669922285234,0.7838177378701954,validation
249.JPG,C:\Users\PC\Desktop\JARITZA - PUCP\26-2\Tesis\proyecto_ia_tumores_ovaricos\data\processed\MMOTU_OTU_2D\validation\images\249.JPG,RGB,531,482,3,False,115,4.381901628754432,0.7614420454634253,validation
253.JPG,C:\Users\PC\Desktop\JARITZA - PUCP\26-2\Tesis\proyecto_ia_tumores_ovaricos\data\processed\MMOTU_OTU_2D\validation\images\253.JPG,RGB,532,959,3,False,158,0.24091772706009026,0.03492438081648334,validation
254.JPG,C:\Users\PC\Desktop\JARITZA - PUCP\26-2\Tesis\proyecto_ia_tumores_ovaricos\data\processed\MMOTU_OTU_2D\validation\images\254.JPG,RGB,530,959,3,False,156,0.18825165102537364,0.025287740767702207,validation
255.JPG,C:\Users\PC\Desktop\JARITZA - PUCP\26-2\Tesis\proyecto_ia_tumores_ovaricos\data\processed\MMOTU_OTU_2D\validation\images\255.JPG,RGB,536,481,3,False,180,0.1858172753695142,0.024238216402395506,validation
258.JPG,C:\Users\PC\Desktop\JARITZA - PUCP\26-2\Tesis\proyecto_ia_tumores_ovaricos\data\processed\MMOTU_OTU_2D\validation\images\258.JPG,RGB,532,959,3,False,135,0.17323418034136437,0.020274879064188102,validation
26.JPG,C:\Users\PC\Desktop\JARITZA - PUCP\26-2\Tesis\proyecto_ia_tumores_ovaricos\data\processed\MMOTU_OTU_2D\validation\images\26.JPG,RGB,674,1104,3,False,87,2.2759097392451157,0.5629515546381112,validation
261.JPG,C:\Users\PC\Desktop\JARITZA - PUCP\26-2\Tesis\proyecto_ia_tumores_ovaricos\data\processed\MMOTU_OTU_2D\validation\images\261.JPG,RGB,532,480,3,False,198,0.29537385129490396,0.06036184210526316,validation
264.JPG,C:\Users\PC\Desktop\JARITZA - PUCP\26-2\Tesis\proyecto_ia_tumores_ovaricos\data\processed\MMOTU_OTU_2D\validation\images\264.JPG,RGB,532,481,3,False,186,0.18273334062807747,0.02145827145827146,validation
266.JPG,C:\Users\PC\Desktop\JARITZA - PUCP\26-2\Tesis\proyecto_ia_tumores_ovaricos\data\processed\MMOTU_OTU_2D\validation\images\266.JPG,RGB,533,480,3,False,155,0.6705623306233063,0.0570864602876798,validation
267.JPG,C:\Users\PC\Desktop\JARITZA - PUCP\26-2\Tesis\proyecto_ia_tumores_ovaricos\data\processed\MMOTU_OTU_2D\validation\images\267.JPG,RGB,591,566,3,False,201,0.5678622605673241,0.06495548659814772,validation
268.JPG,C:\Users\PC\Desktop\JARITZA - PUCP\26-2\Tesis\proyecto_ia_tumores_ovaricos\data\processed\MMOTU_OTU_2D\validation\images\268.JPG,RGB,591,568,3,False,227,2.511794682363782,0.11711470174686019,validation
269.JPG,C:\Users\PC\Desktop\JARITZA - PUCP\26-2\Tesis\proyecto_ia_tumores_ovaricos\data\processed\MMOTU_OTU_2D\validation\images\269.JPG,RGB,591,568,3,False,195,0.41621585122693294,0.01985176711708491,validation
27.JPG,C:\Users\PC\Desktop\JARITZA - PUCP\26-2\Tesis\proyecto_ia_tumores_ovaricos\data\processed\MMOTU_OTU_2D\validation\images\27.JPG,RGB,535,958,3,False,169,2.4488452708459345,0.8282422492341912,validation
271.JPG,C:\Users\PC\Desktop\JARITZA - PUCP\26-2\Tesis\proyecto_ia_tumores_ovaricos\data\processed\MMOTU_OTU_2D\validation\images\271.JPG,RGB,592,567,3,False,224,0.7592314536758981,0.039721268887935555,validation
281.JPG,C:\Users\PC\Desktop\JARITZA - PUCP\26-2\Tesis\proyecto_ia_tumores_ovaricos\data\processed\MMOTU_OTU_2D\validation\images\281.JPG,RGB,535,958,3,False,164,2.721103805305706,0.7674477591555616,validation
288.JPG,C:\Users\PC\Desktop\JARITZA - PUCP\26-2\Tesis\proyecto_ia_tumores_ovaricos\data\processed\MMOTU_OTU_2D\validation\images\288.JPG,RGB,295,489,3,False,77,1.5472554388640487,0.9264912827978233,validation
292.JPG,C:\Users\PC\Desktop\JARITZA - PUCP\26-2\Tesis\proyecto_ia_tumores_ovaricos\data\processed\MMOTU_OTU_2D\validation\images\292.JPG,RGB,400,703,3,False,93,2.350355618776671,0.5450533428165008,validation
295.JPG,C:\Users\PC\Desktop\JARITZA - PUCP\26-2\Tesis\proyecto_ia_tumores_ovaricos\data\processed\MMOTU_OTU_2D\validation\images\295.JPG,RGB,537,497,3,False,160,3.7814547121337583,0.7852140777626654,validation
296.JPG,C:\Users\PC\Desktop\JARITZA - PUCP\26-2\Tesis\proyecto_ia_tumores_ovaricos\data\processed\MMOTU_OTU_2D\validation\images\296.JPG,RGB,532,958,3,False,176,0.24779459086128683,0.035883026982906116,validation
299.JPG,C:\Users\PC\Desktop\JARITZA - PUCP\26-2\Tesis\proyecto_ia_tumores_ovaricos\data\processed\MMOTU_OTU_2D\validation\images\299.JPG,RGB,534,481,3,False,210,2.7516384145597628,0.9053197536343603,validation
3.JPG,C:\Users\PC\Desktop\JARITZA - PUCP\26-2\Tesis\proyecto_ia_tumores_ovaricos\data\processed\MMOTU_OTU_2D\validation\images\3.JPG,RGB,537,478,3,False,213,3.357593843580613,0.9034618171618242,validation
301.JPG,C:\Users\PC\Desktop\JARITZA - PUCP\26-2\Tesis\proyecto_ia_tumores_ovaricos\data\processed\MMOTU_OTU_2D\validation\images\301.JPG,RGB,533,480,3,False,173,0.2304226599958307,0.037976860537836145,validation
306.JPG,C:\Users\PC\Desktop\JARITZA - PUCP\26-2\Tesis\proyecto_ia_tumores_ovaricos\data\processed\MMOTU_OTU_2D\validation\images\306.JPG,RGB,534,479,3,False,181,4.083277948493402,0.8869093695511091,validation
313.JPG,C:\Users\PC\Desktop\JARITZA - PUCP\26-2\Tesis\proyecto_ia_tumores_ovaricos\data\processed\MMOTU_OTU_2D\validation\images\313.JPG,RGB,534,480,3,False,194,0.1018986683312526,0.01639747191011236,validation
315.JPG,C:\Users\PC\Desktop\JARITZA - PUCP\26-2\Tesis\proyecto_ia_tumores_ovaricos\data\processed\MMOTU_OTU_2D\validation\images\315.JPG,RGB,533,479,3,False,170,0.7860053451987868,0.0695985617315624,validation
316.JPG,C:\Users\PC\Desktop\JARITZA - PUCP\26-2\Tesis\proyecto_ia_tumores_ovaricos\data\processed\MMOTU_OTU_2D\validation\images\316.JPG,RGB,535,480,3,False,147,2.4211344755970923,0.8885085669781931,validation
322.JPG,C:\Users\PC\Desktop\JARITZA - PUCP\26-2\Tesis\proyecto_ia_tumores_ovaricos\data\processed\MMOTU_OTU_2D\validation\images\322.JPG,RGB,529,958,3,False,149,0.16407712454928022,0.02163060250758709,validation
323.JPG,C:\Users\PC\Desktop\JARITZA - PUCP\26-2\Tesis\proyecto_ia_tumores_ovaricos\data\processed\MMOTU_OTU_2D\validation\images\323.JPG,RGB,529,479,3,False,197,0.544583930236933,0.04547912120004262,validation
325.JPG,C:\Users\PC\Desktop\JARITZA - PUCP\26-2\Tesis\proyecto_ia_tumores_ovaricos\data\processed\MMOTU_OTU_2D\validation\images\325.JPG,RGB,607,1088,3,False,75,3.3881472687921956,0.6487850082372323,validation
326.JPG,C:\Users\PC\Desktop\JARITZA - PUCP\26-2\Tesis\proyecto_ia_tumores_ovaricos\data\processed\MMOTU_OTU_2D\validation\images\326.JPG,RGB,535,478,3,False,176,2.550106231833053,0.9134438665780316,validation
331.JPG,C:\Users\PC\Desktop\JARITZA - PUCP\26-2\Tesis\proyecto_ia_tumores_ovaricos\data\processed\MMOTU_OTU_2D\validation\images\331.JPG,RGB,552,551,3,False,178,0.12831961212376267,0.006924169494200268,validation
333.JPG,C:\Users\PC\Desktop\JARITZA - PUCP\26-2\Tesis\proyecto_ia_tumores_ovaricos\data\processed\MMOTU_OTU_2D\validation\images\333.JPG,RGB,567,1104,3,False,86,0.23870123286387376,0.013844158167829666,validation
336.JPG,C:\Users\PC\Desktop\JARITZA - PUCP\26-2\Tesis\proyecto_ia_tumores_ovaricos\data\processed\MMOTU_OTU_2D\validation\images\336.JPG,RGB,592,1134,3,False,181,0.13411030077696742,0.01808058058058058,validation
339.JPG,C:\Users\PC\Desktop\JARITZA - PUCP\26-2\Tesis\proyecto_ia_tumores_ovaricos\data\processed\MMOTU_OTU_2D\validation\images\339.JPG,RGB,592,569,3,False,220,0.7552724077328646,0.04472640478791621,validation
344.JPG,C:\Users\PC\Desktop\JARITZA - PUCP\26-2\Tesis\proyecto_ia_tumores_ovaricos\data\processed\MMOTU_OTU_2D\validation\images\344.JPG,RGB,533,959,3,False,148,3.084659924966138,0.69013414927604,validation
345.JPG,C:\Users\PC\Desktop\JARITZA - PUCP\26-2\Tesis\proyecto_ia_tumores_ovaricos\data\processed\MMOTU_OTU_2D\validation\images\345.JPG,RGB,538,959,3,False,194,3.190013606180539,0.6080237701136949,validation
350.JPG,C:\Users\PC\Desktop\JARITZA - PUCP\26-2\Tesis\proyecto_ia_tumores_ovaricos\data\processed\MMOTU_OTU_2D\validation\images\350.JPG,RGB,604,474,3,False,129,2.7198470580564638,0.8680770950345097,validation
352.JPG,C:\Users\PC\Desktop\JARITZA - PUCP\26-2\Tesis\proyecto_ia_tumores_ovaricos\data\processed\MMOTU_OTU_2D\validation\images\352.JPG,RGB,535,958,3,False,165,2.5487756814235265,0.7755682594189608,validation
354.JPG,C:\Users\PC\Desktop\JARITZA - PUCP\26-2\Tesis\proyecto_ia_tumores_ovaricos\data\processed\MMOTU_OTU_2D\validation\images\354.JPG,RGB,535,958,3,False,169,2.5695445469858673,0.7752229137806568,validation
356.JPG,C:\Users\PC\Desktop\JARITZA - PUCP\26-2\Tesis\proyecto_ia_tumores_ovaricos\data\processed\MMOTU_OTU_2D\validation\images\356.JPG,RGB,535,959,3,False,199,2.543246307322984,0.7745977605176732,validation
358.JPG,C:\Users\PC\Desktop\JARITZA - PUCP\26-2\Tesis\proyecto_ia_tumores_ovaricos\data\processed\MMOTU_OTU_2D\validation\images\358.JPG,RGB,534,479,3,False,172,3.4083934747536353,0.8953852048196539,validation
359.JPG,C:\Users\PC\Desktop\JARITZA - PUCP\26-2\Tesis\proyecto_ia_tumores_ovaricos\data\processed\MMOTU_OTU_2D\validation\images\359.JPG,RGB,534,973,3,False,164,1.1484975743321875,0.4026967831834051,validation
36.JPG,C:\Users\PC\Desktop\JARITZA - PUCP\26-2\Tesis\proyecto_ia_tumores_ovaricos\data\processed\MMOTU_OTU_2D\validation\images\36.JPG,RGB,533,958,3,False,168,2.619930776150543,0.8284555456763818,validation
361.JPG,C:\Users\PC\Desktop\JARITZA - PUCP\26-2\Tesis\proyecto_ia_tumores_ovaricos\data\processed\MMOTU_OTU_2D\validation\images\361.JPG,RGB,555,963,3,False,178,1.8584266509500154,0.604529763408268,validation
363.JPG,C:\Users\PC\Desktop\JARITZA - PUCP\26-2\Tesis\proyecto_ia_tumores_ovaricos\data\processed\MMOTU_OTU_2D\validation\images\363.JPG,RGB,557,963,3,False,199,1.7375123743686975,0.3960133559287908,validation
370.JPG,C:\Users\PC\Desktop\JARITZA - PUCP\26-2\Tesis\proyecto_ia_tumores_ovaricos\data\processed\MMOTU_OTU_2D\validation\images\370.JPG,RGB,591,1134,3,False,180,0.12918746910098666,0.017423313249596385,validation
371.JPG,C:\Users\PC\Desktop\JARITZA - PUCP\26-2\Tesis\proyecto_ia_tumores_ovaricos\data\processed\MMOTU_OTU_2D\validation\images\371.JPG,RGB,671,803,3,False,199,4.534867075095318,0.6305749861269123,validation
377.JPG,C:\Users\PC\Desktop\JARITZA - PUCP\26-2\Tesis\proyecto_ia_tumores_ovaricos\data\processed\MMOTU_OTU_2D\validation\images\377.JPG,RGB,539,483,3,False,205,3.1184400731871893,0.9177566000991023,validation
382.JPG,C:\Users\PC\Desktop\JARITZA - PUCP\26-2\Tesis\proyecto_ia_tumores_ovaricos\data\processed\MMOTU_OTU_2D\validation\images\382.JPG,RGB,531,478,3,False,171,3.8360373706093873,0.8711911684750491,validation
383.JPG,C:\Users\PC\Desktop\JARITZA - PUCP\26-2\Tesis\proyecto_ia_tumores_ovaricos\data\processed\MMOTU_OTU_2D\validation\images\383.JPG,RGB,585,549,3,False,29,4.291044582483562,0.7550978469011256,validation
385.JPG,C:\Users\PC\Desktop\JARITZA - PUCP\26-2\Tesis\proyecto_ia_tumores_ovaricos\data\processed\MMOTU_OTU_2D\validation\images\385.JPG,RGB,584,548,3,False,29,5.236601339866013,0.8181025647435256,validation
386.JPG,C:\Users\PC\Desktop\JARITZA - PUCP\26-2\Tesis\proyecto_ia_tumores_ovaricos\data\processed\MMOTU_OTU_2D\validation\images\386.JPG,RGB,587,550,3,False,91,4.453535697692427,0.7459687161220381,validation
387.JPG,C:\Users\PC\Desktop\JARITZA - PUCP\26-2\Tesis\proyecto_ia_tumores_ovaricos\data\processed\MMOTU_OTU_2D\validation\images\387.JPG,RGB,534,905,3,False,153,0.19078913788703344,0.030374324911540133,validation
388.JPG,C:\Users\PC\Desktop\JARITZA - PUCP\26-2\Tesis\proyecto_ia_tumores_ovaricos\data\processed\MMOTU_OTU_2D\validation\images\388.JPG,RGB,532,905,3,False,152,0.13189603843863804,0.020776388485024718,validation
39.JPG,C:\Users\PC\Desktop\JARITZA - PUCP\26-2\Tesis\proyecto_ia_tumores_ovaricos\data\processed\MMOTU_OTU_2D\validation\images\39.JPG,RGB,534,478,3,False,190,2.9442041590271573,0.8912525660915488,validation
391.JPG,C:\Users\PC\Desktop\JARITZA - PUCP\26-2\Tesis\proyecto_ia_tumores_ovaricos\data\processed\MMOTU_OTU_2D\validation\images\391.JPG,RGB,535,959,3,False,181,0.24929005096820092,0.026070770760040152,validation
392.JPG,C:\Users\PC\Desktop\JARITZA - PUCP\26-2\Tesis\proyecto_ia_tumores_ovaricos\data\processed\MMOTU_OTU_2D\validation\images\392.JPG,RGB,530,957,3,False,166,0.21192668388504432,0.026044439186924548,validation
394.JPG,C:\Users\PC\Desktop\JARITZA - PUCP\26-2\Tesis\proyecto_ia_tumores_ovaricos\data\processed\MMOTU_OTU_2D\validation\images\394.JPG,RGB,531,958,3,False,254,1.4155917001180793,0.1185850937098239,validation
399.JPG,C:\Users\PC\Desktop\JARITZA - PUCP\26-2\Tesis\proyecto_ia_tumores_ovaricos\data\processed\MMOTU_OTU_2D\validation\images\399.JPG,RGB,613,843,3,False,253,5.157647310770915,0.5967056209954738,validation
403.JPG,C:\Users\PC\Desktop\JARITZA - PUCP\26-2\Tesis\proyecto_ia_tumores_ovaricos\data\processed\MMOTU_OTU_2D\validation\images\403.JPG,RGB,535,959,3,False,255,1.1754508038292744,0.07303363121631762,validation
412.JPG,C:\Users\PC\Desktop\JARITZA - PUCP\26-2\Tesis\proyecto_ia_tumores_ovaricos\data\processed\MMOTU_OTU_2D\validation\images\412.JPG,RGB,660,962,3,False,195,3.150954450954451,0.5208986958986959,validation
429.JPG,C:\Users\PC\Desktop\JARITZA - PUCP\26-2\Tesis\proyecto_ia_tumores_ovaricos\data\processed\MMOTU_OTU_2D\validation\images\429.JPG,RGB,534,959,3,False,255,4.078620441861646,0.7994106688849574,validation
430.JPG,C:\Users\PC\Desktop\JARITZA - PUCP\26-2\Tesis\proyecto_ia_tumores_ovaricos\data\processed\MMOTU_OTU_2D\validation\images\430.JPG,RGB,570,1102,3,False,223,2.432294286836268,0.05829910529499793,validation
431.JPG,C:\Users\PC\Desktop\JARITZA - PUCP\26-2\Tesis\proyecto_ia_tumores_ovaricos\data\processed\MMOTU_OTU_2D\validation\images\431.JPG,RGB,327,649,3,False,220,2.2521530025806187,0.08452429755493043,validation
436.JPG,C:\Users\PC\Desktop\JARITZA - PUCP\26-2\Tesis\proyecto_ia_tumores_ovaricos\data\processed\MMOTU_OTU_2D\validation\images\436.JPG,RGB,272,407,3,False,254,9.19536782772077,0.6477543720190779,validation
440.JPG,C:\Users\PC\Desktop\JARITZA - PUCP\26-2\Tesis\proyecto_ia_tumores_ovaricos\data\processed\MMOTU_OTU_2D\validation\images\440.JPG,RGB,534,958,3,False,194,4.572886449349586,0.7726087432463075,validation
441.JPG,C:\Users\PC\Desktop\JARITZA - PUCP\26-2\Tesis\proyecto_ia_tumores_ovaricos\data\processed\MMOTU_OTU_2D\validation\images\441.JPG,RGB,266,481,3,False,233,3.8682464998254473,0.7754208806840386,validation
442.JPG,C:\Users\PC\Desktop\JARITZA - PUCP\26-2\Tesis\proyecto_ia_tumores_ovaricos\data\processed\MMOTU_OTU_2D\validation\images\442.JPG,RGB,533,958,3,False,255,4.4636979531831615,0.7739368681626434,validation
443.JPG,C:\Users\PC\Desktop\JARITZA - PUCP\26-2\Tesis\proyecto_ia_tumores_ovaricos\data\processed\MMOTU_OTU_2D\validation\images\443.JPG,RGB,269,490,3,False,124,2.3632804794780364,0.6998861998330931,validation
445.JPG,C:\Users\PC\Desktop\JARITZA - PUCP\26-2\Tesis\proyecto_ia_tumores_ovaricos\data\processed\MMOTU_OTU_2D\validation\images\445.JPG,RGB,529,957,3,False,251,1.2414596390869124,0.11397463323674131,validation
448.JPG,C:\Users\PC\Desktop\JARITZA - PUCP\26-2\Tesis\proyecto_ia_tumores_ovaricos\data\processed\MMOTU_OTU_2D\validation\images\448.JPG,RGB,534,958,3,False,195,3.4108825346187825,0.6650833118309837,validation
452.JPG,C:\Users\PC\Desktop\JARITZA - PUCP\26-2\Tesis\proyecto_ia_tumores_ovaricos\data\processed\MMOTU_OTU_2D\validation\images\452.JPG,RGB,446,876,3,False,251,1.828833671191924,0.13207711366382047,validation
453.JPG,C:\Users\PC\Desktop\JARITZA - PUCP\26-2\Tesis\proyecto_ia_tumores_ovaricos\data\processed\MMOTU_OTU_2D\validation\images\453.JPG,RGB,533,478,3,False,255,4.700343572473382,0.8435829401744291,validation
457.JPG,C:\Users\PC\Desktop\JARITZA - PUCP\26-2\Tesis\proyecto_ia_tumores_ovaricos\data\processed\MMOTU_OTU_2D\validation\images\457.JPG,RGB,531,958,3,False,255,3.811100757882542,0.1663914542616641,validation
464.JPG,C:\Users\PC\Desktop\JARITZA - PUCP\26-2\Tesis\proyecto_ia_tumores_ovaricos\data\processed\MMOTU_OTU_2D\validation\images\464.JPG,RGB,530,959,3,False,255,2.2254838307723586,0.13609302142562024,validation
468.JPG,C:\Users\PC\Desktop\JARITZA - PUCP\26-2\Tesis\proyecto_ia_tumores_ovaricos\data\processed\MMOTU_OTU_2D\validation\images\468.JPG,RGB,535,959,3,False,255,3.500748118334584,0.7798446590587937,validation
47.JPG,C:\Users\PC\Desktop\JARITZA - PUCP\26-2\Tesis\proyecto_ia_tumores_ovaricos\data\processed\MMOTU_OTU_2D\validation\images\47.JPG,RGB,531,481,3,False,130,3.713066391032493,0.7940965737575907,validation
472.JPG,C:\Users\PC\Desktop\JARITZA - PUCP\26-2\Tesis\proyecto_ia_tumores_ovaricos\data\processed\MMOTU_OTU_2D\validation\images\472.JPG,RGB,532,963,3,False,255,4.696622136858242,0.7267799561208317,validation
473.JPG,C:\Users\PC\Desktop\JARITZA - PUCP\26-2\Tesis\proyecto_ia_tumores_ovaricos\data\processed\MMOTU_OTU_2D\validation\images\473.JPG,RGB,569,1103,3,False,209,0.6243769322734344,0.04363240053090549,validation
474.JPG,C:\Users\PC\Desktop\JARITZA - PUCP\26-2\Tesis\proyecto_ia_tumores_ovaricos\data\processed\MMOTU_OTU_2D\validation\images\474.JPG,RGB,590,1135,3,False,255,1.761218547002165,0.09625027999701337,validation
475.JPG,C:\Users\PC\Desktop\JARITZA - PUCP\26-2\Tesis\proyecto_ia_tumores_ovaricos\data\processed\MMOTU_OTU_2D\validation\images\475.JPG,RGB,615,798,3,False,254,6.282613036656682,0.6271593618191821,validation
476.JPG,C:\Users\PC\Desktop\JARITZA - PUCP\26-2\Tesis\proyecto_ia_tumores_ovaricos\data\processed\MMOTU_OTU_2D\validation\images\476.JPG,RGB,534,958,3,False,255,6.456090898902468,0.7725207790887695,validation
477.JPG,C:\Users\PC\Desktop\JARITZA - PUCP\26-2\Tesis\proyecto_ia_tumores_ovaricos\data\processed\MMOTU_OTU_2D\validation\images\477.JPG,RGB,558,962,3,False,198,2.835616013035368,0.6852044352044352,validation
48.JPG,C:\Users\PC\Desktop\JARITZA - PUCP\26-2\Tesis\proyecto_ia_tumores_ovaricos\data\processed\MMOTU_OTU_2D\validation\images\48.JPG,RGB,592,568,3,False,202,0.24390741974368732,0.016231680624286256,validation
487.JPG,C:\Users\PC\Desktop\JARITZA - PUCP\26-2\Tesis\proyecto_ia_tumores_ovaricos\data\processed\MMOTU_OTU_2D\validation\images\487.JPG,RGB,701,566,3,False,169,0.2796644201704111,0.047153737971499576,validation
488.JPG,C:\Users\PC\Desktop\JARITZA - PUCP\26-2\Tesis\proyecto_ia_tumores_ovaricos\data\processed\MMOTU_OTU_2D\validation\images\488.JPG,RGB,707,569,3,False,202,1.2694446446904293,0.07320965588901346,validation
493.JPG,C:\Users\PC\Desktop\JARITZA - PUCP\26-2\Tesis\proyecto_ia_tumores_ovaricos\data\processed\MMOTU_OTU_2D\validation\images\493.JPG,RGB,552,480,3,False,188,0.17602657004830916,0.021361714975845412,validation
494.JPG,C:\Users\PC\Desktop\JARITZA - PUCP\26-2\Tesis\proyecto_ia_tumores_ovaricos\data\processed\MMOTU_OTU_2D\validation\images\494.JPG,RGB,559,478,3,False,128,0.4042759160984324,0.046485430498274714,validation
495.JPG,C:\Users\PC\Desktop\JARITZA - PUCP\26-2\Tesis\proyecto_ia_tumores_ovaricos\data\processed\MMOTU_OTU_2D\validation\images\495.JPG,RGB,617,873,3,False,165,1.3677619540039965,0.5439745581936763,validation
496.JPG,C:\Users\PC\Desktop\JARITZA - PUCP\26-2\Tesis\proyecto_ia_tumores_ovaricos\data\processed\MMOTU_OTU_2D\validation\images\496.JPG,RGB,609,814,3,False,163,1.4800972042351352,0.5705248463869154,validation
5.JPG,C:\Users\PC\Desktop\JARITZA - PUCP\26-2\Tesis\proyecto_ia_tumores_ovaricos\data\processed\MMOTU_OTU_2D\validation\images\5.JPG,RGB,794,1096,3,False,69,2.649748417265746,0.5957224806486606,validation
501.JPG,C:\Users\PC\Desktop\JARITZA - PUCP\26-2\Tesis\proyecto_ia_tumores_ovaricos\data\processed\MMOTU_OTU_2D\validation\images\501.JPG,RGB,552,480,3,False,149,2.6908137077294683,0.877181461352657,validation
504.JPG,C:\Users\PC\Desktop\JARITZA - PUCP\26-2\Tesis\proyecto_ia_tumores_ovaricos\data\processed\MMOTU_OTU_2D\validation\images\504.JPG,RGB,559,477,3,False,169,3.197251256048974,0.8781629369606553,validation
506.JPG,C:\Users\PC\Desktop\JARITZA - PUCP\26-2\Tesis\proyecto_ia_tumores_ovaricos\data\processed\MMOTU_OTU_2D\validation\images\506.JPG,RGB,549,484,3,False,152,3.205740966545736,0.8984931280013247,validation
508.JPG,C:\Users\PC\Desktop\JARITZA - PUCP\26-2\Tesis\proyecto_ia_tumores_ovaricos\data\processed\MMOTU_OTU_2D\validation\images\508.JPG,RGB,545,479,3,False,171,3.2050002234522736,0.9102066614314991,validation
511.JPG,C:\Users\PC\Desktop\JARITZA - PUCP\26-2\Tesis\proyecto_ia_tumores_ovaricos\data\processed\MMOTU_OTU_2D\validation\images\511.JPG,RGB,545,971,3,False,145,2.259730345146874,0.5689282778559888,validation
512.JPG,C:\Users\PC\Desktop\JARITZA - PUCP\26-2\Tesis\proyecto_ia_tumores_ovaricos\data\processed\MMOTU_OTU_2D\validation\images\512.JPG,RGB,545,974,3,False,161,1.9763866649084136,0.5328316033381685,validation
514.JPG,C:\Users\PC\Desktop\JARITZA - PUCP\26-2\Tesis\proyecto_ia_tumores_ovaricos\data\processed\MMOTU_OTU_2D\validation\images\514.JPG,RGB,563,970,3,False,145,1.5986303125743897,0.47271245719726795,validation
515.JPG,C:\Users\PC\Desktop\JARITZA - PUCP\26-2\Tesis\proyecto_ia_tumores_ovaricos\data\processed\MMOTU_OTU_2D\validation\images\515.JPG,RGB,551,482,3,False,119,0.384501459687278,0.04384333275598497,validation
517.JPG,C:\Users\PC\Desktop\JARITZA - PUCP\26-2\Tesis\proyecto_ia_tumores_ovaricos\data\processed\MMOTU_OTU_2D\validation\images\517.JPG,RGB,542,957,3,False,160,0.3454779375379961,0.05266689030526669,validation
520.JPG,C:\Users\PC\Desktop\JARITZA - PUCP\26-2\Tesis\proyecto_ia_tumores_ovaricos\data\processed\MMOTU_OTU_2D\validation\images\520.JPG,RGB,562,958,3,False,107,0.17284303746684596,0.022719336696409333,validation
521.JPG,C:\Users\PC\Desktop\JARITZA - PUCP\26-2\Tesis\proyecto_ia_tumores_ovaricos\data\processed\MMOTU_OTU_2D\validation\images\521.JPG,RGB,559,956,3,False,174,0.3352532291424964,0.041221622592645266,validation
524.JPG,C:\Users\PC\Desktop\JARITZA - PUCP\26-2\Tesis\proyecto_ia_tumores_ovaricos\data\processed\MMOTU_OTU_2D\validation\images\524.JPG,RGB,564,959,3,False,166,0.38985522251557353,0.05205814271663006,validation
532.JPG,C:\Users\PC\Desktop\JARITZA - PUCP\26-2\Tesis\proyecto_ia_tumores_ovaricos\data\processed\MMOTU_OTU_2D\validation\images\532.JPG,RGB,557,972,3,False,178,2.2024994274146477,0.6554643113091149,validation
534.JPG,C:\Users\PC\Desktop\JARITZA - PUCP\26-2\Tesis\proyecto_ia_tumores_ovaricos\data\processed\MMOTU_OTU_2D\validation\images\534.JPG,RGB,542,972,3,False,189,2.2017574496732624,0.6637814526293411,validation
535.JPG,C:\Users\PC\Desktop\JARITZA - PUCP\26-2\Tesis\proyecto_ia_tumores_ovaricos\data\processed\MMOTU_OTU_2D\validation\images\535.JPG,RGB,558,477,3,False,176,2.970016205425687,0.8538543615638361,validation
536.JPG,C:\Users\PC\Desktop\JARITZA - PUCP\26-2\Tesis\proyecto_ia_tumores_ovaricos\data\processed\MMOTU_OTU_2D\validation\images\536.JPG,RGB,550,971,3,False,130,2.039755328776956,0.6629229472895797,validation
539.JPG,C:\Users\PC\Desktop\JARITZA - PUCP\26-2\Tesis\proyecto_ia_tumores_ovaricos\data\processed\MMOTU_OTU_2D\validation\images\539.JPG,RGB,558,477,3,False,107,3.2782023248649335,0.8666020453401261,validation
546.JPG,C:\Users\PC\Desktop\JARITZA - PUCP\26-2\Tesis\proyecto_ia_tumores_ovaricos\data\processed\MMOTU_OTU_2D\validation\images\546.JPG,RGB,573,811,3,False,182,0.2198551189325942,0.029489803164601907,validation
548.JPG,C:\Users\PC\Desktop\JARITZA - PUCP\26-2\Tesis\proyecto_ia_tumores_ovaricos\data\processed\MMOTU_OTU_2D\validation\images\548.JPG,RGB,582,801,3,False,174,0.387166385660536,0.03148555714291843,validation
551.JPG,C:\Users\PC\Desktop\JARITZA - PUCP\26-2\Tesis\proyecto_ia_tumores_ovaricos\data\processed\MMOTU_OTU_2D\validation\images\551.JPG,RGB,556,481,3,False,152,2.9214416408661017,0.8932529651954112,validation
553.JPG,C:\Users\PC\Desktop\JARITZA - PUCP\26-2\Tesis\proyecto_ia_tumores_ovaricos\data\processed\MMOTU_OTU_2D\validation\images\553.JPG,RGB,555,480,3,False,165,3.8993468468468464,0.8845533033033033,validation
554.JPG,C:\Users\PC\Desktop\JARITZA - PUCP\26-2\Tesis\proyecto_ia_tumores_ovaricos\data\processed\MMOTU_OTU_2D\validation\images\554.JPG,RGB,552,477,3,False,129,3.891782882143834,0.8841567161911706,validation
558.JPG,C:\Users\PC\Desktop\JARITZA - PUCP\26-2\Tesis\proyecto_ia_tumores_ovaricos\data\processed\MMOTU_OTU_2D\validation\images\558.JPG,RGB,622,568,3,False,181,0.7860472049876969,0.04812961369503193,validation
560.JPG,C:\Users\PC\Desktop\JARITZA - PUCP\26-2\Tesis\proyecto_ia_tumores_ovaricos\data\processed\MMOTU_OTU_2D\validation\images\560.JPG,RGB,614,567,3,False,186,0.34150633752515763,0.02227277688732629,validation
573.JPG,C:\Users\PC\Desktop\JARITZA - PUCP\26-2\Tesis\proyecto_ia_tumores_ovaricos\data\processed\MMOTU_OTU_2D\validation\images\573.JPG,RGB,603,567,3,False,211,0.9371133749243201,0.06800214097063186,validation
580.JPG,C:\Users\PC\Desktop\JARITZA - PUCP\26-2\Tesis\proyecto_ia_tumores_ovaricos\data\processed\MMOTU_OTU_2D\validation\images\580.JPG,RGB,550,480,3,False,157,3.765287878787879,0.9131325757575758,validation
581.JPG,C:\Users\PC\Desktop\JARITZA - PUCP\26-2\Tesis\proyecto_ia_tumores_ovaricos\data\processed\MMOTU_OTU_2D\validation\images\581.JPG,RGB,545,478,3,False,147,3.002456719511727,0.8925952938466853,validation
582.JPG,C:\Users\PC\Desktop\JARITZA - PUCP\26-2\Tesis\proyecto_ia_tumores_ovaricos\data\processed\MMOTU_OTU_2D\validation\images\582.JPG,RGB,548,481,3,False,141,3.139573880449793,0.8963723690001062,validation
585.JPG,C:\Users\PC\Desktop\JARITZA - PUCP\26-2\Tesis\proyecto_ia_tumores_ovaricos\data\processed\MMOTU_OTU_2D\validation\images\585.JPG,RGB,571,957,3,False,186,2.190782759657692,0.715998074836169,validation
592.JPG,C:\Users\PC\Desktop\JARITZA - PUCP\26-2\Tesis\proyecto_ia_tumores_ovaricos\data\processed\MMOTU_OTU_2D\validation\images\592.JPG,RGB,614,569,3,False,209,0.8281000440798474,0.05049432400405306,validation
594.JPG,C:\Users\PC\Desktop\JARITZA - PUCP\26-2\Tesis\proyecto_ia_tumores_ovaricos\data\processed\MMOTU_OTU_2D\validation\images\594.JPG,RGB,544,972,3,False,141,2.2388293794884206,0.5977082576857904,validation
595.JPG,C:\Users\PC\Desktop\JARITZA - PUCP\26-2\Tesis\proyecto_ia_tumores_ovaricos\data\processed\MMOTU_OTU_2D\validation\images\595.JPG,RGB,530,974,3,False,132,2.5651130654888745,0.652268412692263,validation
600.JPG,C:\Users\PC\Desktop\JARITZA - PUCP\26-2\Tesis\proyecto_ia_tumores_ovaricos\data\processed\MMOTU_OTU_2D\validation\images\600.JPG,RGB,607,569,3,False,182,0.21735870034136018,0.03007965070660687,validation
602.JPG,C:\Users\PC\Desktop\JARITZA - PUCP\26-2\Tesis\proyecto_ia_tumores_ovaricos\data\processed\MMOTU_OTU_2D\validation\images\602.JPG,RGB,592,567,3,False,191,0.2663020163020163,0.03251763668430335,validation
606.JPG,C:\Users\PC\Desktop\JARITZA - PUCP\26-2\Tesis\proyecto_ia_tumores_ovaricos\data\processed\MMOTU_OTU_2D\validation\images\606.JPG,RGB,567,959,3,False,155,0.2157143654073326,0.03564669988027652,validation
609.JPG,C:\Users\PC\Desktop\JARITZA - PUCP\26-2\Tesis\proyecto_ia_tumores_ovaricos\data\processed\MMOTU_OTU_2D\validation\images\609.JPG,RGB,540,959,3,False,191,2.4679952110609045,0.7530336384350983,validation
610.JPG,C:\Users\PC\Desktop\JARITZA - PUCP\26-2\Tesis\proyecto_ia_tumores_ovaricos\data\processed\MMOTU_OTU_2D\validation\images\610.JPG,RGB,536,959,3,False,165,2.3015008378337716,0.7370725880503634,validation
614.JPG,C:\Users\PC\Desktop\JARITZA - PUCP\26-2\Tesis\proyecto_ia_tumores_ovaricos\data\processed\MMOTU_OTU_2D\validation\images\614.JPG,RGB,548,971,3,False,125,3.224950573943636,0.5545359212791389,validation
620.JPG,C:\Users\PC\Desktop\JARITZA - PUCP\26-2\Tesis\proyecto_ia_tumores_ovaricos\data\processed\MMOTU_OTU_2D\validation\images\620.JPG,RGB,541,974,3,False,149,2.461393647022208,0.6701047949079012,validation
621.JPG,C:\Users\PC\Desktop\JARITZA - PUCP\26-2\Tesis\proyecto_ia_tumores_ovaricos\data\processed\MMOTU_OTU_2D\validation\images\621.JPG,RGB,533,974,3,False,133,2.207130226412041,0.6475107003478817,validation
623.JPG,C:\Users\PC\Desktop\JARITZA - PUCP\26-2\Tesis\proyecto_ia_tumores_ovaricos\data\processed\MMOTU_OTU_2D\validation\images\623.JPG,RGB,633,741,3,False,65,2.541343231290849,0.4851392060172305,validation
626.JPG,C:\Users\PC\Desktop\JARITZA - PUCP\26-2\Tesis\proyecto_ia_tumores_ovaricos\data\processed\MMOTU_OTU_2D\validation\images\626.JPG,RGB,536,958,3,False,170,0.3131381194237581,0.05640248652354096,validation
627.JPG,C:\Users\PC\Desktop\JARITZA - PUCP\26-2\Tesis\proyecto_ia_tumores_ovaricos\data\processed\MMOTU_OTU_2D\validation\images\627.JPG,RGB,540,480,3,False,189,0.21707818930041153,0.0338695987654321,validation
63.JPG,C:\Users\PC\Desktop\JARITZA - PUCP\26-2\Tesis\proyecto_ia_tumores_ovaricos\data\processed\MMOTU_OTU_2D\validation\images\63.JPG,RGB,536,957,3,False,164,0.2330458470448177,0.021465946131411905,validation
631.JPG,C:\Users\PC\Desktop\JARITZA - PUCP\26-2\Tesis\proyecto_ia_tumores_ovaricos\data\processed\MMOTU_OTU_2D\validation\images\631.JPG,RGB,631,566,3,False,170,0.12078720373927376,0.01663465361504819,validation
632.JPG,C:\Users\PC\Desktop\JARITZA - PUCP\26-2\Tesis\proyecto_ia_tumores_ovaricos\data\processed\MMOTU_OTU_2D\validation\images\632.JPG,RGB,624,568,3,False,184,0.3854524045985313,0.02371117732033225,validation
636.JPG,C:\Users\PC\Desktop\JARITZA - PUCP\26-2\Tesis\proyecto_ia_tumores_ovaricos\data\processed\MMOTU_OTU_2D\validation\images\636.JPG,RGB,651,566,3,False,171,0.21012341256271494,0.022892207150727612,validation
638.JPG,C:\Users\PC\Desktop\JARITZA - PUCP\26-2\Tesis\proyecto_ia_tumores_ovaricos\data\processed\MMOTU_OTU_2D\validation\images\638.JPG,RGB,627,567,3,False,210,0.39310022156026053,0.023566210700713623,validation
639.JPG,C:\Users\PC\Desktop\JARITZA - PUCP\26-2\Tesis\proyecto_ia_tumores_ovaricos\data\processed\MMOTU_OTU_2D\validation\images\639.JPG,RGB,641,495,3,False,163,3.2549078932854285,0.6934997399895996,validation
64.JPG,C:\Users\PC\Desktop\JARITZA - PUCP\26-2\Tesis\proyecto_ia_tumores_ovaricos\data\processed\MMOTU_OTU_2D\validation\images\64.JPG,RGB,532,958,3,False,117,0.12226024351065555,0.01441168160484719,validation
640.JPG,C:\Users\PC\Desktop\JARITZA - PUCP\26-2\Tesis\proyecto_ia_tumores_ovaricos\data\processed\MMOTU_OTU_2D\validation\images\640.JPG,RGB,638,1100,3,False,75,0.027832240904341218,0.0037859789113707607,validation
644.JPG,C:\Users\PC\Desktop\JARITZA - PUCP\26-2\Tesis\proyecto_ia_tumores_ovaricos\data\processed\MMOTU_OTU_2D\validation\images\644.JPG,RGB,553,971,3,False,192,2.412894991523314,0.6072615804068436,validation
649.JPG,C:\Users\PC\Desktop\JARITZA - PUCP\26-2\Tesis\proyecto_ia_tumores_ovaricos\data\processed\MMOTU_OTU_2D\validation\images\649.JPG,RGB,552,972,3,False,155,1.9326392616448977,0.5506817707401443,validation
652.JPG,C:\Users\PC\Desktop\JARITZA - PUCP\26-2\Tesis\proyecto_ia_tumores_ovaricos\data\processed\MMOTU_OTU_2D\validation\images\652.JPG,RGB,558,493,3,False,146,2.858273899103579,0.8103993544024951,validation
653.JPG,C:\Users\PC\Desktop\JARITZA - PUCP\26-2\Tesis\proyecto_ia_tumores_ovaricos\data\processed\MMOTU_OTU_2D\validation\images\653.JPG,RGB,558,475,3,False,174,2.8086901842419665,0.7740426334653839,validation
656.JPG,C:\Users\PC\Desktop\JARITZA - PUCP\26-2\Tesis\proyecto_ia_tumores_ovaricos\data\processed\MMOTU_OTU_2D\validation\images\656.JPG,RGB,543,972,3,False,133,2.4262050741827017,0.6916479094195485,validation
661.JPG,C:\Users\PC\Desktop\JARITZA - PUCP\26-2\Tesis\proyecto_ia_tumores_ovaricos\data\processed\MMOTU_OTU_2D\validation\images\661.JPG,RGB,550,481,3,False,167,3.3466918666918666,0.8846683046683047,validation
672.JPG,C:\Users\PC\Desktop\JARITZA - PUCP\26-2\Tesis\proyecto_ia_tumores_ovaricos\data\processed\MMOTU_OTU_2D\validation\images\672.JPG,RGB,784,1134,3,False,193,0.31571164621051245,0.021973868912644422,validation
679.JPG,C:\Users\PC\Desktop\JARITZA - PUCP\26-2\Tesis\proyecto_ia_tumores_ovaricos\data\processed\MMOTU_OTU_2D\validation\images\679.JPG,RGB,557,495,3,False,175,1.2693759860725748,0.4547920860308652,validation
682.JPG,C:\Users\PC\Desktop\JARITZA - PUCP\26-2\Tesis\proyecto_ia_tumores_ovaricos\data\processed\MMOTU_OTU_2D\validation\images\682.JPG,RGB,532,496,3,False,159,4.988304935726412,0.8340521161775406,validation
685.JPG,C:\Users\PC\Desktop\JARITZA - PUCP\26-2\Tesis\proyecto_ia_tumores_ovaricos\data\processed\MMOTU_OTU_2D\validation\images\685.JPG,RGB,554,480,3,False,144,2.94191235459286,0.8581377858002407,validation
687.JPG,C:\Users\PC\Desktop\JARITZA - PUCP\26-2\Tesis\proyecto_ia_tumores_ovaricos\data\processed\MMOTU_OTU_2D\validation\images\687.JPG,RGB,546,974,3,False,154,2.372874216816722,0.6889229866642598,validation
689.JPG,C:\Users\PC\Desktop\JARITZA - PUCP\26-2\Tesis\proyecto_ia_tumores_ovaricos\data\processed\MMOTU_OTU_2D\validation\images\689.JPG,RGB,537,479,3,False,155,0.7786317708758549,0.06046504395019108,validation
690.JPG,C:\Users\PC\Desktop\JARITZA - PUCP\26-2\Tesis\proyecto_ia_tumores_ovaricos\data\processed\MMOTU_OTU_2D\validation\images\690.JPG,RGB,553,478,3,False,118,0.19519244592069127,0.03292425491991193,validation
691.JPG,C:\Users\PC\Desktop\JARITZA - PUCP\26-2\Tesis\proyecto_ia_tumores_ovaricos\data\processed\MMOTU_OTU_2D\validation\images\691.JPG,RGB,539,478,3,False,165,0.7058994004600699,0.06581225110812679,validation
693.JPG,C:\Users\PC\Desktop\JARITZA - PUCP\26-2\Tesis\proyecto_ia_tumores_ovaricos\data\processed\MMOTU_OTU_2D\validation\images\693.JPG,RGB,546,959,3,False,142,0.18359580403376022,0.028469445049215645,validation
694.JPG,C:\Users\PC\Desktop\JARITZA - PUCP\26-2\Tesis\proyecto_ia_tumores_ovaricos\data\processed\MMOTU_OTU_2D\validation\images\694.JPG,RGB,545,481,3,False,44,0.06503525402607972,0.019657060024032502,validation
699.JPG,C:\Users\PC\Desktop\JARITZA - PUCP\26-2\Tesis\proyecto_ia_tumores_ovaricos\data\processed\MMOTU_OTU_2D\validation\images\699.JPG,RGB,543,930,3,False,138,0.29241635147890715,0.03724232163013129,validation
70.JPG,C:\Users\PC\Desktop\JARITZA - PUCP\26-2\Tesis\proyecto_ia_tumores_ovaricos\data\processed\MMOTU_OTU_2D\validation\images\70.JPG,RGB,662,479,3,False,175,0.5152013993570862,0.04907000359510309,validation
700.JPG,C:\Users\PC\Desktop\JARITZA - PUCP\26-2\Tesis\proyecto_ia_tumores_ovaricos\data\processed\MMOTU_OTU_2D\validation\images\700.JPG,RGB,557,958,3,False,108,0.1867357813317941,0.027246695127116263,validation
701.JPG,C:\Users\PC\Desktop\JARITZA - PUCP\26-2\Tesis\proyecto_ia_tumores_ovaricos\data\processed\MMOTU_OTU_2D\validation\images\701.JPG,RGB,549,959,3,False,169,0.3319537592602089,0.0434423380456646,validation
703.JPG,C:\Users\PC\Desktop\JARITZA - PUCP\26-2\Tesis\proyecto_ia_tumores_ovaricos\data\processed\MMOTU_OTU_2D\validation\images\703.JPG,RGB,557,958,3,False,173,0.20931548745703757,0.021114830043140444,validation
707.JPG,C:\Users\PC\Desktop\JARITZA - PUCP\26-2\Tesis\proyecto_ia_tumores_ovaricos\data\processed\MMOTU_OTU_2D\validation\images\707.JPG,RGB,545,480,3,False,161,0.8752166156982671,0.09229357798165137,validation
71.JPG,C:\Users\PC\Desktop\JARITZA - PUCP\26-2\Tesis\proyecto_ia_tumores_ovaricos\data\processed\MMOTU_OTU_2D\validation\images\71.JPG,RGB,535,480,3,False,206,2.690402388369678,0.8571378504672897,validation
714.JPG,C:\Users\PC\Desktop\JARITZA - PUCP\26-2\Tesis\proyecto_ia_tumores_ovaricos\data\processed\MMOTU_OTU_2D\validation\images\714.JPG,RGB,554,959,3,False,123,0.22412034196270936,0.04099486905357943,validation
718.JPG,C:\Users\PC\Desktop\JARITZA - PUCP\26-2\Tesis\proyecto_ia_tumores_ovaricos\data\processed\MMOTU_OTU_2D\validation\images\718.JPG,RGB,543,481,3,False,156,0.7064905959933584,0.06657784005850303,validation
73.JPG,C:\Users\PC\Desktop\JARITZA - PUCP\26-2\Tesis\proyecto_ia_tumores_ovaricos\data\processed\MMOTU_OTU_2D\validation\images\73.JPG,RGB,534,959,3,False,191,2.0210242931476423,0.7233736765435281,validation
732.JPG,C:\Users\PC\Desktop\JARITZA - PUCP\26-2\Tesis\proyecto_ia_tumores_ovaricos\data\processed\MMOTU_OTU_2D\validation\images\732.JPG,RGB,552,481,3,False,161,0.2549840810710376,0.047798216276477144,validation
735.JPG,C:\Users\PC\Desktop\JARITZA - PUCP\26-2\Tesis\proyecto_ia_tumores_ovaricos\data\processed\MMOTU_OTU_2D\validation\images\735.JPG,RGB,545,479,3,False,139,0.7717352026712123,0.0697400930838329,validation
740.JPG,C:\Users\PC\Desktop\JARITZA - PUCP\26-2\Tesis\proyecto_ia_tumores_ovaricos\data\processed\MMOTU_OTU_2D\validation\images\740.JPG,RGB,551,499,3,False,174,2.6713681446377326,0.6840068521798588,validation
741.JPG,C:\Users\PC\Desktop\JARITZA - PUCP\26-2\Tesis\proyecto_ia_tumores_ovaricos\data\processed\MMOTU_OTU_2D\validation\images\741.JPG,RGB,558,971,3,False,161,2.0223063833242896,0.573960259718208,validation
743.JPG,C:\Users\PC\Desktop\JARITZA - PUCP\26-2\Tesis\proyecto_ia_tumores_ovaricos\data\processed\MMOTU_OTU_2D\validation\images\743.JPG,RGB,539,957,3,False,176,3.162180308620076,0.7666583304738254,validation
747.JPG,C:\Users\PC\Desktop\JARITZA - PUCP\26-2\Tesis\proyecto_ia_tumores_ovaricos\data\processed\MMOTU_OTU_2D\validation\images\747.JPG,RGB,538,469,3,False,99,5.418732149132193,0.8890782412948534,validation
748.JPG,C:\Users\PC\Desktop\JARITZA - PUCP\26-2\Tesis\proyecto_ia_tumores_ovaricos\data\processed\MMOTU_OTU_2D\validation\images\748.JPG,RGB,549,498,3,False,169,5.46100369907072,0.8955969597881508,validation
751.JPG,C:\Users\PC\Desktop\JARITZA - PUCP\26-2\Tesis\proyecto_ia_tumores_ovaricos\data\processed\MMOTU_OTU_2D\validation\images\751.JPG,RGB,631,1079,3,False,70,3.3223969876825357,0.6703395319667063,validation
752.JPG,C:\Users\PC\Desktop\JARITZA - PUCP\26-2\Tesis\proyecto_ia_tumores_ovaricos\data\processed\MMOTU_OTU_2D\validation\images\752.JPG,RGB,614,1065,3,False,77,2.8072456454252115,0.604824822987873,validation
76.JPG,C:\Users\PC\Desktop\JARITZA - PUCP\26-2\Tesis\proyecto_ia_tumores_ovaricos\data\processed\MMOTU_OTU_2D\validation\images\76.JPG,RGB,664,479,3,False,170,2.5374671965523894,0.7637145659883794,validation
762.JPG,C:\Users\PC\Desktop\JARITZA - PUCP\26-2\Tesis\proyecto_ia_tumores_ovaricos\data\processed\MMOTU_OTU_2D\validation\images\762.JPG,RGB,624,1118,3,False,131,3.825889102946348,0.6385271891197651,validation
770.JPG,C:\Users\PC\Desktop\JARITZA - PUCP\26-2\Tesis\proyecto_ia_tumores_ovaricos\data\processed\MMOTU_OTU_2D\validation\images\770.JPG,RGB,536,457,3,False,135,0.34795932808604685,0.04738479375551129,validation
773.JPG,C:\Users\PC\Desktop\JARITZA - PUCP\26-2\Tesis\proyecto_ia_tumores_ovaricos\data\processed\MMOTU_OTU_2D\validation\images\773.JPG,RGB,489,472,3,False,150,0.12782919136251777,0.021706353332640118,validation
776.JPG,C:\Users\PC\Desktop\JARITZA - PUCP\26-2\Tesis\proyecto_ia_tumores_ovaricos\data\processed\MMOTU_OTU_2D\validation\images\776.JPG,RGB,554,972,3,False,118,1.845555208905924,0.6556989199387916,validation
778.JPG,C:\Users\PC\Desktop\JARITZA - PUCP\26-2\Tesis\proyecto_ia_tumores_ovaricos\data\processed\MMOTU_OTU_2D\validation\images\778.JPG,RGB,541,482,3,False,185,2.2634202836302832,0.8816660402972826,validation
779.JPG,C:\Users\PC\Desktop\JARITZA - PUCP\26-2\Tesis\proyecto_ia_tumores_ovaricos\data\processed\MMOTU_OTU_2D\validation\images\779.JPG,RGB,547,479,3,False,159,2.2842454382034476,0.8872536858858149,validation
784.JPG,C:\Users\PC\Desktop\JARITZA - PUCP\26-2\Tesis\proyecto_ia_tumores_ovaricos\data\processed\MMOTU_OTU_2D\validation\images\784.JPG,RGB,579,883,3,False,173,0.16606390393350767,0.03352325738327299,validation
791.JPG,C:\Users\PC\Desktop\JARITZA - PUCP\26-2\Tesis\proyecto_ia_tumores_ovaricos\data\processed\MMOTU_OTU_2D\validation\images\791.JPG,RGB,602,570,3,False,142,0.1432515397019681,0.03300985020691263,validation
792.JPG,C:\Users\PC\Desktop\JARITZA - PUCP\26-2\Tesis\proyecto_ia_tumores_ovaricos\data\processed\MMOTU_OTU_2D\validation\images\792.JPG,RGB,616,568,3,False,182,0.84712441314554,0.07547843881470642,validation
793.JPG,C:\Users\PC\Desktop\JARITZA - PUCP\26-2\Tesis\proyecto_ia_tumores_ovaricos\data\processed\MMOTU_OTU_2D\validation\images\793.JPG,RGB,543,953,3,False,149,0.27316406398456106,0.042969859646478405,validation
8.JPG,C:\Users\PC\Desktop\JARITZA - PUCP\26-2\Tesis\proyecto_ia_tumores_ovaricos\data\processed\MMOTU_OTU_2D\validation\images\8.JPG,RGB,533,958,3,False,136,0.17811497530424156,0.024650714629837804,validation
800.JPG,C:\Users\PC\Desktop\JARITZA - PUCP\26-2\Tesis\proyecto_ia_tumores_ovaricos\data\processed\MMOTU_OTU_2D\validation\images\800.JPG,RGB,559,958,3,False,129,0.27957021373538343,0.04467230104458827,validation
802.JPG,C:\Users\PC\Desktop\JARITZA - PUCP\26-2\Tesis\proyecto_ia_tumores_ovaricos\data\processed\MMOTU_OTU_2D\validation\images\802.JPG,RGB,542,482,3,False,116,0.2991073479199522,0.041149270413865964,validation
804.JPG,C:\Users\PC\Desktop\JARITZA - PUCP\26-2\Tesis\proyecto_ia_tumores_ovaricos\data\processed\MMOTU_OTU_2D\validation\images\804.JPG,RGB,535,957,3,False,147,2.5071273482488436,0.7670660846297327,validation
806.JPG,C:\Users\PC\Desktop\JARITZA - PUCP\26-2\Tesis\proyecto_ia_tumores_ovaricos\data\processed\MMOTU_OTU_2D\validation\images\806.JPG,RGB,540,959,3,False,170,2.7824984873646676,0.7687772757115823,validation
810.JPG,C:\Users\PC\Desktop\JARITZA - PUCP\26-2\Tesis\proyecto_ia_tumores_ovaricos\data\processed\MMOTU_OTU_2D\validation\images\810.JPG,RGB,598,565,3,False,182,0.2724341709335938,0.03725397342173025,validation
816.JPG,C:\Users\PC\Desktop\JARITZA - PUCP\26-2\Tesis\proyecto_ia_tumores_ovaricos\data\processed\MMOTU_OTU_2D\validation\images\816.JPG,RGB,549,972,3,False,188,2.3381581676123937,0.5123044517903859,validation
817.JPG,C:\Users\PC\Desktop\JARITZA - PUCP\26-2\Tesis\proyecto_ia_tumores_ovaricos\data\processed\MMOTU_OTU_2D\validation\images\817.JPG,RGB,572,957,3,False,249,1.333887463981508,0.11020379829157259,validation
821.JPG,C:\Users\PC\Desktop\JARITZA - PUCP\26-2\Tesis\proyecto_ia_tumores_ovaricos\data\processed\MMOTU_OTU_2D\validation\images\821.JPG,RGB,554,959,3,False,254,2.1798491459088574,0.13044763084289818,validation
825.JPG,C:\Users\PC\Desktop\JARITZA - PUCP\26-2\Tesis\proyecto_ia_tumores_ovaricos\data\processed\MMOTU_OTU_2D\validation\images\825.JPG,RGB,545,958,3,False,255,2.839443795368792,0.7626611250502767,validation
826.JPG,C:\Users\PC\Desktop\JARITZA - PUCP\26-2\Tesis\proyecto_ia_tumores_ovaricos\data\processed\MMOTU_OTU_2D\validation\images\826.JPG,RGB,534,958,3,False,250,3.104428441483636,0.7746690592917517,validation
83.JPG,C:\Users\PC\Desktop\JARITZA - PUCP\26-2\Tesis\proyecto_ia_tumores_ovaricos\data\processed\MMOTU_OTU_2D\validation\images\83.JPG,RGB,533,479,3,False,158,0.5652567301327421,0.04723724770570333,validation
837.JPG,C:\Users\PC\Desktop\JARITZA - PUCP\26-2\Tesis\proyecto_ia_tumores_ovaricos\data\processed\MMOTU_OTU_2D\validation\images\837.JPG,RGB,611,958,3,False,253,4.589631973321397,0.7589068196495017,validation
84.JPG,C:\Users\PC\Desktop\JARITZA - PUCP\26-2\Tesis\proyecto_ia_tumores_ovaricos\data\processed\MMOTU_OTU_2D\validation\images\84.JPG,RGB,529,958,3,False,153,0.22893341384132296,0.032597842859454364,validation
842.JPG,C:\Users\PC\Desktop\JARITZA - PUCP\26-2\Tesis\proyecto_ia_tumores_ovaricos\data\processed\MMOTU_OTU_2D\validation\images\842.JPG,RGB,596,1104,3,False,220,0.9258452079888467,0.06209877443828422,validation
844.JPG,C:\Users\PC\Desktop\JARITZA - PUCP\26-2\Tesis\proyecto_ia_tumores_ovaricos\data\processed\MMOTU_OTU_2D\validation\images\844.JPG,RGB,571,974,3,False,255,3.9619985351779063,0.5862764629940628,validation
847.JPG,C:\Users\PC\Desktop\JARITZA - PUCP\26-2\Tesis\proyecto_ia_tumores_ovaricos\data\processed\MMOTU_OTU_2D\validation\images\847.JPG,RGB,267,477,3,False,237,4.127079096621885,0.6610761705101328,validation
854.JPG,C:\Users\PC\Desktop\JARITZA - PUCP\26-2\Tesis\proyecto_ia_tumores_ovaricos\data\processed\MMOTU_OTU_2D\validation\images\854.JPG,RGB,546,958,3,False,255,1.3302387707398147,0.10978687283488954,validation
856.JPG,C:\Users\PC\Desktop\JARITZA - PUCP\26-2\Tesis\proyecto_ia_tumores_ovaricos\data\processed\MMOTU_OTU_2D\validation\images\856.JPG,RGB,551,959,3,False,255,2.196940879760438,0.10930737364427934,validation
862.JPG,C:\Users\PC\Desktop\JARITZA - PUCP\26-2\Tesis\proyecto_ia_tumores_ovaricos\data\processed\MMOTU_OTU_2D\validation\images\862.JPG,RGB,544,959,3,False,255,1.3561691099797581,0.11129086671164816,validation
863.JPG,C:\Users\PC\Desktop\JARITZA - PUCP\26-2\Tesis\proyecto_ia_tumores_ovaricos\data\processed\MMOTU_OTU_2D\validation\images\863.JPG,RGB,549,957,3,False,251,1.56497453652155,0.11061243678541587,validation
864.JPG,C:\Users\PC\Desktop\JARITZA - PUCP\26-2\Tesis\proyecto_ia_tumores_ovaricos\data\processed\MMOTU_OTU_2D\validation\images\864.JPG,RGB,541,972,3,False,252,4.092285788903848,0.6465241170519461,validation
868.JPG,C:\Users\PC\Desktop\JARITZA - PUCP\26-2\Tesis\proyecto_ia_tumores_ovaricos\data\processed\MMOTU_OTU_2D\validation\images\868.JPG,RGB,563,480,3,False,255,1.4797217288336293,0.11100503256364713,validation
870.JPG,C:\Users\PC\Desktop\JARITZA - PUCP\26-2\Tesis\proyecto_ia_tumores_ovaricos\data\processed\MMOTU_OTU_2D\validation\images\870.JPG,RGB,537,974,3,False,255,4.792337586689048,0.6919114863547199,validation
872.JPG,C:\Users\PC\Desktop\JARITZA - PUCP\26-2\Tesis\proyecto_ia_tumores_ovaricos\data\processed\MMOTU_OTU_2D\validation\images\872.JPG,RGB,596,1134,3,False,254,1.1233916882686457,0.06907010877928103,validation
877.JPG,C:\Users\PC\Desktop\JARITZA - PUCP\26-2\Tesis\proyecto_ia_tumores_ovaricos\data\processed\MMOTU_OTU_2D\validation\images\877.JPG,RGB,574,959,3,False,195,2.177442385179103,0.17334585605650485,validation
878.JPG,C:\Users\PC\Desktop\JARITZA - PUCP\26-2\Tesis\proyecto_ia_tumores_ovaricos\data\processed\MMOTU_OTU_2D\validation\images\878.JPG,RGB,573,956,3,False,200,2.3578841936418224,0.1863914507072079,validation
88.JPG,C:\Users\PC\Desktop\JARITZA - PUCP\26-2\Tesis\proyecto_ia_tumores_ovaricos\data\processed\MMOTU_OTU_2D\validation\images\88.JPG,RGB,535,958,3,False,149,0.15951326426420567,0.01991298070356857,validation
882.JPG,C:\Users\PC\Desktop\JARITZA - PUCP\26-2\Tesis\proyecto_ia_tumores_ovaricos\data\processed\MMOTU_OTU_2D\validation\images\882.JPG,RGB,543,958,3,False,255,1.7475006119511824,0.11160643913616843,validation
883.JPG,C:\Users\PC\Desktop\JARITZA - PUCP\26-2\Tesis\proyecto_ia_tumores_ovaricos\data\processed\MMOTU_OTU_2D\validation\images\883.JPG,RGB,538,959,3,False,254,3.3191883325386704,0.7797077966127975,validation
884.JPG,C:\Users\PC\Desktop\JARITZA - PUCP\26-2\Tesis\proyecto_ia_tumores_ovaricos\data\processed\MMOTU_OTU_2D\validation\images\884.JPG,RGB,524,478,3,False,141,3.8712910025871152,0.9084328787249673,validation
89.JPG,C:\Users\PC\Desktop\JARITZA - PUCP\26-2\Tesis\proyecto_ia_tumores_ovaricos\data\processed\MMOTU_OTU_2D\validation\images\89.JPG,RGB,531,958,3,False,148,0.2195801831341975,0.030947634942539583,validation
890.JPG,C:\Users\PC\Desktop\JARITZA - PUCP\26-2\Tesis\proyecto_ia_tumores_ovaricos\data\processed\MMOTU_OTU_2D\validation\images\890.JPG,RGB,523,957,3,False,175,2.628752082038823,0.7873293494049082,validation
894.JPG,C:\Users\PC\Desktop\JARITZA - PUCP\26-2\Tesis\proyecto_ia_tumores_ovaricos\data\processed\MMOTU_OTU_2D\validation\images\894.JPG,RGB,526,954,3,False,134,2.5979931075346814,0.7825126941993288,validation
896.JPG,C:\Users\PC\Desktop\JARITZA - PUCP\26-2\Tesis\proyecto_ia_tumores_ovaricos\data\processed\MMOTU_OTU_2D\validation\images\896.JPG,RGB,525,479,3,False,186,3.417256851244325,0.9178407396361468,validation
897.JPG,C:\Users\PC\Desktop\JARITZA - PUCP\26-2\Tesis\proyecto_ia_tumores_ovaricos\data\processed\MMOTU_OTU_2D\validation\images\897.JPG,RGB,524,957,3,False,194,2.717335237077274,0.78635127266346,validation
90.JPG,C:\Users\PC\Desktop\JARITZA - PUCP\26-2\Tesis\proyecto_ia_tumores_ovaricos\data\processed\MMOTU_OTU_2D\validation\images\90.JPG,RGB,528,959,3,False,147,0.17398700245415574,0.022067652542105097,validation
904.JPG,C:\Users\PC\Desktop\JARITZA - PUCP\26-2\Tesis\proyecto_ia_tumores_ovaricos\data\processed\MMOTU_OTU_2D\validation\images\904.JPG,RGB,585,569,3,False,171,0.09698226007540595,0.0091929160470461,validation
906.JPG,C:\Users\PC\Desktop\JARITZA - PUCP\26-2\Tesis\proyecto_ia_tumores_ovaricos\data\processed\MMOTU_OTU_2D\validation\images\906.JPG,RGB,532,968,3,False,155,2.4575915511920297,0.535562822345119,validation
911.JPG,C:\Users\PC\Desktop\JARITZA - PUCP\26-2\Tesis\proyecto_ia_tumores_ovaricos\data\processed\MMOTU_OTU_2D\validation\images\911.JPG,RGB,532,953,3,False,204,1.7974066856543247,0.5015937009364966,validation
912.JPG,C:\Users\PC\Desktop\JARITZA - PUCP\26-2\Tesis\proyecto_ia_tumores_ovaricos\data\processed\MMOTU_OTU_2D\validation\images\912.JPG,RGB,524,955,3,False,151,1.8879807628258929,0.5183745653650933,validation
916.JPG,C:\Users\PC\Desktop\JARITZA - PUCP\26-2\Tesis\proyecto_ia_tumores_ovaricos\data\processed\MMOTU_OTU_2D\validation\images\916.JPG,RGB,526,957,3,False,176,3.0182565129464307,0.7867682992240486,validation
917.JPG,C:\Users\PC\Desktop\JARITZA - PUCP\26-2\Tesis\proyecto_ia_tumores_ovaricos\data\processed\MMOTU_OTU_2D\validation\images\917.JPG,RGB,528,957,3,False,131,2.680296961253074,0.7787494854501124,validation
919.JPG,C:\Users\PC\Desktop\JARITZA - PUCP\26-2\Tesis\proyecto_ia_tumores_ovaricos\data\processed\MMOTU_OTU_2D\validation\images\919.JPG,RGB,525,958,3,False,206,3.0659230539815088,0.7884242966497664,validation
921.JPG,C:\Users\PC\Desktop\JARITZA - PUCP\26-2\Tesis\proyecto_ia_tumores_ovaricos\data\processed\MMOTU_OTU_2D\validation\images\921.JPG,RGB,529,958,3,False,130,3.07404104065785,0.7822831118705873,validation
923.JPG,C:\Users\PC\Desktop\JARITZA - PUCP\26-2\Tesis\proyecto_ia_tumores_ovaricos\data\processed\MMOTU_OTU_2D\validation\images\923.JPG,RGB,522,476,3,False,195,4.54078259656353,0.9313564506262275,validation
925.JPG,C:\Users\PC\Desktop\JARITZA - PUCP\26-2\Tesis\proyecto_ia_tumores_ovaricos\data\processed\MMOTU_OTU_2D\validation\images\925.JPG,RGB,527,478,3,False,177,4.717664525656396,0.9285130167602201,validation
930.JPG,C:\Users\PC\Desktop\JARITZA - PUCP\26-2\Tesis\proyecto_ia_tumores_ovaricos\data\processed\MMOTU_OTU_2D\validation\images\930.JPG,RGB,586,568,3,False,186,0.2641806470220641,0.028024804114791135,validation
934.JPG,C:\Users\PC\Desktop\JARITZA - PUCP\26-2\Tesis\proyecto_ia_tumores_ovaricos\data\processed\MMOTU_OTU_2D\validation\images\934.JPG,RGB,587,568,3,False,207,0.778878838048164,0.042310506994265425,validation
936.JPG,C:\Users\PC\Desktop\JARITZA - PUCP\26-2\Tesis\proyecto_ia_tumores_ovaricos\data\processed\MMOTU_OTU_2D\validation\images\936.JPG,RGB,587,566,3,False,209,0.783507202581251,0.042306511518712266,validation
937.JPG,C:\Users\PC\Desktop\JARITZA - PUCP\26-2\Tesis\proyecto_ia_tumores_ovaricos\data\processed\MMOTU_OTU_2D\validation\images\937.JPG,RGB,578,565,3,False,204,0.2010676628798318,0.01524941053985363,validation
94.JPG,C:\Users\PC\Desktop\JARITZA - PUCP\26-2\Tesis\proyecto_ia_tumores_ovaricos\data\processed\MMOTU_OTU_2D\validation\images\94.JPG,RGB,661,958,3,False,116,1.633115300513656,0.6600519867727458,validation
944.JPG,C:\Users\PC\Desktop\JARITZA - PUCP\26-2\Tesis\proyecto_ia_tumores_ovaricos\data\processed\MMOTU_OTU_2D\validation\images\944.JPG,RGB,583,565,3,False,185,0.3270460490697592,0.0406654624387134,validation
945.JPG,C:\Users\PC\Desktop\JARITZA - PUCP\26-2\Tesis\proyecto_ia_tumores_ovaricos\data\processed\MMOTU_OTU_2D\validation\images\945.JPG,RGB,589,566,3,False,227,2.914060484620876,0.15993148835842028,validation
947.JPG,C:\Users\PC\Desktop\JARITZA - PUCP\26-2\Tesis\proyecto_ia_tumores_ovaricos\data\processed\MMOTU_OTU_2D\validation\images\947.JPG,RGB,586,567,3,False,192,0.2796267202789766,0.033190674828900084,validation
948.JPG,C:\Users\PC\Desktop\JARITZA - PUCP\26-2\Tesis\proyecto_ia_tumores_ovaricos\data\processed\MMOTU_OTU_2D\validation\images\948.JPG,RGB,587,568,3,False,198,0.36657308987371134,0.040567939151090526,validation
952.JPG,C:\Users\PC\Desktop\JARITZA - PUCP\26-2\Tesis\proyecto_ia_tumores_ovaricos\data\processed\MMOTU_OTU_2D\validation\images\952.JPG,RGB,583,566,3,False,164,0.227344449225908,0.025083490414512483,validation
953.JPG,C:\Users\PC\Desktop\JARITZA - PUCP\26-2\Tesis\proyecto_ia_tumores_ovaricos\data\processed\MMOTU_OTU_2D\validation\images\953.JPG,RGB,536,564,3,False,195,0.27971181327405525,0.031451783635016405,validation
957.JPG,C:\Users\PC\Desktop\JARITZA - PUCP\26-2\Tesis\proyecto_ia_tumores_ovaricos\data\processed\MMOTU_OTU_2D\validation\images\957.JPG,RGB,526,959,3,False,186,0.17705124291119687,0.022161472065721183,validation
96.JPG,C:\Users\PC\Desktop\JARITZA - PUCP\26-2\Tesis\proyecto_ia_tumores_ovaricos\data\processed\MMOTU_OTU_2D\validation\images\96.JPG,RGB,602,948,3,False,168,1.8058639509184105,0.6084798211306895,validation
960.JPG,C:\Users\PC\Desktop\JARITZA - PUCP\26-2\Tesis\proyecto_ia_tumores_ovaricos\data\processed\MMOTU_OTU_2D\validation\images\960.JPG,RGB,519,477,3,False,158,2.3592701655740154,0.7279722737242641,validation
962.JPG,C:\Users\PC\Desktop\JARITZA - PUCP\26-2\Tesis\proyecto_ia_tumores_ovaricos\data\processed\MMOTU_OTU_2D\validation\images\962.JPG,RGB,519,963,3,False,156,2.494531446433919,0.6911946250177572,validation
965.JPG,C:\Users\PC\Desktop\JARITZA - PUCP\26-2\Tesis\proyecto_ia_tumores_ovaricos\data\processed\MMOTU_OTU_2D\validation\images\965.JPG,RGB,583,1131,3,False,190,0.15402207855038044,0.013696344860951237,validation
966.JPG,C:\Users\PC\Desktop\JARITZA - PUCP\26-2\Tesis\proyecto_ia_tumores_ovaricos\data\processed\MMOTU_OTU_2D\validation\images\966.JPG,RGB,650,777,3,False,187,4.702573342573342,0.6293139293139293,validation
970.JPG,C:\Users\PC\Desktop\JARITZA - PUCP\26-2\Tesis\proyecto_ia_tumores_ovaricos\data\processed\MMOTU_OTU_2D\validation\images\970.JPG,RGB,530,959,3,False,201,3.1293892353801454,0.7782005626930568,validation
971.JPG,C:\Users\PC\Desktop\JARITZA - PUCP\26-2\Tesis\proyecto_ia_tumores_ovaricos\data\processed\MMOTU_OTU_2D\validation\images\971.JPG,RGB,530,958,3,False,150,3.253082286209477,0.7819159412297633,validation
973.JPG,C:\Users\PC\Desktop\JARITZA - PUCP\26-2\Tesis\proyecto_ia_tumores_ovaricos\data\processed\MMOTU_OTU_2D\validation\images\973.JPG,RGB,531,478,3,False,138,2.970606234913731,0.9207424217352591,validation
979.JPG,C:\Users\PC\Desktop\JARITZA - PUCP\26-2\Tesis\proyecto_ia_tumores_ovaricos\data\processed\MMOTU_OTU_2D\validation\images\979.JPG,RGB,525,481,3,False,197,3.29017721017721,0.9277457677457678,validation
98.JPG,C:\Users\PC\Desktop\JARITZA - PUCP\26-2\Tesis\proyecto_ia_tumores_ovaricos\data\processed\MMOTU_OTU_2D\validation\images\98.JPG,RGB,532,958,3,False,121,0.12832969689359097,0.015865603465867174,validation
981.JPG,C:\Users\PC\Desktop\JARITZA - PUCP\26-2\Tesis\proyecto_ia_tumores_ovaricos\data\processed\MMOTU_OTU_2D\validation\images\981.JPG,RGB,527,478,3,False,183,3.4172005959895095,0.941466261224425,validation
985.JPG,C:\Users\PC\Desktop\JARITZA - PUCP\26-2\Tesis\proyecto_ia_tumores_ovaricos\data\processed\MMOTU_OTU_2D\validation\images\985.JPG,RGB,585,1132,3,False,204,0.09017748381705977,0.005827368548216604,validation
991.JPG,C:\Users\PC\Desktop\JARITZA - PUCP\26-2\Tesis\proyecto_ia_tumores_ovaricos\data\processed\MMOTU_OTU_2D\validation\images\991.JPG,RGB,544,683,3,False,147,2.7873011942698014,0.6414606838342951,validation
993.JPG,C:\Users\PC\Desktop\JARITZA - PUCP\26-2\Tesis\proyecto_ia_tumores_ovaricos\data\processed\MMOTU_OTU_2D\validation\images\993.JPG,RGB,526,481,3,False,123,3.191455275105465,0.9268989668229212,validation
998.JPG,C:\Users\PC\Desktop\JARITZA - PUCP\26-2\Tesis\proyecto_ia_tumores_ovaricos\data\processed\MMOTU_OTU_2D\validation\images\998.JPG,RGB,515,478,3,False,134,2.945910007989059,0.7779055124507455,validation
