image_id,split,condition,source_image,source_mask,roi_width,roi_height,roi_area_fraction,used_fallback,fallback_reason,output_path
1,train,B,/home/jvillanueva/projects/ovarian-tumor-ultrasound-classification/data/processed/MMOTU_OTU_2D_experimental/train/images/1.JPG,/home/jvillanueva/projects/ovarian-tumor-ultrasound-classification/results/segmentation/unet_baseline/train/predicted_masks/1_pred.png,207,274,0.110136,False,,/home/jvillanueva/projects/ovarian-tumor-ultrasound-classification/data/processed/MMOTU_OTU_2D_roi_pred/train/images/1.png
10,train,B,/home/jvillanueva/projects/ovarian-tumor-ultrasound-classification/data/processed/MMOTU_OTU_2D_experimental/train/images/10.JPG,/home/jvillanueva/projects/ovarian-tumor-ultrasound-classification/results/segmentation/unet_baseline/train/predicted_masks/10_pred.png,331,235,0.297132,False,,/home/jvillanueva/projects/ovarian-tumor-ultrasound-classification/data/processed/MMOTU_OTU_2D_roi_pred/train/images/10.png
100,train,B,/home/jvillanueva/projects/ovarian-tumor-ultrasound-classification/data/processed/MMOTU_OTU_2D_experimental/train/images/100.JPG,/home/jvillanueva/projects/ovarian-tumor-ultrasound-classification/results/segmentation/unet_baseline/train/predicted_masks/100_pred.png,484,441,0.419589,False,,/home/jvillanueva/projects/ovarian-tumor-ultrasound-classification/data/processed/MMOTU_OTU_2D_roi_pred/train/images/100.png
1000,train,B,/home/jvillanueva/projects/ovarian-tumor-ultrasound-classification/data/processed/MMOTU_OTU_2D_experimental/train/images/1000.JPG,/home/jvillanueva/projects/ovarian-tumor-ultrasound-classification/results/segmentation/unet_baseline/train/predicted_masks/1000_pred.png,471,287,0.264955,False,,/home/jvillanueva/projects/ovarian-tumor-ultrasound-classification/data/processed/MMOTU_OTU_2D_roi_pred/train/images/1000.png
1003,train,B,/home/jvillanueva/projects/ovarian-tumor-ultrasound-classification/data/processed/MMOTU_OTU_2D_experimental/train/images/1003.JPG,/home/jvillanueva/projects/ovarian-tumor-ultrasound-classification/results/segmentation/unet_baseline/train/predicted_masks/1003_pred.png,239,220,0.103362,False,,/home/jvillanueva/projects/ovarian-tumor-ultrasound-classification/data/processed/MMOTU_OTU_2D_roi_pred/train/images/1003.png
1004,train,B,/home/jvillanueva/projects/ovarian-tumor-ultrasound-classification/data/processed/MMOTU_OTU_2D_experimental/train/images/1004.JPG,/home/jvillanueva/projects/ovarian-tumor-ultrasound-classification/results/segmentation/unet_baseline/train/predicted_masks/1004_pred.png,157,92,0.028773,False,,/home/jvillanueva/projects/ovarian-tumor-ultrasound-classification/data/processed/MMOTU_OTU_2D_roi_pred/train/images/1004.png
1006,train,B,/home/jvillanueva/projects/ovarian-tumor-ultrasound-classification/data/processed/MMOTU_OTU_2D_experimental/train/images/1006.JPG,/home/jvillanueva/projects/ovarian-tumor-ultrasound-classification/results/segmentation/unet_baseline/train/predicted_masks/1006_pred.png,216,172,0.073219,False,,/home/jvillanueva/projects/ovarian-tumor-ultrasound-classification/data/processed/MMOTU_OTU_2D_roi_pred/train/images/1006.png
1008,train,B,/home/jvillanueva/projects/ovarian-tumor-ultrasound-classification/data/processed/MMOTU_OTU_2D_experimental/train/images/1008.JPG,/home/jvillanueva/projects/ovarian-tumor-ultrasound-classification/results/segmentation/unet_baseline/train/predicted_masks/1008_pred.png,179,144,0.050979,False,,/home/jvillanueva/projects/ovarian-tumor-ultrasound-classification/data/processed/MMOTU_OTU_2D_roi_pred/train/images/1008.png
1009,train,B,/home/jvillanueva/projects/ovarian-tumor-ultrasound-classification/data/processed/MMOTU_OTU_2D_experimental/train/images/1009.JPG,/home/jvillanueva/projects/ovarian-tumor-ultrasound-classification/results/segmentation/unet_baseline/train/predicted_masks/1009_pred.png,146,82,0.023099,False,,/home/jvillanueva/projects/ovarian-tumor-ultrasound-classification/data/processed/MMOTU_OTU_2D_roi_pred/train/images/1009.png
1015,train,B,/home/jvillanueva/projects/ovarian-tumor-ultrasound-classification/data/processed/MMOTU_OTU_2D_experimental/train/images/1015.JPG,/home/jvillanueva/projects/ovarian-tumor-ultrasound-classification/results/segmentation/unet_baseline/train/predicted_masks/1015_pred.png,53,49,0.010245,False,,/home/jvillanueva/projects/ovarian-tumor-ultrasound-classification/data/processed/MMOTU_OTU_2D_roi_pred/train/images/1015.png
1019,train,B,/home/jvillanueva/projects/ovarian-tumor-ultrasound-classification/data/processed/MMOTU_OTU_2D_experimental/train/images/1019.JPG,/home/jvillanueva/projects/ovarian-tumor-ultrasound-classification/results/segmentation/unet_baseline/train/predicted_masks/1019_pred.png,375,341,0.386161,False,,/home/jvillanueva/projects/ovarian-tumor-ultrasound-classification/data/processed/MMOTU_OTU_2D_roi_pred/train/images/1019.png
1020,train,B,/home/jvillanueva/projects/ovarian-tumor-ultrasound-classification/data/processed/MMOTU_OTU_2D_experimental/train/images/1020.JPG,/home/jvillanueva/projects/ovarian-tumor-ultrasound-classification/results/segmentation/unet_baseline/train/predicted_masks/1020_pred.png,382,328,0.372711,False,,/home/jvillanueva/projects/ovarian-tumor-ultrasound-classification/data/processed/MMOTU_OTU_2D_roi_pred/train/images/1020.png
1021,train,B,/home/jvillanueva/projects/ovarian-tumor-ultrasound-classification/data/processed/MMOTU_OTU_2D_experimental/train/images/1021.JPG,/home/jvillanueva/projects/ovarian-tumor-ultrasound-classification/results/segmentation/unet_baseline/train/predicted_masks/1021_pred.png,309,293,0.275306,False,,/home/jvillanueva/projects/ovarian-tumor-ultrasound-classification/data/processed/MMOTU_OTU_2D_roi_pred/train/images/1021.png
1027,train,B,/home/jvillanueva/projects/ovarian-tumor-ultrasound-classification/data/processed/MMOTU_OTU_2D_experimental/train/images/1027.JPG,/home/jvillanueva/projects/ovarian-tumor-ultrasound-classification/results/segmentation/unet_baseline/train/predicted_masks/1027_pred.png,208,182,0.150564,False,,/home/jvillanueva/projects/ovarian-tumor-ultrasound-classification/data/processed/MMOTU_OTU_2D_roi_pred/train/images/1027.png
1028,train,B,/home/jvillanueva/projects/ovarian-tumor-ultrasound-classification/data/processed/MMOTU_OTU_2D_experimental/train/images/1028.JPG,/home/jvillanueva/projects/ovarian-tumor-ultrasound-classification/results/segmentation/unet_baseline/train/predicted_masks/1028_pred.png,502,510,0.513481,False,,/home/jvillanueva/projects/ovarian-tumor-ultrasound-classification/data/processed/MMOTU_OTU_2D_roi_pred/train/images/1028.png
1029,train,B,/home/jvillanueva/projects/ovarian-tumor-ultrasound-classification/data/processed/MMOTU_OTU_2D_experimental/train/images/1029.JPG,/home/jvillanueva/projects/ovarian-tumor-ultrasound-classification/results/segmentation/unet_baseline/train/predicted_masks/1029_pred.png,332,339,0.227512,False,,/home/jvillanueva/projects/ovarian-tumor-ultrasound-classification/data/processed/MMOTU_OTU_2D_roi_pred/train/images/1029.png
103,train,B,/home/jvillanueva/projects/ovarian-tumor-ultrasound-classification/data/processed/MMOTU_OTU_2D_experimental/train/images/103.JPG,/home/jvillanueva/projects/ovarian-tumor-ultrasound-classification/results/segmentation/unet_baseline/train/predicted_masks/103_pred.png,555,435,0.472915,False,,/home/jvillanueva/projects/ovarian-tumor-ultrasound-classification/data/processed/MMOTU_OTU_2D_roi_pred/train/images/103.png
1031,train,B,/home/jvillanueva/projects/ovarian-tumor-ultrasound-classification/data/processed/MMOTU_OTU_2D_experimental/train/images/1031.JPG,/home/jvillanueva/projects/ovarian-tumor-ultrasound-classification/results/segmentation/unet_baseline/train/predicted_masks/1031_pred.png,255,202,0.101364,False,,/home/jvillanueva/projects/ovarian-tumor-ultrasound-classification/data/processed/MMOTU_OTU_2D_roi_pred/train/images/1031.png
1034,train,B,/home/jvillanueva/projects/ovarian-tumor-ultrasound-classification/data/processed/MMOTU_OTU_2D_experimental/train/images/1034.JPG,/home/jvillanueva/projects/ovarian-tumor-ultrasound-classification/results/segmentation/unet_baseline/train/predicted_masks/1034_pred.png,204,190,0.154131,False,,/home/jvillanueva/projects/ovarian-tumor-ultrasound-classification/data/processed/MMOTU_OTU_2D_roi_pred/train/images/1034.png
1036,train,B,/home/jvillanueva/projects/ovarian-tumor-ultrasound-classification/data/processed/MMOTU_OTU_2D_experimental/train/images/1036.JPG,/home/jvillanueva/projects/ovarian-tumor-ultrasound-classification/results/segmentation/unet_baseline/train/predicted_masks/1036_pred.png,216,207,0.082813,False,,/home/jvillanueva/projects/ovarian-tumor-ultrasound-classification/data/processed/MMOTU_OTU_2D_roi_pred/train/images/1036.png
1037,train,B,/home/jvillanueva/projects/ovarian-tumor-ultrasound-classification/data/processed/MMOTU_OTU_2D_experimental/train/images/1037.JPG,/home/jvillanueva/projects/ovarian-tumor-ultrasound-classification/results/segmentation/unet_baseline/train/predicted_masks/1037_pred.png,671,392,0.512067,False,,/home/jvillanueva/projects/ovarian-tumor-ultrasound-classification/data/processed/MMOTU_OTU_2D_roi_pred/train/images/1037.png
104,train,B,/home/jvillanueva/projects/ovarian-tumor-ultrasound-classification/data/processed/MMOTU_OTU_2D_experimental/train/images/104.JPG,/home/jvillanueva/projects/ovarian-tumor-ultrasound-classification/results/segmentation/unet_baseline/train/predicted_masks/104_pred.png,434,459,0.406,False,,/home/jvillanueva/projects/ovarian-tumor-ultrasound-classification/data/processed/MMOTU_OTU_2D_roi_pred/train/images/104.png
1040,train,B,/home/jvillanueva/projects/ovarian-tumor-ultrasound-classification/data/processed/MMOTU_OTU_2D_experimental/train/images/1040.JPG,/home/jvillanueva/projects/ovarian-tumor-ultrasound-classification/results/segmentation/unet_baseline/train/predicted_masks/1040_pred.png,94,109,0.020294,False,,/home/jvillanueva/projects/ovarian-tumor-ultrasound-classification/data/processed/MMOTU_OTU_2D_roi_pred/train/images/1040.png
1041,train,B,/home/jvillanueva/projects/ovarian-tumor-ultrasound-classification/data/processed/MMOTU_OTU_2D_experimental/train/images/1041.JPG,/home/jvillanueva/projects/ovarian-tumor-ultrasound-classification/results/segmentation/unet_baseline/train/predicted_masks/1041_pred.png,718,420,0.456134,False,,/home/jvillanueva/projects/ovarian-tumor-ultrasound-classification/data/processed/MMOTU_OTU_2D_roi_pred/train/images/1041.png
1043,train,B,/home/jvillanueva/projects/ovarian-tumor-ultrasound-classification/data/processed/MMOTU_OTU_2D_experimental/train/images/1043.JPG,/home/jvillanueva/projects/ovarian-tumor-ultrasound-classification/results/segmentation/unet_baseline/train/predicted_masks/1043_pred.png,360,321,0.236276,False,,/home/jvillanueva/projects/ovarian-tumor-ultrasound-classification/data/processed/MMOTU_OTU_2D_roi_pred/train/images/1043.png
1044,train,B,/home/jvillanueva/projects/ovarian-tumor-ultrasound-classification/data/processed/MMOTU_OTU_2D_experimental/train/images/1044.JPG,/home/jvillanueva/projects/ovarian-tumor-ultrasound-classification/results/segmentation/unet_baseline/train/predicted_masks/1044_pred.png,566,386,0.431471,False,,/home/jvillanueva/projects/ovarian-tumor-ultrasound-classification/data/processed/MMOTU_OTU_2D_roi_pred/train/images/1044.png
1045,train,B,/home/jvillanueva/projects/ovarian-tumor-ultrasound-classification/data/processed/MMOTU_OTU_2D_experimental/train/images/1045.JPG,/home/jvillanueva/projects/ovarian-tumor-ultrasound-classification/results/segmentation/unet_baseline/train/predicted_masks/1045_pred.png,608,322,0.383013,False,,/home/jvillanueva/projects/ovarian-tumor-ultrasound-classification/data/processed/MMOTU_OTU_2D_roi_pred/train/images/1045.png
1047,train,B,/home/jvillanueva/projects/ovarian-tumor-ultrasound-classification/data/processed/MMOTU_OTU_2D_experimental/train/images/1047.JPG,/home/jvillanueva/projects/ovarian-tumor-ultrasound-classification/results/segmentation/unet_baseline/train/predicted_masks/1047_pred.png,581,335,0.379528,False,,/home/jvillanueva/projects/ovarian-tumor-ultrasound-classification/data/processed/MMOTU_OTU_2D_roi_pred/train/images/1047.png
1048,train,B,/home/jvillanueva/projects/ovarian-tumor-ultrasound-classification/data/processed/MMOTU_OTU_2D_experimental/train/images/1048.JPG,/home/jvillanueva/projects/ovarian-tumor-ultrasound-classification/results/segmentation/unet_baseline/train/predicted_masks/1048_pred.png,372,365,0.269224,False,,/home/jvillanueva/projects/ovarian-tumor-ultrasound-classification/data/processed/MMOTU_OTU_2D_roi_pred/train/images/1048.png
105,train,B,/home/jvillanueva/projects/ovarian-tumor-ultrasound-classification/data/processed/MMOTU_OTU_2D_experimental/train/images/105.JPG,/home/jvillanueva/projects/ovarian-tumor-ultrasound-classification/results/segmentation/unet_baseline/train/predicted_masks/105_pred.png,420,483,0.412878,False,,/home/jvillanueva/projects/ovarian-tumor-ultrasound-classification/data/processed/MMOTU_OTU_2D_roi_pred/train/images/105.png
1051,train,B,/home/jvillanueva/projects/ovarian-tumor-ultrasound-classification/data/processed/MMOTU_OTU_2D_experimental/train/images/1051.JPG,/home/jvillanueva/projects/ovarian-tumor-ultrasound-classification/results/segmentation/unet_baseline/train/predicted_masks/1051_pred.png,454,369,0.32898,False,,/home/jvillanueva/projects/ovarian-tumor-ultrasound-classification/data/processed/MMOTU_OTU_2D_roi_pred/train/images/1051.png
1052,train,B,/home/jvillanueva/projects/ovarian-tumor-ultrasound-classification/data/processed/MMOTU_OTU_2D_experimental/train/images/1052.JPG,/home/jvillanueva/projects/ovarian-tumor-ultrasound-classification/results/segmentation/unet_baseline/train/predicted_masks/1052_pred.png,433,393,0.674116,False,,/home/jvillanueva/projects/ovarian-tumor-ultrasound-classification/data/processed/MMOTU_OTU_2D_roi_pred/train/images/1052.png
1053,train,B,/home/jvillanueva/projects/ovarian-tumor-ultrasound-classification/data/processed/MMOTU_OTU_2D_experimental/train/images/1053.JPG,/home/jvillanueva/projects/ovarian-tumor-ultrasound-classification/results/segmentation/unet_baseline/train/predicted_masks/1053_pred.png,304,228,0.271543,False,,/home/jvillanueva/projects/ovarian-tumor-ultrasound-classification/data/processed/MMOTU_OTU_2D_roi_pred/train/images/1053.png
1057,train,B,/home/jvillanueva/projects/ovarian-tumor-ultrasound-classification/data/processed/MMOTU_OTU_2D_experimental/train/images/1057.JPG,/home/jvillanueva/projects/ovarian-tumor-ultrasound-classification/results/segmentation/unet_baseline/train/predicted_masks/1057_pred.png,225,224,0.151154,False,,/home/jvillanueva/projects/ovarian-tumor-ultrasound-classification/data/processed/MMOTU_OTU_2D_roi_pred/train/images/1057.png
1058,train,B,/home/jvillanueva/projects/ovarian-tumor-ultrasound-classification/data/processed/MMOTU_OTU_2D_experimental/train/images/1058.JPG,/home/jvillanueva/projects/ovarian-tumor-ultrasound-classification/results/segmentation/unet_baseline/train/predicted_masks/1058_pred.png,557,516,0.8725,False,,/home/jvillanueva/projects/ovarian-tumor-ultrasound-classification/data/processed/MMOTU_OTU_2D_roi_pred/train/images/1058.png
106,train,B,/home/jvillanueva/projects/ovarian-tumor-ultrasound-classification/data/processed/MMOTU_OTU_2D_experimental/train/images/106.JPG,/home/jvillanueva/projects/ovarian-tumor-ultrasound-classification/results/segmentation/unet_baseline/train/predicted_masks/106_pred.png,111,129,0.027961,False,,/home/jvillanueva/projects/ovarian-tumor-ultrasound-classification/data/processed/MMOTU_OTU_2D_roi_pred/train/images/106.png
1060,train,B,/home/jvillanueva/projects/ovarian-tumor-ultrasound-classification/data/processed/MMOTU_OTU_2D_experimental/train/images/1060.JPG,/home/jvillanueva/projects/ovarian-tumor-ultrasound-classification/results/segmentation/unet_baseline/train/predicted_masks/1060_pred.png,338,309,0.208567,False,,/home/jvillanueva/projects/ovarian-tumor-ultrasound-classification/data/processed/MMOTU_OTU_2D_roi_pred/train/images/1060.png
1063,train,B,/home/jvillanueva/projects/ovarian-tumor-ultrasound-classification/data/processed/MMOTU_OTU_2D_experimental/train/images/1063.JPG,/home/jvillanueva/projects/ovarian-tumor-ultrasound-classification/results/segmentation/unet_baseline/train/predicted_masks/1063_pred.png,225,177,0.076357,False,,/home/jvillanueva/projects/ovarian-tumor-ultrasound-classification/data/processed/MMOTU_OTU_2D_roi_pred/train/images/1063.png
1064,train,B,/home/jvillanueva/projects/ovarian-tumor-ultrasound-classification/data/processed/MMOTU_OTU_2D_experimental/train/images/1064.JPG,/home/jvillanueva/projects/ovarian-tumor-ultrasound-classification/results/segmentation/unet_baseline/train/predicted_masks/1064_pred.png,355,307,0.216732,False,,/home/jvillanueva/projects/ovarian-tumor-ultrasound-classification/data/processed/MMOTU_OTU_2D_roi_pred/train/images/1064.png
1067,train,B,/home/jvillanueva/projects/ovarian-tumor-ultrasound-classification/data/processed/MMOTU_OTU_2D_experimental/train/images/1067.JPG,/home/jvillanueva/projects/ovarian-tumor-ultrasound-classification/results/segmentation/unet_baseline/train/predicted_masks/1067_pred.png,112,109,0.047888,False,,/home/jvillanueva/projects/ovarian-tumor-ultrasound-classification/data/processed/MMOTU_OTU_2D_roi_pred/train/images/1067.png
1068,train,B,/home/jvillanueva/projects/ovarian-tumor-ultrasound-classification/data/processed/MMOTU_OTU_2D_experimental/train/images/1068.JPG,/home/jvillanueva/projects/ovarian-tumor-ultrasound-classification/results/segmentation/unet_baseline/train/predicted_masks/1068_pred.png,178,191,0.143099,False,,/home/jvillanueva/projects/ovarian-tumor-ultrasound-classification/data/processed/MMOTU_OTU_2D_roi_pred/train/images/1068.png
1069,train,B,/home/jvillanueva/projects/ovarian-tumor-ultrasound-classification/data/processed/MMOTU_OTU_2D_experimental/train/images/1069.JPG,/home/jvillanueva/projects/ovarian-tumor-ultrasound-classification/results/segmentation/unet_baseline/train/predicted_masks/1069_pred.png,153,101,0.062391,False,,/home/jvillanueva/projects/ovarian-tumor-ultrasound-classification/data/processed/MMOTU_OTU_2D_roi_pred/train/images/1069.png
1070,train,B,/home/jvillanueva/projects/ovarian-tumor-ultrasound-classification/data/processed/MMOTU_OTU_2D_experimental/train/images/1070.JPG,/home/jvillanueva/projects/ovarian-tumor-ultrasound-classification/results/segmentation/unet_baseline/train/predicted_masks/1070_pred.png,646,478,0.608286,False,,/home/jvillanueva/projects/ovarian-tumor-ultrasound-classification/data/processed/MMOTU_OTU_2D_roi_pred/train/images/1070.png
1072,train,B,/home/jvillanueva/projects/ovarian-tumor-ultrasound-classification/data/processed/MMOTU_OTU_2D_experimental/train/images/1072.JPG,/home/jvillanueva/projects/ovarian-tumor-ultrasound-classification/results/segmentation/unet_baseline/train/predicted_masks/1072_pred.png,657,399,0.518691,False,,/home/jvillanueva/projects/ovarian-tumor-ultrasound-classification/data/processed/MMOTU_OTU_2D_roi_pred/train/images/1072.png
1074,train,B,/home/jvillanueva/projects/ovarian-tumor-ultrasound-classification/data/processed/MMOTU_OTU_2D_experimental/train/images/1074.JPG,/home/jvillanueva/projects/ovarian-tumor-ultrasound-classification/results/segmentation/unet_baseline/train/predicted_masks/1074_pred.png,152,101,0.062263,False,,/home/jvillanueva/projects/ovarian-tumor-ultrasound-classification/data/processed/MMOTU_OTU_2D_roi_pred/train/images/1074.png
108,train,B,/home/jvillanueva/projects/ovarian-tumor-ultrasound-classification/data/processed/MMOTU_OTU_2D_experimental/train/images/108.JPG,/home/jvillanueva/projects/ovarian-tumor-ultrasound-classification/results/segmentation/unet_baseline/train/predicted_masks/108_pred.png,291,195,0.110831,False,,/home/jvillanueva/projects/ovarian-tumor-ultrasound-classification/data/processed/MMOTU_OTU_2D_roi_pred/train/images/108.png
1080,train,B,/home/jvillanueva/projects/ovarian-tumor-ultrasound-classification/data/processed/MMOTU_OTU_2D_experimental/train/images/1080.JPG,/home/jvillanueva/projects/ovarian-tumor-ultrasound-classification/results/segmentation/unet_baseline/train/predicted_masks/1080_pred.png,310,248,0.152756,False,,/home/jvillanueva/projects/ovarian-tumor-ultrasound-classification/data/processed/MMOTU_OTU_2D_roi_pred/train/images/1080.png
1084,train,B,/home/jvillanueva/projects/ovarian-tumor-ultrasound-classification/data/processed/MMOTU_OTU_2D_experimental/train/images/1084.JPG,/home/jvillanueva/projects/ovarian-tumor-ultrasound-classification/results/segmentation/unet_baseline/train/predicted_masks/1084_pred.png,467,298,0.556397,False,,/home/jvillanueva/projects/ovarian-tumor-ultrasound-classification/data/processed/MMOTU_OTU_2D_roi_pred/train/images/1084.png
1087,train,B,/home/jvillanueva/projects/ovarian-tumor-ultrasound-classification/data/processed/MMOTU_OTU_2D_experimental/train/images/1087.JPG,/home/jvillanueva/projects/ovarian-tumor-ultrasound-classification/results/segmentation/unet_baseline/train/predicted_masks/1087_pred.png,602,532,0.519053,False,,/home/jvillanueva/projects/ovarian-tumor-ultrasound-classification/data/processed/MMOTU_OTU_2D_roi_pred/train/images/1087.png
109,train,B,/home/jvillanueva/projects/ovarian-tumor-ultrasound-classification/data/processed/MMOTU_OTU_2D_experimental/train/images/109.JPG,/home/jvillanueva/projects/ovarian-tumor-ultrasound-classification/results/segmentation/unet_baseline/train/predicted_masks/109_pred.png,228,188,0.08435,False,,/home/jvillanueva/projects/ovarian-tumor-ultrasound-classification/data/processed/MMOTU_OTU_2D_roi_pred/train/images/109.png
1093,train,B,/home/jvillanueva/projects/ovarian-tumor-ultrasound-classification/data/processed/MMOTU_OTU_2D_experimental/train/images/1093.JPG,/home/jvillanueva/projects/ovarian-tumor-ultrasound-classification/results/segmentation/unet_baseline/train/predicted_masks/1093_pred.png,471,356,0.333733,False,,/home/jvillanueva/projects/ovarian-tumor-ultrasound-classification/data/processed/MMOTU_OTU_2D_roi_pred/train/images/1093.png
1094,train,B,/home/jvillanueva/projects/ovarian-tumor-ultrasound-classification/data/processed/MMOTU_OTU_2D_experimental/train/images/1094.JPG,/home/jvillanueva/projects/ovarian-tumor-ultrasound-classification/results/segmentation/unet_baseline/train/predicted_masks/1094_pred.png,206,243,0.154369,False,,/home/jvillanueva/projects/ovarian-tumor-ultrasound-classification/data/processed/MMOTU_OTU_2D_roi_pred/train/images/1094.png
1097,train,B,/home/jvillanueva/projects/ovarian-tumor-ultrasound-classification/data/processed/MMOTU_OTU_2D_experimental/train/images/1097.JPG,/home/jvillanueva/projects/ovarian-tumor-ultrasound-classification/results/segmentation/unet_baseline/train/predicted_masks/1097_pred.png,504,317,0.314337,False,,/home/jvillanueva/projects/ovarian-tumor-ultrasound-classification/data/processed/MMOTU_OTU_2D_roi_pred/train/images/1097.png
1098,train,B,/home/jvillanueva/projects/ovarian-tumor-ultrasound-classification/data/processed/MMOTU_OTU_2D_experimental/train/images/1098.JPG,/home/jvillanueva/projects/ovarian-tumor-ultrasound-classification/results/segmentation/unet_baseline/train/predicted_masks/1098_pred.png,160,140,0.04484,False,,/home/jvillanueva/projects/ovarian-tumor-ultrasound-classification/data/processed/MMOTU_OTU_2D_roi_pred/train/images/1098.png
1099,train,B,/home/jvillanueva/projects/ovarian-tumor-ultrasound-classification/data/processed/MMOTU_OTU_2D_experimental/train/images/1099.JPG,/home/jvillanueva/projects/ovarian-tumor-ultrasound-classification/results/segmentation/unet_baseline/train/predicted_masks/1099_pred.png,389,300,0.232031,False,,/home/jvillanueva/projects/ovarian-tumor-ultrasound-classification/data/processed/MMOTU_OTU_2D_roi_pred/train/images/1099.png
110,train,B,/home/jvillanueva/projects/ovarian-tumor-ultrasound-classification/data/processed/MMOTU_OTU_2D_experimental/train/images/110.JPG,/home/jvillanueva/projects/ovarian-tumor-ultrasound-classification/results/segmentation/unet_baseline/train/predicted_masks/110_pred.png,170,120,0.03991,False,,/home/jvillanueva/projects/ovarian-tumor-ultrasound-classification/data/processed/MMOTU_OTU_2D_roi_pred/train/images/110.png
1100,train,B,/home/jvillanueva/projects/ovarian-tumor-ultrasound-classification/data/processed/MMOTU_OTU_2D_experimental/train/images/1100.JPG,/home/jvillanueva/projects/ovarian-tumor-ultrasound-classification/results/segmentation/unet_baseline/train/predicted_masks/1100_pred.png,291,274,0.119489,False,,/home/jvillanueva/projects/ovarian-tumor-ultrasound-classification/data/processed/MMOTU_OTU_2D_roi_pred/train/images/1100.png
1101,train,B,/home/jvillanueva/projects/ovarian-tumor-ultrasound-classification/data/processed/MMOTU_OTU_2D_experimental/train/images/1101.JPG,/home/jvillanueva/projects/ovarian-tumor-ultrasound-classification/results/segmentation/unet_baseline/train/predicted_masks/1101_pred.png,237,172,0.081219,False,,/home/jvillanueva/projects/ovarian-tumor-ultrasound-classification/data/processed/MMOTU_OTU_2D_roi_pred/train/images/1101.png
1102,train,B,/home/jvillanueva/projects/ovarian-tumor-ultrasound-classification/data/processed/MMOTU_OTU_2D_experimental/train/images/1102.JPG,/home/jvillanueva/projects/ovarian-tumor-ultrasound-classification/results/segmentation/unet_baseline/train/predicted_masks/1102_pred.png,220,187,0.081868,False,,/home/jvillanueva/projects/ovarian-tumor-ultrasound-classification/data/processed/MMOTU_OTU_2D_roi_pred/train/images/1102.png
1105,train,B,/home/jvillanueva/projects/ovarian-tumor-ultrasound-classification/data/processed/MMOTU_OTU_2D_experimental/train/images/1105.JPG,/home/jvillanueva/projects/ovarian-tumor-ultrasound-classification/results/segmentation/unet_baseline/train/predicted_masks/1105_pred.png,503,340,0.341039,False,,/home/jvillanueva/projects/ovarian-tumor-ultrasound-classification/data/processed/MMOTU_OTU_2D_roi_pred/train/images/1105.png
1106,train,B,/home/jvillanueva/projects/ovarian-tumor-ultrasound-classification/data/processed/MMOTU_OTU_2D_experimental/train/images/1106.JPG,/home/jvillanueva/projects/ovarian-tumor-ultrasound-classification/results/segmentation/unet_baseline/train/predicted_masks/1106_pred.png,595,517,0.464906,False,,/home/jvillanueva/projects/ovarian-tumor-ultrasound-classification/data/processed/MMOTU_OTU_2D_roi_pred/train/images/1106.png
1107,train,B,/home/jvillanueva/projects/ovarian-tumor-ultrasound-classification/data/processed/MMOTU_OTU_2D_experimental/train/images/1107.JPG,/home/jvillanueva/projects/ovarian-tumor-ultrasound-classification/results/segmentation/unet_baseline/train/predicted_masks/1107_pred.png,287,265,0.151823,False,,/home/jvillanueva/projects/ovarian-tumor-ultrasound-classification/data/processed/MMOTU_OTU_2D_roi_pred/train/images/1107.png
1110,train,B,/home/jvillanueva/projects/ovarian-tumor-ultrasound-classification/data/processed/MMOTU_OTU_2D_experimental/train/images/1110.JPG,/home/jvillanueva/projects/ovarian-tumor-ultrasound-classification/results/segmentation/unet_baseline/train/predicted_masks/1110_pred.png,229,272,0.12153,False,,/home/jvillanueva/projects/ovarian-tumor-ultrasound-classification/data/processed/MMOTU_OTU_2D_roi_pred/train/images/1110.png
1112,train,B,/home/jvillanueva/projects/ovarian-tumor-ultrasound-classification/data/processed/MMOTU_OTU_2D_experimental/train/images/1112.JPG,/home/jvillanueva/projects/ovarian-tumor-ultrasound-classification/results/segmentation/unet_baseline/train/predicted_masks/1112_pred.png,176,136,0.047142,False,,/home/jvillanueva/projects/ovarian-tumor-ultrasound-classification/data/processed/MMOTU_OTU_2D_roi_pred/train/images/1112.png
1113,train,B,/home/jvillanueva/projects/ovarian-tumor-ultrasound-classification/data/processed/MMOTU_OTU_2D_experimental/train/images/1113.JPG,/home/jvillanueva/projects/ovarian-tumor-ultrasound-classification/results/segmentation/unet_baseline/train/predicted_masks/1113_pred.png,170,136,0.045402,False,,/home/jvillanueva/projects/ovarian-tumor-ultrasound-classification/data/processed/MMOTU_OTU_2D_roi_pred/train/images/1113.png
1115,train,B,/home/jvillanueva/projects/ovarian-tumor-ultrasound-classification/data/processed/MMOTU_OTU_2D_experimental/train/images/1115.JPG,/home/jvillanueva/projects/ovarian-tumor-ultrasound-classification/results/segmentation/unet_baseline/train/predicted_masks/1115_pred.png,104,61,0.01225,False,,/home/jvillanueva/projects/ovarian-tumor-ultrasound-classification/data/processed/MMOTU_OTU_2D_roi_pred/train/images/1115.png
1116,train,B,/home/jvillanueva/projects/ovarian-tumor-ultrasound-classification/data/processed/MMOTU_OTU_2D_experimental/train/images/1116.JPG,/home/jvillanueva/projects/ovarian-tumor-ultrasound-classification/results/segmentation/unet_baseline/train/predicted_masks/1116_pred.png,621,436,0.527723,False,,/home/jvillanueva/projects/ovarian-tumor-ultrasound-classification/data/processed/MMOTU_OTU_2D_roi_pred/train/images/1116.png
1118,train,B,/home/jvillanueva/projects/ovarian-tumor-ultrasound-classification/data/processed/MMOTU_OTU_2D_experimental/train/images/1118.JPG,/home/jvillanueva/projects/ovarian-tumor-ultrasound-classification/results/segmentation/unet_baseline/train/predicted_masks/1118_pred.png,324,313,0.159906,False,,/home/jvillanueva/projects/ovarian-tumor-ultrasound-classification/data/processed/MMOTU_OTU_2D_roi_pred/train/images/1118.png
1120,train,B,/home/jvillanueva/projects/ovarian-tumor-ultrasound-classification/data/processed/MMOTU_OTU_2D_experimental/train/images/1120.JPG,/home/jvillanueva/projects/ovarian-tumor-ultrasound-classification/results/segmentation/unet_baseline/train/predicted_masks/1120_pred.png,236,139,0.068032,False,,/home/jvillanueva/projects/ovarian-tumor-ultrasound-classification/data/processed/MMOTU_OTU_2D_roi_pred/train/images/1120.png
1121,train,B,/home/jvillanueva/projects/ovarian-tumor-ultrasound-classification/data/processed/MMOTU_OTU_2D_experimental/train/images/1121.JPG,/home/jvillanueva/projects/ovarian-tumor-ultrasound-classification/results/segmentation/unet_baseline/train/predicted_masks/1121_pred.png,181,189,0.1338,False,,/home/jvillanueva/projects/ovarian-tumor-ultrasound-classification/data/processed/MMOTU_OTU_2D_roi_pred/train/images/1121.png
1125,train,B,/home/jvillanueva/projects/ovarian-tumor-ultrasound-classification/data/processed/MMOTU_OTU_2D_experimental/train/images/1125.JPG,/home/jvillanueva/projects/ovarian-tumor-ultrasound-classification/results/segmentation/unet_baseline/train/predicted_masks/1125_pred.png,520,444,0.448325,False,,/home/jvillanueva/projects/ovarian-tumor-ultrasound-classification/data/processed/MMOTU_OTU_2D_roi_pred/train/images/1125.png
1126,train,B,/home/jvillanueva/projects/ovarian-tumor-ultrasound-classification/data/processed/MMOTU_OTU_2D_experimental/train/images/1126.JPG,/home/jvillanueva/projects/ovarian-tumor-ultrasound-classification/results/segmentation/unet_baseline/train/predicted_masks/1126_pred.png,471,478,0.389493,False,,/home/jvillanueva/projects/ovarian-tumor-ultrasound-classification/data/processed/MMOTU_OTU_2D_roi_pred/train/images/1126.png
1127,train,B,/home/jvillanueva/projects/ovarian-tumor-ultrasound-classification/data/processed/MMOTU_OTU_2D_experimental/train/images/1127.JPG,/home/jvillanueva/projects/ovarian-tumor-ultrasound-classification/results/segmentation/unet_baseline/train/predicted_masks/1127_pred.png,187,92,0.034257,False,,/home/jvillanueva/projects/ovarian-tumor-ultrasound-classification/data/processed/MMOTU_OTU_2D_roi_pred/train/images/1127.png
1128,train,B,/home/jvillanueva/projects/ovarian-tumor-ultrasound-classification/data/processed/MMOTU_OTU_2D_experimental/train/images/1128.JPG,/home/jvillanueva/projects/ovarian-tumor-ultrasound-classification/results/segmentation/unet_baseline/train/predicted_masks/1128_pred.png,424,427,0.534767,False,,/home/jvillanueva/projects/ovarian-tumor-ultrasound-classification/data/processed/MMOTU_OTU_2D_roi_pred/train/images/1128.png
113,train,B,/home/jvillanueva/projects/ovarian-tumor-ultrasound-classification/data/processed/MMOTU_OTU_2D_experimental/train/images/113.JPG,/home/jvillanueva/projects/ovarian-tumor-ultrasound-classification/results/segmentation/unet_baseline/train/predicted_masks/113_pred.png,212,116,0.048111,False,,/home/jvillanueva/projects/ovarian-tumor-ultrasound-classification/data/processed/MMOTU_OTU_2D_roi_pred/train/images/113.png
1131,train,B,/home/jvillanueva/projects/ovarian-tumor-ultrasound-classification/data/processed/MMOTU_OTU_2D_experimental/train/images/1131.JPG,/home/jvillanueva/projects/ovarian-tumor-ultrasound-classification/results/segmentation/unet_baseline/train/predicted_masks/1131_pred.png,193,130,0.049364,False,,/home/jvillanueva/projects/ovarian-tumor-ultrasound-classification/data/processed/MMOTU_OTU_2D_roi_pred/train/images/1131.png
1136,train,B,/home/jvillanueva/projects/ovarian-tumor-ultrasound-classification/data/processed/MMOTU_OTU_2D_experimental/train/images/1136.JPG,/home/jvillanueva/projects/ovarian-tumor-ultrasound-classification/results/segmentation/unet_baseline/train/predicted_masks/1136_pred.png,229,214,0.14574,False,,/home/jvillanueva/projects/ovarian-tumor-ultrasound-classification/data/processed/MMOTU_OTU_2D_roi_pred/train/images/1136.png
1138,train,B,/home/jvillanueva/projects/ovarian-tumor-ultrasound-classification/data/processed/MMOTU_OTU_2D_experimental/train/images/1138.JPG,/home/jvillanueva/projects/ovarian-tumor-ultrasound-classification/results/segmentation/unet_baseline/train/predicted_masks/1138_pred.png,387,333,0.250847,False,,/home/jvillanueva/projects/ovarian-tumor-ultrasound-classification/data/processed/MMOTU_OTU_2D_roi_pred/train/images/1138.png
1139,train,B,/home/jvillanueva/projects/ovarian-tumor-ultrasound-classification/data/processed/MMOTU_OTU_2D_experimental/train/images/1139.JPG,/home/jvillanueva/projects/ovarian-tumor-ultrasound-classification/results/segmentation/unet_baseline/train/predicted_masks/1139_pred.png,449,374,0.642118,False,,/home/jvillanueva/projects/ovarian-tumor-ultrasound-classification/data/processed/MMOTU_OTU_2D_roi_pred/train/images/1139.png
1141,train,B,/home/jvillanueva/projects/ovarian-tumor-ultrasound-classification/data/processed/MMOTU_OTU_2D_experimental/train/images/1141.JPG,/home/jvillanueva/projects/ovarian-tumor-ultrasound-classification/results/segmentation/unet_baseline/train/predicted_masks/1141_pred.png,249,196,0.189339,False,,/home/jvillanueva/projects/ovarian-tumor-ultrasound-classification/data/processed/MMOTU_OTU_2D_roi_pred/train/images/1141.png
1142,train,B,/home/jvillanueva/projects/ovarian-tumor-ultrasound-classification/data/processed/MMOTU_OTU_2D_experimental/train/images/1142.JPG,/home/jvillanueva/projects/ovarian-tumor-ultrasound-classification/results/segmentation/unet_baseline/train/predicted_masks/1142_pred.png,242,241,0.114866,False,,/home/jvillanueva/projects/ovarian-tumor-ultrasound-classification/data/processed/MMOTU_OTU_2D_roi_pred/train/images/1142.png
1145,train,B,/home/jvillanueva/projects/ovarian-tumor-ultrasound-classification/data/processed/MMOTU_OTU_2D_experimental/train/images/1145.JPG,/home/jvillanueva/projects/ovarian-tumor-ultrasound-classification/results/segmentation/unet_baseline/train/predicted_masks/1145_pred.png,353,363,0.494251,False,,/home/jvillanueva/projects/ovarian-tumor-ultrasound-classification/data/processed/MMOTU_OTU_2D_roi_pred/train/images/1145.png
1146,train,B,/home/jvillanueva/projects/ovarian-tumor-ultrasound-classification/data/processed/MMOTU_OTU_2D_experimental/train/images/1146.JPG,/home/jvillanueva/projects/ovarian-tumor-ultrasound-classification/results/segmentation/unet_baseline/train/predicted_masks/1146_pred.png,385,369,0.281152,False,,/home/jvillanueva/projects/ovarian-tumor-ultrasound-classification/data/processed/MMOTU_OTU_2D_roi_pred/train/images/1146.png
1147,train,B,/home/jvillanueva/projects/ovarian-tumor-ultrasound-classification/data/processed/MMOTU_OTU_2D_experimental/train/images/1147.JPG,/home/jvillanueva/projects/ovarian-tumor-ultrasound-classification/results/segmentation/unet_baseline/train/predicted_masks/1147_pred.png,395,310,0.237581,False,,/home/jvillanueva/projects/ovarian-tumor-ultrasound-classification/data/processed/MMOTU_OTU_2D_roi_pred/train/images/1147.png
1148,train,B,/home/jvillanueva/projects/ovarian-tumor-ultrasound-classification/data/processed/MMOTU_OTU_2D_experimental/train/images/1148.JPG,/home/jvillanueva/projects/ovarian-tumor-ultrasound-classification/results/segmentation/unet_baseline/train/predicted_masks/1148_pred.png,297,320,0.186479,False,,/home/jvillanueva/projects/ovarian-tumor-ultrasound-classification/data/processed/MMOTU_OTU_2D_roi_pred/train/images/1148.png
1149,train,B,/home/jvillanueva/projects/ovarian-tumor-ultrasound-classification/data/processed/MMOTU_OTU_2D_experimental/train/images/1149.JPG,/home/jvillanueva/projects/ovarian-tumor-ultrasound-classification/results/segmentation/unet_baseline/train/predicted_masks/1149_pred.png,363,256,0.182525,False,,/home/jvillanueva/projects/ovarian-tumor-ultrasound-classification/data/processed/MMOTU_OTU_2D_roi_pred/train/images/1149.png
115,train,B,/home/jvillanueva/projects/ovarian-tumor-ultrasound-classification/data/processed/MMOTU_OTU_2D_experimental/train/images/115.JPG,/home/jvillanueva/projects/ovarian-tumor-ultrasound-classification/results/segmentation/unet_baseline/train/predicted_masks/115_pred.png,112,91,0.019906,False,,/home/jvillanueva/projects/ovarian-tumor-ultrasound-classification/data/processed/MMOTU_OTU_2D_roi_pred/train/images/115.png
1150,train,B,/home/jvillanueva/projects/ovarian-tumor-ultrasound-classification/data/processed/MMOTU_OTU_2D_experimental/train/images/1150.JPG,/home/jvillanueva/projects/ovarian-tumor-ultrasound-classification/results/segmentation/unet_baseline/train/predicted_masks/1150_pred.png,245,274,0.262831,False,,/home/jvillanueva/projects/ovarian-tumor-ultrasound-classification/data/processed/MMOTU_OTU_2D_roi_pred/train/images/1150.png
1151,train,B,/home/jvillanueva/projects/ovarian-tumor-ultrasound-classification/data/processed/MMOTU_OTU_2D_experimental/train/images/1151.JPG,/home/jvillanueva/projects/ovarian-tumor-ultrasound-classification/results/segmentation/unet_baseline/train/predicted_masks/1151_pred.png,372,267,0.195088,False,,/home/jvillanueva/projects/ovarian-tumor-ultrasound-classification/data/processed/MMOTU_OTU_2D_roi_pred/train/images/1151.png
1152,train,B,/home/jvillanueva/projects/ovarian-tumor-ultrasound-classification/data/processed/MMOTU_OTU_2D_experimental/train/images/1152.JPG,/home/jvillanueva/projects/ovarian-tumor-ultrasound-classification/results/segmentation/unet_baseline/train/predicted_masks/1152_pred.png,255,261,0.131329,False,,/home/jvillanueva/projects/ovarian-tumor-ultrasound-classification/data/processed/MMOTU_OTU_2D_roi_pred/train/images/1152.png
1153,train,B,/home/jvillanueva/projects/ovarian-tumor-ultrasound-classification/data/processed/MMOTU_OTU_2D_experimental/train/images/1153.JPG,/home/jvillanueva/projects/ovarian-tumor-ultrasound-classification/results/segmentation/unet_baseline/train/predicted_masks/1153_pred.png,712,366,0.358744,False,,/home/jvillanueva/projects/ovarian-tumor-ultrasound-classification/data/processed/MMOTU_OTU_2D_roi_pred/train/images/1153.png
1154,train,B,/home/jvillanueva/projects/ovarian-tumor-ultrasound-classification/data/processed/MMOTU_OTU_2D_experimental/train/images/1154.JPG,/home/jvillanueva/projects/ovarian-tumor-ultrasound-classification/results/segmentation/unet_baseline/train/predicted_masks/1154_pred.png,675,362,0.336385,False,,/home/jvillanueva/projects/ovarian-tumor-ultrasound-classification/data/processed/MMOTU_OTU_2D_roi_pred/train/images/1154.png
1155,train,B,/home/jvillanueva/projects/ovarian-tumor-ultrasound-classification/data/processed/MMOTU_OTU_2D_experimental/train/images/1155.JPG,/home/jvillanueva/projects/ovarian-tumor-ultrasound-classification/results/segmentation/unet_baseline/train/predicted_masks/1155_pred.png,549,579,0.43897,False,,/home/jvillanueva/projects/ovarian-tumor-ultrasound-classification/data/processed/MMOTU_OTU_2D_roi_pred/train/images/1155.png
1156,train,B,/home/jvillanueva/projects/ovarian-tumor-ultrasound-classification/data/processed/MMOTU_OTU_2D_experimental/train/images/1156.JPG,/home/jvillanueva/projects/ovarian-tumor-ultrasound-classification/results/segmentation/unet_baseline/train/predicted_masks/1156_pred.png,814,578,0.621485,False,,/home/jvillanueva/projects/ovarian-tumor-ultrasound-classification/data/processed/MMOTU_OTU_2D_roi_pred/train/images/1156.png
1158,train,B,/home/jvillanueva/projects/ovarian-tumor-ultrasound-classification/data/processed/MMOTU_OTU_2D_experimental/train/images/1158.JPG,/home/jvillanueva/projects/ovarian-tumor-ultrasound-classification/results/segmentation/unet_baseline/train/predicted_masks/1158_pred.png,664,483,0.477307,False,,/home/jvillanueva/projects/ovarian-tumor-ultrasound-classification/data/processed/MMOTU_OTU_2D_roi_pred/train/images/1158.png
1159,train,B,/home/jvillanueva/projects/ovarian-tumor-ultrasound-classification/data/processed/MMOTU_OTU_2D_experimental/train/images/1159.JPG,/home/jvillanueva/projects/ovarian-tumor-ultrasound-classification/results/segmentation/unet_baseline/train/predicted_masks/1159_pred.png,569,451,0.757983,False,,/home/jvillanueva/projects/ovarian-tumor-ultrasound-classification/data/processed/MMOTU_OTU_2D_roi_pred/train/images/1159.png
116,train,B,/home/jvillanueva/projects/ovarian-tumor-ultrasound-classification/data/processed/MMOTU_OTU_2D_experimental/train/images/116.JPG,/home/jvillanueva/projects/ovarian-tumor-ultrasound-classification/results/segmentation/unet_baseline/train/predicted_masks/116_pred.png,144,88,0.024864,False,,/home/jvillanueva/projects/ovarian-tumor-ultrasound-classification/data/processed/MMOTU_OTU_2D_roi_pred/train/images/116.png
1161,train,B,/home/jvillanueva/projects/ovarian-tumor-ultrasound-classification/data/processed/MMOTU_OTU_2D_experimental/train/images/1161.JPG,/home/jvillanueva/projects/ovarian-tumor-ultrasound-classification/results/segmentation/unet_baseline/train/predicted_masks/1161_pred.png,308,385,0.46157,False,,/home/jvillanueva/projects/ovarian-tumor-ultrasound-classification/data/processed/MMOTU_OTU_2D_roi_pred/train/images/1161.png
1163,train,B,/home/jvillanueva/projects/ovarian-tumor-ultrasound-classification/data/processed/MMOTU_OTU_2D_experimental/train/images/1163.JPG,/home/jvillanueva/projects/ovarian-tumor-ultrasound-classification/results/segmentation/unet_baseline/train/predicted_masks/1163_pred.png,374,346,0.251693,False,,/home/jvillanueva/projects/ovarian-tumor-ultrasound-classification/data/processed/MMOTU_OTU_2D_roi_pred/train/images/1163.png
1164,train,B,/home/jvillanueva/projects/ovarian-tumor-ultrasound-classification/data/processed/MMOTU_OTU_2D_experimental/train/images/1164.JPG,/home/jvillanueva/projects/ovarian-tumor-ultrasound-classification/results/segmentation/unet_baseline/train/predicted_masks/1164_pred.png,220,290,0.190057,False,,/home/jvillanueva/projects/ovarian-tumor-ultrasound-classification/data/processed/MMOTU_OTU_2D_roi_pred/train/images/1164.png
1165,train,B,/home/jvillanueva/projects/ovarian-tumor-ultrasound-classification/data/processed/MMOTU_OTU_2D_experimental/train/images/1165.JPG,/home/jvillanueva/projects/ovarian-tumor-ultrasound-classification/results/segmentation/unet_baseline/train/predicted_masks/1165_pred.png,337,229,0.226786,False,,/home/jvillanueva/projects/ovarian-tumor-ultrasound-classification/data/processed/MMOTU_OTU_2D_roi_pred/train/images/1165.png
1166,train,B,/home/jvillanueva/projects/ovarian-tumor-ultrasound-classification/data/processed/MMOTU_OTU_2D_experimental/train/images/1166.JPG,/home/jvillanueva/projects/ovarian-tumor-ultrasound-classification/results/segmentation/unet_baseline/train/predicted_masks/1166_pred.png,293,279,0.243093,False,,/home/jvillanueva/projects/ovarian-tumor-ultrasound-classification/data/processed/MMOTU_OTU_2D_roi_pred/train/images/1166.png
1168,train,B,/home/jvillanueva/projects/ovarian-tumor-ultrasound-classification/data/processed/MMOTU_OTU_2D_experimental/train/images/1168.JPG,/home/jvillanueva/projects/ovarian-tumor-ultrasound-classification/results/segmentation/unet_baseline/train/predicted_masks/1168_pred.png,242,312,0.225687,False,,/home/jvillanueva/projects/ovarian-tumor-ultrasound-classification/data/processed/MMOTU_OTU_2D_roi_pred/train/images/1168.png
1174,train,B,/home/jvillanueva/projects/ovarian-tumor-ultrasound-classification/data/processed/MMOTU_OTU_2D_experimental/train/images/1174.JPG,/home/jvillanueva/projects/ovarian-tumor-ultrasound-classification/results/segmentation/unet_baseline/train/predicted_masks/1174_pred.png,469,431,0.505646,False,,/home/jvillanueva/projects/ovarian-tumor-ultrasound-classification/data/processed/MMOTU_OTU_2D_roi_pred/train/images/1174.png
118,train,B,/home/jvillanueva/projects/ovarian-tumor-ultrasound-classification/data/processed/MMOTU_OTU_2D_experimental/train/images/118.JPG,/home/jvillanueva/projects/ovarian-tumor-ultrasound-classification/results/segmentation/unet_baseline/train/predicted_masks/118_pred.png,480,458,0.860902,False,,/home/jvillanueva/projects/ovarian-tumor-ultrasound-classification/data/processed/MMOTU_OTU_2D_roi_pred/train/images/118.png
1180,train,B,/home/jvillanueva/projects/ovarian-tumor-ultrasound-classification/data/processed/MMOTU_OTU_2D_experimental/train/images/1180.JPG,/home/jvillanueva/projects/ovarian-tumor-ultrasound-classification/results/segmentation/unet_baseline/train/predicted_masks/1180_pred.png,493,519,0.759592,False,,/home/jvillanueva/projects/ovarian-tumor-ultrasound-classification/data/processed/MMOTU_OTU_2D_roi_pred/train/images/1180.png
1182,train,B,/home/jvillanueva/projects/ovarian-tumor-ultrasound-classification/data/processed/MMOTU_OTU_2D_experimental/train/images/1182.JPG,/home/jvillanueva/projects/ovarian-tumor-ultrasound-classification/results/segmentation/unet_baseline/train/predicted_masks/1182_pred.png,515,489,0.373238,False,,/home/jvillanueva/projects/ovarian-tumor-ultrasound-classification/data/processed/MMOTU_OTU_2D_roi_pred/train/images/1182.png
1183,train,B,/home/jvillanueva/projects/ovarian-tumor-ultrasound-classification/data/processed/MMOTU_OTU_2D_experimental/train/images/1183.JPG,/home/jvillanueva/projects/ovarian-tumor-ultrasound-classification/results/segmentation/unet_baseline/train/predicted_masks/1183_pred.png,595,496,0.445457,False,,/home/jvillanueva/projects/ovarian-tumor-ultrasound-classification/data/processed/MMOTU_OTU_2D_roi_pred/train/images/1183.png
1185,train,B,/home/jvillanueva/projects/ovarian-tumor-ultrasound-classification/data/processed/MMOTU_OTU_2D_experimental/train/images/1185.JPG,/home/jvillanueva/projects/ovarian-tumor-ultrasound-classification/results/segmentation/unet_baseline/train/predicted_masks/1185_pred.png,489,513,0.743412,False,,/home/jvillanueva/projects/ovarian-tumor-ultrasound-classification/data/processed/MMOTU_OTU_2D_roi_pred/train/images/1185.png
1186,train,B,/home/jvillanueva/projects/ovarian-tumor-ultrasound-classification/data/processed/MMOTU_OTU_2D_experimental/train/images/1186.JPG,/home/jvillanueva/projects/ovarian-tumor-ultrasound-classification/results/segmentation/unet_baseline/train/predicted_masks/1186_pred.png,549,541,0.441674,False,,/home/jvillanueva/projects/ovarian-tumor-ultrasound-classification/data/processed/MMOTU_OTU_2D_roi_pred/train/images/1186.png
1187,train,B,/home/jvillanueva/projects/ovarian-tumor-ultrasound-classification/data/processed/MMOTU_OTU_2D_experimental/train/images/1187.JPG,/home/jvillanueva/projects/ovarian-tumor-ultrasound-classification/results/segmentation/unet_baseline/train/predicted_masks/1187_pred.png,531,517,0.409956,False,,/home/jvillanueva/projects/ovarian-tumor-ultrasound-classification/data/processed/MMOTU_OTU_2D_roi_pred/train/images/1187.png
119,train,B,/home/jvillanueva/projects/ovarian-tumor-ultrasound-classification/data/processed/MMOTU_OTU_2D_experimental/train/images/119.JPG,/home/jvillanueva/projects/ovarian-tumor-ultrasound-classification/results/segmentation/unet_baseline/train/predicted_masks/119_pred.png,349,336,0.460943,False,,/home/jvillanueva/projects/ovarian-tumor-ultrasound-classification/data/processed/MMOTU_OTU_2D_roi_pred/train/images/119.png
1191,train,B,/home/jvillanueva/projects/ovarian-tumor-ultrasound-classification/data/processed/MMOTU_OTU_2D_experimental/train/images/1191.JPG,/home/jvillanueva/projects/ovarian-tumor-ultrasound-classification/results/segmentation/unet_baseline/train/predicted_masks/1191_pred.png,385,324,0.244805,False,,/home/jvillanueva/projects/ovarian-tumor-ultrasound-classification/data/processed/MMOTU_OTU_2D_roi_pred/train/images/1191.png
1192,train,B,/home/jvillanueva/projects/ovarian-tumor-ultrasound-classification/data/processed/MMOTU_OTU_2D_experimental/train/images/1192.JPG,/home/jvillanueva/projects/ovarian-tumor-ultrasound-classification/results/segmentation/unet_baseline/train/predicted_masks/1192_pred.png,400,290,0.443317,False,,/home/jvillanueva/projects/ovarian-tumor-ultrasound-classification/data/processed/MMOTU_OTU_2D_roi_pred/train/images/1192.png
1193,train,B,/home/jvillanueva/projects/ovarian-tumor-ultrasound-classification/data/processed/MMOTU_OTU_2D_experimental/train/images/1193.JPG,/home/jvillanueva/projects/ovarian-tumor-ultrasound-classification/results/segmentation/unet_baseline/train/predicted_masks/1193_pred.png,251,260,0.474032,False,,/home/jvillanueva/projects/ovarian-tumor-ultrasound-classification/data/processed/MMOTU_OTU_2D_roi_pred/train/images/1193.png
1194,train,B,/home/jvillanueva/projects/ovarian-tumor-ultrasound-classification/data/processed/MMOTU_OTU_2D_experimental/train/images/1194.JPG,/home/jvillanueva/projects/ovarian-tumor-ultrasound-classification/results/segmentation/unet_baseline/train/predicted_masks/1194_pred.png,327,284,0.180669,False,,/home/jvillanueva/projects/ovarian-tumor-ultrasound-classification/data/processed/MMOTU_OTU_2D_roi_pred/train/images/1194.png
1195,train,B,/home/jvillanueva/projects/ovarian-tumor-ultrasound-classification/data/processed/MMOTU_OTU_2D_experimental/train/images/1195.JPG,/home/jvillanueva/projects/ovarian-tumor-ultrasound-classification/results/segmentation/unet_baseline/train/predicted_masks/1195_pred.png,502,445,0.43713,False,,/home/jvillanueva/projects/ovarian-tumor-ultrasound-classification/data/processed/MMOTU_OTU_2D_roi_pred/train/images/1195.png
1196,train,B,/home/jvillanueva/projects/ovarian-tumor-ultrasound-classification/data/processed/MMOTU_OTU_2D_experimental/train/images/1196.JPG,/home/jvillanueva/projects/ovarian-tumor-ultrasound-classification/results/segmentation/unet_baseline/train/predicted_masks/1196_pred.png,458,387,0.346473,False,,/home/jvillanueva/projects/ovarian-tumor-ultrasound-classification/data/processed/MMOTU_OTU_2D_roi_pred/train/images/1196.png
1197,train,B,/home/jvillanueva/projects/ovarian-tumor-ultrasound-classification/data/processed/MMOTU_OTU_2D_experimental/train/images/1197.JPG,/home/jvillanueva/projects/ovarian-tumor-ultrasound-classification/results/segmentation/unet_baseline/train/predicted_masks/1197_pred.png,464,389,0.35151,False,,/home/jvillanueva/projects/ovarian-tumor-ultrasound-classification/data/processed/MMOTU_OTU_2D_roi_pred/train/images/1197.png
1201,train,B,/home/jvillanueva/projects/ovarian-tumor-ultrasound-classification/data/processed/MMOTU_OTU_2D_experimental/train/images/1201.JPG,/home/jvillanueva/projects/ovarian-tumor-ultrasound-classification/results/segmentation/unet_baseline/train/predicted_masks/1201_pred.png,290,297,0.329617,False,,/home/jvillanueva/projects/ovarian-tumor-ultrasound-classification/data/processed/MMOTU_OTU_2D_roi_pred/train/images/1201.png
1202,train,B,/home/jvillanueva/projects/ovarian-tumor-ultrasound-classification/data/processed/MMOTU_OTU_2D_experimental/train/images/1202.JPG,/home/jvillanueva/projects/ovarian-tumor-ultrasound-classification/results/segmentation/unet_baseline/train/predicted_masks/1202_pred.png,144,207,0.058267,False,,/home/jvillanueva/projects/ovarian-tumor-ultrasound-classification/data/processed/MMOTU_OTU_2D_roi_pred/train/images/1202.png
1203,train,B,/home/jvillanueva/projects/ovarian-tumor-ultrasound-classification/data/processed/MMOTU_OTU_2D_experimental/train/images/1203.JPG,/home/jvillanueva/projects/ovarian-tumor-ultrasound-classification/results/segmentation/unet_baseline/train/predicted_masks/1203_pred.png,142,190,0.105282,False,,/home/jvillanueva/projects/ovarian-tumor-ultrasound-classification/data/processed/MMOTU_OTU_2D_roi_pred/train/images/1203.png
1204,train,B,/home/jvillanueva/projects/ovarian-tumor-ultrasound-classification/data/processed/MMOTU_OTU_2D_experimental/train/images/1204.JPG,/home/jvillanueva/projects/ovarian-tumor-ultrasound-classification/results/segmentation/unet_baseline/train/predicted_masks/1204_pred.png,140,176,0.048205,False,,/home/jvillanueva/projects/ovarian-tumor-ultrasound-classification/data/processed/MMOTU_OTU_2D_roi_pred/train/images/1204.png
1205,train,B,/home/jvillanueva/projects/ovarian-tumor-ultrasound-classification/data/processed/MMOTU_OTU_2D_experimental/train/images/1205.JPG,/home/jvillanueva/projects/ovarian-tumor-ultrasound-classification/results/segmentation/unet_baseline/train/predicted_masks/1205_pred.png,212,82,0.033982,False,,/home/jvillanueva/projects/ovarian-tumor-ultrasound-classification/data/processed/MMOTU_OTU_2D_roi_pred/train/images/1205.png
1206,train,B,/home/jvillanueva/projects/ovarian-tumor-ultrasound-classification/data/processed/MMOTU_OTU_2D_experimental/train/images/1206.JPG,/home/jvillanueva/projects/ovarian-tumor-ultrasound-classification/results/segmentation/unet_baseline/train/predicted_masks/1206_pred.png,304,332,0.19729,False,,/home/jvillanueva/projects/ovarian-tumor-ultrasound-classification/data/processed/MMOTU_OTU_2D_roi_pred/train/images/1206.png
1207,train,B,/home/jvillanueva/projects/ovarian-tumor-ultrasound-classification/data/processed/MMOTU_OTU_2D_experimental/train/images/1207.JPG,/home/jvillanueva/projects/ovarian-tumor-ultrasound-classification/results/segmentation/unet_baseline/train/predicted_masks/1207_pred.png,216,340,0.286886,False,,/home/jvillanueva/projects/ovarian-tumor-ultrasound-classification/data/processed/MMOTU_OTU_2D_roi_pred/train/images/1207.png
1209,train,B,/home/jvillanueva/projects/ovarian-tumor-ultrasound-classification/data/processed/MMOTU_OTU_2D_experimental/train/images/1209.JPG,/home/jvillanueva/projects/ovarian-tumor-ultrasound-classification/results/segmentation/unet_baseline/train/predicted_masks/1209_pred.png,300,215,0.126082,False,,/home/jvillanueva/projects/ovarian-tumor-ultrasound-classification/data/processed/MMOTU_OTU_2D_roi_pred/train/images/1209.png
121,train,B,/home/jvillanueva/projects/ovarian-tumor-ultrasound-classification/data/processed/MMOTU_OTU_2D_experimental/train/images/121.JPG,/home/jvillanueva/projects/ovarian-tumor-ultrasound-classification/results/segmentation/unet_baseline/train/predicted_masks/121_pred.png,243,208,0.199135,False,,/home/jvillanueva/projects/ovarian-tumor-ultrasound-classification/data/processed/MMOTU_OTU_2D_roi_pred/train/images/121.png
1210,train,B,/home/jvillanueva/projects/ovarian-tumor-ultrasound-classification/data/processed/MMOTU_OTU_2D_experimental/train/images/1210.JPG,/home/jvillanueva/projects/ovarian-tumor-ultrasound-classification/results/segmentation/unet_baseline/train/predicted_masks/1210_pred.png,229,201,0.089546,False,,/home/jvillanueva/projects/ovarian-tumor-ultrasound-classification/data/processed/MMOTU_OTU_2D_roi_pred/train/images/1210.png
1212,train,B,/home/jvillanueva/projects/ovarian-tumor-ultrasound-classification/data/processed/MMOTU_OTU_2D_experimental/train/images/1212.JPG,/home/jvillanueva/projects/ovarian-tumor-ultrasound-classification/results/segmentation/unet_baseline/train/predicted_masks/1212_pred.png,153,123,0.036483,False,,/home/jvillanueva/projects/ovarian-tumor-ultrasound-classification/data/processed/MMOTU_OTU_2D_roi_pred/train/images/1212.png
1213,train,B,/home/jvillanueva/projects/ovarian-tumor-ultrasound-classification/data/processed/MMOTU_OTU_2D_experimental/train/images/1213.JPG,/home/jvillanueva/projects/ovarian-tumor-ultrasound-classification/results/segmentation/unet_baseline/train/predicted_masks/1213_pred.png,197,196,0.075117,False,,/home/jvillanueva/projects/ovarian-tumor-ultrasound-classification/data/processed/MMOTU_OTU_2D_roi_pred/train/images/1213.png
1216,train,B,/home/jvillanueva/projects/ovarian-tumor-ultrasound-classification/data/processed/MMOTU_OTU_2D_experimental/train/images/1216.JPG,/home/jvillanueva/projects/ovarian-tumor-ultrasound-classification/results/segmentation/unet_baseline/train/predicted_masks/1216_pred.png,189,99,0.036813,False,,/home/jvillanueva/projects/ovarian-tumor-ultrasound-classification/data/processed/MMOTU_OTU_2D_roi_pred/train/images/1216.png
1219,train,B,/home/jvillanueva/projects/ovarian-tumor-ultrasound-classification/data/processed/MMOTU_OTU_2D_experimental/train/images/1219.JPG,/home/jvillanueva/projects/ovarian-tumor-ultrasound-classification/results/segmentation/unet_baseline/train/predicted_masks/1219_pred.png,523,276,0.283464,False,,/home/jvillanueva/projects/ovarian-tumor-ultrasound-classification/data/processed/MMOTU_OTU_2D_roi_pred/train/images/1219.png
122,train,B,/home/jvillanueva/projects/ovarian-tumor-ultrasound-classification/data/processed/MMOTU_OTU_2D_experimental/train/images/122.JPG,/home/jvillanueva/projects/ovarian-tumor-ultrasound-classification/results/segmentation/unet_baseline/train/predicted_masks/122_pred.png,298,193,0.226077,False,,/home/jvillanueva/projects/ovarian-tumor-ultrasound-classification/data/processed/MMOTU_OTU_2D_roi_pred/train/images/122.png
1220,train,B,/home/jvillanueva/projects/ovarian-tumor-ultrasound-classification/data/processed/MMOTU_OTU_2D_experimental/train/images/1220.JPG,/home/jvillanueva/projects/ovarian-tumor-ultrasound-classification/results/segmentation/unet_baseline/train/predicted_masks/1220_pred.png,383,311,0.457534,False,,/home/jvillanueva/projects/ovarian-tumor-ultrasound-classification/data/processed/MMOTU_OTU_2D_roi_pred/train/images/1220.png
1223,train,B,/home/jvillanueva/projects/ovarian-tumor-ultrasound-classification/data/processed/MMOTU_OTU_2D_experimental/train/images/1223.JPG,/home/jvillanueva/projects/ovarian-tumor-ultrasound-classification/results/segmentation/unet_baseline/train/predicted_masks/1223_pred.png,317,392,0.36766,False,,/home/jvillanueva/projects/ovarian-tumor-ultrasound-classification/data/processed/MMOTU_OTU_2D_roi_pred/train/images/1223.png
1225,train,B,/home/jvillanueva/projects/ovarian-tumor-ultrasound-classification/data/processed/MMOTU_OTU_2D_experimental/train/images/1225.JPG,/home/jvillanueva/projects/ovarian-tumor-ultrasound-classification/results/segmentation/unet_baseline/train/predicted_masks/1225_pred.png,590,520,0.456602,False,,/home/jvillanueva/projects/ovarian-tumor-ultrasound-classification/data/processed/MMOTU_OTU_2D_roi_pred/train/images/1225.png
1226,train,B,/home/jvillanueva/projects/ovarian-tumor-ultrasound-classification/data/processed/MMOTU_OTU_2D_experimental/train/images/1226.JPG,/home/jvillanueva/projects/ovarian-tumor-ultrasound-classification/results/segmentation/unet_baseline/train/predicted_masks/1226_pred.png,483,478,0.343603,False,,/home/jvillanueva/projects/ovarian-tumor-ultrasound-classification/data/processed/MMOTU_OTU_2D_roi_pred/train/images/1226.png
1227,train,B,/home/jvillanueva/projects/ovarian-tumor-ultrasound-classification/data/processed/MMOTU_OTU_2D_experimental/train/images/1227.JPG,/home/jvillanueva/projects/ovarian-tumor-ultrasound-classification/results/segmentation/unet_baseline/train/predicted_masks/1227_pred.png,395,299,0.232609,False,,/home/jvillanueva/projects/ovarian-tumor-ultrasound-classification/data/processed/MMOTU_OTU_2D_roi_pred/train/images/1227.png
1228,train,B,/home/jvillanueva/projects/ovarian-tumor-ultrasound-classification/data/processed/MMOTU_OTU_2D_experimental/train/images/1228.JPG,/home/jvillanueva/projects/ovarian-tumor-ultrasound-classification/results/segmentation/unet_baseline/train/predicted_masks/1228_pred.png,399,375,0.579403,False,,/home/jvillanueva/projects/ovarian-tumor-ultrasound-classification/data/processed/MMOTU_OTU_2D_roi_pred/train/images/1228.png
1231,train,B,/home/jvillanueva/projects/ovarian-tumor-ultrasound-classification/data/processed/MMOTU_OTU_2D_experimental/train/images/1231.JPG,/home/jvillanueva/projects/ovarian-tumor-ultrasound-classification/results/segmentation/unet_baseline/train/predicted_masks/1231_pred.png,645,484,0.611769,False,,/home/jvillanueva/projects/ovarian-tumor-ultrasound-classification/data/processed/MMOTU_OTU_2D_roi_pred/train/images/1231.png
1233,train,B,/home/jvillanueva/projects/ovarian-tumor-ultrasound-classification/data/processed/MMOTU_OTU_2D_experimental/train/images/1233.JPG,/home/jvillanueva/projects/ovarian-tumor-ultrasound-classification/results/segmentation/unet_baseline/train/predicted_masks/1233_pred.png,464,383,0.690444,False,,/home/jvillanueva/projects/ovarian-tumor-ultrasound-classification/data/processed/MMOTU_OTU_2D_roi_pred/train/images/1233.png
1236,train,B,/home/jvillanueva/projects/ovarian-tumor-ultrasound-classification/data/processed/MMOTU_OTU_2D_experimental/train/images/1236.JPG,/home/jvillanueva/projects/ovarian-tumor-ultrasound-classification/results/segmentation/unet_baseline/train/predicted_masks/1236_pred.png,530,422,0.667403,False,,/home/jvillanueva/projects/ovarian-tumor-ultrasound-classification/data/processed/MMOTU_OTU_2D_roi_pred/train/images/1236.png
1237,train,B,/home/jvillanueva/projects/ovarian-tumor-ultrasound-classification/data/processed/MMOTU_OTU_2D_experimental/train/images/1237.JPG,/home/jvillanueva/projects/ovarian-tumor-ultrasound-classification/results/segmentation/unet_baseline/train/predicted_masks/1237_pred.png,509,428,0.322588,False,,/home/jvillanueva/projects/ovarian-tumor-ultrasound-classification/data/processed/MMOTU_OTU_2D_roi_pred/train/images/1237.png
1239,train,B,/home/jvillanueva/projects/ovarian-tumor-ultrasound-classification/data/processed/MMOTU_OTU_2D_experimental/train/images/1239.JPG,/home/jvillanueva/projects/ovarian-tumor-ultrasound-classification/results/segmentation/unet_baseline/train/predicted_masks/1239_pred.png,528,427,0.66941,False,,/home/jvillanueva/projects/ovarian-tumor-ultrasound-classification/data/processed/MMOTU_OTU_2D_roi_pred/train/images/1239.png
1240,train,B,/home/jvillanueva/projects/ovarian-tumor-ultrasound-classification/data/processed/MMOTU_OTU_2D_experimental/train/images/1240.JPG,/home/jvillanueva/projects/ovarian-tumor-ultrasound-classification/results/segmentation/unet_baseline/train/predicted_masks/1240_pred.png,501,489,0.481913,False,,/home/jvillanueva/projects/ovarian-tumor-ultrasound-classification/data/processed/MMOTU_OTU_2D_roi_pred/train/images/1240.png
1243,train,B,/home/jvillanueva/projects/ovarian-tumor-ultrasound-classification/data/processed/MMOTU_OTU_2D_experimental/train/images/1243.JPG,/home/jvillanueva/projects/ovarian-tumor-ultrasound-classification/results/segmentation/unet_baseline/train/predicted_masks/1243_pred.png,431,400,0.338975,False,,/home/jvillanueva/projects/ovarian-tumor-ultrasound-classification/data/processed/MMOTU_OTU_2D_roi_pred/train/images/1243.png
1246,train,B,/home/jvillanueva/projects/ovarian-tumor-ultrasound-classification/data/processed/MMOTU_OTU_2D_experimental/train/images/1246.JPG,/home/jvillanueva/projects/ovarian-tumor-ultrasound-classification/results/segmentation/unet_baseline/train/predicted_masks/1246_pred.png,382,349,0.261094,False,,/home/jvillanueva/projects/ovarian-tumor-ultrasound-classification/data/processed/MMOTU_OTU_2D_roi_pred/train/images/1246.png
1247,train,B,/home/jvillanueva/projects/ovarian-tumor-ultrasound-classification/data/processed/MMOTU_OTU_2D_experimental/train/images/1247.JPG,/home/jvillanueva/projects/ovarian-tumor-ultrasound-classification/results/segmentation/unet_baseline/train/predicted_masks/1247_pred.png,389,307,0.235007,False,,/home/jvillanueva/projects/ovarian-tumor-ultrasound-classification/data/processed/MMOTU_OTU_2D_roi_pred/train/images/1247.png
1248,train,B,/home/jvillanueva/projects/ovarian-tumor-ultrasound-classification/data/processed/MMOTU_OTU_2D_experimental/train/images/1248.JPG,/home/jvillanueva/projects/ovarian-tumor-ultrasound-classification/results/segmentation/unet_baseline/train/predicted_masks/1248_pred.png,383,320,0.238878,False,,/home/jvillanueva/projects/ovarian-tumor-ultrasound-classification/data/processed/MMOTU_OTU_2D_roi_pred/train/images/1248.png
1249,train,B,/home/jvillanueva/projects/ovarian-tumor-ultrasound-classification/data/processed/MMOTU_OTU_2D_experimental/train/images/1249.JPG,/home/jvillanueva/projects/ovarian-tumor-ultrasound-classification/results/segmentation/unet_baseline/train/predicted_masks/1249_pred.png,478,290,0.447832,False,,/home/jvillanueva/projects/ovarian-tumor-ultrasound-classification/data/processed/MMOTU_OTU_2D_roi_pred/train/images/1249.png
1250,train,B,/home/jvillanueva/projects/ovarian-tumor-ultrasound-classification/data/processed/MMOTU_OTU_2D_experimental/train/images/1250.JPG,/home/jvillanueva/projects/ovarian-tumor-ultrasound-classification/results/segmentation/unet_baseline/train/predicted_masks/1250_pred.png,478,290,0.447832,False,,/home/jvillanueva/projects/ovarian-tumor-ultrasound-classification/data/processed/MMOTU_OTU_2D_roi_pred/train/images/1250.png
1251,train,B,/home/jvillanueva/projects/ovarian-tumor-ultrasound-classification/data/processed/MMOTU_OTU_2D_experimental/train/images/1251.JPG,/home/jvillanueva/projects/ovarian-tumor-ultrasound-classification/results/segmentation/unet_baseline/train/predicted_masks/1251_pred.png,516,311,0.52031,False,,/home/jvillanueva/projects/ovarian-tumor-ultrasound-classification/data/processed/MMOTU_OTU_2D_roi_pred/train/images/1251.png
1253,train,B,/home/jvillanueva/projects/ovarian-tumor-ultrasound-classification/data/processed/MMOTU_OTU_2D_experimental/train/images/1253.JPG,/home/jvillanueva/projects/ovarian-tumor-ultrasound-classification/results/segmentation/unet_baseline/train/predicted_masks/1253_pred.png,514,324,0.541827,False,,/home/jvillanueva/projects/ovarian-tumor-ultrasound-classification/data/processed/MMOTU_OTU_2D_roi_pred/train/images/1253.png
1259,train,B,/home/jvillanueva/projects/ovarian-tumor-ultrasound-classification/data/processed/MMOTU_OTU_2D_experimental/train/images/1259.JPG,/home/jvillanueva/projects/ovarian-tumor-ultrasound-classification/results/segmentation/unet_baseline/train/predicted_masks/1259_pred.png,188,179,0.082645,False,,/home/jvillanueva/projects/ovarian-tumor-ultrasound-classification/data/processed/MMOTU_OTU_2D_roi_pred/train/images/1259.png
1260,train,B,/home/jvillanueva/projects/ovarian-tumor-ultrasound-classification/data/processed/MMOTU_OTU_2D_experimental/train/images/1260.JPG,/home/jvillanueva/projects/ovarian-tumor-ultrasound-classification/results/segmentation/unet_baseline/train/predicted_masks/1260_pred.png,556,360,0.39159,False,,/home/jvillanueva/projects/ovarian-tumor-ultrasound-classification/data/processed/MMOTU_OTU_2D_roi_pred/train/images/1260.png
1261,train,B,/home/jvillanueva/projects/ovarian-tumor-ultrasound-classification/data/processed/MMOTU_OTU_2D_experimental/train/images/1261.JPG,/home/jvillanueva/projects/ovarian-tumor-ultrasound-classification/results/segmentation/unet_baseline/train/predicted_masks/1261_pred.png,467,371,0.341232,False,,/home/jvillanueva/projects/ovarian-tumor-ultrasound-classification/data/processed/MMOTU_OTU_2D_roi_pred/train/images/1261.png
1263,train,B,/home/jvillanueva/projects/ovarian-tumor-ultrasound-classification/data/processed/MMOTU_OTU_2D_experimental/train/images/1263.JPG,/home/jvillanueva/projects/ovarian-tumor-ultrasound-classification/results/segmentation/unet_baseline/train/predicted_masks/1263_pred.png,585,491,0.557756,False,,/home/jvillanueva/projects/ovarian-tumor-ultrasound-classification/data/processed/MMOTU_OTU_2D_roi_pred/train/images/1263.png
1264,train,B,/home/jvillanueva/projects/ovarian-tumor-ultrasound-classification/data/processed/MMOTU_OTU_2D_experimental/train/images/1264.JPG,/home/jvillanueva/projects/ovarian-tumor-ultrasound-classification/results/segmentation/unet_baseline/train/predicted_masks/1264_pred.png,309,252,0.152818,False,,/home/jvillanueva/projects/ovarian-tumor-ultrasound-classification/data/processed/MMOTU_OTU_2D_roi_pred/train/images/1264.png
1266,train,B,/home/jvillanueva/projects/ovarian-tumor-ultrasound-classification/data/processed/MMOTU_OTU_2D_experimental/train/images/1266.JPG,/home/jvillanueva/projects/ovarian-tumor-ultrasound-classification/results/segmentation/unet_baseline/train/predicted_masks/1266_pred.png,314,252,0.154966,False,,/home/jvillanueva/projects/ovarian-tumor-ultrasound-classification/data/processed/MMOTU_OTU_2D_roi_pred/train/images/1266.png
1268,train,B,/home/jvillanueva/projects/ovarian-tumor-ultrasound-classification/data/processed/MMOTU_OTU_2D_experimental/train/images/1268.JPG,/home/jvillanueva/projects/ovarian-tumor-ultrasound-classification/results/segmentation/unet_baseline/train/predicted_masks/1268_pred.png,176,264,0.139357,False,,/home/jvillanueva/projects/ovarian-tumor-ultrasound-classification/data/processed/MMOTU_OTU_2D_roi_pred/train/images/1268.png
127,train,B,/home/jvillanueva/projects/ovarian-tumor-ultrasound-classification/data/processed/MMOTU_OTU_2D_experimental/train/images/127.JPG,/home/jvillanueva/projects/ovarian-tumor-ultrasound-classification/results/segmentation/unet_baseline/train/predicted_masks/127_pred.png,266,300,0.312378,False,,/home/jvillanueva/projects/ovarian-tumor-ultrasound-classification/data/processed/MMOTU_OTU_2D_roi_pred/train/images/127.png
1272,train,B,/home/jvillanueva/projects/ovarian-tumor-ultrasound-classification/data/processed/MMOTU_OTU_2D_experimental/train/images/1272.JPG,/home/jvillanueva/projects/ovarian-tumor-ultrasound-classification/results/segmentation/unet_baseline/train/predicted_masks/1272_pred.png,424,406,0.512745,False,,/home/jvillanueva/projects/ovarian-tumor-ultrasound-classification/data/processed/MMOTU_OTU_2D_roi_pred/train/images/1272.png
1274,train,B,/home/jvillanueva/projects/ovarian-tumor-ultrasound-classification/data/processed/MMOTU_OTU_2D_experimental/train/images/1274.JPG,/home/jvillanueva/projects/ovarian-tumor-ultrasound-classification/results/segmentation/unet_baseline/train/predicted_masks/1274_pred.png,208,200,0.062537,False,,/home/jvillanueva/projects/ovarian-tumor-ultrasound-classification/data/processed/MMOTU_OTU_2D_roi_pred/train/images/1274.png
1275,train,B,/home/jvillanueva/projects/ovarian-tumor-ultrasound-classification/data/processed/MMOTU_OTU_2D_experimental/train/images/1275.JPG,/home/jvillanueva/projects/ovarian-tumor-ultrasound-classification/results/segmentation/unet_baseline/train/predicted_masks/1275_pred.png,192,193,0.056385,False,,/home/jvillanueva/projects/ovarian-tumor-ultrasound-classification/data/processed/MMOTU_OTU_2D_roi_pred/train/images/1275.png
1276,train,B,/home/jvillanueva/projects/ovarian-tumor-ultrasound-classification/data/processed/MMOTU_OTU_2D_experimental/train/images/1276.JPG,/home/jvillanueva/projects/ovarian-tumor-ultrasound-classification/results/segmentation/unet_baseline/train/predicted_masks/1276_pred.png,163,153,0.037782,False,,/home/jvillanueva/projects/ovarian-tumor-ultrasound-classification/data/processed/MMOTU_OTU_2D_roi_pred/train/images/1276.png
1279,train,B,/home/jvillanueva/projects/ovarian-tumor-ultrasound-classification/data/processed/MMOTU_OTU_2D_experimental/train/images/1279.JPG,/home/jvillanueva/projects/ovarian-tumor-ultrasound-classification/results/segmentation/unet_baseline/train/predicted_masks/1279_pred.png,428,523,0.374483,False,,/home/jvillanueva/projects/ovarian-tumor-ultrasound-classification/data/processed/MMOTU_OTU_2D_roi_pred/train/images/1279.png
128,train,B,/home/jvillanueva/projects/ovarian-tumor-ultrasound-classification/data/processed/MMOTU_OTU_2D_experimental/train/images/128.JPG,/home/jvillanueva/projects/ovarian-tumor-ultrasound-classification/results/segmentation/unet_baseline/train/predicted_masks/128_pred.png,88,62,0.012906,False,,/home/jvillanueva/projects/ovarian-tumor-ultrasound-classification/data/processed/MMOTU_OTU_2D_roi_pred/train/images/128.png
1280,train,B,/home/jvillanueva/projects/ovarian-tumor-ultrasound-classification/data/processed/MMOTU_OTU_2D_experimental/train/images/1280.JPG,/home/jvillanueva/projects/ovarian-tumor-ultrasound-classification/results/segmentation/unet_baseline/train/predicted_masks/1280_pred.png,384,547,0.352372,False,,/home/jvillanueva/projects/ovarian-tumor-ultrasound-classification/data/processed/MMOTU_OTU_2D_roi_pred/train/images/1280.png
1281,train,B,/home/jvillanueva/projects/ovarian-tumor-ultrasound-classification/data/processed/MMOTU_OTU_2D_experimental/train/images/1281.JPG,/home/jvillanueva/projects/ovarian-tumor-ultrasound-classification/results/segmentation/unet_baseline/train/predicted_masks/1281_pred.png,314,285,0.184172,False,,/home/jvillanueva/projects/ovarian-tumor-ultrasound-classification/data/processed/MMOTU_OTU_2D_roi_pred/train/images/1281.png
1282,train,B,/home/jvillanueva/projects/ovarian-tumor-ultrasound-classification/data/processed/MMOTU_OTU_2D_experimental/train/images/1282.JPG,/home/jvillanueva/projects/ovarian-tumor-ultrasound-classification/results/segmentation/unet_baseline/train/predicted_masks/1282_pred.png,299,325,0.148086,False,,/home/jvillanueva/projects/ovarian-tumor-ultrasound-classification/data/processed/MMOTU_OTU_2D_roi_pred/train/images/1282.png
1283,train,B,/home/jvillanueva/projects/ovarian-tumor-ultrasound-classification/data/processed/MMOTU_OTU_2D_experimental/train/images/1283.JPG,/home/jvillanueva/projects/ovarian-tumor-ultrasound-classification/results/segmentation/unet_baseline/train/predicted_masks/1283_pred.png,345,345,0.181563,False,,/home/jvillanueva/projects/ovarian-tumor-ultrasound-classification/data/processed/MMOTU_OTU_2D_roi_pred/train/images/1283.png
1286,train,B,/home/jvillanueva/projects/ovarian-tumor-ultrasound-classification/data/processed/MMOTU_OTU_2D_experimental/train/images/1286.JPG,/home/jvillanueva/projects/ovarian-tumor-ultrasound-classification/results/segmentation/unet_baseline/train/predicted_masks/1286_pred.png,288,311,0.2659,False,,/home/jvillanueva/projects/ovarian-tumor-ultrasound-classification/data/processed/MMOTU_OTU_2D_roi_pred/train/images/1286.png
1287,train,B,/home/jvillanueva/projects/ovarian-tumor-ultrasound-classification/data/processed/MMOTU_OTU_2D_experimental/train/images/1287.JPG,/home/jvillanueva/projects/ovarian-tumor-ultrasound-classification/results/segmentation/unet_baseline/train/predicted_masks/1287_pred.png,331,290,0.145784,False,,/home/jvillanueva/projects/ovarian-tumor-ultrasound-classification/data/processed/MMOTU_OTU_2D_roi_pred/train/images/1287.png
1289,train,B,/home/jvillanueva/projects/ovarian-tumor-ultrasound-classification/data/processed/MMOTU_OTU_2D_experimental/train/images/1289.JPG,/home/jvillanueva/projects/ovarian-tumor-ultrasound-classification/results/segmentation/unet_baseline/train/predicted_masks/1289_pred.png,493,280,0.269331,False,,/home/jvillanueva/projects/ovarian-tumor-ultrasound-classification/data/processed/MMOTU_OTU_2D_roi_pred/train/images/1289.png
1290,train,B,/home/jvillanueva/projects/ovarian-tumor-ultrasound-classification/data/processed/MMOTU_OTU_2D_experimental/train/images/1290.JPG,/home/jvillanueva/projects/ovarian-tumor-ultrasound-classification/results/segmentation/unet_baseline/train/predicted_masks/1290_pred.png,566,382,0.424231,False,,/home/jvillanueva/projects/ovarian-tumor-ultrasound-classification/data/processed/MMOTU_OTU_2D_roi_pred/train/images/1290.png
1292,train,B,/home/jvillanueva/projects/ovarian-tumor-ultrasound-classification/data/processed/MMOTU_OTU_2D_experimental/train/images/1292.JPG,/home/jvillanueva/projects/ovarian-tumor-ultrasound-classification/results/segmentation/unet_baseline/train/predicted_masks/1292_pred.png,566,383,0.423749,False,,/home/jvillanueva/projects/ovarian-tumor-ultrasound-classification/data/processed/MMOTU_OTU_2D_roi_pred/train/images/1292.png
1293,train,B,/home/jvillanueva/projects/ovarian-tumor-ultrasound-classification/data/processed/MMOTU_OTU_2D_experimental/train/images/1293.JPG,/home/jvillanueva/projects/ovarian-tumor-ultrasound-classification/results/segmentation/unet_baseline/train/predicted_masks/1293_pred.png,552,373,0.404751,False,,/home/jvillanueva/projects/ovarian-tumor-ultrasound-classification/data/processed/MMOTU_OTU_2D_roi_pred/train/images/1293.png
1294,train,B,/home/jvillanueva/projects/ovarian-tumor-ultrasound-classification/data/processed/MMOTU_OTU_2D_experimental/train/images/1294.JPG,/home/jvillanueva/projects/ovarian-tumor-ultrasound-classification/results/segmentation/unet_baseline/train/predicted_masks/1294_pred.png,130,100,0.025317,False,,/home/jvillanueva/projects/ovarian-tumor-ultrasound-classification/data/processed/MMOTU_OTU_2D_roi_pred/train/images/1294.png
1297,train,B,/home/jvillanueva/projects/ovarian-tumor-ultrasound-classification/data/processed/MMOTU_OTU_2D_experimental/train/images/1297.JPG,/home/jvillanueva/projects/ovarian-tumor-ultrasound-classification/results/segmentation/unet_baseline/train/predicted_masks/1297_pred.png,399,356,0.275823,False,,/home/jvillanueva/projects/ovarian-tumor-ultrasound-classification/data/processed/MMOTU_OTU_2D_roi_pred/train/images/1297.png
1298,train,B,/home/jvillanueva/projects/ovarian-tumor-ultrasound-classification/data/processed/MMOTU_OTU_2D_experimental/train/images/1298.JPG,/home/jvillanueva/projects/ovarian-tumor-ultrasound-classification/results/segmentation/unet_baseline/train/predicted_masks/1298_pred.png,283,208,0.116153,False,,/home/jvillanueva/projects/ovarian-tumor-ultrasound-classification/data/processed/MMOTU_OTU_2D_roi_pred/train/images/1298.png
1299,train,B,/home/jvillanueva/projects/ovarian-tumor-ultrasound-classification/data/processed/MMOTU_OTU_2D_experimental/train/images/1299.JPG,/home/jvillanueva/projects/ovarian-tumor-ultrasound-classification/results/segmentation/unet_baseline/train/predicted_masks/1299_pred.png,288,213,0.120012,False,,/home/jvillanueva/projects/ovarian-tumor-ultrasound-classification/data/processed/MMOTU_OTU_2D_roi_pred/train/images/1299.png
130,train,B,/home/jvillanueva/projects/ovarian-tumor-ultrasound-classification/data/processed/MMOTU_OTU_2D_experimental/train/images/130.JPG,/home/jvillanueva/projects/ovarian-tumor-ultrasound-classification/results/segmentation/unet_baseline/train/predicted_masks/130_pred.png,571,476,0.53385,False,,/home/jvillanueva/projects/ovarian-tumor-ultrasound-classification/data/processed/MMOTU_OTU_2D_roi_pred/train/images/130.png
1300,train,B,/home/jvillanueva/projects/ovarian-tumor-ultrasound-classification/data/processed/MMOTU_OTU_2D_experimental/train/images/1300.JPG,/home/jvillanueva/projects/ovarian-tumor-ultrasound-classification/results/segmentation/unet_baseline/train/predicted_masks/1300_pred.png,327,296,0.189403,False,,/home/jvillanueva/projects/ovarian-tumor-ultrasound-classification/data/processed/MMOTU_OTU_2D_roi_pred/train/images/1300.png
1301,train,B,/home/jvillanueva/projects/ovarian-tumor-ultrasound-classification/data/processed/MMOTU_OTU_2D_experimental/train/images/1301.JPG,/home/jvillanueva/projects/ovarian-tumor-ultrasound-classification/results/segmentation/unet_baseline/train/predicted_masks/1301_pred.png,590,510,0.451636,False,,/home/jvillanueva/projects/ovarian-tumor-ultrasound-classification/data/processed/MMOTU_OTU_2D_roi_pred/train/images/1301.png
1303,train,B,/home/jvillanueva/projects/ovarian-tumor-ultrasound-classification/data/processed/MMOTU_OTU_2D_experimental/train/images/1303.JPG,/home/jvillanueva/projects/ovarian-tumor-ultrasound-classification/results/segmentation/unet_baseline/train/predicted_masks/1303_pred.png,531,416,0.327647,False,,/home/jvillanueva/projects/ovarian-tumor-ultrasound-classification/data/processed/MMOTU_OTU_2D_roi_pred/train/images/1303.png
1304,train,B,/home/jvillanueva/projects/ovarian-tumor-ultrasound-classification/data/processed/MMOTU_OTU_2D_experimental/train/images/1304.JPG,/home/jvillanueva/projects/ovarian-tumor-ultrasound-classification/results/segmentation/unet_baseline/train/predicted_masks/1304_pred.png,516,496,0.497498,False,,/home/jvillanueva/projects/ovarian-tumor-ultrasound-classification/data/processed/MMOTU_OTU_2D_roi_pred/train/images/1304.png
1309,train,B,/home/jvillanueva/projects/ovarian-tumor-ultrasound-classification/data/processed/MMOTU_OTU_2D_experimental/train/images/1309.JPG,/home/jvillanueva/projects/ovarian-tumor-ultrasound-classification/results/segmentation/unet_baseline/train/predicted_masks/1309_pred.png,489,432,0.355742,False,,/home/jvillanueva/projects/ovarian-tumor-ultrasound-classification/data/processed/MMOTU_OTU_2D_roi_pred/train/images/1309.png
131,train,B,/home/jvillanueva/projects/ovarian-tumor-ultrasound-classification/data/processed/MMOTU_OTU_2D_experimental/train/images/131.JPG,/home/jvillanueva/projects/ovarian-tumor-ultrasound-classification/results/segmentation/unet_baseline/train/predicted_masks/131_pred.png,462,446,0.776482,False,,/home/jvillanueva/projects/ovarian-tumor-ultrasound-classification/data/processed/MMOTU_OTU_2D_roi_pred/train/images/131.png
1310,train,B,/home/jvillanueva/projects/ovarian-tumor-ultrasound-classification/data/processed/MMOTU_OTU_2D_experimental/train/images/1310.JPG,/home/jvillanueva/projects/ovarian-tumor-ultrasound-classification/results/segmentation/unet_baseline/train/predicted_masks/1310_pred.png,226,176,0.216253,False,,/home/jvillanueva/projects/ovarian-tumor-ultrasound-classification/data/processed/MMOTU_OTU_2D_roi_pred/train/images/1310.png
1312,train,B,/home/jvillanueva/projects/ovarian-tumor-ultrasound-classification/data/processed/MMOTU_OTU_2D_experimental/train/images/1312.JPG,/home/jvillanueva/projects/ovarian-tumor-ultrasound-classification/results/segmentation/unet_baseline/train/predicted_masks/1312_pred.png,667,416,0.55054,False,,/home/jvillanueva/projects/ovarian-tumor-ultrasound-classification/data/processed/MMOTU_OTU_2D_roi_pred/train/images/1312.png
1313,train,B,/home/jvillanueva/projects/ovarian-tumor-ultrasound-classification/data/processed/MMOTU_OTU_2D_experimental/train/images/1313.JPG,/home/jvillanueva/projects/ovarian-tumor-ultrasound-classification/results/segmentation/unet_baseline/train/predicted_masks/1313_pred.png,484,375,0.704887,False,,/home/jvillanueva/projects/ovarian-tumor-ultrasound-classification/data/processed/MMOTU_OTU_2D_roi_pred/train/images/1313.png
1314,train,B,/home/jvillanueva/projects/ovarian-tumor-ultrasound-classification/data/processed/MMOTU_OTU_2D_experimental/train/images/1314.JPG,/home/jvillanueva/projects/ovarian-tumor-ultrasound-classification/results/segmentation/unet_baseline/train/predicted_masks/1314_pred.png,171,155,0.103364,False,,/home/jvillanueva/projects/ovarian-tumor-ultrasound-classification/data/processed/MMOTU_OTU_2D_roi_pred/train/images/1314.png
1316,train,B,/home/jvillanueva/projects/ovarian-tumor-ultrasound-classification/data/processed/MMOTU_OTU_2D_experimental/train/images/1316.JPG,/home/jvillanueva/projects/ovarian-tumor-ultrasound-classification/results/segmentation/unet_baseline/train/predicted_masks/1316_pred.png,238,215,0.101056,False,,/home/jvillanueva/projects/ovarian-tumor-ultrasound-classification/data/processed/MMOTU_OTU_2D_roi_pred/train/images/1316.png
1318,train,B,/home/jvillanueva/projects/ovarian-tumor-ultrasound-classification/data/processed/MMOTU_OTU_2D_experimental/train/images/1318.JPG,/home/jvillanueva/projects/ovarian-tumor-ultrasound-classification/results/segmentation/unet_baseline/train/predicted_masks/1318_pred.png,381,293,0.431202,False,,/home/jvillanueva/projects/ovarian-tumor-ultrasound-classification/data/processed/MMOTU_OTU_2D_roi_pred/train/images/1318.png
132,train,B,/home/jvillanueva/projects/ovarian-tumor-ultrasound-classification/data/processed/MMOTU_OTU_2D_experimental/train/images/132.JPG,/home/jvillanueva/projects/ovarian-tumor-ultrasound-classification/results/segmentation/unet_baseline/train/predicted_masks/132_pred.png,370,406,0.567435,False,,/home/jvillanueva/projects/ovarian-tumor-ultrasound-classification/data/processed/MMOTU_OTU_2D_roi_pred/train/images/132.png
1320,train,B,/home/jvillanueva/projects/ovarian-tumor-ultrasound-classification/data/processed/MMOTU_OTU_2D_experimental/train/images/1320.JPG,/home/jvillanueva/projects/ovarian-tumor-ultrasound-classification/results/segmentation/unet_baseline/train/predicted_masks/1320_pred.png,457,370,0.654495,False,,/home/jvillanueva/projects/ovarian-tumor-ultrasound-classification/data/processed/MMOTU_OTU_2D_roi_pred/train/images/1320.png
1321,train,B,/home/jvillanueva/projects/ovarian-tumor-ultrasound-classification/data/processed/MMOTU_OTU_2D_experimental/train/images/1321.JPG,/home/jvillanueva/projects/ovarian-tumor-ultrasound-classification/results/segmentation/unet_baseline/train/predicted_masks/1321_pred.png,382,338,0.495957,False,,/home/jvillanueva/projects/ovarian-tumor-ultrasound-classification/data/processed/MMOTU_OTU_2D_roi_pred/train/images/1321.png
1324,train,B,/home/jvillanueva/projects/ovarian-tumor-ultrasound-classification/data/processed/MMOTU_OTU_2D_experimental/train/images/1324.JPG,/home/jvillanueva/projects/ovarian-tumor-ultrasound-classification/results/segmentation/unet_baseline/train/predicted_masks/1324_pred.png,105,67,0.027129,False,,/home/jvillanueva/projects/ovarian-tumor-ultrasound-classification/data/processed/MMOTU_OTU_2D_roi_pred/train/images/1324.png
1326,train,B,/home/jvillanueva/projects/ovarian-tumor-ultrasound-classification/data/processed/MMOTU_OTU_2D_experimental/train/images/1326.JPG,/home/jvillanueva/projects/ovarian-tumor-ultrasound-classification/results/segmentation/unet_baseline/train/predicted_masks/1326_pred.png,483,477,0.884972,False,,/home/jvillanueva/projects/ovarian-tumor-ultrasound-classification/data/processed/MMOTU_OTU_2D_roi_pred/train/images/1326.png
1328,train,B,/home/jvillanueva/projects/ovarian-tumor-ultrasound-classification/data/processed/MMOTU_OTU_2D_experimental/train/images/1328.JPG,/home/jvillanueva/projects/ovarian-tumor-ultrasound-classification/results/segmentation/unet_baseline/train/predicted_masks/1328_pred.png,480,460,0.431254,False,,/home/jvillanueva/projects/ovarian-tumor-ultrasound-classification/data/processed/MMOTU_OTU_2D_roi_pred/train/images/1328.png
133,train,B,/home/jvillanueva/projects/ovarian-tumor-ultrasound-classification/data/processed/MMOTU_OTU_2D_experimental/train/images/133.JPG,/home/jvillanueva/projects/ovarian-tumor-ultrasound-classification/results/segmentation/unet_baseline/train/predicted_masks/133_pred.png,349,406,0.530779,False,,/home/jvillanueva/projects/ovarian-tumor-ultrasound-classification/data/processed/MMOTU_OTU_2D_roi_pred/train/images/133.png
1330,train,B,/home/jvillanueva/projects/ovarian-tumor-ultrasound-classification/data/processed/MMOTU_OTU_2D_experimental/train/images/1330.JPG,/home/jvillanueva/projects/ovarian-tumor-ultrasound-classification/results/segmentation/unet_baseline/train/predicted_masks/1330_pred.png,336,286,0.359224,False,,/home/jvillanueva/projects/ovarian-tumor-ultrasound-classification/data/processed/MMOTU_OTU_2D_roi_pred/train/images/1330.png
1332,train,B,/home/jvillanueva/projects/ovarian-tumor-ultrasound-classification/data/processed/MMOTU_OTU_2D_experimental/train/images/1332.JPG,/home/jvillanueva/projects/ovarian-tumor-ultrasound-classification/results/segmentation/unet_baseline/train/predicted_masks/1332_pred.png,285,229,0.619977,False,,/home/jvillanueva/projects/ovarian-tumor-ultrasound-classification/data/processed/MMOTU_OTU_2D_roi_pred/train/images/1332.png
1338,train,B,/home/jvillanueva/projects/ovarian-tumor-ultrasound-classification/data/processed/MMOTU_OTU_2D_experimental/train/images/1338.JPG,/home/jvillanueva/projects/ovarian-tumor-ultrasound-classification/results/segmentation/unet_baseline/train/predicted_masks/1338_pred.png,159,131,0.210918,False,,/home/jvillanueva/projects/ovarian-tumor-ultrasound-classification/data/processed/MMOTU_OTU_2D_roi_pred/train/images/1338.png
1342,train,B,/home/jvillanueva/projects/ovarian-tumor-ultrasound-classification/data/processed/MMOTU_OTU_2D_experimental/train/images/1342.JPG,/home/jvillanueva/projects/ovarian-tumor-ultrasound-classification/results/segmentation/unet_baseline/train/predicted_masks/1342_pred.png,189,104,0.038567,False,,/home/jvillanueva/projects/ovarian-tumor-ultrasound-classification/data/processed/MMOTU_OTU_2D_roi_pred/train/images/1342.png
1343,train,B,/home/jvillanueva/projects/ovarian-tumor-ultrasound-classification/data/processed/MMOTU_OTU_2D_experimental/train/images/1343.JPG,/home/jvillanueva/projects/ovarian-tumor-ultrasound-classification/results/segmentation/unet_baseline/train/predicted_masks/1343_pred.png,268,189,0.150635,False,,/home/jvillanueva/projects/ovarian-tumor-ultrasound-classification/data/processed/MMOTU_OTU_2D_roi_pred/train/images/1343.png
1344,train,B,/home/jvillanueva/projects/ovarian-tumor-ultrasound-classification/data/processed/MMOTU_OTU_2D_experimental/train/images/1344.JPG,/home/jvillanueva/projects/ovarian-tumor-ultrasound-classification/results/segmentation/unet_baseline/train/predicted_masks/1344_pred.png,157,177,0.082233,False,,/home/jvillanueva/projects/ovarian-tumor-ultrasound-classification/data/processed/MMOTU_OTU_2D_roi_pred/train/images/1344.png
1345,train,B,/home/jvillanueva/projects/ovarian-tumor-ultrasound-classification/data/processed/MMOTU_OTU_2D_experimental/train/images/1345.JPG,/home/jvillanueva/projects/ovarian-tumor-ultrasound-classification/results/segmentation/unet_baseline/train/predicted_masks/1345_pred.png,155,152,0.069463,False,,/home/jvillanueva/projects/ovarian-tumor-ultrasound-classification/data/processed/MMOTU_OTU_2D_roi_pred/train/images/1345.png
1346,train,B,/home/jvillanueva/projects/ovarian-tumor-ultrasound-classification/data/processed/MMOTU_OTU_2D_experimental/train/images/1346.JPG,/home/jvillanueva/projects/ovarian-tumor-ultrasound-classification/results/segmentation/unet_baseline/train/predicted_masks/1346_pred.png,298,260,0.230781,False,,/home/jvillanueva/projects/ovarian-tumor-ultrasound-classification/data/processed/MMOTU_OTU_2D_roi_pred/train/images/1346.png
1348,train,B,/home/jvillanueva/projects/ovarian-tumor-ultrasound-classification/data/processed/MMOTU_OTU_2D_experimental/train/images/1348.JPG,/home/jvillanueva/projects/ovarian-tumor-ultrasound-classification/results/segmentation/unet_baseline/train/predicted_masks/1348_pred.png,269,225,0.179377,False,,/home/jvillanueva/projects/ovarian-tumor-ultrasound-classification/data/processed/MMOTU_OTU_2D_roi_pred/train/images/1348.png
1349,train,B,/home/jvillanueva/projects/ovarian-tumor-ultrasound-classification/data/processed/MMOTU_OTU_2D_experimental/train/images/1349.JPG,/home/jvillanueva/projects/ovarian-tumor-ultrasound-classification/results/segmentation/unet_baseline/train/predicted_masks/1349_pred.png,315,288,0.270748,False,,/home/jvillanueva/projects/ovarian-tumor-ultrasound-classification/data/processed/MMOTU_OTU_2D_roi_pred/train/images/1349.png
1350,train,B,/home/jvillanueva/projects/ovarian-tumor-ultrasound-classification/data/processed/MMOTU_OTU_2D_experimental/train/images/1350.JPG,/home/jvillanueva/projects/ovarian-tumor-ultrasound-classification/results/segmentation/unet_baseline/train/predicted_masks/1350_pred.png,83,163,0.040364,False,,/home/jvillanueva/projects/ovarian-tumor-ultrasound-classification/data/processed/MMOTU_OTU_2D_roi_pred/train/images/1350.png
1351,train,B,/home/jvillanueva/projects/ovarian-tumor-ultrasound-classification/data/processed/MMOTU_OTU_2D_experimental/train/images/1351.JPG,/home/jvillanueva/projects/ovarian-tumor-ultrasound-classification/results/segmentation/unet_baseline/train/predicted_masks/1351_pred.png,203,159,0.095018,False,,/home/jvillanueva/projects/ovarian-tumor-ultrasound-classification/data/processed/MMOTU_OTU_2D_roi_pred/train/images/1351.png
1356,train,B,/home/jvillanueva/projects/ovarian-tumor-ultrasound-classification/data/processed/MMOTU_OTU_2D_experimental/train/images/1356.JPG,/home/jvillanueva/projects/ovarian-tumor-ultrasound-classification/results/segmentation/unet_baseline/train/predicted_masks/1356_pred.png,519,428,0.434769,False,,/home/jvillanueva/projects/ovarian-tumor-ultrasound-classification/data/processed/MMOTU_OTU_2D_roi_pred/train/images/1356.png
1361,train,B,/home/jvillanueva/projects/ovarian-tumor-ultrasound-classification/data/processed/MMOTU_OTU_2D_experimental/train/images/1361.JPG,/home/jvillanueva/projects/ovarian-tumor-ultrasound-classification/results/segmentation/unet_baseline/train/predicted_masks/1361_pred.png,483,442,0.581698,False,,/home/jvillanueva/projects/ovarian-tumor-ultrasound-classification/data/processed/MMOTU_OTU_2D_roi_pred/train/images/1361.png
1362,train,B,/home/jvillanueva/projects/ovarian-tumor-ultrasound-classification/data/processed/MMOTU_OTU_2D_experimental/train/images/1362.JPG,/home/jvillanueva/projects/ovarian-tumor-ultrasound-classification/results/segmentation/unet_baseline/train/predicted_masks/1362_pred.png,484,451,0.300501,False,,/home/jvillanueva/projects/ovarian-tumor-ultrasound-classification/data/processed/MMOTU_OTU_2D_roi_pred/train/images/1362.png
1363,train,B,/home/jvillanueva/projects/ovarian-tumor-ultrasound-classification/data/processed/MMOTU_OTU_2D_experimental/train/images/1363.JPG,/home/jvillanueva/projects/ovarian-tumor-ultrasound-classification/results/segmentation/unet_baseline/train/predicted_masks/1363_pred.png,250,216,0.151227,False,,/home/jvillanueva/projects/ovarian-tumor-ultrasound-classification/data/processed/MMOTU_OTU_2D_roi_pred/train/images/1363.png
1368,train,B,/home/jvillanueva/projects/ovarian-tumor-ultrasound-classification/data/processed/MMOTU_OTU_2D_experimental/train/images/1368.JPG,/home/jvillanueva/projects/ovarian-tumor-ultrasound-classification/results/segmentation/unet_baseline/train/predicted_masks/1368_pred.png,274,239,0.127058,False,,/home/jvillanueva/projects/ovarian-tumor-ultrasound-classification/data/processed/MMOTU_OTU_2D_roi_pred/train/images/1368.png
1370,train,B,/home/jvillanueva/projects/ovarian-tumor-ultrasound-classification/data/processed/MMOTU_OTU_2D_experimental/train/images/1370.JPG,/home/jvillanueva/projects/ovarian-tumor-ultrasound-classification/results/segmentation/unet_baseline/train/predicted_masks/1370_pred.png,299,249,0.284986,False,,/home/jvillanueva/projects/ovarian-tumor-ultrasound-classification/data/processed/MMOTU_OTU_2D_roi_pred/train/images/1370.png
1371,train,B,/home/jvillanueva/projects/ovarian-tumor-ultrasound-classification/data/processed/MMOTU_OTU_2D_experimental/train/images/1371.JPG,/home/jvillanueva/projects/ovarian-tumor-ultrasound-classification/results/segmentation/unet_baseline/train/predicted_masks/1371_pred.png,144,167,0.046523,False,,/home/jvillanueva/projects/ovarian-tumor-ultrasound-classification/data/processed/MMOTU_OTU_2D_roi_pred/train/images/1371.png
1372,train,B,/home/jvillanueva/projects/ovarian-tumor-ultrasound-classification/data/processed/MMOTU_OTU_2D_experimental/train/images/1372.JPG,/home/jvillanueva/projects/ovarian-tumor-ultrasound-classification/results/segmentation/unet_baseline/train/predicted_masks/1372_pred.png,368,303,0.430704,False,,/home/jvillanueva/projects/ovarian-tumor-ultrasound-classification/data/processed/MMOTU_OTU_2D_roi_pred/train/images/1372.png
1375,train,B,/home/jvillanueva/projects/ovarian-tumor-ultrasound-classification/data/processed/MMOTU_OTU_2D_experimental/train/images/1375.JPG,/home/jvillanueva/projects/ovarian-tumor-ultrasound-classification/results/segmentation/unet_baseline/train/predicted_masks/1375_pred.png,409,501,0.397895,False,,/home/jvillanueva/projects/ovarian-tumor-ultrasound-classification/data/processed/MMOTU_OTU_2D_roi_pred/train/images/1375.png
1377,train,B,/home/jvillanueva/projects/ovarian-tumor-ultrasound-classification/data/processed/MMOTU_OTU_2D_experimental/train/images/1377.JPG,/home/jvillanueva/projects/ovarian-tumor-ultrasound-classification/results/segmentation/unet_baseline/train/predicted_masks/1377_pred.png,116,129,0.035227,False,,/home/jvillanueva/projects/ovarian-tumor-ultrasound-classification/data/processed/MMOTU_OTU_2D_roi_pred/train/images/1377.png
1379,train,B,/home/jvillanueva/projects/ovarian-tumor-ultrasound-classification/data/processed/MMOTU_OTU_2D_experimental/train/images/1379.JPG,/home/jvillanueva/projects/ovarian-tumor-ultrasound-classification/results/segmentation/unet_baseline/train/predicted_masks/1379_pred.png,409,383,0.302805,False,,/home/jvillanueva/projects/ovarian-tumor-ultrasound-classification/data/processed/MMOTU_OTU_2D_roi_pred/train/images/1379.png
138,train,B,/home/jvillanueva/projects/ovarian-tumor-ultrasound-classification/data/processed/MMOTU_OTU_2D_experimental/train/images/138.JPG,/home/jvillanueva/projects/ovarian-tumor-ultrasound-classification/results/segmentation/unet_baseline/train/predicted_masks/138_pred.png,818,534,0.852972,False,,/home/jvillanueva/projects/ovarian-tumor-ultrasound-classification/data/processed/MMOTU_OTU_2D_roi_pred/train/images/138.png
1380,train,B,/home/jvillanueva/projects/ovarian-tumor-ultrasound-classification/data/processed/MMOTU_OTU_2D_experimental/train/images/1380.JPG,/home/jvillanueva/projects/ovarian-tumor-ultrasound-classification/results/segmentation/unet_baseline/train/predicted_masks/1380_pred.png,611,293,0.342526,False,,/home/jvillanueva/projects/ovarian-tumor-ultrasound-classification/data/processed/MMOTU_OTU_2D_roi_pred/train/images/1380.png
1383,train,B,/home/jvillanueva/projects/ovarian-tumor-ultrasound-classification/data/processed/MMOTU_OTU_2D_experimental/train/images/1383.JPG,/home/jvillanueva/projects/ovarian-tumor-ultrasound-classification/results/segmentation/unet_baseline/train/predicted_masks/1383_pred.png,157,131,0.040321,False,,/home/jvillanueva/projects/ovarian-tumor-ultrasound-classification/data/processed/MMOTU_OTU_2D_roi_pred/train/images/1383.png
1385,train,B,/home/jvillanueva/projects/ovarian-tumor-ultrasound-classification/data/processed/MMOTU_OTU_2D_experimental/train/images/1385.JPG,/home/jvillanueva/projects/ovarian-tumor-ultrasound-classification/results/segmentation/unet_baseline/train/predicted_masks/1385_pred.png,269,302,0.158933,False,,/home/jvillanueva/projects/ovarian-tumor-ultrasound-classification/data/processed/MMOTU_OTU_2D_roi_pred/train/images/1385.png
1386,train,B,/home/jvillanueva/projects/ovarian-tumor-ultrasound-classification/data/processed/MMOTU_OTU_2D_experimental/train/images/1386.JPG,/home/jvillanueva/projects/ovarian-tumor-ultrasound-classification/results/segmentation/unet_baseline/train/predicted_masks/1386_pred.png,279,280,0.153408,False,,/home/jvillanueva/projects/ovarian-tumor-ultrasound-classification/data/processed/MMOTU_OTU_2D_roi_pred/train/images/1386.png
1387,train,B,/home/jvillanueva/projects/ovarian-tumor-ultrasound-classification/data/processed/MMOTU_OTU_2D_experimental/train/images/1387.JPG,/home/jvillanueva/projects/ovarian-tumor-ultrasound-classification/results/segmentation/unet_baseline/train/predicted_masks/1387_pred.png,245,307,0.292347,False,,/home/jvillanueva/projects/ovarian-tumor-ultrasound-classification/data/processed/MMOTU_OTU_2D_roi_pred/train/images/1387.png
139,train,B,/home/jvillanueva/projects/ovarian-tumor-ultrasound-classification/data/processed/MMOTU_OTU_2D_experimental/train/images/139.JPG,/home/jvillanueva/projects/ovarian-tumor-ultrasound-classification/results/segmentation/unet_baseline/train/predicted_masks/139_pred.png,520,415,0.422628,False,,/home/jvillanueva/projects/ovarian-tumor-ultrasound-classification/data/processed/MMOTU_OTU_2D_roi_pred/train/images/139.png
1392,train,B,/home/jvillanueva/projects/ovarian-tumor-ultrasound-classification/data/processed/MMOTU_OTU_2D_experimental/train/images/1392.JPG,/home/jvillanueva/projects/ovarian-tumor-ultrasound-classification/results/segmentation/unet_baseline/train/predicted_masks/1392_pred.png,228,196,0.173587,False,,/home/jvillanueva/projects/ovarian-tumor-ultrasound-classification/data/processed/MMOTU_OTU_2D_roi_pred/train/images/1392.png
1394,train,B,/home/jvillanueva/projects/ovarian-tumor-ultrasound-classification/data/processed/MMOTU_OTU_2D_experimental/train/images/1394.JPG,/home/jvillanueva/projects/ovarian-tumor-ultrasound-classification/results/segmentation/unet_baseline/train/predicted_masks/1394_pred.png,254,249,0.187735,False,,/home/jvillanueva/projects/ovarian-tumor-ultrasound-classification/data/processed/MMOTU_OTU_2D_roi_pred/train/images/1394.png
1395,train,B,/home/jvillanueva/projects/ovarian-tumor-ultrasound-classification/data/processed/MMOTU_OTU_2D_experimental/train/images/1395.JPG,/home/jvillanueva/projects/ovarian-tumor-ultrasound-classification/results/segmentation/unet_baseline/train/predicted_masks/1395_pred.png,277,263,0.215199,False,,/home/jvillanueva/projects/ovarian-tumor-ultrasound-classification/data/processed/MMOTU_OTU_2D_roi_pred/train/images/1395.png
1396,train,B,/home/jvillanueva/projects/ovarian-tumor-ultrasound-classification/data/processed/MMOTU_OTU_2D_experimental/train/images/1396.JPG,/home/jvillanueva/projects/ovarian-tumor-ultrasound-classification/results/segmentation/unet_baseline/train/predicted_masks/1396_pred.png,277,260,0.213102,False,,/home/jvillanueva/projects/ovarian-tumor-ultrasound-classification/data/processed/MMOTU_OTU_2D_roi_pred/train/images/1396.png
1397,train,B,/home/jvillanueva/projects/ovarian-tumor-ultrasound-classification/data/processed/MMOTU_OTU_2D_experimental/train/images/1397.JPG,/home/jvillanueva/projects/ovarian-tumor-ultrasound-classification/results/segmentation/unet_baseline/train/predicted_masks/1397_pred.png,220,183,0.157926,False,,/home/jvillanueva/projects/ovarian-tumor-ultrasound-classification/data/processed/MMOTU_OTU_2D_roi_pred/train/images/1397.png
1398,train,B,/home/jvillanueva/projects/ovarian-tumor-ultrasound-classification/data/processed/MMOTU_OTU_2D_experimental/train/images/1398.JPG,/home/jvillanueva/projects/ovarian-tumor-ultrasound-classification/results/segmentation/unet_baseline/train/predicted_masks/1398_pred.png,224,168,0.072838,False,,/home/jvillanueva/projects/ovarian-tumor-ultrasound-classification/data/processed/MMOTU_OTU_2D_roi_pred/train/images/1398.png
1399,train,B,/home/jvillanueva/projects/ovarian-tumor-ultrasound-classification/data/processed/MMOTU_OTU_2D_experimental/train/images/1399.JPG,/home/jvillanueva/projects/ovarian-tumor-ultrasound-classification/results/segmentation/unet_baseline/train/predicted_masks/1399_pred.png,189,144,0.052707,False,,/home/jvillanueva/projects/ovarian-tumor-ultrasound-classification/data/processed/MMOTU_OTU_2D_roi_pred/train/images/1399.png
14,train,B,/home/jvillanueva/projects/ovarian-tumor-ultrasound-classification/data/processed/MMOTU_OTU_2D_experimental/train/images/14.JPG,/home/jvillanueva/projects/ovarian-tumor-ultrasound-classification/results/segmentation/unet_baseline/train/predicted_masks/14_pred.png,337,244,0.161172,False,,/home/jvillanueva/projects/ovarian-tumor-ultrasound-classification/data/processed/MMOTU_OTU_2D_roi_pred/train/images/14.png
140,train,B,/home/jvillanueva/projects/ovarian-tumor-ultrasound-classification/data/processed/MMOTU_OTU_2D_experimental/train/images/140.JPG,/home/jvillanueva/projects/ovarian-tumor-ultrasound-classification/results/segmentation/unet_baseline/train/predicted_masks/140_pred.png,392,259,0.200314,False,,/home/jvillanueva/projects/ovarian-tumor-ultrasound-classification/data/processed/MMOTU_OTU_2D_roi_pred/train/images/140.png
1400,train,B,/home/jvillanueva/projects/ovarian-tumor-ultrasound-classification/data/processed/MMOTU_OTU_2D_experimental/train/images/1400.JPG,/home/jvillanueva/projects/ovarian-tumor-ultrasound-classification/results/segmentation/unet_baseline/train/predicted_masks/1400_pred.png,173,140,0.093206,False,,/home/jvillanueva/projects/ovarian-tumor-ultrasound-classification/data/processed/MMOTU_OTU_2D_roi_pred/train/images/1400.png
1402,train,B,/home/jvillanueva/projects/ovarian-tumor-ultrasound-classification/data/processed/MMOTU_OTU_2D_experimental/train/images/1402.JPG,/home/jvillanueva/projects/ovarian-tumor-ultrasound-classification/results/segmentation/unet_baseline/train/predicted_masks/1402_pred.png,193,157,0.05912,False,,/home/jvillanueva/projects/ovarian-tumor-ultrasound-classification/data/processed/MMOTU_OTU_2D_roi_pred/train/images/1402.png
1403,train,B,/home/jvillanueva/projects/ovarian-tumor-ultrasound-classification/data/processed/MMOTU_OTU_2D_experimental/train/images/1403.JPG,/home/jvillanueva/projects/ovarian-tumor-ultrasound-classification/results/segmentation/unet_baseline/train/predicted_masks/1403_pred.png,130,128,0.032527,False,,/home/jvillanueva/projects/ovarian-tumor-ultrasound-classification/data/processed/MMOTU_OTU_2D_roi_pred/train/images/1403.png
1405,train,B,/home/jvillanueva/projects/ovarian-tumor-ultrasound-classification/data/processed/MMOTU_OTU_2D_experimental/train/images/1405.JPG,/home/jvillanueva/projects/ovarian-tumor-ultrasound-classification/results/segmentation/unet_baseline/train/predicted_masks/1405_pred.png,163,177,0.055919,False,,/home/jvillanueva/projects/ovarian-tumor-ultrasound-classification/data/processed/MMOTU_OTU_2D_roi_pred/train/images/1405.png
1406,train,B,/home/jvillanueva/projects/ovarian-tumor-ultrasound-classification/data/processed/MMOTU_OTU_2D_experimental/train/images/1406.JPG,/home/jvillanueva/projects/ovarian-tumor-ultrasound-classification/results/segmentation/unet_baseline/train/predicted_masks/1406_pred.png,144,160,0.044953,False,,/home/jvillanueva/projects/ovarian-tumor-ultrasound-classification/data/processed/MMOTU_OTU_2D_roi_pred/train/images/1406.png
1408,train,B,/home/jvillanueva/projects/ovarian-tumor-ultrasound-classification/data/processed/MMOTU_OTU_2D_experimental/train/images/1408.JPG,/home/jvillanueva/projects/ovarian-tumor-ultrasound-classification/results/segmentation/unet_baseline/train/predicted_masks/1408_pred.png,648,432,0.547092,False,,/home/jvillanueva/projects/ovarian-tumor-ultrasound-classification/data/processed/MMOTU_OTU_2D_roi_pred/train/images/1408.png
1409,train,B,/home/jvillanueva/projects/ovarian-tumor-ultrasound-classification/data/processed/MMOTU_OTU_2D_experimental/train/images/1409.JPG,/home/jvillanueva/projects/ovarian-tumor-ultrasound-classification/results/segmentation/unet_baseline/train/predicted_masks/1409_pred.png,441,321,0.273865,False,,/home/jvillanueva/projects/ovarian-tumor-ultrasound-classification/data/processed/MMOTU_OTU_2D_roi_pred/train/images/1409.png
141,train,B,/home/jvillanueva/projects/ovarian-tumor-ultrasound-classification/data/processed/MMOTU_OTU_2D_experimental/train/images/141.JPG,/home/jvillanueva/projects/ovarian-tumor-ultrasound-classification/results/segmentation/unet_baseline/train/predicted_masks/141_pred.png,242,165,0.156662,False,,/home/jvillanueva/projects/ovarian-tumor-ultrasound-classification/data/processed/MMOTU_OTU_2D_roi_pred/train/images/141.png
1412,train,B,/home/jvillanueva/projects/ovarian-tumor-ultrasound-classification/data/processed/MMOTU_OTU_2D_experimental/train/images/1412.JPG,/home/jvillanueva/projects/ovarian-tumor-ultrasound-classification/results/segmentation/unet_baseline/train/predicted_masks/1412_pred.png,307,272,0.162925,False,,/home/jvillanueva/projects/ovarian-tumor-ultrasound-classification/data/processed/MMOTU_OTU_2D_roi_pred/train/images/1412.png
1414,train,B,/home/jvillanueva/projects/ovarian-tumor-ultrasound-classification/data/processed/MMOTU_OTU_2D_experimental/train/images/1414.JPG,/home/jvillanueva/projects/ovarian-tumor-ultrasound-classification/results/segmentation/unet_baseline/train/predicted_masks/1414_pred.png,373,297,0.214541,False,,/home/jvillanueva/projects/ovarian-tumor-ultrasound-classification/data/processed/MMOTU_OTU_2D_roi_pred/train/images/1414.png
1415,train,B,/home/jvillanueva/projects/ovarian-tumor-ultrasound-classification/data/processed/MMOTU_OTU_2D_experimental/train/images/1415.JPG,/home/jvillanueva/projects/ovarian-tumor-ultrasound-classification/results/segmentation/unet_baseline/train/predicted_masks/1415_pred.png,245,259,0.480021,False,,/home/jvillanueva/projects/ovarian-tumor-ultrasound-classification/data/processed/MMOTU_OTU_2D_roi_pred/train/images/1415.png
1417,train,B,/home/jvillanueva/projects/ovarian-tumor-ultrasound-classification/data/processed/MMOTU_OTU_2D_experimental/train/images/1417.JPG,/home/jvillanueva/projects/ovarian-tumor-ultrasound-classification/results/segmentation/unet_baseline/train/predicted_masks/1417_pred.png,507,371,0.277453,False,,/home/jvillanueva/projects/ovarian-tumor-ultrasound-classification/data/processed/MMOTU_OTU_2D_roi_pred/train/images/1417.png
1418,train,B,/home/jvillanueva/projects/ovarian-tumor-ultrasound-classification/data/processed/MMOTU_OTU_2D_experimental/train/images/1418.JPG,/home/jvillanueva/projects/ovarian-tumor-ultrasound-classification/results/segmentation/unet_baseline/train/predicted_masks/1418_pred.png,363,277,0.295288,False,,/home/jvillanueva/projects/ovarian-tumor-ultrasound-classification/data/processed/MMOTU_OTU_2D_roi_pred/train/images/1418.png
1419,train,B,/home/jvillanueva/projects/ovarian-tumor-ultrasound-classification/data/processed/MMOTU_OTU_2D_experimental/train/images/1419.JPG,/home/jvillanueva/projects/ovarian-tumor-ultrasound-classification/results/segmentation/unet_baseline/train/predicted_masks/1419_pred.png,374,244,0.25724,False,,/home/jvillanueva/projects/ovarian-tumor-ultrasound-classification/data/processed/MMOTU_OTU_2D_roi_pred/train/images/1419.png
142,train,B,/home/jvillanueva/projects/ovarian-tumor-ultrasound-classification/data/processed/MMOTU_OTU_2D_experimental/train/images/142.JPG,/home/jvillanueva/projects/ovarian-tumor-ultrasound-classification/results/segmentation/unet_baseline/train/predicted_masks/142_pred.png,202,159,0.126038,False,,/home/jvillanueva/projects/ovarian-tumor-ultrasound-classification/data/processed/MMOTU_OTU_2D_roi_pred/train/images/142.png
1420,train,B,/home/jvillanueva/projects/ovarian-tumor-ultrasound-classification/data/processed/MMOTU_OTU_2D_experimental/train/images/1420.JPG,/home/jvillanueva/projects/ovarian-tumor-ultrasound-classification/results/segmentation/unet_baseline/train/predicted_masks/1420_pred.png,398,242,0.143468,False,,/home/jvillanueva/projects/ovarian-tumor-ultrasound-classification/data/processed/MMOTU_OTU_2D_roi_pred/train/images/1420.png
1421,train,B,/home/jvillanueva/projects/ovarian-tumor-ultrasound-classification/data/processed/MMOTU_OTU_2D_experimental/train/images/1421.JPG,/home/jvillanueva/projects/ovarian-tumor-ultrasound-classification/results/segmentation/unet_baseline/train/predicted_masks/1421_pred.png,787,550,0.642275,False,,/home/jvillanueva/projects/ovarian-tumor-ultrasound-classification/data/processed/MMOTU_OTU_2D_roi_pred/train/images/1421.png
1422,train,B,/home/jvillanueva/projects/ovarian-tumor-ultrasound-classification/data/processed/MMOTU_OTU_2D_experimental/train/images/1422.JPG,/home/jvillanueva/projects/ovarian-tumor-ultrasound-classification/results/segmentation/unet_baseline/train/predicted_masks/1422_pred.png,609,397,0.361764,False,,/home/jvillanueva/projects/ovarian-tumor-ultrasound-classification/data/processed/MMOTU_OTU_2D_roi_pred/train/images/1422.png
1423,train,B,/home/jvillanueva/projects/ovarian-tumor-ultrasound-classification/data/processed/MMOTU_OTU_2D_experimental/train/images/1423.JPG,/home/jvillanueva/projects/ovarian-tumor-ultrasound-classification/results/segmentation/unet_baseline/train/predicted_masks/1423_pred.png,447,324,0.207403,False,,/home/jvillanueva/projects/ovarian-tumor-ultrasound-classification/data/processed/MMOTU_OTU_2D_roi_pred/train/images/1423.png
1424,train,B,/home/jvillanueva/projects/ovarian-tumor-ultrasound-classification/data/processed/MMOTU_OTU_2D_experimental/train/images/1424.JPG,/home/jvillanueva/projects/ovarian-tumor-ultrasound-classification/results/segmentation/unet_baseline/train/predicted_masks/1424_pred.png,248,313,0.152434,False,,/home/jvillanueva/projects/ovarian-tumor-ultrasound-classification/data/processed/MMOTU_OTU_2D_roi_pred/train/images/1424.png
1425,train,B,/home/jvillanueva/projects/ovarian-tumor-ultrasound-classification/data/processed/MMOTU_OTU_2D_experimental/train/images/1425.JPG,/home/jvillanueva/projects/ovarian-tumor-ultrasound-classification/results/segmentation/unet_baseline/train/predicted_masks/1425_pred.png,387,315,0.236717,False,,/home/jvillanueva/projects/ovarian-tumor-ultrasound-classification/data/processed/MMOTU_OTU_2D_roi_pred/train/images/1425.png
1426,train,B,/home/jvillanueva/projects/ovarian-tumor-ultrasound-classification/data/processed/MMOTU_OTU_2D_experimental/train/images/1426.JPG,/home/jvillanueva/projects/ovarian-tumor-ultrasound-classification/results/segmentation/unet_baseline/train/predicted_masks/1426_pred.png,448,321,0.280585,False,,/home/jvillanueva/projects/ovarian-tumor-ultrasound-classification/data/processed/MMOTU_OTU_2D_roi_pred/train/images/1426.png
1431,train,B,/home/jvillanueva/projects/ovarian-tumor-ultrasound-classification/data/processed/MMOTU_OTU_2D_experimental/train/images/1431.JPG,/home/jvillanueva/projects/ovarian-tumor-ultrasound-classification/results/segmentation/unet_baseline/train/predicted_masks/1431_pred.png,269,221,0.094967,False,,/home/jvillanueva/projects/ovarian-tumor-ultrasound-classification/data/processed/MMOTU_OTU_2D_roi_pred/train/images/1431.png
1433,train,B,/home/jvillanueva/projects/ovarian-tumor-ultrasound-classification/data/processed/MMOTU_OTU_2D_experimental/train/images/1433.JPG,/home/jvillanueva/projects/ovarian-tumor-ultrasound-classification/results/segmentation/unet_baseline/train/predicted_masks/1433_pred.png,380,253,0.375861,False,,/home/jvillanueva/projects/ovarian-tumor-ultrasound-classification/data/processed/MMOTU_OTU_2D_roi_pred/train/images/1433.png
1434,train,B,/home/jvillanueva/projects/ovarian-tumor-ultrasound-classification/data/processed/MMOTU_OTU_2D_experimental/train/images/1434.JPG,/home/jvillanueva/projects/ovarian-tumor-ultrasound-classification/results/segmentation/unet_baseline/train/predicted_masks/1434_pred.png,307,208,0.250063,False,,/home/jvillanueva/projects/ovarian-tumor-ultrasound-classification/data/processed/MMOTU_OTU_2D_roi_pred/train/images/1434.png
1437,train,B,/home/jvillanueva/projects/ovarian-tumor-ultrasound-classification/data/processed/MMOTU_OTU_2D_experimental/train/images/1437.JPG,/home/jvillanueva/projects/ovarian-tumor-ultrasound-classification/results/segmentation/unet_baseline/train/predicted_masks/1437_pred.png,206,226,0.089497,False,,/home/jvillanueva/projects/ovarian-tumor-ultrasound-classification/data/processed/MMOTU_OTU_2D_roi_pred/train/images/1437.png
1438,train,B,/home/jvillanueva/projects/ovarian-tumor-ultrasound-classification/data/processed/MMOTU_OTU_2D_experimental/train/images/1438.JPG,/home/jvillanueva/projects/ovarian-tumor-ultrasound-classification/results/segmentation/unet_baseline/train/predicted_masks/1438_pred.png,232,268,0.233204,False,,/home/jvillanueva/projects/ovarian-tumor-ultrasound-classification/data/processed/MMOTU_OTU_2D_roi_pred/train/images/1438.png
1441,train,B,/home/jvillanueva/projects/ovarian-tumor-ultrasound-classification/data/processed/MMOTU_OTU_2D_experimental/train/images/1441.JPG,/home/jvillanueva/projects/ovarian-tumor-ultrasound-classification/results/segmentation/unet_baseline/train/predicted_masks/1441_pred.png,212,173,0.072356,False,,/home/jvillanueva/projects/ovarian-tumor-ultrasound-classification/data/processed/MMOTU_OTU_2D_roi_pred/train/images/1441.png
1442,train,B,/home/jvillanueva/projects/ovarian-tumor-ultrasound-classification/data/processed/MMOTU_OTU_2D_experimental/train/images/1442.JPG,/home/jvillanueva/projects/ovarian-tumor-ultrasound-classification/results/segmentation/unet_baseline/train/predicted_masks/1442_pred.png,184,144,0.052819,False,,/home/jvillanueva/projects/ovarian-tumor-ultrasound-classification/data/processed/MMOTU_OTU_2D_roi_pred/train/images/1442.png
1446,train,B,/home/jvillanueva/projects/ovarian-tumor-ultrasound-classification/data/processed/MMOTU_OTU_2D_experimental/train/images/1446.JPG,/home/jvillanueva/projects/ovarian-tumor-ultrasound-classification/results/segmentation/unet_baseline/train/predicted_masks/1446_pred.png,341,298,0.309029,False,,/home/jvillanueva/projects/ovarian-tumor-ultrasound-classification/data/processed/MMOTU_OTU_2D_roi_pred/train/images/1446.png
1447,train,B,/home/jvillanueva/projects/ovarian-tumor-ultrasound-classification/data/processed/MMOTU_OTU_2D_experimental/train/images/1447.JPG,/home/jvillanueva/projects/ovarian-tumor-ultrasound-classification/results/segmentation/unet_baseline/train/predicted_masks/1447_pred.png,252,203,0.15266,False,,/home/jvillanueva/projects/ovarian-tumor-ultrasound-classification/data/processed/MMOTU_OTU_2D_roi_pred/train/images/1447.png
1448,train,B,/home/jvillanueva/projects/ovarian-tumor-ultrasound-classification/data/processed/MMOTU_OTU_2D_experimental/train/images/1448.JPG,/home/jvillanueva/projects/ovarian-tumor-ultrasound-classification/results/segmentation/unet_baseline/train/predicted_masks/1448_pred.png,382,300,0.430429,False,,/home/jvillanueva/projects/ovarian-tumor-ultrasound-classification/data/processed/MMOTU_OTU_2D_roi_pred/train/images/1448.png
1449,train,B,/home/jvillanueva/projects/ovarian-tumor-ultrasound-classification/data/processed/MMOTU_OTU_2D_experimental/train/images/1449.JPG,/home/jvillanueva/projects/ovarian-tumor-ultrasound-classification/results/segmentation/unet_baseline/train/predicted_masks/1449_pred.png,437,261,0.43215,False,,/home/jvillanueva/projects/ovarian-tumor-ultrasound-classification/data/processed/MMOTU_OTU_2D_roi_pred/train/images/1449.png
1450,train,B,/home/jvillanueva/projects/ovarian-tumor-ultrasound-classification/data/processed/MMOTU_OTU_2D_experimental/train/images/1450.JPG,/home/jvillanueva/projects/ovarian-tumor-ultrasound-classification/results/segmentation/unet_baseline/train/predicted_masks/1450_pred.png,431,259,0.416539,False,,/home/jvillanueva/projects/ovarian-tumor-ultrasound-classification/data/processed/MMOTU_OTU_2D_roi_pred/train/images/1450.png
1451,train,B,/home/jvillanueva/projects/ovarian-tumor-ultrasound-classification/data/processed/MMOTU_OTU_2D_experimental/train/images/1451.JPG,/home/jvillanueva/projects/ovarian-tumor-ultrasound-classification/results/segmentation/unet_baseline/train/predicted_masks/1451_pred.png,374,379,0.279063,False,,/home/jvillanueva/projects/ovarian-tumor-ultrasound-classification/data/processed/MMOTU_OTU_2D_roi_pred/train/images/1451.png
1453,train,B,/home/jvillanueva/projects/ovarian-tumor-ultrasound-classification/data/processed/MMOTU_OTU_2D_experimental/train/images/1453.JPG,/home/jvillanueva/projects/ovarian-tumor-ultrasound-classification/results/segmentation/unet_baseline/train/predicted_masks/1453_pred.png,286,261,0.149766,False,,/home/jvillanueva/projects/ovarian-tumor-ultrasound-classification/data/processed/MMOTU_OTU_2D_roi_pred/train/images/1453.png
1455,train,B,/home/jvillanueva/projects/ovarian-tumor-ultrasound-classification/data/processed/MMOTU_OTU_2D_experimental/train/images/1455.JPG,/home/jvillanueva/projects/ovarian-tumor-ultrasound-classification/results/segmentation/unet_baseline/train/predicted_masks/1455_pred.png,274,229,0.12345,False,,/home/jvillanueva/projects/ovarian-tumor-ultrasound-classification/data/processed/MMOTU_OTU_2D_roi_pred/train/images/1455.png
1456,train,B,/home/jvillanueva/projects/ovarian-tumor-ultrasound-classification/data/processed/MMOTU_OTU_2D_experimental/train/images/1456.JPG,/home/jvillanueva/projects/ovarian-tumor-ultrasound-classification/results/segmentation/unet_baseline/train/predicted_masks/1456_pred.png,531,457,0.480443,False,,/home/jvillanueva/projects/ovarian-tumor-ultrasound-classification/data/processed/MMOTU_OTU_2D_roi_pred/train/images/1456.png
1457,train,B,/home/jvillanueva/projects/ovarian-tumor-ultrasound-classification/data/processed/MMOTU_OTU_2D_experimental/train/images/1457.JPG,/home/jvillanueva/projects/ovarian-tumor-ultrasound-classification/results/segmentation/unet_baseline/train/predicted_masks/1457_pred.png,350,241,0.168382,False,,/home/jvillanueva/projects/ovarian-tumor-ultrasound-classification/data/processed/MMOTU_OTU_2D_roi_pred/train/images/1457.png
1459,train,B,/home/jvillanueva/projects/ovarian-tumor-ultrasound-classification/data/processed/MMOTU_OTU_2D_experimental/train/images/1459.JPG,/home/jvillanueva/projects/ovarian-tumor-ultrasound-classification/results/segmentation/unet_baseline/train/predicted_masks/1459_pred.png,264,173,0.090216,False,,/home/jvillanueva/projects/ovarian-tumor-ultrasound-classification/data/processed/MMOTU_OTU_2D_roi_pred/train/images/1459.png
146,train,B,/home/jvillanueva/projects/ovarian-tumor-ultrasound-classification/data/processed/MMOTU_OTU_2D_experimental/train/images/146.JPG,/home/jvillanueva/projects/ovarian-tumor-ultrasound-classification/results/segmentation/unet_baseline/train/predicted_masks/146_pred.png,144,88,0.049624,False,,/home/jvillanueva/projects/ovarian-tumor-ultrasound-classification/data/processed/MMOTU_OTU_2D_roi_pred/train/images/146.png
1462,train,B,/home/jvillanueva/projects/ovarian-tumor-ultrasound-classification/data/processed/MMOTU_OTU_2D_experimental/train/images/1462.JPG,/home/jvillanueva/projects/ovarian-tumor-ultrasound-classification/results/segmentation/unet_baseline/train/predicted_masks/1462_pred.png,229,182,0.066277,False,,/home/jvillanueva/projects/ovarian-tumor-ultrasound-classification/data/processed/MMOTU_OTU_2D_roi_pred/train/images/1462.png
1463,train,B,/home/jvillanueva/projects/ovarian-tumor-ultrasound-classification/data/processed/MMOTU_OTU_2D_experimental/train/images/1463.JPG,/home/jvillanueva/projects/ovarian-tumor-ultrasound-classification/results/segmentation/unet_baseline/train/predicted_masks/1463_pred.png,145,108,0.073682,False,,/home/jvillanueva/projects/ovarian-tumor-ultrasound-classification/data/processed/MMOTU_OTU_2D_roi_pred/train/images/1463.png
1465,train,B,/home/jvillanueva/projects/ovarian-tumor-ultrasound-classification/data/processed/MMOTU_OTU_2D_experimental/train/images/1465.JPG,/home/jvillanueva/projects/ovarian-tumor-ultrasound-classification/results/segmentation/unet_baseline/train/predicted_masks/1465_pred.png,346,265,0.178897,False,,/home/jvillanueva/projects/ovarian-tumor-ultrasound-classification/data/processed/MMOTU_OTU_2D_roi_pred/train/images/1465.png
147,train,B,/home/jvillanueva/projects/ovarian-tumor-ultrasound-classification/data/processed/MMOTU_OTU_2D_experimental/train/images/147.JPG,/home/jvillanueva/projects/ovarian-tumor-ultrasound-classification/results/segmentation/unet_baseline/train/predicted_masks/147_pred.png,336,290,0.154033,False,,/home/jvillanueva/projects/ovarian-tumor-ultrasound-classification/data/processed/MMOTU_OTU_2D_roi_pred/train/images/147.png
150,train,B,/home/jvillanueva/projects/ovarian-tumor-ultrasound-classification/data/processed/MMOTU_OTU_2D_experimental/train/images/150.JPG,/home/jvillanueva/projects/ovarian-tumor-ultrasound-classification/results/segmentation/unet_baseline/train/predicted_masks/150_pred.png,333,215,0.140067,False,,/home/jvillanueva/projects/ovarian-tumor-ultrasound-classification/data/processed/MMOTU_OTU_2D_roi_pred/train/images/150.png
153,train,B,/home/jvillanueva/projects/ovarian-tumor-ultrasound-classification/data/processed/MMOTU_OTU_2D_experimental/train/images/153.JPG,/home/jvillanueva/projects/ovarian-tumor-ultrasound-classification/results/segmentation/unet_baseline/train/predicted_masks/153_pred.png,430,285,0.19647,False,,/home/jvillanueva/projects/ovarian-tumor-ultrasound-classification/data/processed/MMOTU_OTU_2D_roi_pred/train/images/153.png
156,train,B,/home/jvillanueva/projects/ovarian-tumor-ultrasound-classification/data/processed/MMOTU_OTU_2D_experimental/train/images/156.JPG,/home/jvillanueva/projects/ovarian-tumor-ultrasound-classification/results/segmentation/unet_baseline/train/predicted_masks/156_pred.png,157,97,0.029713,False,,/home/jvillanueva/projects/ovarian-tumor-ultrasound-classification/data/processed/MMOTU_OTU_2D_roi_pred/train/images/156.png
157,train,B,/home/jvillanueva/projects/ovarian-tumor-ultrasound-classification/data/processed/MMOTU_OTU_2D_experimental/train/images/157.JPG,/home/jvillanueva/projects/ovarian-tumor-ultrasound-classification/results/segmentation/unet_baseline/train/predicted_masks/157_pred.png,135,130,0.034522,False,,/home/jvillanueva/projects/ovarian-tumor-ultrasound-classification/data/processed/MMOTU_OTU_2D_roi_pred/train/images/157.png
160,train,B,/home/jvillanueva/projects/ovarian-tumor-ultrasound-classification/data/processed/MMOTU_OTU_2D_experimental/train/images/160.JPG,/home/jvillanueva/projects/ovarian-tumor-ultrasound-classification/results/segmentation/unet_baseline/train/predicted_masks/160_pred.png,419,279,0.453154,False,,/home/jvillanueva/projects/ovarian-tumor-ultrasound-classification/data/processed/MMOTU_OTU_2D_roi_pred/train/images/160.png
161,train,B,/home/jvillanueva/projects/ovarian-tumor-ultrasound-classification/data/processed/MMOTU_OTU_2D_experimental/train/images/161.JPG,/home/jvillanueva/projects/ovarian-tumor-ultrasound-classification/results/segmentation/unet_baseline/train/predicted_masks/161_pred.png,340,256,0.171282,False,,/home/jvillanueva/projects/ovarian-tumor-ultrasound-classification/data/processed/MMOTU_OTU_2D_roi_pred/train/images/161.png
165,train,B,/home/jvillanueva/projects/ovarian-tumor-ultrasound-classification/data/processed/MMOTU_OTU_2D_experimental/train/images/165.JPG,/home/jvillanueva/projects/ovarian-tumor-ultrasound-classification/results/segmentation/unet_baseline/train/predicted_masks/165_pred.png,276,197,0.211775,False,,/home/jvillanueva/projects/ovarian-tumor-ultrasound-classification/data/processed/MMOTU_OTU_2D_roi_pred/train/images/165.png
166,train,B,/home/jvillanueva/projects/ovarian-tumor-ultrasound-classification/data/processed/MMOTU_OTU_2D_experimental/train/images/166.JPG,/home/jvillanueva/projects/ovarian-tumor-ultrasound-classification/results/segmentation/unet_baseline/train/predicted_masks/166_pred.png,158,100,0.061297,False,,/home/jvillanueva/projects/ovarian-tumor-ultrasound-classification/data/processed/MMOTU_OTU_2D_roi_pred/train/images/166.png
167,train,B,/home/jvillanueva/projects/ovarian-tumor-ultrasound-classification/data/processed/MMOTU_OTU_2D_experimental/train/images/167.JPG,/home/jvillanueva/projects/ovarian-tumor-ultrasound-classification/results/segmentation/unet_baseline/train/predicted_masks/167_pred.png,121,77,0.036425,False,,/home/jvillanueva/projects/ovarian-tumor-ultrasound-classification/data/processed/MMOTU_OTU_2D_roi_pred/train/images/167.png
171,train,B,/home/jvillanueva/projects/ovarian-tumor-ultrasound-classification/data/processed/MMOTU_OTU_2D_experimental/train/images/171.JPG,/home/jvillanueva/projects/ovarian-tumor-ultrasound-classification/results/segmentation/unet_baseline/train/predicted_masks/171_pred.png,288,309,0.173633,False,,/home/jvillanueva/projects/ovarian-tumor-ultrasound-classification/data/processed/MMOTU_OTU_2D_roi_pred/train/images/171.png
172,train,B,/home/jvillanueva/projects/ovarian-tumor-ultrasound-classification/data/processed/MMOTU_OTU_2D_experimental/train/images/172.JPG,/home/jvillanueva/projects/ovarian-tumor-ultrasound-classification/results/segmentation/unet_baseline/train/predicted_masks/172_pred.png,301,302,0.177692,False,,/home/jvillanueva/projects/ovarian-tumor-ultrasound-classification/data/processed/MMOTU_OTU_2D_roi_pred/train/images/172.png
173,train,B,/home/jvillanueva/projects/ovarian-tumor-ultrasound-classification/data/processed/MMOTU_OTU_2D_experimental/train/images/173.JPG,/home/jvillanueva/projects/ovarian-tumor-ultrasound-classification/results/segmentation/unet_baseline/train/predicted_masks/173_pred.png,320,335,0.209943,False,,/home/jvillanueva/projects/ovarian-tumor-ultrasound-classification/data/processed/MMOTU_OTU_2D_roi_pred/train/images/173.png
174,train,B,/home/jvillanueva/projects/ovarian-tumor-ultrasound-classification/data/processed/MMOTU_OTU_2D_experimental/train/images/174.JPG,/home/jvillanueva/projects/ovarian-tumor-ultrasound-classification/results/segmentation/unet_baseline/train/predicted_masks/174_pred.png,313,317,0.388718,False,,/home/jvillanueva/projects/ovarian-tumor-ultrasound-classification/data/processed/MMOTU_OTU_2D_roi_pred/train/images/174.png
175,train,B,/home/jvillanueva/projects/ovarian-tumor-ultrasound-classification/data/processed/MMOTU_OTU_2D_experimental/train/images/175.JPG,/home/jvillanueva/projects/ovarian-tumor-ultrasound-classification/results/segmentation/unet_baseline/train/predicted_masks/175_pred.png,216,189,0.079503,False,,/home/jvillanueva/projects/ovarian-tumor-ultrasound-classification/data/processed/MMOTU_OTU_2D_roi_pred/train/images/175.png
176,train,B,/home/jvillanueva/projects/ovarian-tumor-ultrasound-classification/data/processed/MMOTU_OTU_2D_experimental/train/images/176.JPG,/home/jvillanueva/projects/ovarian-tumor-ultrasound-classification/results/segmentation/unet_baseline/train/predicted_masks/176_pred.png,238,165,0.076907,False,,/home/jvillanueva/projects/ovarian-tumor-ultrasound-classification/data/processed/MMOTU_OTU_2D_roi_pred/train/images/176.png
178,train,B,/home/jvillanueva/projects/ovarian-tumor-ultrasound-classification/data/processed/MMOTU_OTU_2D_experimental/train/images/178.JPG,/home/jvillanueva/projects/ovarian-tumor-ultrasound-classification/results/segmentation/unet_baseline/train/predicted_masks/178_pred.png,489,509,0.485632,False,,/home/jvillanueva/projects/ovarian-tumor-ultrasound-classification/data/processed/MMOTU_OTU_2D_roi_pred/train/images/178.png
18,train,B,/home/jvillanueva/projects/ovarian-tumor-ultrasound-classification/data/processed/MMOTU_OTU_2D_experimental/train/images/18.JPG,/home/jvillanueva/projects/ovarian-tumor-ultrasound-classification/results/segmentation/unet_baseline/train/predicted_masks/18_pred.png,458,393,0.352505,False,,/home/jvillanueva/projects/ovarian-tumor-ultrasound-classification/data/processed/MMOTU_OTU_2D_roi_pred/train/images/18.png
182,train,B,/home/jvillanueva/projects/ovarian-tumor-ultrasound-classification/data/processed/MMOTU_OTU_2D_experimental/train/images/182.JPG,/home/jvillanueva/projects/ovarian-tumor-ultrasound-classification/results/segmentation/unet_baseline/train/predicted_masks/182_pred.png,458,392,0.350294,False,,/home/jvillanueva/projects/ovarian-tumor-ultrasound-classification/data/processed/MMOTU_OTU_2D_roi_pred/train/images/182.png
183,train,B,/home/jvillanueva/projects/ovarian-tumor-ultrasound-classification/data/processed/MMOTU_OTU_2D_experimental/train/images/183.JPG,/home/jvillanueva/projects/ovarian-tumor-ultrasound-classification/results/segmentation/unet_baseline/train/predicted_masks/183_pred.png,458,388,0.348674,False,,/home/jvillanueva/projects/ovarian-tumor-ultrasound-classification/data/processed/MMOTU_OTU_2D_roi_pred/train/images/183.png
184,train,B,/home/jvillanueva/projects/ovarian-tumor-ultrasound-classification/data/processed/MMOTU_OTU_2D_experimental/train/images/184.JPG,/home/jvillanueva/projects/ovarian-tumor-ultrasound-classification/results/segmentation/unet_baseline/train/predicted_masks/184_pred.png,363,172,0.242625,False,,/home/jvillanueva/projects/ovarian-tumor-ultrasound-classification/data/processed/MMOTU_OTU_2D_roi_pred/train/images/184.png
185,train,B,/home/jvillanueva/projects/ovarian-tumor-ultrasound-classification/data/processed/MMOTU_OTU_2D_experimental/train/images/185.JPG,/home/jvillanueva/projects/ovarian-tumor-ultrasound-classification/results/segmentation/unet_baseline/train/predicted_masks/185_pred.png,164,149,0.095754,False,,/home/jvillanueva/projects/ovarian-tumor-ultrasound-classification/data/processed/MMOTU_OTU_2D_roi_pred/train/images/185.png
187,train,B,/home/jvillanueva/projects/ovarian-tumor-ultrasound-classification/data/processed/MMOTU_OTU_2D_experimental/train/images/187.JPG,/home/jvillanueva/projects/ovarian-tumor-ultrasound-classification/results/segmentation/unet_baseline/train/predicted_masks/187_pred.png,157,134,0.082575,False,,/home/jvillanueva/projects/ovarian-tumor-ultrasound-classification/data/processed/MMOTU_OTU_2D_roi_pred/train/images/187.png
188,train,B,/home/jvillanueva/projects/ovarian-tumor-ultrasound-classification/data/processed/MMOTU_OTU_2D_experimental/train/images/188.JPG,/home/jvillanueva/projects/ovarian-tumor-ultrasound-classification/results/segmentation/unet_baseline/train/predicted_masks/188_pred.png,485,341,0.324165,False,,/home/jvillanueva/projects/ovarian-tumor-ultrasound-classification/data/processed/MMOTU_OTU_2D_roi_pred/train/images/188.png
189,train,B,/home/jvillanueva/projects/ovarian-tumor-ultrasound-classification/data/processed/MMOTU_OTU_2D_experimental/train/images/189.JPG,/home/jvillanueva/projects/ovarian-tumor-ultrasound-classification/results/segmentation/unet_baseline/train/predicted_masks/189_pred.png,459,363,0.32658,False,,/home/jvillanueva/projects/ovarian-tumor-ultrasound-classification/data/processed/MMOTU_OTU_2D_roi_pred/train/images/189.png
192,train,B,/home/jvillanueva/projects/ovarian-tumor-ultrasound-classification/data/processed/MMOTU_OTU_2D_experimental/train/images/192.JPG,/home/jvillanueva/projects/ovarian-tumor-ultrasound-classification/results/segmentation/unet_baseline/train/predicted_masks/192_pred.png,480,407,0.765038,False,,/home/jvillanueva/projects/ovarian-tumor-ultrasound-classification/data/processed/MMOTU_OTU_2D_roi_pred/train/images/192.png
195,train,B,/home/jvillanueva/projects/ovarian-tumor-ultrasound-classification/data/processed/MMOTU_OTU_2D_experimental/train/images/195.JPG,/home/jvillanueva/projects/ovarian-tumor-ultrasound-classification/results/segmentation/unet_baseline/train/predicted_masks/195_pred.png,480,407,0.765038,False,,/home/jvillanueva/projects/ovarian-tumor-ultrasound-classification/data/processed/MMOTU_OTU_2D_roi_pred/train/images/195.png
197,train,B,/home/jvillanueva/projects/ovarian-tumor-ultrasound-classification/data/processed/MMOTU_OTU_2D_experimental/train/images/197.JPG,/home/jvillanueva/projects/ovarian-tumor-ultrasound-classification/results/segmentation/unet_baseline/train/predicted_masks/197_pred.png,422,352,0.290065,False,,/home/jvillanueva/projects/ovarian-tumor-ultrasound-classification/data/processed/MMOTU_OTU_2D_roi_pred/train/images/197.png
198,train,B,/home/jvillanueva/projects/ovarian-tumor-ultrasound-classification/data/processed/MMOTU_OTU_2D_experimental/train/images/198.JPG,/home/jvillanueva/projects/ovarian-tumor-ultrasound-classification/results/segmentation/unet_baseline/train/predicted_masks/198_pred.png,520,372,0.377734,False,,/home/jvillanueva/projects/ovarian-tumor-ultrasound-classification/data/processed/MMOTU_OTU_2D_roi_pred/train/images/198.png
199,train,B,/home/jvillanueva/projects/ovarian-tumor-ultrasound-classification/data/processed/MMOTU_OTU_2D_experimental/train/images/199.JPG,/home/jvillanueva/projects/ovarian-tumor-ultrasound-classification/results/segmentation/unet_baseline/train/predicted_masks/199_pred.png,479,362,0.679174,False,,/home/jvillanueva/projects/ovarian-tumor-ultrasound-classification/data/processed/MMOTU_OTU_2D_roi_pred/train/images/199.png
2,train,B,/home/jvillanueva/projects/ovarian-tumor-ultrasound-classification/data/processed/MMOTU_OTU_2D_experimental/train/images/2.JPG,/home/jvillanueva/projects/ovarian-tumor-ultrasound-classification/results/segmentation/unet_baseline/train/predicted_masks/2_pred.png,242,264,0.12429,False,,/home/jvillanueva/projects/ovarian-tumor-ultrasound-classification/data/processed/MMOTU_OTU_2D_roi_pred/train/images/2.png
20,train,B,/home/jvillanueva/projects/ovarian-tumor-ultrasound-classification/data/processed/MMOTU_OTU_2D_experimental/train/images/20.JPG,/home/jvillanueva/projects/ovarian-tumor-ultrasound-classification/results/segmentation/unet_baseline/train/predicted_masks/20_pred.png,479,405,0.762712,False,,/home/jvillanueva/projects/ovarian-tumor-ultrasound-classification/data/processed/MMOTU_OTU_2D_roi_pred/train/images/20.png
200,train,B,/home/jvillanueva/projects/ovarian-tumor-ultrasound-classification/data/processed/MMOTU_OTU_2D_experimental/train/images/200.JPG,/home/jvillanueva/projects/ovarian-tumor-ultrasound-classification/results/segmentation/unet_baseline/train/predicted_masks/200_pred.png,402,392,0.618267,False,,/home/jvillanueva/projects/ovarian-tumor-ultrasound-classification/data/processed/MMOTU_OTU_2D_roi_pred/train/images/200.png
202,train,B,/home/jvillanueva/projects/ovarian-tumor-ultrasound-classification/data/processed/MMOTU_OTU_2D_experimental/train/images/202.JPG,/home/jvillanueva/projects/ovarian-tumor-ultrasound-classification/results/segmentation/unet_baseline/train/predicted_masks/202_pred.png,278,251,0.273824,False,,/home/jvillanueva/projects/ovarian-tumor-ultrasound-classification/data/processed/MMOTU_OTU_2D_roi_pred/train/images/202.png
204,train,B,/home/jvillanueva/projects/ovarian-tumor-ultrasound-classification/data/processed/MMOTU_OTU_2D_experimental/train/images/204.JPG,/home/jvillanueva/projects/ovarian-tumor-ultrasound-classification/results/segmentation/unet_baseline/train/predicted_masks/204_pred.png,307,229,0.275367,False,,/home/jvillanueva/projects/ovarian-tumor-ultrasound-classification/data/processed/MMOTU_OTU_2D_roi_pred/train/images/204.png
205,train,B,/home/jvillanueva/projects/ovarian-tumor-ultrasound-classification/data/processed/MMOTU_OTU_2D_experimental/train/images/205.JPG,/home/jvillanueva/projects/ovarian-tumor-ultrasound-classification/results/segmentation/unet_baseline/train/predicted_masks/205_pred.png,108,118,0.020188,False,,/home/jvillanueva/projects/ovarian-tumor-ultrasound-classification/data/processed/MMOTU_OTU_2D_roi_pred/train/images/205.png
207,train,B,/home/jvillanueva/projects/ovarian-tumor-ultrasound-classification/data/processed/MMOTU_OTU_2D_experimental/train/images/207.JPG,/home/jvillanueva/projects/ovarian-tumor-ultrasound-classification/results/segmentation/unet_baseline/train/predicted_masks/207_pred.png,207,132,0.053557,False,,/home/jvillanueva/projects/ovarian-tumor-ultrasound-classification/data/processed/MMOTU_OTU_2D_roi_pred/train/images/207.png
208,train,B,/home/jvillanueva/projects/ovarian-tumor-ultrasound-classification/data/processed/MMOTU_OTU_2D_experimental/train/images/208.JPG,/home/jvillanueva/projects/ovarian-tumor-ultrasound-classification/results/segmentation/unet_baseline/train/predicted_masks/208_pred.png,193,139,0.05219,False,,/home/jvillanueva/projects/ovarian-tumor-ultrasound-classification/data/processed/MMOTU_OTU_2D_roi_pred/train/images/208.png
209,train,B,/home/jvillanueva/projects/ovarian-tumor-ultrasound-classification/data/processed/MMOTU_OTU_2D_experimental/train/images/209.JPG,/home/jvillanueva/projects/ovarian-tumor-ultrasound-classification/results/segmentation/unet_baseline/train/predicted_masks/209_pred.png,182,116,0.08271,False,,/home/jvillanueva/projects/ovarian-tumor-ultrasound-classification/data/processed/MMOTU_OTU_2D_roi_pred/train/images/209.png
211,train,B,/home/jvillanueva/projects/ovarian-tumor-ultrasound-classification/data/processed/MMOTU_OTU_2D_experimental/train/images/211.JPG,/home/jvillanueva/projects/ovarian-tumor-ultrasound-classification/results/segmentation/unet_baseline/train/predicted_masks/211_pred.png,264,224,0.114575,False,,/home/jvillanueva/projects/ovarian-tumor-ultrasound-classification/data/processed/MMOTU_OTU_2D_roi_pred/train/images/211.png
212,train,B,/home/jvillanueva/projects/ovarian-tumor-ultrasound-classification/data/processed/MMOTU_OTU_2D_experimental/train/images/212.JPG,/home/jvillanueva/projects/ovarian-tumor-ultrasound-classification/results/segmentation/unet_baseline/train/predicted_masks/212_pred.png,255,200,0.098897,False,,/home/jvillanueva/projects/ovarian-tumor-ultrasound-classification/data/processed/MMOTU_OTU_2D_roi_pred/train/images/212.png
213,train,B,/home/jvillanueva/projects/ovarian-tumor-ultrasound-classification/data/processed/MMOTU_OTU_2D_experimental/train/images/213.JPG,/home/jvillanueva/projects/ovarian-tumor-ultrasound-classification/results/segmentation/unet_baseline/train/predicted_masks/213_pred.png,217,149,0.063751,False,,/home/jvillanueva/projects/ovarian-tumor-ultrasound-classification/data/processed/MMOTU_OTU_2D_roi_pred/train/images/213.png
214,train,B,/home/jvillanueva/projects/ovarian-tumor-ultrasound-classification/data/processed/MMOTU_OTU_2D_experimental/train/images/214.JPG,/home/jvillanueva/projects/ovarian-tumor-ultrasound-classification/results/segmentation/unet_baseline/train/predicted_masks/214_pred.png,229,171,0.152396,False,,/home/jvillanueva/projects/ovarian-tumor-ultrasound-classification/data/processed/MMOTU_OTU_2D_roi_pred/train/images/214.png
218,train,B,/home/jvillanueva/projects/ovarian-tumor-ultrasound-classification/data/processed/MMOTU_OTU_2D_experimental/train/images/218.JPG,/home/jvillanueva/projects/ovarian-tumor-ultrasound-classification/results/segmentation/unet_baseline/train/predicted_masks/218_pred.png,395,502,0.777974,False,,/home/jvillanueva/projects/ovarian-tumor-ultrasound-classification/data/processed/MMOTU_OTU_2D_roi_pred/train/images/218.png
221,train,B,/home/jvillanueva/projects/ovarian-tumor-ultrasound-classification/data/processed/MMOTU_OTU_2D_experimental/train/images/221.JPG,/home/jvillanueva/projects/ovarian-tumor-ultrasound-classification/results/segmentation/unet_baseline/train/predicted_masks/221_pred.png,178,149,0.103645,False,,/home/jvillanueva/projects/ovarian-tumor-ultrasound-classification/data/processed/MMOTU_OTU_2D_roi_pred/train/images/221.png
222,train,B,/home/jvillanueva/projects/ovarian-tumor-ultrasound-classification/data/processed/MMOTU_OTU_2D_experimental/train/images/222.JPG,/home/jvillanueva/projects/ovarian-tumor-ultrasound-classification/results/segmentation/unet_baseline/train/predicted_masks/222_pred.png,215,172,0.145117,False,,/home/jvillanueva/projects/ovarian-tumor-ultrasound-classification/data/processed/MMOTU_OTU_2D_roi_pred/train/images/222.png
224,train,B,/home/jvillanueva/projects/ovarian-tumor-ultrasound-classification/data/processed/MMOTU_OTU_2D_experimental/train/images/224.JPG,/home/jvillanueva/projects/ovarian-tumor-ultrasound-classification/results/segmentation/unet_baseline/train/predicted_masks/224_pred.png,489,266,0.333677,False,,/home/jvillanueva/projects/ovarian-tumor-ultrasound-classification/data/processed/MMOTU_OTU_2D_roi_pred/train/images/224.png
226,train,B,/home/jvillanueva/projects/ovarian-tumor-ultrasound-classification/data/processed/MMOTU_OTU_2D_experimental/train/images/226.JPG,/home/jvillanueva/projects/ovarian-tumor-ultrasound-classification/results/segmentation/unet_baseline/train/predicted_masks/226_pred.png,480,373,0.84009,False,,/home/jvillanueva/projects/ovarian-tumor-ultrasound-classification/data/processed/MMOTU_OTU_2D_roi_pred/train/images/226.png
23,train,B,/home/jvillanueva/projects/ovarian-tumor-ultrasound-classification/data/processed/MMOTU_OTU_2D_experimental/train/images/23.JPG,/home/jvillanueva/projects/ovarian-tumor-ultrasound-classification/results/segmentation/unet_baseline/train/predicted_masks/23_pred.png,480,337,0.63227,False,,/home/jvillanueva/projects/ovarian-tumor-ultrasound-classification/data/processed/MMOTU_OTU_2D_roi_pred/train/images/23.png
230,train,B,/home/jvillanueva/projects/ovarian-tumor-ultrasound-classification/data/processed/MMOTU_OTU_2D_experimental/train/images/230.JPG,/home/jvillanueva/projects/ovarian-tumor-ultrasound-classification/results/segmentation/unet_baseline/train/predicted_masks/230_pred.png,99,130,0.050295,False,,/home/jvillanueva/projects/ovarian-tumor-ultrasound-classification/data/processed/MMOTU_OTU_2D_roi_pred/train/images/230.png
233,train,B,/home/jvillanueva/projects/ovarian-tumor-ultrasound-classification/data/processed/MMOTU_OTU_2D_experimental/train/images/233.JPG,/home/jvillanueva/projects/ovarian-tumor-ultrasound-classification/results/segmentation/unet_baseline/train/predicted_masks/233_pred.png,309,193,0.232666,False,,/home/jvillanueva/projects/ovarian-tumor-ultrasound-classification/data/processed/MMOTU_OTU_2D_roi_pred/train/images/233.png
235,train,B,/home/jvillanueva/projects/ovarian-tumor-ultrasound-classification/data/processed/MMOTU_OTU_2D_experimental/train/images/235.JPG,/home/jvillanueva/projects/ovarian-tumor-ultrasound-classification/results/segmentation/unet_baseline/train/predicted_masks/235_pred.png,296,203,0.233938,False,,/home/jvillanueva/projects/ovarian-tumor-ultrasound-classification/data/processed/MMOTU_OTU_2D_roi_pred/train/images/235.png
236,train,B,/home/jvillanueva/projects/ovarian-tumor-ultrasound-classification/data/processed/MMOTU_OTU_2D_experimental/train/images/236.JPG,/home/jvillanueva/projects/ovarian-tumor-ultrasound-classification/results/segmentation/unet_baseline/train/predicted_masks/236_pred.png,325,169,0.115332,False,,/home/jvillanueva/projects/ovarian-tumor-ultrasound-classification/data/processed/MMOTU_OTU_2D_roi_pred/train/images/236.png
238,train,B,/home/jvillanueva/projects/ovarian-tumor-ultrasound-classification/data/processed/MMOTU_OTU_2D_experimental/train/images/238.JPG,/home/jvillanueva/projects/ovarian-tumor-ultrasound-classification/results/segmentation/unet_baseline/train/predicted_masks/238_pred.png,156,115,0.037738,False,,/home/jvillanueva/projects/ovarian-tumor-ultrasound-classification/data/processed/MMOTU_OTU_2D_roi_pred/train/images/238.png
24,train,B,/home/jvillanueva/projects/ovarian-tumor-ultrasound-classification/data/processed/MMOTU_OTU_2D_experimental/train/images/24.JPG,/home/jvillanueva/projects/ovarian-tumor-ultrasound-classification/results/segmentation/unet_baseline/train/predicted_masks/24_pred.png,478,348,0.651685,False,,/home/jvillanueva/projects/ovarian-tumor-ultrasound-classification/data/processed/MMOTU_OTU_2D_roi_pred/train/images/24.png
241,train,B,/home/jvillanueva/projects/ovarian-tumor-ultrasound-classification/data/processed/MMOTU_OTU_2D_experimental/train/images/241.JPG,/home/jvillanueva/projects/ovarian-tumor-ultrasound-classification/results/segmentation/unet_baseline/train/predicted_masks/241_pred.png,468,397,0.726072,False,,/home/jvillanueva/projects/ovarian-tumor-ultrasound-classification/data/processed/MMOTU_OTU_2D_roi_pred/train/images/241.png
243,train,B,/home/jvillanueva/projects/ovarian-tumor-ultrasound-classification/data/processed/MMOTU_OTU_2D_experimental/train/images/243.JPG,/home/jvillanueva/projects/ovarian-tumor-ultrasound-classification/results/segmentation/unet_baseline/train/predicted_masks/243_pred.png,147,157,0.090927,False,,/home/jvillanueva/projects/ovarian-tumor-ultrasound-classification/data/processed/MMOTU_OTU_2D_roi_pred/train/images/243.png
244,train,B,/home/jvillanueva/projects/ovarian-tumor-ultrasound-classification/data/processed/MMOTU_OTU_2D_experimental/train/images/244.JPG,/home/jvillanueva/projects/ovarian-tumor-ultrasound-classification/results/segmentation/unet_baseline/train/predicted_masks/244_pred.png,214,229,0.192672,False,,/home/jvillanueva/projects/ovarian-tumor-ultrasound-classification/data/processed/MMOTU_OTU_2D_roi_pred/train/images/244.png
246,train,B,/home/jvillanueva/projects/ovarian-tumor-ultrasound-classification/data/processed/MMOTU_OTU_2D_experimental/train/images/246.JPG,/home/jvillanueva/projects/ovarian-tumor-ultrasound-classification/results/segmentation/unet_baseline/train/predicted_masks/246_pred.png,206,143,0.115119,False,,/home/jvillanueva/projects/ovarian-tumor-ultrasound-classification/data/processed/MMOTU_OTU_2D_roi_pred/train/images/246.png
247,train,B,/home/jvillanueva/projects/ovarian-tumor-ultrasound-classification/data/processed/MMOTU_OTU_2D_experimental/train/images/247.JPG,/home/jvillanueva/projects/ovarian-tumor-ultrasound-classification/results/segmentation/unet_baseline/train/predicted_masks/247_pred.png,189,148,0.109085,False,,/home/jvillanueva/projects/ovarian-tumor-ultrasound-classification/data/processed/MMOTU_OTU_2D_roi_pred/train/images/247.png
25,train,B,/home/jvillanueva/projects/ovarian-tumor-ultrasound-classification/data/processed/MMOTU_OTU_2D_experimental/train/images/25.JPG,/home/jvillanueva/projects/ovarian-tumor-ultrasound-classification/results/segmentation/unet_baseline/train/predicted_masks/25_pred.png,481,328,0.61194,False,,/home/jvillanueva/projects/ovarian-tumor-ultrasound-classification/data/processed/MMOTU_OTU_2D_roi_pred/train/images/25.png
250,train,B,/home/jvillanueva/projects/ovarian-tumor-ultrasound-classification/data/processed/MMOTU_OTU_2D_experimental/train/images/250.JPG,/home/jvillanueva/projects/ovarian-tumor-ultrasound-classification/results/segmentation/unet_baseline/train/predicted_masks/250_pred.png,344,338,0.452332,False,,/home/jvillanueva/projects/ovarian-tumor-ultrasound-classification/data/processed/MMOTU_OTU_2D_roi_pred/train/images/250.png
251,train,B,/home/jvillanueva/projects/ovarian-tumor-ultrasound-classification/data/processed/MMOTU_OTU_2D_experimental/train/images/251.JPG,/home/jvillanueva/projects/ovarian-tumor-ultrasound-classification/results/segmentation/unet_baseline/train/predicted_masks/251_pred.png,327,361,0.459406,False,,/home/jvillanueva/projects/ovarian-tumor-ultrasound-classification/data/processed/MMOTU_OTU_2D_roi_pred/train/images/251.png
252,train,B,/home/jvillanueva/projects/ovarian-tumor-ultrasound-classification/data/processed/MMOTU_OTU_2D_experimental/train/images/252.JPG,/home/jvillanueva/projects/ovarian-tumor-ultrasound-classification/results/segmentation/unet_baseline/train/predicted_masks/252_pred.png,369,380,0.27484,False,,/home/jvillanueva/projects/ovarian-tumor-ultrasound-classification/data/processed/MMOTU_OTU_2D_roi_pred/train/images/252.png
256,train,B,/home/jvillanueva/projects/ovarian-tumor-ultrasound-classification/data/processed/MMOTU_OTU_2D_experimental/train/images/256.JPG,/home/jvillanueva/projects/ovarian-tumor-ultrasound-classification/results/segmentation/unet_baseline/train/predicted_masks/256_pred.png,111,82,0.018105,False,,/home/jvillanueva/projects/ovarian-tumor-ultrasound-classification/data/processed/MMOTU_OTU_2D_roi_pred/train/images/256.png
257,train,B,/home/jvillanueva/projects/ovarian-tumor-ultrasound-classification/data/processed/MMOTU_OTU_2D_experimental/train/images/257.JPG,/home/jvillanueva/projects/ovarian-tumor-ultrasound-classification/results/segmentation/unet_baseline/train/predicted_masks/257_pred.png,104,77,0.015742,False,,/home/jvillanueva/projects/ovarian-tumor-ultrasound-classification/data/processed/MMOTU_OTU_2D_roi_pred/train/images/257.png
259,train,B,/home/jvillanueva/projects/ovarian-tumor-ultrasound-classification/data/processed/MMOTU_OTU_2D_experimental/train/images/259.JPG,/home/jvillanueva/projects/ovarian-tumor-ultrasound-classification/results/segmentation/unet_baseline/train/predicted_masks/259_pred.png,413,322,0.458504,False,,/home/jvillanueva/projects/ovarian-tumor-ultrasound-classification/data/processed/MMOTU_OTU_2D_roi_pred/train/images/259.png
260,train,B,/home/jvillanueva/projects/ovarian-tumor-ultrasound-classification/data/processed/MMOTU_OTU_2D_experimental/train/images/260.JPG,/home/jvillanueva/projects/ovarian-tumor-ultrasound-classification/results/segmentation/unet_baseline/train/predicted_masks/260_pred.png,375,334,0.428987,False,,/home/jvillanueva/projects/ovarian-tumor-ultrasound-classification/data/processed/MMOTU_OTU_2D_roi_pred/train/images/260.png
262,train,B,/home/jvillanueva/projects/ovarian-tumor-ultrasound-classification/data/processed/MMOTU_OTU_2D_experimental/train/images/262.JPG,/home/jvillanueva/projects/ovarian-tumor-ultrasound-classification/results/segmentation/unet_baseline/train/predicted_masks/262_pred.png,441,348,0.602001,False,,/home/jvillanueva/projects/ovarian-tumor-ultrasound-classification/data/processed/MMOTU_OTU_2D_roi_pred/train/images/262.png
263,train,B,/home/jvillanueva/projects/ovarian-tumor-ultrasound-classification/data/processed/MMOTU_OTU_2D_experimental/train/images/263.JPG,/home/jvillanueva/projects/ovarian-tumor-ultrasound-classification/results/segmentation/unet_baseline/train/predicted_masks/263_pred.png,454,336,0.597368,False,,/home/jvillanueva/projects/ovarian-tumor-ultrasound-classification/data/processed/MMOTU_OTU_2D_roi_pred/train/images/263.png
265,train,B,/home/jvillanueva/projects/ovarian-tumor-ultrasound-classification/data/processed/MMOTU_OTU_2D_experimental/train/images/265.JPG,/home/jvillanueva/projects/ovarian-tumor-ultrasound-classification/results/segmentation/unet_baseline/train/predicted_masks/265_pred.png,189,193,0.143713,False,,/home/jvillanueva/projects/ovarian-tumor-ultrasound-classification/data/processed/MMOTU_OTU_2D_roi_pred/train/images/265.png
270,train,B,/home/jvillanueva/projects/ovarian-tumor-ultrasound-classification/data/processed/MMOTU_OTU_2D_experimental/train/images/270.JPG,/home/jvillanueva/projects/ovarian-tumor-ultrasound-classification/results/segmentation/unet_baseline/train/predicted_masks/270_pred.png,188,235,0.131166,False,,/home/jvillanueva/projects/ovarian-tumor-ultrasound-classification/data/processed/MMOTU_OTU_2D_roi_pred/train/images/270.png
272,train,B,/home/jvillanueva/projects/ovarian-tumor-ultrasound-classification/data/processed/MMOTU_OTU_2D_experimental/train/images/272.JPG,/home/jvillanueva/projects/ovarian-tumor-ultrasound-classification/results/segmentation/unet_baseline/train/predicted_masks/272_pred.png,395,348,0.268421,False,,/home/jvillanueva/projects/ovarian-tumor-ultrasound-classification/data/processed/MMOTU_OTU_2D_roi_pred/train/images/272.png
273,train,B,/home/jvillanueva/projects/ovarian-tumor-ultrasound-classification/data/processed/MMOTU_OTU_2D_experimental/train/images/273.JPG,/home/jvillanueva/projects/ovarian-tumor-ultrasound-classification/results/segmentation/unet_baseline/train/predicted_masks/273_pred.png,386,292,0.220095,False,,/home/jvillanueva/projects/ovarian-tumor-ultrasound-classification/data/processed/MMOTU_OTU_2D_roi_pred/train/images/273.png
274,train,B,/home/jvillanueva/projects/ovarian-tumor-ultrasound-classification/data/processed/MMOTU_OTU_2D_experimental/train/images/274.JPG,/home/jvillanueva/projects/ovarian-tumor-ultrasound-classification/results/segmentation/unet_baseline/train/predicted_masks/274_pred.png,206,157,0.063155,False,,/home/jvillanueva/projects/ovarian-tumor-ultrasound-classification/data/processed/MMOTU_OTU_2D_roi_pred/train/images/274.png
275,train,B,/home/jvillanueva/projects/ovarian-tumor-ultrasound-classification/data/processed/MMOTU_OTU_2D_experimental/train/images/275.JPG,/home/jvillanueva/projects/ovarian-tumor-ultrasound-classification/results/segmentation/unet_baseline/train/predicted_masks/275_pred.png,176,104,0.03581,False,,/home/jvillanueva/projects/ovarian-tumor-ultrasound-classification/data/processed/MMOTU_OTU_2D_roi_pred/train/images/275.png
276,train,B,/home/jvillanueva/projects/ovarian-tumor-ultrasound-classification/data/processed/MMOTU_OTU_2D_experimental/train/images/276.JPG,/home/jvillanueva/projects/ovarian-tumor-ultrasound-classification/results/segmentation/unet_baseline/train/predicted_masks/276_pred.png,592,440,0.510131,False,,/home/jvillanueva/projects/ovarian-tumor-ultrasound-classification/data/processed/MMOTU_OTU_2D_roi_pred/train/images/276.png
277,train,B,/home/jvillanueva/projects/ovarian-tumor-ultrasound-classification/data/processed/MMOTU_OTU_2D_experimental/train/images/277.JPG,/home/jvillanueva/projects/ovarian-tumor-ultrasound-classification/results/segmentation/unet_baseline/train/predicted_masks/277_pred.png,719,468,0.657075,False,,/home/jvillanueva/projects/ovarian-tumor-ultrasound-classification/data/processed/MMOTU_OTU_2D_roi_pred/train/images/277.png
278,train,B,/home/jvillanueva/projects/ovarian-tumor-ultrasound-classification/data/processed/MMOTU_OTU_2D_experimental/train/images/278.JPG,/home/jvillanueva/projects/ovarian-tumor-ultrasound-classification/results/segmentation/unet_baseline/train/predicted_masks/278_pred.png,719,468,0.659545,False,,/home/jvillanueva/projects/ovarian-tumor-ultrasound-classification/data/processed/MMOTU_OTU_2D_roi_pred/train/images/278.png
279,train,B,/home/jvillanueva/projects/ovarian-tumor-ultrasound-classification/data/processed/MMOTU_OTU_2D_experimental/train/images/279.JPG,/home/jvillanueva/projects/ovarian-tumor-ultrasound-classification/results/segmentation/unet_baseline/train/predicted_masks/279_pred.png,625,425,0.518262,False,,/home/jvillanueva/projects/ovarian-tumor-ultrasound-classification/data/processed/MMOTU_OTU_2D_roi_pred/train/images/279.png
28,train,B,/home/jvillanueva/projects/ovarian-tumor-ultrasound-classification/data/processed/MMOTU_OTU_2D_experimental/train/images/28.JPG,/home/jvillanueva/projects/ovarian-tumor-ultrasound-classification/results/segmentation/unet_baseline/train/predicted_masks/28_pred.png,445,394,0.342371,False,,/home/jvillanueva/projects/ovarian-tumor-ultrasound-classification/data/processed/MMOTU_OTU_2D_roi_pred/train/images/28.png
282,train,B,/home/jvillanueva/projects/ovarian-tumor-ultrasound-classification/data/processed/MMOTU_OTU_2D_experimental/train/images/282.JPG,/home/jvillanueva/projects/ovarian-tumor-ultrasound-classification/results/segmentation/unet_baseline/train/predicted_masks/282_pred.png,368,292,0.420889,False,,/home/jvillanueva/projects/ovarian-tumor-ultrasound-classification/data/processed/MMOTU_OTU_2D_roi_pred/train/images/282.png
283,train,B,/home/jvillanueva/projects/ovarian-tumor-ultrasound-classification/data/processed/MMOTU_OTU_2D_experimental/train/images/283.JPG,/home/jvillanueva/projects/ovarian-tumor-ultrasound-classification/results/segmentation/unet_baseline/train/predicted_masks/283_pred.png,700,395,0.540491,False,,/home/jvillanueva/projects/ovarian-tumor-ultrasound-classification/data/processed/MMOTU_OTU_2D_roi_pred/train/images/283.png
284,train,B,/home/jvillanueva/projects/ovarian-tumor-ultrasound-classification/data/processed/MMOTU_OTU_2D_experimental/train/images/284.JPG,/home/jvillanueva/projects/ovarian-tumor-ultrasound-classification/results/segmentation/unet_baseline/train/predicted_masks/284_pred.png,201,213,0.167657,False,,/home/jvillanueva/projects/ovarian-tumor-ultrasound-classification/data/processed/MMOTU_OTU_2D_roi_pred/train/images/284.png
285,train,B,/home/jvillanueva/projects/ovarian-tumor-ultrasound-classification/data/processed/MMOTU_OTU_2D_experimental/train/images/285.JPG,/home/jvillanueva/projects/ovarian-tumor-ultrasound-classification/results/segmentation/unet_baseline/train/predicted_masks/285_pred.png,443,291,0.506101,False,,/home/jvillanueva/projects/ovarian-tumor-ultrasound-classification/data/processed/MMOTU_OTU_2D_roi_pred/train/images/285.png
286,train,B,/home/jvillanueva/projects/ovarian-tumor-ultrasound-classification/data/processed/MMOTU_OTU_2D_experimental/train/images/286.JPG,/home/jvillanueva/projects/ovarian-tumor-ultrasound-classification/results/segmentation/unet_baseline/train/predicted_masks/286_pred.png,451,304,0.268508,False,,/home/jvillanueva/projects/ovarian-tumor-ultrasound-classification/data/processed/MMOTU_OTU_2D_roi_pred/train/images/286.png
287,train,B,/home/jvillanueva/projects/ovarian-tumor-ultrasound-classification/data/processed/MMOTU_OTU_2D_experimental/train/images/287.JPG,/home/jvillanueva/projects/ovarian-tumor-ultrasound-classification/results/segmentation/unet_baseline/train/predicted_masks/287_pred.png,399,287,0.224265,False,,/home/jvillanueva/projects/ovarian-tumor-ultrasound-classification/data/processed/MMOTU_OTU_2D_roi_pred/train/images/287.png
289,train,B,/home/jvillanueva/projects/ovarian-tumor-ultrasound-classification/data/processed/MMOTU_OTU_2D_experimental/train/images/289.JPG,/home/jvillanueva/projects/ovarian-tumor-ultrasound-classification/results/segmentation/unet_baseline/train/predicted_masks/289_pred.png,708,532,0.736733,False,,/home/jvillanueva/projects/ovarian-tumor-ultrasound-classification/data/processed/MMOTU_OTU_2D_roi_pred/train/images/289.png
290,train,B,/home/jvillanueva/projects/ovarian-tumor-ultrasound-classification/data/processed/MMOTU_OTU_2D_experimental/train/images/290.JPG,/home/jvillanueva/projects/ovarian-tumor-ultrasound-classification/results/segmentation/unet_baseline/train/predicted_masks/290_pred.png,313,190,0.229972,False,,/home/jvillanueva/projects/ovarian-tumor-ultrasound-classification/data/processed/MMOTU_OTU_2D_roi_pred/train/images/290.png
291,train,B,/home/jvillanueva/projects/ovarian-tumor-ultrasound-classification/data/processed/MMOTU_OTU_2D_experimental/train/images/291.JPG,/home/jvillanueva/projects/ovarian-tumor-ultrasound-classification/results/segmentation/unet_baseline/train/predicted_masks/291_pred.png,322,192,0.235211,False,,/home/jvillanueva/projects/ovarian-tumor-ultrasound-classification/data/processed/MMOTU_OTU_2D_roi_pred/train/images/291.png
293,train,B,/home/jvillanueva/projects/ovarian-tumor-ultrasound-classification/data/processed/MMOTU_OTU_2D_experimental/train/images/293.JPG,/home/jvillanueva/projects/ovarian-tumor-ultrasound-classification/results/segmentation/unet_baseline/train/predicted_masks/293_pred.png,505,314,0.309838,False,,/home/jvillanueva/projects/ovarian-tumor-ultrasound-classification/data/processed/MMOTU_OTU_2D_roi_pred/train/images/293.png
294,train,B,/home/jvillanueva/projects/ovarian-tumor-ultrasound-classification/data/processed/MMOTU_OTU_2D_experimental/train/images/294.JPG,/home/jvillanueva/projects/ovarian-tumor-ultrasound-classification/results/segmentation/unet_baseline/train/predicted_masks/294_pred.png,504,255,0.253018,False,,/home/jvillanueva/projects/ovarian-tumor-ultrasound-classification/data/processed/MMOTU_OTU_2D_roi_pred/train/images/294.png
297,train,B,/home/jvillanueva/projects/ovarian-tumor-ultrasound-classification/data/processed/MMOTU_OTU_2D_experimental/train/images/297.JPG,/home/jvillanueva/projects/ovarian-tumor-ultrasound-classification/results/segmentation/unet_baseline/train/predicted_masks/297_pred.png,458,408,0.367338,False,,/home/jvillanueva/projects/ovarian-tumor-ultrasound-classification/data/processed/MMOTU_OTU_2D_roi_pred/train/images/297.png
298,train,B,/home/jvillanueva/projects/ovarian-tumor-ultrasound-classification/data/processed/MMOTU_OTU_2D_experimental/train/images/298.JPG,/home/jvillanueva/projects/ovarian-tumor-ultrasound-classification/results/segmentation/unet_baseline/train/predicted_masks/298_pred.png,442,473,0.814298,False,,/home/jvillanueva/projects/ovarian-tumor-ultrasound-classification/data/processed/MMOTU_OTU_2D_roi_pred/train/images/298.png
30,train,B,/home/jvillanueva/projects/ovarian-tumor-ultrasound-classification/data/processed/MMOTU_OTU_2D_experimental/train/images/30.JPG,/home/jvillanueva/projects/ovarian-tumor-ultrasound-classification/results/segmentation/unet_baseline/train/predicted_masks/30_pred.png,307,355,0.213617,False,,/home/jvillanueva/projects/ovarian-tumor-ultrasound-classification/data/processed/MMOTU_OTU_2D_roi_pred/train/images/30.png
300,train,B,/home/jvillanueva/projects/ovarian-tumor-ultrasound-classification/data/processed/MMOTU_OTU_2D_experimental/train/images/300.JPG,/home/jvillanueva/projects/ovarian-tumor-ultrasound-classification/results/segmentation/unet_baseline/train/predicted_masks/300_pred.png,422,502,0.837957,False,,/home/jvillanueva/projects/ovarian-tumor-ultrasound-classification/data/processed/MMOTU_OTU_2D_roi_pred/train/images/300.png
304,train,B,/home/jvillanueva/projects/ovarian-tumor-ultrasound-classification/data/processed/MMOTU_OTU_2D_experimental/train/images/304.JPG,/home/jvillanueva/projects/ovarian-tumor-ultrasound-classification/results/segmentation/unet_baseline/train/predicted_masks/304_pred.png,217,182,0.15505,False,,/home/jvillanueva/projects/ovarian-tumor-ultrasound-classification/data/processed/MMOTU_OTU_2D_roi_pred/train/images/304.png
305,train,B,/home/jvillanueva/projects/ovarian-tumor-ultrasound-classification/data/processed/MMOTU_OTU_2D_experimental/train/images/305.JPG,/home/jvillanueva/projects/ovarian-tumor-ultrasound-classification/results/segmentation/unet_baseline/train/predicted_masks/305_pred.png,298,259,0.304722,False,,/home/jvillanueva/projects/ovarian-tumor-ultrasound-classification/data/processed/MMOTU_OTU_2D_roi_pred/train/images/305.png
307,train,B,/home/jvillanueva/projects/ovarian-tumor-ultrasound-classification/data/processed/MMOTU_OTU_2D_experimental/train/images/307.JPG,/home/jvillanueva/projects/ovarian-tumor-ultrasound-classification/results/segmentation/unet_baseline/train/predicted_masks/307_pred.png,326,218,0.279883,False,,/home/jvillanueva/projects/ovarian-tumor-ultrasound-classification/data/processed/MMOTU_OTU_2D_roi_pred/train/images/307.png
308,train,B,/home/jvillanueva/projects/ovarian-tumor-ultrasound-classification/data/processed/MMOTU_OTU_2D_experimental/train/images/308.JPG,/home/jvillanueva/projects/ovarian-tumor-ultrasound-classification/results/segmentation/unet_baseline/train/predicted_masks/308_pred.png,302,264,0.155623,False,,/home/jvillanueva/projects/ovarian-tumor-ultrasound-classification/data/processed/MMOTU_OTU_2D_roi_pred/train/images/308.png
31,train,B,/home/jvillanueva/projects/ovarian-tumor-ultrasound-classification/data/processed/MMOTU_OTU_2D_experimental/train/images/31.JPG,/home/jvillanueva/projects/ovarian-tumor-ultrasound-classification/results/segmentation/unet_baseline/train/predicted_masks/31_pred.png,359,297,0.418412,False,,/home/jvillanueva/projects/ovarian-tumor-ultrasound-classification/data/processed/MMOTU_OTU_2D_roi_pred/train/images/31.png
310,train,B,/home/jvillanueva/projects/ovarian-tumor-ultrasound-classification/data/processed/MMOTU_OTU_2D_experimental/train/images/310.JPG,/home/jvillanueva/projects/ovarian-tumor-ultrasound-classification/results/segmentation/unet_baseline/train/predicted_masks/310_pred.png,351,338,0.238336,False,,/home/jvillanueva/projects/ovarian-tumor-ultrasound-classification/data/processed/MMOTU_OTU_2D_roi_pred/train/images/310.png
311,train,B,/home/jvillanueva/projects/ovarian-tumor-ultrasound-classification/data/processed/MMOTU_OTU_2D_experimental/train/images/311.JPG,/home/jvillanueva/projects/ovarian-tumor-ultrasound-classification/results/segmentation/unet_baseline/train/predicted_masks/311_pred.png,216,176,0.148903,False,,/home/jvillanueva/projects/ovarian-tumor-ultrasound-classification/data/processed/MMOTU_OTU_2D_roi_pred/train/images/311.png
312,train,B,/home/jvillanueva/projects/ovarian-tumor-ultrasound-classification/data/processed/MMOTU_OTU_2D_experimental/train/images/312.JPG,/home/jvillanueva/projects/ovarian-tumor-ultrasound-classification/results/segmentation/unet_baseline/train/predicted_masks/312_pred.png,273,153,0.163911,False,,/home/jvillanueva/projects/ovarian-tumor-ultrasound-classification/data/processed/MMOTU_OTU_2D_roi_pred/train/images/312.png
314,train,B,/home/jvillanueva/projects/ovarian-tumor-ultrasound-classification/data/processed/MMOTU_OTU_2D_experimental/train/images/314.JPG,/home/jvillanueva/projects/ovarian-tumor-ultrasound-classification/results/segmentation/unet_baseline/train/predicted_masks/314_pred.png,480,349,0.654784,False,,/home/jvillanueva/projects/ovarian-tumor-ultrasound-classification/data/processed/MMOTU_OTU_2D_roi_pred/train/images/314.png
317,train,B,/home/jvillanueva/projects/ovarian-tumor-ultrasound-classification/data/processed/MMOTU_OTU_2D_experimental/train/images/317.JPG,/home/jvillanueva/projects/ovarian-tumor-ultrasound-classification/results/segmentation/unet_baseline/train/predicted_masks/317_pred.png,410,490,0.790024,False,,/home/jvillanueva/projects/ovarian-tumor-ultrasound-classification/data/processed/MMOTU_OTU_2D_roi_pred/train/images/317.png
318,train,B,/home/jvillanueva/projects/ovarian-tumor-ultrasound-classification/data/processed/MMOTU_OTU_2D_experimental/train/images/318.JPG,/home/jvillanueva/projects/ovarian-tumor-ultrasound-classification/results/segmentation/unet_baseline/train/predicted_masks/318_pred.png,466,530,0.958178,False,,/home/jvillanueva/projects/ovarian-tumor-ultrasound-classification/data/processed/MMOTU_OTU_2D_roi_pred/train/images/318.png
319,train,B,/home/jvillanueva/projects/ovarian-tumor-ultrasound-classification/data/processed/MMOTU_OTU_2D_experimental/train/images/319.JPG,/home/jvillanueva/projects/ovarian-tumor-ultrasound-classification/results/segmentation/unet_baseline/train/predicted_masks/319_pred.png,456,273,0.483659,False,,/home/jvillanueva/projects/ovarian-tumor-ultrasound-classification/data/processed/MMOTU_OTU_2D_roi_pred/train/images/319.png
32,train,B,/home/jvillanueva/projects/ovarian-tumor-ultrasound-classification/data/processed/MMOTU_OTU_2D_experimental/train/images/32.JPG,/home/jvillanueva/projects/ovarian-tumor-ultrasound-classification/results/segmentation/unet_baseline/train/predicted_masks/32_pred.png,272,374,0.398454,False,,/home/jvillanueva/projects/ovarian-tumor-ultrasound-classification/data/processed/MMOTU_OTU_2D_roi_pred/train/images/32.png
320,train,B,/home/jvillanueva/projects/ovarian-tumor-ultrasound-classification/data/processed/MMOTU_OTU_2D_experimental/train/images/320.JPG,/home/jvillanueva/projects/ovarian-tumor-ultrasound-classification/results/segmentation/unet_baseline/train/predicted_masks/320_pred.png,463,293,0.529042,False,,/home/jvillanueva/projects/ovarian-tumor-ultrasound-classification/data/processed/MMOTU_OTU_2D_roi_pred/train/images/320.png
321,train,B,/home/jvillanueva/projects/ovarian-tumor-ultrasound-classification/data/processed/MMOTU_OTU_2D_experimental/train/images/321.JPG,/home/jvillanueva/projects/ovarian-tumor-ultrasound-classification/results/segmentation/unet_baseline/train/predicted_masks/321_pred.png,431,413,0.350875,False,,/home/jvillanueva/projects/ovarian-tumor-ultrasound-classification/data/processed/MMOTU_OTU_2D_roi_pred/train/images/321.png
327,train,B,/home/jvillanueva/projects/ovarian-tumor-ultrasound-classification/data/processed/MMOTU_OTU_2D_experimental/train/images/327.JPG,/home/jvillanueva/projects/ovarian-tumor-ultrasound-classification/results/segmentation/unet_baseline/train/predicted_masks/327_pred.png,441,345,0.297654,False,,/home/jvillanueva/projects/ovarian-tumor-ultrasound-classification/data/processed/MMOTU_OTU_2D_roi_pred/train/images/327.png
328,train,B,/home/jvillanueva/projects/ovarian-tumor-ultrasound-classification/data/processed/MMOTU_OTU_2D_experimental/train/images/328.JPG,/home/jvillanueva/projects/ovarian-tumor-ultrasound-classification/results/segmentation/unet_baseline/train/predicted_masks/328_pred.png,134,105,0.022378,False,,/home/jvillanueva/projects/ovarian-tumor-ultrasound-classification/data/processed/MMOTU_OTU_2D_roi_pred/train/images/328.png
33,train,B,/home/jvillanueva/projects/ovarian-tumor-ultrasound-classification/data/processed/MMOTU_OTU_2D_experimental/train/images/33.JPG,/home/jvillanueva/projects/ovarian-tumor-ultrasound-classification/results/segmentation/unet_baseline/train/predicted_masks/33_pred.png,504,371,0.365128,False,,/home/jvillanueva/projects/ovarian-tumor-ultrasound-classification/data/processed/MMOTU_OTU_2D_roi_pred/train/images/33.png
335,train,B,/home/jvillanueva/projects/ovarian-tumor-ultrasound-classification/data/processed/MMOTU_OTU_2D_experimental/train/images/335.JPG,/home/jvillanueva/projects/ovarian-tumor-ultrasound-classification/results/segmentation/unet_baseline/train/predicted_masks/335_pred.png,548,445,0.36416,False,,/home/jvillanueva/projects/ovarian-tumor-ultrasound-classification/data/processed/MMOTU_OTU_2D_roi_pred/train/images/335.png
337,train,B,/home/jvillanueva/projects/ovarian-tumor-ultrasound-classification/data/processed/MMOTU_OTU_2D_experimental/train/images/337.JPG,/home/jvillanueva/projects/ovarian-tumor-ultrasound-classification/results/segmentation/unet_baseline/train/predicted_masks/337_pred.png,429,481,0.416178,False,,/home/jvillanueva/projects/ovarian-tumor-ultrasound-classification/data/processed/MMOTU_OTU_2D_roi_pred/train/images/337.png
338,train,B,/home/jvillanueva/projects/ovarian-tumor-ultrasound-classification/data/processed/MMOTU_OTU_2D_experimental/train/images/338.JPG,/home/jvillanueva/projects/ovarian-tumor-ultrasound-classification/results/segmentation/unet_baseline/train/predicted_masks/338_pred.png,457,382,0.521849,False,,/home/jvillanueva/projects/ovarian-tumor-ultrasound-classification/data/processed/MMOTU_OTU_2D_roi_pred/train/images/338.png
34,train,B,/home/jvillanueva/projects/ovarian-tumor-ultrasound-classification/data/processed/MMOTU_OTU_2D_experimental/train/images/34.JPG,/home/jvillanueva/projects/ovarian-tumor-ultrasound-classification/results/segmentation/unet_baseline/train/predicted_masks/34_pred.png,479,501,0.941729,False,,/home/jvillanueva/projects/ovarian-tumor-ultrasound-classification/data/processed/MMOTU_OTU_2D_roi_pred/train/images/34.png
340,train,B,/home/jvillanueva/projects/ovarian-tumor-ultrasound-classification/data/processed/MMOTU_OTU_2D_experimental/train/images/340.JPG,/home/jvillanueva/projects/ovarian-tumor-ultrasound-classification/results/segmentation/unet_baseline/train/predicted_masks/340_pred.png,373,286,0.319392,False,,/home/jvillanueva/projects/ovarian-tumor-ultrasound-classification/data/processed/MMOTU_OTU_2D_roi_pred/train/images/340.png
341,train,B,/home/jvillanueva/projects/ovarian-tumor-ultrasound-classification/data/processed/MMOTU_OTU_2D_experimental/train/images/341.JPG,/home/jvillanueva/projects/ovarian-tumor-ultrasound-classification/results/segmentation/unet_baseline/train/predicted_masks/341_pred.png,159,160,0.075924,False,,/home/jvillanueva/projects/ovarian-tumor-ultrasound-classification/data/processed/MMOTU_OTU_2D_roi_pred/train/images/341.png
342,train,B,/home/jvillanueva/projects/ovarian-tumor-ultrasound-classification/data/processed/MMOTU_OTU_2D_experimental/train/images/342.JPG,/home/jvillanueva/projects/ovarian-tumor-ultrasound-classification/results/segmentation/unet_baseline/train/predicted_masks/342_pred.png,218,202,0.131173,False,,/home/jvillanueva/projects/ovarian-tumor-ultrasound-classification/data/processed/MMOTU_OTU_2D_roi_pred/train/images/342.png
343,train,B,/home/jvillanueva/projects/ovarian-tumor-ultrasound-classification/data/processed/MMOTU_OTU_2D_experimental/train/images/343.JPG,/home/jvillanueva/projects/ovarian-tumor-ultrasound-classification/results/segmentation/unet_baseline/train/predicted_masks/343_pred.png,427,297,0.249301,False,,/home/jvillanueva/projects/ovarian-tumor-ultrasound-classification/data/processed/MMOTU_OTU_2D_roi_pred/train/images/343.png
346,train,B,/home/jvillanueva/projects/ovarian-tumor-ultrasound-classification/data/processed/MMOTU_OTU_2D_experimental/train/images/346.JPG,/home/jvillanueva/projects/ovarian-tumor-ultrasound-classification/results/segmentation/unet_baseline/train/predicted_masks/346_pred.png,489,447,0.426478,False,,/home/jvillanueva/projects/ovarian-tumor-ultrasound-classification/data/processed/MMOTU_OTU_2D_roi_pred/train/images/346.png
348,train,B,/home/jvillanueva/projects/ovarian-tumor-ultrasound-classification/data/processed/MMOTU_OTU_2D_experimental/train/images/348.JPG,/home/jvillanueva/projects/ovarian-tumor-ultrasound-classification/results/segmentation/unet_baseline/train/predicted_masks/348_pred.png,163,163,0.092026,False,,/home/jvillanueva/projects/ovarian-tumor-ultrasound-classification/data/processed/MMOTU_OTU_2D_roi_pred/train/images/348.png
35,train,B,/home/jvillanueva/projects/ovarian-tumor-ultrasound-classification/data/processed/MMOTU_OTU_2D_experimental/train/images/35.JPG,/home/jvillanueva/projects/ovarian-tumor-ultrasound-classification/results/segmentation/unet_baseline/train/predicted_masks/35_pred.png,453,363,0.640339,False,,/home/jvillanueva/projects/ovarian-tumor-ultrasound-classification/data/processed/MMOTU_OTU_2D_roi_pred/train/images/35.png
351,train,B,/home/jvillanueva/projects/ovarian-tumor-ultrasound-classification/data/processed/MMOTU_OTU_2D_experimental/train/images/351.JPG,/home/jvillanueva/projects/ovarian-tumor-ultrasound-classification/results/segmentation/unet_baseline/train/predicted_masks/351_pred.png,144,109,0.055215,False,,/home/jvillanueva/projects/ovarian-tumor-ultrasound-classification/data/processed/MMOTU_OTU_2D_roi_pred/train/images/351.png
357,train,B,/home/jvillanueva/projects/ovarian-tumor-ultrasound-classification/data/processed/MMOTU_OTU_2D_experimental/train/images/357.JPG,/home/jvillanueva/projects/ovarian-tumor-ultrasound-classification/results/segmentation/unet_baseline/train/predicted_masks/357_pred.png,176,166,0.114196,False,,/home/jvillanueva/projects/ovarian-tumor-ultrasound-classification/data/processed/MMOTU_OTU_2D_roi_pred/train/images/357.png
362,train,B,/home/jvillanueva/projects/ovarian-tumor-ultrasound-classification/data/processed/MMOTU_OTU_2D_experimental/train/images/362.JPG,/home/jvillanueva/projects/ovarian-tumor-ultrasound-classification/results/segmentation/unet_baseline/train/predicted_masks/362_pred.png,533,454,0.4543,False,,/home/jvillanueva/projects/ovarian-tumor-ultrasound-classification/data/processed/MMOTU_OTU_2D_roi_pred/train/images/362.png
364,train,B,/home/jvillanueva/projects/ovarian-tumor-ultrasound-classification/data/processed/MMOTU_OTU_2D_experimental/train/images/364.JPG,/home/jvillanueva/projects/ovarian-tumor-ultrasound-classification/results/segmentation/unet_baseline/train/predicted_masks/364_pred.png,464,365,0.314564,False,,/home/jvillanueva/projects/ovarian-tumor-ultrasound-classification/data/processed/MMOTU_OTU_2D_roi_pred/train/images/364.png
366,train,B,/home/jvillanueva/projects/ovarian-tumor-ultrasound-classification/data/processed/MMOTU_OTU_2D_experimental/train/images/366.JPG,/home/jvillanueva/projects/ovarian-tumor-ultrasound-classification/results/segmentation/unet_baseline/train/predicted_masks/366_pred.png,118,81,0.018629,False,,/home/jvillanueva/projects/ovarian-tumor-ultrasound-classification/data/processed/MMOTU_OTU_2D_roi_pred/train/images/366.png
367,train,B,/home/jvillanueva/projects/ovarian-tumor-ultrasound-classification/data/processed/MMOTU_OTU_2D_experimental/train/images/367.JPG,/home/jvillanueva/projects/ovarian-tumor-ultrasound-classification/results/segmentation/unet_baseline/train/predicted_masks/367_pred.png,112,85,0.018609,False,,/home/jvillanueva/projects/ovarian-tumor-ultrasound-classification/data/processed/MMOTU_OTU_2D_roi_pred/train/images/367.png
368,train,B,/home/jvillanueva/projects/ovarian-tumor-ultrasound-classification/data/processed/MMOTU_OTU_2D_experimental/train/images/368.JPG,/home/jvillanueva/projects/ovarian-tumor-ultrasound-classification/results/segmentation/unet_baseline/train/predicted_masks/368_pred.png,117,77,0.01761,False,,/home/jvillanueva/projects/ovarian-tumor-ultrasound-classification/data/processed/MMOTU_OTU_2D_roi_pred/train/images/368.png
369,train,B,/home/jvillanueva/projects/ovarian-tumor-ultrasound-classification/data/processed/MMOTU_OTU_2D_experimental/train/images/369.JPG,/home/jvillanueva/projects/ovarian-tumor-ultrasound-classification/results/segmentation/unet_baseline/train/predicted_masks/369_pred.png,549,509,0.418003,False,,/home/jvillanueva/projects/ovarian-tumor-ultrasound-classification/data/processed/MMOTU_OTU_2D_roi_pred/train/images/369.png
37,train,B,/home/jvillanueva/projects/ovarian-tumor-ultrasound-classification/data/processed/MMOTU_OTU_2D_experimental/train/images/37.JPG,/home/jvillanueva/projects/ovarian-tumor-ultrasound-classification/results/segmentation/unet_baseline/train/predicted_masks/37_pred.png,242,284,0.134347,False,,/home/jvillanueva/projects/ovarian-tumor-ultrasound-classification/data/processed/MMOTU_OTU_2D_roi_pred/train/images/37.png
372,train,B,/home/jvillanueva/projects/ovarian-tumor-ultrasound-classification/data/processed/MMOTU_OTU_2D_experimental/train/images/372.JPG,/home/jvillanueva/projects/ovarian-tumor-ultrasound-classification/results/segmentation/unet_baseline/train/predicted_masks/372_pred.png,457,370,0.313586,False,,/home/jvillanueva/projects/ovarian-tumor-ultrasound-classification/data/processed/MMOTU_OTU_2D_roi_pred/train/images/372.png
373,train,B,/home/jvillanueva/projects/ovarian-tumor-ultrasound-classification/data/processed/MMOTU_OTU_2D_experimental/train/images/373.JPG,/home/jvillanueva/projects/ovarian-tumor-ultrasound-classification/results/segmentation/unet_baseline/train/predicted_masks/373_pred.png,371,326,0.470095,False,,/home/jvillanueva/projects/ovarian-tumor-ultrasound-classification/data/processed/MMOTU_OTU_2D_roi_pred/train/images/373.png
374,train,B,/home/jvillanueva/projects/ovarian-tumor-ultrasound-classification/data/processed/MMOTU_OTU_2D_experimental/train/images/374.JPG,/home/jvillanueva/projects/ovarian-tumor-ultrasound-classification/results/segmentation/unet_baseline/train/predicted_masks/374_pred.png,301,311,0.364529,False,,/home/jvillanueva/projects/ovarian-tumor-ultrasound-classification/data/processed/MMOTU_OTU_2D_roi_pred/train/images/374.png
376,train,B,/home/jvillanueva/projects/ovarian-tumor-ultrasound-classification/data/processed/MMOTU_OTU_2D_experimental/train/images/376.JPG,/home/jvillanueva/projects/ovarian-tumor-ultrasound-classification/results/segmentation/unet_baseline/train/predicted_masks/376_pred.png,178,309,0.214182,False,,/home/jvillanueva/projects/ovarian-tumor-ultrasound-classification/data/processed/MMOTU_OTU_2D_roi_pred/train/images/376.png
378,train,B,/home/jvillanueva/projects/ovarian-tumor-ultrasound-classification/data/processed/MMOTU_OTU_2D_experimental/train/images/378.JPG,/home/jvillanueva/projects/ovarian-tumor-ultrasound-classification/results/segmentation/unet_baseline/train/predicted_masks/378_pred.png,383,344,0.511257,False,,/home/jvillanueva/projects/ovarian-tumor-ultrasound-classification/data/processed/MMOTU_OTU_2D_roi_pred/train/images/378.png
38,train,B,/home/jvillanueva/projects/ovarian-tumor-ultrasound-classification/data/processed/MMOTU_OTU_2D_experimental/train/images/38.JPG,/home/jvillanueva/projects/ovarian-tumor-ultrasound-classification/results/segmentation/unet_baseline/train/predicted_masks/38_pred.png,201,172,0.134346,False,,/home/jvillanueva/projects/ovarian-tumor-ultrasound-classification/data/processed/MMOTU_OTU_2D_roi_pred/train/images/38.png
381,train,B,/home/jvillanueva/projects/ovarian-tumor-ultrasound-classification/data/processed/MMOTU_OTU_2D_experimental/train/images/381.JPG,/home/jvillanueva/projects/ovarian-tumor-ultrasound-classification/results/segmentation/unet_baseline/train/predicted_masks/381_pred.png,337,347,0.456128,False,,/home/jvillanueva/projects/ovarian-tumor-ultrasound-classification/data/processed/MMOTU_OTU_2D_roi_pred/train/images/381.png
389,train,B,/home/jvillanueva/projects/ovarian-tumor-ultrasound-classification/data/processed/MMOTU_OTU_2D_experimental/train/images/389.JPG,/home/jvillanueva/projects/ovarian-tumor-ultrasound-classification/results/segmentation/unet_baseline/train/predicted_masks/389_pred.png,392,348,0.270825,False,,/home/jvillanueva/projects/ovarian-tumor-ultrasound-classification/data/processed/MMOTU_OTU_2D_roi_pred/train/images/389.png
395,train,B,/home/jvillanueva/projects/ovarian-tumor-ultrasound-classification/data/processed/MMOTU_OTU_2D_experimental/train/images/395.JPG,/home/jvillanueva/projects/ovarian-tumor-ultrasound-classification/results/segmentation/unet_baseline/train/predicted_masks/395_pred.png,428,241,0.202557,False,,/home/jvillanueva/projects/ovarian-tumor-ultrasound-classification/data/processed/MMOTU_OTU_2D_roi_pred/train/images/395.png
396,train,B,/home/jvillanueva/projects/ovarian-tumor-ultrasound-classification/data/processed/MMOTU_OTU_2D_experimental/train/images/396.JPG,/home/jvillanueva/projects/ovarian-tumor-ultrasound-classification/results/segmentation/unet_baseline/train/predicted_masks/396_pred.png,459,266,0.239312,False,,/home/jvillanueva/projects/ovarian-tumor-ultrasound-classification/data/processed/MMOTU_OTU_2D_roi_pred/train/images/396.png
397,train,B,/home/jvillanueva/projects/ovarian-tumor-ultrasound-classification/data/processed/MMOTU_OTU_2D_experimental/train/images/397.JPG,/home/jvillanueva/projects/ovarian-tumor-ultrasound-classification/results/segmentation/unet_baseline/train/predicted_masks/397_pred.png,410,288,0.461636,False,,/home/jvillanueva/projects/ovarian-tumor-ultrasound-classification/data/processed/MMOTU_OTU_2D_roi_pred/train/images/397.png
398,train,B,/home/jvillanueva/projects/ovarian-tumor-ultrasound-classification/data/processed/MMOTU_OTU_2D_experimental/train/images/398.JPG,/home/jvillanueva/projects/ovarian-tumor-ultrasound-classification/results/segmentation/unet_baseline/train/predicted_masks/398_pred.png,508,360,0.357114,False,,/home/jvillanueva/projects/ovarian-tumor-ultrasound-classification/data/processed/MMOTU_OTU_2D_roi_pred/train/images/398.png
4,train,B,/home/jvillanueva/projects/ovarian-tumor-ultrasound-classification/data/processed/MMOTU_OTU_2D_experimental/train/images/4.JPG,/home/jvillanueva/projects/ovarian-tumor-ultrasound-classification/results/segmentation/unet_baseline/train/predicted_masks/4_pred.png,166,249,0.161631,False,,/home/jvillanueva/projects/ovarian-tumor-ultrasound-classification/data/processed/MMOTU_OTU_2D_roi_pred/train/images/4.png
40,train,B,/home/jvillanueva/projects/ovarian-tumor-ultrasound-classification/data/processed/MMOTU_OTU_2D_experimental/train/images/40.JPG,/home/jvillanueva/projects/ovarian-tumor-ultrasound-classification/results/segmentation/unet_baseline/train/predicted_masks/40_pred.png,196,172,0.132321,False,,/home/jvillanueva/projects/ovarian-tumor-ultrasound-classification/data/processed/MMOTU_OTU_2D_roi_pred/train/images/40.png
405,train,B,/home/jvillanueva/projects/ovarian-tumor-ultrasound-classification/data/processed/MMOTU_OTU_2D_experimental/train/images/405.JPG,/home/jvillanueva/projects/ovarian-tumor-ultrasound-classification/results/segmentation/unet_baseline/train/predicted_masks/405_pred.png,621,486,0.591065,False,,/home/jvillanueva/projects/ovarian-tumor-ultrasound-classification/data/processed/MMOTU_OTU_2D_roi_pred/train/images/405.png
406,train,B,/home/jvillanueva/projects/ovarian-tumor-ultrasound-classification/data/processed/MMOTU_OTU_2D_experimental/train/images/406.JPG,/home/jvillanueva/projects/ovarian-tumor-ultrasound-classification/results/segmentation/unet_baseline/train/predicted_masks/406_pred.png,464,407,0.371551,False,,/home/jvillanueva/projects/ovarian-tumor-ultrasound-classification/data/processed/MMOTU_OTU_2D_roi_pred/train/images/406.png
407,train,B,/home/jvillanueva/projects/ovarian-tumor-ultrasound-classification/data/processed/MMOTU_OTU_2D_experimental/train/images/407.JPG,/home/jvillanueva/projects/ovarian-tumor-ultrasound-classification/results/segmentation/unet_baseline/train/predicted_masks/407_pred.png,444,431,0.376184,False,,/home/jvillanueva/projects/ovarian-tumor-ultrasound-classification/data/processed/MMOTU_OTU_2D_roi_pred/train/images/407.png
409,train,B,/home/jvillanueva/projects/ovarian-tumor-ultrasound-classification/data/processed/MMOTU_OTU_2D_experimental/train/images/409.JPG,/home/jvillanueva/projects/ovarian-tumor-ultrasound-classification/results/segmentation/unet_baseline/train/predicted_masks/409_pred.png,431,427,0.3611,False,,/home/jvillanueva/projects/ovarian-tumor-ultrasound-classification/data/processed/MMOTU_OTU_2D_roi_pred/train/images/409.png
41,train,B,/home/jvillanueva/projects/ovarian-tumor-ultrasound-classification/data/processed/MMOTU_OTU_2D_experimental/train/images/41.JPG,/home/jvillanueva/projects/ovarian-tumor-ultrasound-classification/results/segmentation/unet_baseline/train/predicted_masks/41_pred.png,180,167,0.117251,False,,/home/jvillanueva/projects/ovarian-tumor-ultrasound-classification/data/processed/MMOTU_OTU_2D_roi_pred/train/images/41.png
410,train,B,/home/jvillanueva/projects/ovarian-tumor-ultrasound-classification/data/processed/MMOTU_OTU_2D_experimental/train/images/410.JPG,/home/jvillanueva/projects/ovarian-tumor-ultrasound-classification/results/segmentation/unet_baseline/train/predicted_masks/410_pred.png,492,406,0.397017,False,,/home/jvillanueva/projects/ovarian-tumor-ultrasound-classification/data/processed/MMOTU_OTU_2D_roi_pred/train/images/410.png
411,train,B,/home/jvillanueva/projects/ovarian-tumor-ultrasound-classification/data/processed/MMOTU_OTU_2D_experimental/train/images/411.JPG,/home/jvillanueva/projects/ovarian-tumor-ultrasound-classification/results/segmentation/unet_baseline/train/predicted_masks/411_pred.png,400,359,0.279887,False,,/home/jvillanueva/projects/ovarian-tumor-ultrasound-classification/data/processed/MMOTU_OTU_2D_roi_pred/train/images/411.png
414,train,B,/home/jvillanueva/projects/ovarian-tumor-ultrasound-classification/data/processed/MMOTU_OTU_2D_experimental/train/images/414.JPG,/home/jvillanueva/projects/ovarian-tumor-ultrasound-classification/results/segmentation/unet_baseline/train/predicted_masks/414_pred.png,259,182,0.292198,False,,/home/jvillanueva/projects/ovarian-tumor-ultrasound-classification/data/processed/MMOTU_OTU_2D_roi_pred/train/images/414.png
417,train,B,/home/jvillanueva/projects/ovarian-tumor-ultrasound-classification/data/processed/MMOTU_OTU_2D_experimental/train/images/417.JPG,/home/jvillanueva/projects/ovarian-tumor-ultrasound-classification/results/segmentation/unet_baseline/train/predicted_masks/417_pred.png,320,211,0.132123,False,,/home/jvillanueva/projects/ovarian-tumor-ultrasound-classification/data/processed/MMOTU_OTU_2D_roi_pred/train/images/417.png
419,train,B,/home/jvillanueva/projects/ovarian-tumor-ultrasound-classification/data/processed/MMOTU_OTU_2D_experimental/train/images/419.JPG,/home/jvillanueva/projects/ovarian-tumor-ultrasound-classification/results/segmentation/unet_baseline/train/predicted_masks/419_pred.png,356,182,0.126284,False,,/home/jvillanueva/projects/ovarian-tumor-ultrasound-classification/data/processed/MMOTU_OTU_2D_roi_pred/train/images/419.png
420,train,B,/home/jvillanueva/projects/ovarian-tumor-ultrasound-classification/data/processed/MMOTU_OTU_2D_experimental/train/images/420.JPG,/home/jvillanueva/projects/ovarian-tumor-ultrasound-classification/results/segmentation/unet_baseline/train/predicted_masks/420_pred.png,585,271,0.310155,False,,/home/jvillanueva/projects/ovarian-tumor-ultrasound-classification/data/processed/MMOTU_OTU_2D_roi_pred/train/images/420.png
421,train,B,/home/jvillanueva/projects/ovarian-tumor-ultrasound-classification/data/processed/MMOTU_OTU_2D_experimental/train/images/421.JPG,/home/jvillanueva/projects/ovarian-tumor-ultrasound-classification/results/segmentation/unet_baseline/train/predicted_masks/421_pred.png,211,111,0.046089,False,,/home/jvillanueva/projects/ovarian-tumor-ultrasound-classification/data/processed/MMOTU_OTU_2D_roi_pred/train/images/421.png
422,train,B,/home/jvillanueva/projects/ovarian-tumor-ultrasound-classification/data/processed/MMOTU_OTU_2D_experimental/train/images/422.JPG,/home/jvillanueva/projects/ovarian-tumor-ultrasound-classification/results/segmentation/unet_baseline/train/predicted_masks/422_pred.png,193,109,0.041234,False,,/home/jvillanueva/projects/ovarian-tumor-ultrasound-classification/data/processed/MMOTU_OTU_2D_roi_pred/train/images/422.png
423,train,B,/home/jvillanueva/projects/ovarian-tumor-ultrasound-classification/data/processed/MMOTU_OTU_2D_experimental/train/images/423.JPG,/home/jvillanueva/projects/ovarian-tumor-ultrasound-classification/results/segmentation/unet_baseline/train/predicted_masks/423_pred.png,364,300,0.212793,False,,/home/jvillanueva/projects/ovarian-tumor-ultrasound-classification/data/processed/MMOTU_OTU_2D_roi_pred/train/images/423.png
424,train,B,/home/jvillanueva/projects/ovarian-tumor-ultrasound-classification/data/processed/MMOTU_OTU_2D_experimental/train/images/424.JPG,/home/jvillanueva/projects/ovarian-tumor-ultrasound-classification/results/segmentation/unet_baseline/train/predicted_masks/424_pred.png,533,412,0.412393,False,,/home/jvillanueva/projects/ovarian-tumor-ultrasound-classification/data/processed/MMOTU_OTU_2D_roi_pred/train/images/424.png
425,train,B,/home/jvillanueva/projects/ovarian-tumor-ultrasound-classification/data/processed/MMOTU_OTU_2D_experimental/train/images/425.JPG,/home/jvillanueva/projects/ovarian-tumor-ultrasound-classification/results/segmentation/unet_baseline/train/predicted_masks/425_pred.png,500,352,0.351816,False,,/home/jvillanueva/projects/ovarian-tumor-ultrasound-classification/data/processed/MMOTU_OTU_2D_roi_pred/train/images/425.png
426,train,B,/home/jvillanueva/projects/ovarian-tumor-ultrasound-classification/data/processed/MMOTU_OTU_2D_experimental/train/images/426.JPG,/home/jvillanueva/projects/ovarian-tumor-ultrasound-classification/results/segmentation/unet_baseline/train/predicted_masks/426_pred.png,348,257,0.347698,False,,/home/jvillanueva/projects/ovarian-tumor-ultrasound-classification/data/processed/MMOTU_OTU_2D_roi_pred/train/images/426.png
427,train,B,/home/jvillanueva/projects/ovarian-tumor-ultrasound-classification/data/processed/MMOTU_OTU_2D_experimental/train/images/427.JPG,/home/jvillanueva/projects/ovarian-tumor-ultrasound-classification/results/segmentation/unet_baseline/train/predicted_masks/427_pred.png,355,255,0.352589,False,,/home/jvillanueva/projects/ovarian-tumor-ultrasound-classification/data/processed/MMOTU_OTU_2D_roi_pred/train/images/427.png
428,train,B,/home/jvillanueva/projects/ovarian-tumor-ultrasound-classification/data/processed/MMOTU_OTU_2D_experimental/train/images/428.JPG,/home/jvillanueva/projects/ovarian-tumor-ultrasound-classification/results/segmentation/unet_baseline/train/predicted_masks/428_pred.png,196,118,0.177716,False,,/home/jvillanueva/projects/ovarian-tumor-ultrasound-classification/data/processed/MMOTU_OTU_2D_roi_pred/train/images/428.png
43,train,B,/home/jvillanueva/projects/ovarian-tumor-ultrasound-classification/data/processed/MMOTU_OTU_2D_experimental/train/images/43.JPG,/home/jvillanueva/projects/ovarian-tumor-ultrasound-classification/results/segmentation/unet_baseline/train/predicted_masks/43_pred.png,443,368,0.634695,False,,/home/jvillanueva/projects/ovarian-tumor-ultrasound-classification/data/processed/MMOTU_OTU_2D_roi_pred/train/images/43.png
432,train,B,/home/jvillanueva/projects/ovarian-tumor-ultrasound-classification/data/processed/MMOTU_OTU_2D_experimental/train/images/432.JPG,/home/jvillanueva/projects/ovarian-tumor-ultrasound-classification/results/segmentation/unet_baseline/train/predicted_masks/432_pred.png,410,298,0.487266,False,,/home/jvillanueva/projects/ovarian-tumor-ultrasound-classification/data/processed/MMOTU_OTU_2D_roi_pred/train/images/432.png
433,train,B,/home/jvillanueva/projects/ovarian-tumor-ultrasound-classification/data/processed/MMOTU_OTU_2D_experimental/train/images/433.JPG,/home/jvillanueva/projects/ovarian-tumor-ultrasound-classification/results/segmentation/unet_baseline/train/predicted_masks/433_pred.png,291,262,0.149595,False,,/home/jvillanueva/projects/ovarian-tumor-ultrasound-classification/data/processed/MMOTU_OTU_2D_roi_pred/train/images/433.png
435,train,B,/home/jvillanueva/projects/ovarian-tumor-ultrasound-classification/data/processed/MMOTU_OTU_2D_experimental/train/images/435.JPG,/home/jvillanueva/projects/ovarian-tumor-ultrasound-classification/results/segmentation/unet_baseline/train/predicted_masks/435_pred.png,226,205,0.414957,False,,/home/jvillanueva/projects/ovarian-tumor-ultrasound-classification/data/processed/MMOTU_OTU_2D_roi_pred/train/images/435.png
438,train,B,/home/jvillanueva/projects/ovarian-tumor-ultrasound-classification/data/processed/MMOTU_OTU_2D_experimental/train/images/438.JPG,/home/jvillanueva/projects/ovarian-tumor-ultrasound-classification/results/segmentation/unet_baseline/train/predicted_masks/438_pred.png,544,310,0.329925,False,,/home/jvillanueva/projects/ovarian-tumor-ultrasound-classification/data/processed/MMOTU_OTU_2D_roi_pred/train/images/438.png
439,train,B,/home/jvillanueva/projects/ovarian-tumor-ultrasound-classification/data/processed/MMOTU_OTU_2D_experimental/train/images/439.JPG,/home/jvillanueva/projects/ovarian-tumor-ultrasound-classification/results/segmentation/unet_baseline/train/predicted_masks/439_pred.png,297,266,0.155465,False,,/home/jvillanueva/projects/ovarian-tumor-ultrasound-classification/data/processed/MMOTU_OTU_2D_roi_pred/train/images/439.png
444,train,B,/home/jvillanueva/projects/ovarian-tumor-ultrasound-classification/data/processed/MMOTU_OTU_2D_experimental/train/images/444.JPG,/home/jvillanueva/projects/ovarian-tumor-ultrasound-classification/results/segmentation/unet_baseline/train/predicted_masks/444_pred.png,467,376,0.34489,False,,/home/jvillanueva/projects/ovarian-tumor-ultrasound-classification/data/processed/MMOTU_OTU_2D_roi_pred/train/images/444.png
446,train,B,/home/jvillanueva/projects/ovarian-tumor-ultrasound-classification/data/processed/MMOTU_OTU_2D_experimental/train/images/446.JPG,/home/jvillanueva/projects/ovarian-tumor-ultrasound-classification/results/segmentation/unet_baseline/train/predicted_masks/446_pred.png,478,407,0.763602,False,,/home/jvillanueva/projects/ovarian-tumor-ultrasound-classification/data/processed/MMOTU_OTU_2D_roi_pred/train/images/446.png
447,train,B,/home/jvillanueva/projects/ovarian-tumor-ultrasound-classification/data/processed/MMOTU_OTU_2D_experimental/train/images/447.JPG,/home/jvillanueva/projects/ovarian-tumor-ultrasound-classification/results/segmentation/unet_baseline/train/predicted_masks/447_pred.png,480,388,0.725234,False,,/home/jvillanueva/projects/ovarian-tumor-ultrasound-classification/data/processed/MMOTU_OTU_2D_roi_pred/train/images/447.png
449,train,B,/home/jvillanueva/projects/ovarian-tumor-ultrasound-classification/data/processed/MMOTU_OTU_2D_experimental/train/images/449.JPG,/home/jvillanueva/projects/ovarian-tumor-ultrasound-classification/results/segmentation/unet_baseline/train/predicted_masks/449_pred.png,86,50,0.032409,False,,/home/jvillanueva/projects/ovarian-tumor-ultrasound-classification/data/processed/MMOTU_OTU_2D_roi_pred/train/images/449.png
45,train,B,/home/jvillanueva/projects/ovarian-tumor-ultrasound-classification/data/processed/MMOTU_OTU_2D_experimental/train/images/45.JPG,/home/jvillanueva/projects/ovarian-tumor-ultrasound-classification/results/segmentation/unet_baseline/train/predicted_masks/45_pred.png,423,372,0.311982,False,,/home/jvillanueva/projects/ovarian-tumor-ultrasound-classification/data/processed/MMOTU_OTU_2D_roi_pred/train/images/45.png
450,train,B,/home/jvillanueva/projects/ovarian-tumor-ultrasound-classification/data/processed/MMOTU_OTU_2D_experimental/train/images/450.JPG,/home/jvillanueva/projects/ovarian-tumor-ultrasound-classification/results/segmentation/unet_baseline/train/predicted_masks/450_pred.png,260,165,0.084439,False,,/home/jvillanueva/projects/ovarian-tumor-ultrasound-classification/data/processed/MMOTU_OTU_2D_roi_pred/train/images/450.png
454,train,B,/home/jvillanueva/projects/ovarian-tumor-ultrasound-classification/data/processed/MMOTU_OTU_2D_experimental/train/images/454.JPG,/home/jvillanueva/projects/ovarian-tumor-ultrasound-classification/results/segmentation/unet_baseline/train/predicted_masks/454_pred.png,454,393,0.692933,False,,/home/jvillanueva/projects/ovarian-tumor-ultrasound-classification/data/processed/MMOTU_OTU_2D_roi_pred/train/images/454.png
456,train,B,/home/jvillanueva/projects/ovarian-tumor-ultrasound-classification/data/processed/MMOTU_OTU_2D_experimental/train/images/456.JPG,/home/jvillanueva/projects/ovarian-tumor-ultrasound-classification/results/segmentation/unet_baseline/train/predicted_masks/456_pred.png,459,387,0.2798,False,,/home/jvillanueva/projects/ovarian-tumor-ultrasound-classification/data/processed/MMOTU_OTU_2D_roi_pred/train/images/456.png
458,train,B,/home/jvillanueva/projects/ovarian-tumor-ultrasound-classification/data/processed/MMOTU_OTU_2D_experimental/train/images/458.JPG,/home/jvillanueva/projects/ovarian-tumor-ultrasound-classification/results/segmentation/unet_baseline/train/predicted_masks/458_pred.png,248,255,0.124422,False,,/home/jvillanueva/projects/ovarian-tumor-ultrasound-classification/data/processed/MMOTU_OTU_2D_roi_pred/train/images/458.png
459,train,B,/home/jvillanueva/projects/ovarian-tumor-ultrasound-classification/data/processed/MMOTU_OTU_2D_experimental/train/images/459.JPG,/home/jvillanueva/projects/ovarian-tumor-ultrasound-classification/results/segmentation/unet_baseline/train/predicted_masks/459_pred.png,454,428,0.306855,False,,/home/jvillanueva/projects/ovarian-tumor-ultrasound-classification/data/processed/MMOTU_OTU_2D_roi_pred/train/images/459.png
46,train,B,/home/jvillanueva/projects/ovarian-tumor-ultrasound-classification/data/processed/MMOTU_OTU_2D_experimental/train/images/46.JPG,/home/jvillanueva/projects/ovarian-tumor-ultrasound-classification/results/segmentation/unet_baseline/train/predicted_masks/46_pred.png,417,396,0.644242,False,,/home/jvillanueva/projects/ovarian-tumor-ultrasound-classification/data/processed/MMOTU_OTU_2D_roi_pred/train/images/46.png
460,train,B,/home/jvillanueva/projects/ovarian-tumor-ultrasound-classification/data/processed/MMOTU_OTU_2D_experimental/train/images/460.JPG,/home/jvillanueva/projects/ovarian-tumor-ultrasound-classification/results/segmentation/unet_baseline/train/predicted_masks/460_pred.png,409,466,0.300215,False,,/home/jvillanueva/projects/ovarian-tumor-ultrasound-classification/data/processed/MMOTU_OTU_2D_roi_pred/train/images/460.png
461,train,B,/home/jvillanueva/projects/ovarian-tumor-ultrasound-classification/data/processed/MMOTU_OTU_2D_experimental/train/images/461.JPG,/home/jvillanueva/projects/ovarian-tumor-ultrasound-classification/results/segmentation/unet_baseline/train/predicted_masks/461_pred.png,399,300,0.236196,False,,/home/jvillanueva/projects/ovarian-tumor-ultrasound-classification/data/processed/MMOTU_OTU_2D_roi_pred/train/images/461.png
462,train,B,/home/jvillanueva/projects/ovarian-tumor-ultrasound-classification/data/processed/MMOTU_OTU_2D_experimental/train/images/462.JPG,/home/jvillanueva/projects/ovarian-tumor-ultrasound-classification/results/segmentation/unet_baseline/train/predicted_masks/462_pred.png,477,320,0.299809,False,,/home/jvillanueva/projects/ovarian-tumor-ultrasound-classification/data/processed/MMOTU_OTU_2D_roi_pred/train/images/462.png
463,train,B,/home/jvillanueva/projects/ovarian-tumor-ultrasound-classification/data/processed/MMOTU_OTU_2D_experimental/train/images/463.JPG,/home/jvillanueva/projects/ovarian-tumor-ultrasound-classification/results/segmentation/unet_baseline/train/predicted_masks/463_pred.png,461,290,0.263304,False,,/home/jvillanueva/projects/ovarian-tumor-ultrasound-classification/data/processed/MMOTU_OTU_2D_roi_pred/train/images/463.png
465,train,B,/home/jvillanueva/projects/ovarian-tumor-ultrasound-classification/data/processed/MMOTU_OTU_2D_experimental/train/images/465.JPG,/home/jvillanueva/projects/ovarian-tumor-ultrasound-classification/results/segmentation/unet_baseline/train/predicted_masks/465_pred.png,224,191,0.06373,False,,/home/jvillanueva/projects/ovarian-tumor-ultrasound-classification/data/processed/MMOTU_OTU_2D_roi_pred/train/images/465.png
466,train,B,/home/jvillanueva/projects/ovarian-tumor-ultrasound-classification/data/processed/MMOTU_OTU_2D_experimental/train/images/466.JPG,/home/jvillanueva/projects/ovarian-tumor-ultrasound-classification/results/segmentation/unet_baseline/train/predicted_masks/466_pred.png,435,322,0.274317,False,,/home/jvillanueva/projects/ovarian-tumor-ultrasound-classification/data/processed/MMOTU_OTU_2D_roi_pred/train/images/466.png
467,train,B,/home/jvillanueva/projects/ovarian-tumor-ultrasound-classification/data/processed/MMOTU_OTU_2D_experimental/train/images/467.JPG,/home/jvillanueva/projects/ovarian-tumor-ultrasound-classification/results/segmentation/unet_baseline/train/predicted_masks/467_pred.png,710,413,0.574749,False,,/home/jvillanueva/projects/ovarian-tumor-ultrasound-classification/data/processed/MMOTU_OTU_2D_roi_pred/train/images/467.png
469,train,B,/home/jvillanueva/projects/ovarian-tumor-ultrasound-classification/data/processed/MMOTU_OTU_2D_experimental/train/images/469.JPG,/home/jvillanueva/projects/ovarian-tumor-ultrasound-classification/results/segmentation/unet_baseline/train/predicted_masks/469_pred.png,448,331,0.579612,False,,/home/jvillanueva/projects/ovarian-tumor-ultrasound-classification/data/processed/MMOTU_OTU_2D_roi_pred/train/images/469.png
470,train,B,/home/jvillanueva/projects/ovarian-tumor-ultrasound-classification/data/processed/MMOTU_OTU_2D_experimental/train/images/470.JPG,/home/jvillanueva/projects/ovarian-tumor-ultrasound-classification/results/segmentation/unet_baseline/train/predicted_masks/470_pred.png,235,188,0.085719,False,,/home/jvillanueva/projects/ovarian-tumor-ultrasound-classification/data/processed/MMOTU_OTU_2D_roi_pred/train/images/470.png
478,train,B,/home/jvillanueva/projects/ovarian-tumor-ultrasound-classification/data/processed/MMOTU_OTU_2D_experimental/train/images/478.JPG,/home/jvillanueva/projects/ovarian-tumor-ultrasound-classification/results/segmentation/unet_baseline/train/predicted_masks/478_pred.png,285,226,0.469273,False,,/home/jvillanueva/projects/ovarian-tumor-ultrasound-classification/data/processed/MMOTU_OTU_2D_roi_pred/train/images/478.png
479,train,B,/home/jvillanueva/projects/ovarian-tumor-ultrasound-classification/data/processed/MMOTU_OTU_2D_experimental/train/images/479.JPG,/home/jvillanueva/projects/ovarian-tumor-ultrasound-classification/results/segmentation/unet_baseline/train/predicted_masks/479_pred.png,606,532,0.630593,False,,/home/jvillanueva/projects/ovarian-tumor-ultrasound-classification/data/processed/MMOTU_OTU_2D_roi_pred/train/images/479.png
481,train,B,/home/jvillanueva/projects/ovarian-tumor-ultrasound-classification/data/processed/MMOTU_OTU_2D_experimental/train/images/481.JPG,/home/jvillanueva/projects/ovarian-tumor-ultrasound-classification/results/segmentation/unet_baseline/train/predicted_masks/481_pred.png,351,357,0.255977,False,,/home/jvillanueva/projects/ovarian-tumor-ultrasound-classification/data/processed/MMOTU_OTU_2D_roi_pred/train/images/481.png
483,train,B,/home/jvillanueva/projects/ovarian-tumor-ultrasound-classification/data/processed/MMOTU_OTU_2D_experimental/train/images/483.JPG,/home/jvillanueva/projects/ovarian-tumor-ultrasound-classification/results/segmentation/unet_baseline/train/predicted_masks/483_pred.png,494,287,0.350083,False,,/home/jvillanueva/projects/ovarian-tumor-ultrasound-classification/data/processed/MMOTU_OTU_2D_roi_pred/train/images/483.png
484,train,B,/home/jvillanueva/projects/ovarian-tumor-ultrasound-classification/data/processed/MMOTU_OTU_2D_experimental/train/images/484.JPG,/home/jvillanueva/projects/ovarian-tumor-ultrasound-classification/results/segmentation/unet_baseline/train/predicted_masks/484_pred.png,96,86,0.020386,False,,/home/jvillanueva/projects/ovarian-tumor-ultrasound-classification/data/processed/MMOTU_OTU_2D_roi_pred/train/images/484.png
485,train,B,/home/jvillanueva/projects/ovarian-tumor-ultrasound-classification/data/processed/MMOTU_OTU_2D_experimental/train/images/485.JPG,/home/jvillanueva/projects/ovarian-tumor-ultrasound-classification/results/segmentation/unet_baseline/train/predicted_masks/485_pred.png,341,269,0.233188,False,,/home/jvillanueva/projects/ovarian-tumor-ultrasound-classification/data/processed/MMOTU_OTU_2D_roi_pred/train/images/485.png
486,train,B,/home/jvillanueva/projects/ovarian-tumor-ultrasound-classification/data/processed/MMOTU_OTU_2D_experimental/train/images/486.JPG,/home/jvillanueva/projects/ovarian-tumor-ultrasound-classification/results/segmentation/unet_baseline/train/predicted_masks/486_pred.png,299,245,0.183657,False,,/home/jvillanueva/projects/ovarian-tumor-ultrasound-classification/data/processed/MMOTU_OTU_2D_roi_pred/train/images/486.png
49,train,B,/home/jvillanueva/projects/ovarian-tumor-ultrasound-classification/data/processed/MMOTU_OTU_2D_experimental/train/images/49.JPG,/home/jvillanueva/projects/ovarian-tumor-ultrasound-classification/results/segmentation/unet_baseline/train/predicted_masks/49_pred.png,388,360,0.268903,False,,/home/jvillanueva/projects/ovarian-tumor-ultrasound-classification/data/processed/MMOTU_OTU_2D_roi_pred/train/images/49.png
490,train,B,/home/jvillanueva/projects/ovarian-tumor-ultrasound-classification/data/processed/MMOTU_OTU_2D_experimental/train/images/490.JPG,/home/jvillanueva/projects/ovarian-tumor-ultrasound-classification/results/segmentation/unet_baseline/train/predicted_masks/490_pred.png,304,279,0.164734,False,,/home/jvillanueva/projects/ovarian-tumor-ultrasound-classification/data/processed/MMOTU_OTU_2D_roi_pred/train/images/490.png
491,train,B,/home/jvillanueva/projects/ovarian-tumor-ultrasound-classification/data/processed/MMOTU_OTU_2D_experimental/train/images/491.JPG,/home/jvillanueva/projects/ovarian-tumor-ultrasound-classification/results/segmentation/unet_baseline/train/predicted_masks/491_pred.png,327,241,0.14984,False,,/home/jvillanueva/projects/ovarian-tumor-ultrasound-classification/data/processed/MMOTU_OTU_2D_roi_pred/train/images/491.png
492,train,B,/home/jvillanueva/projects/ovarian-tumor-ultrasound-classification/data/processed/MMOTU_OTU_2D_experimental/train/images/492.JPG,/home/jvillanueva/projects/ovarian-tumor-ultrasound-classification/results/segmentation/unet_baseline/train/predicted_masks/492_pred.png,333,298,0.187653,False,,/home/jvillanueva/projects/ovarian-tumor-ultrasound-classification/data/processed/MMOTU_OTU_2D_roi_pred/train/images/492.png
497,train,B,/home/jvillanueva/projects/ovarian-tumor-ultrasound-classification/data/processed/MMOTU_OTU_2D_experimental/train/images/497.JPG,/home/jvillanueva/projects/ovarian-tumor-ultrasound-classification/results/segmentation/unet_baseline/train/predicted_masks/497_pred.png,110,96,0.039629,False,,/home/jvillanueva/projects/ovarian-tumor-ultrasound-classification/data/processed/MMOTU_OTU_2D_roi_pred/train/images/497.png
498,train,B,/home/jvillanueva/projects/ovarian-tumor-ultrasound-classification/data/processed/MMOTU_OTU_2D_experimental/train/images/498.JPG,/home/jvillanueva/projects/ovarian-tumor-ultrasound-classification/results/segmentation/unet_baseline/train/predicted_masks/498_pred.png,100,99,0.038072,False,,/home/jvillanueva/projects/ovarian-tumor-ultrasound-classification/data/processed/MMOTU_OTU_2D_roi_pred/train/images/498.png
499,train,B,/home/jvillanueva/projects/ovarian-tumor-ultrasound-classification/data/processed/MMOTU_OTU_2D_experimental/train/images/499.JPG,/home/jvillanueva/projects/ovarian-tumor-ultrasound-classification/results/segmentation/unet_baseline/train/predicted_masks/499_pred.png,105,98,0.038806,False,,/home/jvillanueva/projects/ovarian-tumor-ultrasound-classification/data/processed/MMOTU_OTU_2D_roi_pred/train/images/499.png
50,train,B,/home/jvillanueva/projects/ovarian-tumor-ultrasound-classification/data/processed/MMOTU_OTU_2D_experimental/train/images/50.JPG,/home/jvillanueva/projects/ovarian-tumor-ultrasound-classification/results/segmentation/unet_baseline/train/predicted_masks/50_pred.png,397,293,0.223669,False,,/home/jvillanueva/projects/ovarian-tumor-ultrasound-classification/data/processed/MMOTU_OTU_2D_roi_pred/train/images/50.png
500,train,B,/home/jvillanueva/projects/ovarian-tumor-ultrasound-classification/data/processed/MMOTU_OTU_2D_experimental/train/images/500.JPG,/home/jvillanueva/projects/ovarian-tumor-ultrasound-classification/results/segmentation/unet_baseline/train/predicted_masks/500_pred.png,108,96,0.038083,False,,/home/jvillanueva/projects/ovarian-tumor-ultrasound-classification/data/processed/MMOTU_OTU_2D_roi_pred/train/images/500.png
502,train,B,/home/jvillanueva/projects/ovarian-tumor-ultrasound-classification/data/processed/MMOTU_OTU_2D_experimental/train/images/502.JPG,/home/jvillanueva/projects/ovarian-tumor-ultrasound-classification/results/segmentation/unet_baseline/train/predicted_masks/502_pred.png,177,140,0.095648,False,,/home/jvillanueva/projects/ovarian-tumor-ultrasound-classification/data/processed/MMOTU_OTU_2D_roi_pred/train/images/502.png
503,train,B,/home/jvillanueva/projects/ovarian-tumor-ultrasound-classification/data/processed/MMOTU_OTU_2D_experimental/train/images/503.JPG,/home/jvillanueva/projects/ovarian-tumor-ultrasound-classification/results/segmentation/unet_baseline/train/predicted_masks/503_pred.png,183,171,0.119125,False,,/home/jvillanueva/projects/ovarian-tumor-ultrasound-classification/data/processed/MMOTU_OTU_2D_roi_pred/train/images/503.png
505,train,B,/home/jvillanueva/projects/ovarian-tumor-ultrasound-classification/data/processed/MMOTU_OTU_2D_experimental/train/images/505.JPG,/home/jvillanueva/projects/ovarian-tumor-ultrasound-classification/results/segmentation/unet_baseline/train/predicted_masks/505_pred.png,204,206,0.159472,False,,/home/jvillanueva/projects/ovarian-tumor-ultrasound-classification/data/processed/MMOTU_OTU_2D_roi_pred/train/images/505.png
507,train,B,/home/jvillanueva/projects/ovarian-tumor-ultrasound-classification/data/processed/MMOTU_OTU_2D_experimental/train/images/507.JPG,/home/jvillanueva/projects/ovarian-tumor-ultrasound-classification/results/segmentation/unet_baseline/train/predicted_masks/507_pred.png,176,139,0.093712,False,,/home/jvillanueva/projects/ovarian-tumor-ultrasound-classification/data/processed/MMOTU_OTU_2D_roi_pred/train/images/507.png
509,train,B,/home/jvillanueva/projects/ovarian-tumor-ultrasound-classification/data/processed/MMOTU_OTU_2D_experimental/train/images/509.JPG,/home/jvillanueva/projects/ovarian-tumor-ultrasound-classification/results/segmentation/unet_baseline/train/predicted_masks/509_pred.png,112,100,0.08642,False,,/home/jvillanueva/projects/ovarian-tumor-ultrasound-classification/data/processed/MMOTU_OTU_2D_roi_pred/train/images/509.png
513,train,B,/home/jvillanueva/projects/ovarian-tumor-ultrasound-classification/data/processed/MMOTU_OTU_2D_experimental/train/images/513.JPG,/home/jvillanueva/projects/ovarian-tumor-ultrasound-classification/results/segmentation/unet_baseline/train/predicted_masks/513_pred.png,296,193,0.217241,False,,/home/jvillanueva/projects/ovarian-tumor-ultrasound-classification/data/processed/MMOTU_OTU_2D_roi_pred/train/images/513.png
516,train,B,/home/jvillanueva/projects/ovarian-tumor-ultrasound-classification/data/processed/MMOTU_OTU_2D_experimental/train/images/516.JPG,/home/jvillanueva/projects/ovarian-tumor-ultrasound-classification/results/segmentation/unet_baseline/train/predicted_masks/516_pred.png,214,218,0.173506,False,,/home/jvillanueva/projects/ovarian-tumor-ultrasound-classification/data/processed/MMOTU_OTU_2D_roi_pred/train/images/516.png
518,train,B,/home/jvillanueva/projects/ovarian-tumor-ultrasound-classification/data/processed/MMOTU_OTU_2D_experimental/train/images/518.JPG,/home/jvillanueva/projects/ovarian-tumor-ultrasound-classification/results/segmentation/unet_baseline/train/predicted_masks/518_pred.png,454,336,0.281532,False,,/home/jvillanueva/projects/ovarian-tumor-ultrasound-classification/data/processed/MMOTU_OTU_2D_roi_pred/train/images/518.png
519,train,B,/home/jvillanueva/projects/ovarian-tumor-ultrasound-classification/data/processed/MMOTU_OTU_2D_experimental/train/images/519.JPG,/home/jvillanueva/projects/ovarian-tumor-ultrasound-classification/results/segmentation/unet_baseline/train/predicted_masks/519_pred.png,444,451,0.793256,False,,/home/jvillanueva/projects/ovarian-tumor-ultrasound-classification/data/processed/MMOTU_OTU_2D_roi_pred/train/images/519.png
52,train,B,/home/jvillanueva/projects/ovarian-tumor-ultrasound-classification/data/processed/MMOTU_OTU_2D_experimental/train/images/52.JPG,/home/jvillanueva/projects/ovarian-tumor-ultrasound-classification/results/segmentation/unet_baseline/train/predicted_masks/52_pred.png,492,403,0.233163,False,,/home/jvillanueva/projects/ovarian-tumor-ultrasound-classification/data/processed/MMOTU_OTU_2D_roi_pred/train/images/52.png
522,train,B,/home/jvillanueva/projects/ovarian-tumor-ultrasound-classification/data/processed/MMOTU_OTU_2D_experimental/train/images/522.JPG,/home/jvillanueva/projects/ovarian-tumor-ultrasound-classification/results/segmentation/unet_baseline/train/predicted_masks/522_pred.png,235,189,0.08498,False,,/home/jvillanueva/projects/ovarian-tumor-ultrasound-classification/data/processed/MMOTU_OTU_2D_roi_pred/train/images/522.png
525,train,B,/home/jvillanueva/projects/ovarian-tumor-ultrasound-classification/data/processed/MMOTU_OTU_2D_experimental/train/images/525.JPG,/home/jvillanueva/projects/ovarian-tumor-ultrasound-classification/results/segmentation/unet_baseline/train/predicted_masks/525_pred.png,412,262,0.202655,False,,/home/jvillanueva/projects/ovarian-tumor-ultrasound-classification/data/processed/MMOTU_OTU_2D_roi_pred/train/images/525.png
526,train,B,/home/jvillanueva/projects/ovarian-tumor-ultrasound-classification/data/processed/MMOTU_OTU_2D_experimental/train/images/526.JPG,/home/jvillanueva/projects/ovarian-tumor-ultrasound-classification/results/segmentation/unet_baseline/train/predicted_masks/526_pred.png,507,314,0.300273,False,,/home/jvillanueva/projects/ovarian-tumor-ultrasound-classification/data/processed/MMOTU_OTU_2D_roi_pred/train/images/526.png
527,train,B,/home/jvillanueva/projects/ovarian-tumor-ultrasound-classification/data/processed/MMOTU_OTU_2D_experimental/train/images/527.JPG,/home/jvillanueva/projects/ovarian-tumor-ultrasound-classification/results/segmentation/unet_baseline/train/predicted_masks/527_pred.png,480,337,0.603943,False,,/home/jvillanueva/projects/ovarian-tumor-ultrasound-classification/data/processed/MMOTU_OTU_2D_roi_pred/train/images/527.png
528,train,B,/home/jvillanueva/projects/ovarian-tumor-ultrasound-classification/data/processed/MMOTU_OTU_2D_experimental/train/images/528.JPG,/home/jvillanueva/projects/ovarian-tumor-ultrasound-classification/results/segmentation/unet_baseline/train/predicted_masks/528_pred.png,362,220,0.146407,False,,/home/jvillanueva/projects/ovarian-tumor-ultrasound-classification/data/processed/MMOTU_OTU_2D_roi_pred/train/images/528.png
529,train,B,/home/jvillanueva/projects/ovarian-tumor-ultrasound-classification/data/processed/MMOTU_OTU_2D_experimental/train/images/529.JPG,/home/jvillanueva/projects/ovarian-tumor-ultrasound-classification/results/segmentation/unet_baseline/train/predicted_masks/529_pred.png,379,200,0.141397,False,,/home/jvillanueva/projects/ovarian-tumor-ultrasound-classification/data/processed/MMOTU_OTU_2D_roi_pred/train/images/529.png
53,train,B,/home/jvillanueva/projects/ovarian-tumor-ultrasound-classification/data/processed/MMOTU_OTU_2D_experimental/train/images/53.JPG,/home/jvillanueva/projects/ovarian-tumor-ultrasound-classification/results/segmentation/unet_baseline/train/predicted_masks/53_pred.png,650,418,0.428685,False,,/home/jvillanueva/projects/ovarian-tumor-ultrasound-classification/data/processed/MMOTU_OTU_2D_roi_pred/train/images/53.png
530,train,B,/home/jvillanueva/projects/ovarian-tumor-ultrasound-classification/data/processed/MMOTU_OTU_2D_experimental/train/images/530.JPG,/home/jvillanueva/projects/ovarian-tumor-ultrasound-classification/results/segmentation/unet_baseline/train/predicted_masks/530_pred.png,232,189,0.08217,False,,/home/jvillanueva/projects/ovarian-tumor-ultrasound-classification/data/processed/MMOTU_OTU_2D_roi_pred/train/images/530.png
531,train,B,/home/jvillanueva/projects/ovarian-tumor-ultrasound-classification/data/processed/MMOTU_OTU_2D_experimental/train/images/531.JPG,/home/jvillanueva/projects/ovarian-tumor-ultrasound-classification/results/segmentation/unet_baseline/train/predicted_masks/531_pred.png,224,194,0.080846,False,,/home/jvillanueva/projects/ovarian-tumor-ultrasound-classification/data/processed/MMOTU_OTU_2D_roi_pred/train/images/531.png
537,train,B,/home/jvillanueva/projects/ovarian-tumor-ultrasound-classification/data/processed/MMOTU_OTU_2D_experimental/train/images/537.JPG,/home/jvillanueva/projects/ovarian-tumor-ultrasound-classification/results/segmentation/unet_baseline/train/predicted_masks/537_pred.png,249,255,0.241079,False,,/home/jvillanueva/projects/ovarian-tumor-ultrasound-classification/data/processed/MMOTU_OTU_2D_roi_pred/train/images/537.png
538,train,B,/home/jvillanueva/projects/ovarian-tumor-ultrasound-classification/data/processed/MMOTU_OTU_2D_experimental/train/images/538.JPG,/home/jvillanueva/projects/ovarian-tumor-ultrasound-classification/results/segmentation/unet_baseline/train/predicted_masks/538_pred.png,437,316,0.524029,False,,/home/jvillanueva/projects/ovarian-tumor-ultrasound-classification/data/processed/MMOTU_OTU_2D_roi_pred/train/images/538.png
54,train,B,/home/jvillanueva/projects/ovarian-tumor-ultrasound-classification/data/processed/MMOTU_OTU_2D_experimental/train/images/54.JPG,/home/jvillanueva/projects/ovarian-tumor-ultrasound-classification/results/segmentation/unet_baseline/train/predicted_masks/54_pred.png,661,388,0.379611,False,,/home/jvillanueva/projects/ovarian-tumor-ultrasound-classification/data/processed/MMOTU_OTU_2D_roi_pred/train/images/54.png
540,train,B,/home/jvillanueva/projects/ovarian-tumor-ultrasound-classification/data/processed/MMOTU_OTU_2D_experimental/train/images/540.JPG,/home/jvillanueva/projects/ovarian-tumor-ultrasound-classification/results/segmentation/unet_baseline/train/predicted_masks/540_pred.png,421,345,0.554489,False,,/home/jvillanueva/projects/ovarian-tumor-ultrasound-classification/data/processed/MMOTU_OTU_2D_roi_pred/train/images/540.png
541,train,B,/home/jvillanueva/projects/ovarian-tumor-ultrasound-classification/data/processed/MMOTU_OTU_2D_experimental/train/images/541.JPG,/home/jvillanueva/projects/ovarian-tumor-ultrasound-classification/results/segmentation/unet_baseline/train/predicted_masks/541_pred.png,412,328,0.260051,False,,/home/jvillanueva/projects/ovarian-tumor-ultrasound-classification/data/processed/MMOTU_OTU_2D_roi_pred/train/images/541.png
542,train,B,/home/jvillanueva/projects/ovarian-tumor-ultrasound-classification/data/processed/MMOTU_OTU_2D_experimental/train/images/542.JPG,/home/jvillanueva/projects/ovarian-tumor-ultrasound-classification/results/segmentation/unet_baseline/train/predicted_masks/542_pred.png,184,194,0.134236,False,,/home/jvillanueva/projects/ovarian-tumor-ultrasound-classification/data/processed/MMOTU_OTU_2D_roi_pred/train/images/542.png
543,train,B,/home/jvillanueva/projects/ovarian-tumor-ultrasound-classification/data/processed/MMOTU_OTU_2D_experimental/train/images/543.JPG,/home/jvillanueva/projects/ovarian-tumor-ultrasound-classification/results/segmentation/unet_baseline/train/predicted_masks/543_pred.png,215,202,0.162827,False,,/home/jvillanueva/projects/ovarian-tumor-ultrasound-classification/data/processed/MMOTU_OTU_2D_roi_pred/train/images/543.png
544,train,B,/home/jvillanueva/projects/ovarian-tumor-ultrasound-classification/data/processed/MMOTU_OTU_2D_experimental/train/images/544.JPG,/home/jvillanueva/projects/ovarian-tumor-ultrasound-classification/results/segmentation/unet_baseline/train/predicted_masks/544_pred.png,364,232,0.161575,False,,/home/jvillanueva/projects/ovarian-tumor-ultrasound-classification/data/processed/MMOTU_OTU_2D_roi_pred/train/images/544.png
545,train,B,/home/jvillanueva/projects/ovarian-tumor-ultrasound-classification/data/processed/MMOTU_OTU_2D_experimental/train/images/545.JPG,/home/jvillanueva/projects/ovarian-tumor-ultrasound-classification/results/segmentation/unet_baseline/train/predicted_masks/545_pred.png,287,212,0.114229,False,,/home/jvillanueva/projects/ovarian-tumor-ultrasound-classification/data/processed/MMOTU_OTU_2D_roi_pred/train/images/545.png
547,train,B,/home/jvillanueva/projects/ovarian-tumor-ultrasound-classification/data/processed/MMOTU_OTU_2D_experimental/train/images/547.JPG,/home/jvillanueva/projects/ovarian-tumor-ultrasound-classification/results/segmentation/unet_baseline/train/predicted_masks/547_pred.png,324,304,0.212975,False,,/home/jvillanueva/projects/ovarian-tumor-ultrasound-classification/data/processed/MMOTU_OTU_2D_roi_pred/train/images/547.png
549,train,B,/home/jvillanueva/projects/ovarian-tumor-ultrasound-classification/data/processed/MMOTU_OTU_2D_experimental/train/images/549.JPG,/home/jvillanueva/projects/ovarian-tumor-ultrasound-classification/results/segmentation/unet_baseline/train/predicted_masks/549_pred.png,117,146,0.064025,False,,/home/jvillanueva/projects/ovarian-tumor-ultrasound-classification/data/processed/MMOTU_OTU_2D_roi_pred/train/images/549.png
55,train,B,/home/jvillanueva/projects/ovarian-tumor-ultrasound-classification/data/processed/MMOTU_OTU_2D_experimental/train/images/55.JPG,/home/jvillanueva/projects/ovarian-tumor-ultrasound-classification/results/segmentation/unet_baseline/train/predicted_masks/55_pred.png,548,369,0.591346,False,,/home/jvillanueva/projects/ovarian-tumor-ultrasound-classification/data/processed/MMOTU_OTU_2D_roi_pred/train/images/55.png
550,train,B,/home/jvillanueva/projects/ovarian-tumor-ultrasound-classification/data/processed/MMOTU_OTU_2D_experimental/train/images/550.JPG,/home/jvillanueva/projects/ovarian-tumor-ultrasound-classification/results/segmentation/unet_baseline/train/predicted_masks/550_pred.png,134,139,0.071183,False,,/home/jvillanueva/projects/ovarian-tumor-ultrasound-classification/data/processed/MMOTU_OTU_2D_roi_pred/train/images/550.png
552,train,B,/home/jvillanueva/projects/ovarian-tumor-ultrasound-classification/data/processed/MMOTU_OTU_2D_experimental/train/images/552.JPG,/home/jvillanueva/projects/ovarian-tumor-ultrasound-classification/results/segmentation/unet_baseline/train/predicted_masks/552_pred.png,100,130,0.050364,False,,/home/jvillanueva/projects/ovarian-tumor-ultrasound-classification/data/processed/MMOTU_OTU_2D_roi_pred/train/images/552.png
555,train,B,/home/jvillanueva/projects/ovarian-tumor-ultrasound-classification/data/processed/MMOTU_OTU_2D_experimental/train/images/555.JPG,/home/jvillanueva/projects/ovarian-tumor-ultrasound-classification/results/segmentation/unet_baseline/train/predicted_masks/555_pred.png,99,117,0.044359,False,,/home/jvillanueva/projects/ovarian-tumor-ultrasound-classification/data/processed/MMOTU_OTU_2D_roi_pred/train/images/555.png
556,train,B,/home/jvillanueva/projects/ovarian-tumor-ultrasound-classification/data/processed/MMOTU_OTU_2D_experimental/train/images/556.JPG,/home/jvillanueva/projects/ovarian-tumor-ultrasound-classification/results/segmentation/unet_baseline/train/predicted_masks/556_pred.png,144,111,0.060436,False,,/home/jvillanueva/projects/ovarian-tumor-ultrasound-classification/data/processed/MMOTU_OTU_2D_roi_pred/train/images/556.png
557,train,B,/home/jvillanueva/projects/ovarian-tumor-ultrasound-classification/data/processed/MMOTU_OTU_2D_experimental/train/images/557.JPG,/home/jvillanueva/projects/ovarian-tumor-ultrasound-classification/results/segmentation/unet_baseline/train/predicted_masks/557_pred.png,208,226,0.133593,False,,/home/jvillanueva/projects/ovarian-tumor-ultrasound-classification/data/processed/MMOTU_OTU_2D_roi_pred/train/images/557.png
559,train,B,/home/jvillanueva/projects/ovarian-tumor-ultrasound-classification/data/processed/MMOTU_OTU_2D_experimental/train/images/559.JPG,/home/jvillanueva/projects/ovarian-tumor-ultrasound-classification/results/segmentation/unet_baseline/train/predicted_masks/559_pred.png,450,458,0.603871,False,,/home/jvillanueva/projects/ovarian-tumor-ultrasound-classification/data/processed/MMOTU_OTU_2D_roi_pred/train/images/559.png
56,train,B,/home/jvillanueva/projects/ovarian-tumor-ultrasound-classification/data/processed/MMOTU_OTU_2D_experimental/train/images/56.JPG,/home/jvillanueva/projects/ovarian-tumor-ultrasound-classification/results/segmentation/unet_baseline/train/predicted_masks/56_pred.png,363,400,0.290994,False,,/home/jvillanueva/projects/ovarian-tumor-ultrasound-classification/data/processed/MMOTU_OTU_2D_roi_pred/train/images/56.png
561,train,B,/home/jvillanueva/projects/ovarian-tumor-ultrasound-classification/data/processed/MMOTU_OTU_2D_experimental/train/images/561.JPG,/home/jvillanueva/projects/ovarian-tumor-ultrasound-classification/results/segmentation/unet_baseline/train/predicted_masks/561_pred.png,525,600,0.919896,False,,/home/jvillanueva/projects/ovarian-tumor-ultrasound-classification/data/processed/MMOTU_OTU_2D_roi_pred/train/images/561.png
562,train,B,/home/jvillanueva/projects/ovarian-tumor-ultrasound-classification/data/processed/MMOTU_OTU_2D_experimental/train/images/562.JPG,/home/jvillanueva/projects/ovarian-tumor-ultrasound-classification/results/segmentation/unet_baseline/train/predicted_masks/562_pred.png,493,599,0.834521,False,,/home/jvillanueva/projects/ovarian-tumor-ultrasound-classification/data/processed/MMOTU_OTU_2D_roi_pred/train/images/562.png
564,train,B,/home/jvillanueva/projects/ovarian-tumor-ultrasound-classification/data/processed/MMOTU_OTU_2D_experimental/train/images/564.JPG,/home/jvillanueva/projects/ovarian-tumor-ultrasound-classification/results/segmentation/unet_baseline/train/predicted_masks/564_pred.png,262,225,0.225289,False,,/home/jvillanueva/projects/ovarian-tumor-ultrasound-classification/data/processed/MMOTU_OTU_2D_roi_pred/train/images/564.png
565,train,B,/home/jvillanueva/projects/ovarian-tumor-ultrasound-classification/data/processed/MMOTU_OTU_2D_experimental/train/images/565.JPG,/home/jvillanueva/projects/ovarian-tumor-ultrasound-classification/results/segmentation/unet_baseline/train/predicted_masks/565_pred.png,193,202,0.147061,False,,/home/jvillanueva/projects/ovarian-tumor-ultrasound-classification/data/processed/MMOTU_OTU_2D_roi_pred/train/images/565.png
566,train,B,/home/jvillanueva/projects/ovarian-tumor-ultrasound-classification/data/processed/MMOTU_OTU_2D_experimental/train/images/566.JPG,/home/jvillanueva/projects/ovarian-tumor-ultrasound-classification/results/segmentation/unet_baseline/train/predicted_masks/566_pred.png,194,99,0.0719,False,,/home/jvillanueva/projects/ovarian-tumor-ultrasound-classification/data/processed/MMOTU_OTU_2D_roi_pred/train/images/566.png
567,train,B,/home/jvillanueva/projects/ovarian-tumor-ultrasound-classification/data/processed/MMOTU_OTU_2D_experimental/train/images/567.JPG,/home/jvillanueva/projects/ovarian-tumor-ultrasound-classification/results/segmentation/unet_baseline/train/predicted_masks/567_pred.png,190,101,0.06816,False,,/home/jvillanueva/projects/ovarian-tumor-ultrasound-classification/data/processed/MMOTU_OTU_2D_roi_pred/train/images/567.png
569,train,B,/home/jvillanueva/projects/ovarian-tumor-ultrasound-classification/data/processed/MMOTU_OTU_2D_experimental/train/images/569.JPG,/home/jvillanueva/projects/ovarian-tumor-ultrasound-classification/results/segmentation/unet_baseline/train/predicted_masks/569_pred.png,421,308,0.370761,False,,/home/jvillanueva/projects/ovarian-tumor-ultrasound-classification/data/processed/MMOTU_OTU_2D_roi_pred/train/images/569.png
57,train,B,/home/jvillanueva/projects/ovarian-tumor-ultrasound-classification/data/processed/MMOTU_OTU_2D_experimental/train/images/57.JPG,/home/jvillanueva/projects/ovarian-tumor-ultrasound-classification/results/segmentation/unet_baseline/train/predicted_masks/57_pred.png,365,364,0.152449,False,,/home/jvillanueva/projects/ovarian-tumor-ultrasound-classification/data/processed/MMOTU_OTU_2D_roi_pred/train/images/57.png
570,train,B,/home/jvillanueva/projects/ovarian-tumor-ultrasound-classification/data/processed/MMOTU_OTU_2D_experimental/train/images/570.JPG,/home/jvillanueva/projects/ovarian-tumor-ultrasound-classification/results/segmentation/unet_baseline/train/predicted_masks/570_pred.png,345,296,0.293256,False,,/home/jvillanueva/projects/ovarian-tumor-ultrasound-classification/data/processed/MMOTU_OTU_2D_roi_pred/train/images/570.png
571,train,B,/home/jvillanueva/projects/ovarian-tumor-ultrasound-classification/data/processed/MMOTU_OTU_2D_experimental/train/images/571.JPG,/home/jvillanueva/projects/ovarian-tumor-ultrasound-classification/results/segmentation/unet_baseline/train/predicted_masks/571_pred.png,421,312,0.370193,False,,/home/jvillanueva/projects/ovarian-tumor-ultrasound-classification/data/processed/MMOTU_OTU_2D_roi_pred/train/images/571.png
572,train,B,/home/jvillanueva/projects/ovarian-tumor-ultrasound-classification/data/processed/MMOTU_OTU_2D_experimental/train/images/572.JPG,/home/jvillanueva/projects/ovarian-tumor-ultrasound-classification/results/segmentation/unet_baseline/train/predicted_masks/572_pred.png,310,214,0.192732,False,,/home/jvillanueva/projects/ovarian-tumor-ultrasound-classification/data/processed/MMOTU_OTU_2D_roi_pred/train/images/572.png
575,train,B,/home/jvillanueva/projects/ovarian-tumor-ultrasound-classification/data/processed/MMOTU_OTU_2D_experimental/train/images/575.JPG,/home/jvillanueva/projects/ovarian-tumor-ultrasound-classification/results/segmentation/unet_baseline/train/predicted_masks/575_pred.png,195,86,0.064122,False,,/home/jvillanueva/projects/ovarian-tumor-ultrasound-classification/data/processed/MMOTU_OTU_2D_roi_pred/train/images/575.png
576,train,B,/home/jvillanueva/projects/ovarian-tumor-ultrasound-classification/data/processed/MMOTU_OTU_2D_experimental/train/images/576.JPG,/home/jvillanueva/projects/ovarian-tumor-ultrasound-classification/results/segmentation/unet_baseline/train/predicted_masks/576_pred.png,142,94,0.050561,False,,/home/jvillanueva/projects/ovarian-tumor-ultrasound-classification/data/processed/MMOTU_OTU_2D_roi_pred/train/images/576.png
577,train,B,/home/jvillanueva/projects/ovarian-tumor-ultrasound-classification/data/processed/MMOTU_OTU_2D_experimental/train/images/577.JPG,/home/jvillanueva/projects/ovarian-tumor-ultrasound-classification/results/segmentation/unet_baseline/train/predicted_masks/577_pred.png,368,277,0.380698,False,,/home/jvillanueva/projects/ovarian-tumor-ultrasound-classification/data/processed/MMOTU_OTU_2D_roi_pred/train/images/577.png
578,train,B,/home/jvillanueva/projects/ovarian-tumor-ultrasound-classification/data/processed/MMOTU_OTU_2D_experimental/train/images/578.JPG,/home/jvillanueva/projects/ovarian-tumor-ultrasound-classification/results/segmentation/unet_baseline/train/predicted_masks/578_pred.png,431,362,0.584615,False,,/home/jvillanueva/projects/ovarian-tumor-ultrasound-classification/data/processed/MMOTU_OTU_2D_roi_pred/train/images/578.png
579,train,B,/home/jvillanueva/projects/ovarian-tumor-ultrasound-classification/data/processed/MMOTU_OTU_2D_experimental/train/images/579.JPG,/home/jvillanueva/projects/ovarian-tumor-ultrasound-classification/results/segmentation/unet_baseline/train/predicted_masks/579_pred.png,352,275,0.367742,False,,/home/jvillanueva/projects/ovarian-tumor-ultrasound-classification/data/processed/MMOTU_OTU_2D_roi_pred/train/images/579.png
58,train,B,/home/jvillanueva/projects/ovarian-tumor-ultrasound-classification/data/processed/MMOTU_OTU_2D_experimental/train/images/58.JPG,/home/jvillanueva/projects/ovarian-tumor-ultrasound-classification/results/segmentation/unet_baseline/train/predicted_masks/58_pred.png,494,530,0.51512,False,,/home/jvillanueva/projects/ovarian-tumor-ultrasound-classification/data/processed/MMOTU_OTU_2D_roi_pred/train/images/58.png
583,train,B,/home/jvillanueva/projects/ovarian-tumor-ultrasound-classification/data/processed/MMOTU_OTU_2D_experimental/train/images/583.JPG,/home/jvillanueva/projects/ovarian-tumor-ultrasound-classification/results/segmentation/unet_baseline/train/predicted_masks/583_pred.png,156,173,0.101096,False,,/home/jvillanueva/projects/ovarian-tumor-ultrasound-classification/data/processed/MMOTU_OTU_2D_roi_pred/train/images/583.png
587,train,B,/home/jvillanueva/projects/ovarian-tumor-ultrasound-classification/data/processed/MMOTU_OTU_2D_experimental/train/images/587.JPG,/home/jvillanueva/projects/ovarian-tumor-ultrasound-classification/results/segmentation/unet_baseline/train/predicted_masks/587_pred.png,132,85,0.042767,False,,/home/jvillanueva/projects/ovarian-tumor-ultrasound-classification/data/processed/MMOTU_OTU_2D_roi_pred/train/images/587.png
588,train,B,/home/jvillanueva/projects/ovarian-tumor-ultrasound-classification/data/processed/MMOTU_OTU_2D_experimental/train/images/588.JPG,/home/jvillanueva/projects/ovarian-tumor-ultrasound-classification/results/segmentation/unet_baseline/train/predicted_masks/588_pred.png,133,75,0.038413,False,,/home/jvillanueva/projects/ovarian-tumor-ultrasound-classification/data/processed/MMOTU_OTU_2D_roi_pred/train/images/588.png
589,train,B,/home/jvillanueva/projects/ovarian-tumor-ultrasound-classification/data/processed/MMOTU_OTU_2D_experimental/train/images/589.JPG,/home/jvillanueva/projects/ovarian-tumor-ultrasound-classification/results/segmentation/unet_baseline/train/predicted_masks/589_pred.png,194,194,0.116656,False,,/home/jvillanueva/projects/ovarian-tumor-ultrasound-classification/data/processed/MMOTU_OTU_2D_roi_pred/train/images/589.png
59,train,B,/home/jvillanueva/projects/ovarian-tumor-ultrasound-classification/data/processed/MMOTU_OTU_2D_experimental/train/images/59.JPG,/home/jvillanueva/projects/ovarian-tumor-ultrasound-classification/results/segmentation/unet_baseline/train/predicted_masks/59_pred.png,731,479,0.601779,False,,/home/jvillanueva/projects/ovarian-tumor-ultrasound-classification/data/processed/MMOTU_OTU_2D_roi_pred/train/images/59.png
590,train,B,/home/jvillanueva/projects/ovarian-tumor-ultrasound-classification/data/processed/MMOTU_OTU_2D_experimental/train/images/590.JPG,/home/jvillanueva/projects/ovarian-tumor-ultrasound-classification/results/segmentation/unet_baseline/train/predicted_masks/590_pred.png,216,191,0.129703,False,,/home/jvillanueva/projects/ovarian-tumor-ultrasound-classification/data/processed/MMOTU_OTU_2D_roi_pred/train/images/590.png
591,train,B,/home/jvillanueva/projects/ovarian-tumor-ultrasound-classification/data/processed/MMOTU_OTU_2D_experimental/train/images/591.JPG,/home/jvillanueva/projects/ovarian-tumor-ultrasound-classification/results/segmentation/unet_baseline/train/predicted_masks/591_pred.png,194,216,0.12154,False,,/home/jvillanueva/projects/ovarian-tumor-ultrasound-classification/data/processed/MMOTU_OTU_2D_roi_pred/train/images/591.png
593,train,B,/home/jvillanueva/projects/ovarian-tumor-ultrasound-classification/data/processed/MMOTU_OTU_2D_experimental/train/images/593.JPG,/home/jvillanueva/projects/ovarian-tumor-ultrasound-classification/results/segmentation/unet_baseline/train/predicted_masks/593_pred.png,217,187,0.156341,False,,/home/jvillanueva/projects/ovarian-tumor-ultrasound-classification/data/processed/MMOTU_OTU_2D_roi_pred/train/images/593.png
596,train,B,/home/jvillanueva/projects/ovarian-tumor-ultrasound-classification/data/processed/MMOTU_OTU_2D_experimental/train/images/596.JPG,/home/jvillanueva/projects/ovarian-tumor-ultrasound-classification/results/segmentation/unet_baseline/train/predicted_masks/596_pred.png,239,228,0.205415,False,,/home/jvillanueva/projects/ovarian-tumor-ultrasound-classification/data/processed/MMOTU_OTU_2D_roi_pred/train/images/596.png
597,train,B,/home/jvillanueva/projects/ovarian-tumor-ultrasound-classification/data/processed/MMOTU_OTU_2D_experimental/train/images/597.JPG,/home/jvillanueva/projects/ovarian-tumor-ultrasound-classification/results/segmentation/unet_baseline/train/predicted_masks/597_pred.png,457,361,0.47856,False,,/home/jvillanueva/projects/ovarian-tumor-ultrasound-classification/data/processed/MMOTU_OTU_2D_roi_pred/train/images/597.png
598,train,B,/home/jvillanueva/projects/ovarian-tumor-ultrasound-classification/data/processed/MMOTU_OTU_2D_experimental/train/images/598.JPG,/home/jvillanueva/projects/ovarian-tumor-ultrasound-classification/results/segmentation/unet_baseline/train/predicted_masks/598_pred.png,489,375,0.536398,False,,/home/jvillanueva/projects/ovarian-tumor-ultrasound-classification/data/processed/MMOTU_OTU_2D_roi_pred/train/images/598.png
601,train,B,/home/jvillanueva/projects/ovarian-tumor-ultrasound-classification/data/processed/MMOTU_OTU_2D_experimental/train/images/601.JPG,/home/jvillanueva/projects/ovarian-tumor-ultrasound-classification/results/segmentation/unet_baseline/train/predicted_masks/601_pred.png,205,191,0.11338,False,,/home/jvillanueva/projects/ovarian-tumor-ultrasound-classification/data/processed/MMOTU_OTU_2D_roi_pred/train/images/601.png
603,train,B,/home/jvillanueva/projects/ovarian-tumor-ultrasound-classification/data/processed/MMOTU_OTU_2D_experimental/train/images/603.JPG,/home/jvillanueva/projects/ovarian-tumor-ultrasound-classification/results/segmentation/unet_baseline/train/predicted_masks/603_pred.png,333,243,0.15568,False,,/home/jvillanueva/projects/ovarian-tumor-ultrasound-classification/data/processed/MMOTU_OTU_2D_roi_pred/train/images/603.png
604,train,B,/home/jvillanueva/projects/ovarian-tumor-ultrasound-classification/data/processed/MMOTU_OTU_2D_experimental/train/images/604.JPG,/home/jvillanueva/projects/ovarian-tumor-ultrasound-classification/results/segmentation/unet_baseline/train/predicted_masks/604_pred.png,248,173,0.081874,False,,/home/jvillanueva/projects/ovarian-tumor-ultrasound-classification/data/processed/MMOTU_OTU_2D_roi_pred/train/images/604.png
607,train,B,/home/jvillanueva/projects/ovarian-tumor-ultrasound-classification/data/processed/MMOTU_OTU_2D_experimental/train/images/607.JPG,/home/jvillanueva/projects/ovarian-tumor-ultrasound-classification/results/segmentation/unet_baseline/train/predicted_masks/607_pred.png,507,324,0.30565,False,,/home/jvillanueva/projects/ovarian-tumor-ultrasound-classification/data/processed/MMOTU_OTU_2D_roi_pred/train/images/607.png
61,train,B,/home/jvillanueva/projects/ovarian-tumor-ultrasound-classification/data/processed/MMOTU_OTU_2D_experimental/train/images/61.JPG,/home/jvillanueva/projects/ovarian-tumor-ultrasound-classification/results/segmentation/unet_baseline/train/predicted_masks/61_pred.png,634,370,0.403645,False,,/home/jvillanueva/projects/ovarian-tumor-ultrasound-classification/data/processed/MMOTU_OTU_2D_roi_pred/train/images/61.png
611,train,B,/home/jvillanueva/projects/ovarian-tumor-ultrasound-classification/data/processed/MMOTU_OTU_2D_experimental/train/images/611.JPG,/home/jvillanueva/projects/ovarian-tumor-ultrasound-classification/results/segmentation/unet_baseline/train/predicted_masks/611_pred.png,520,355,0.419077,False,,/home/jvillanueva/projects/ovarian-tumor-ultrasound-classification/data/processed/MMOTU_OTU_2D_roi_pred/train/images/611.png
612,train,B,/home/jvillanueva/projects/ovarian-tumor-ultrasound-classification/data/processed/MMOTU_OTU_2D_experimental/train/images/612.JPG,/home/jvillanueva/projects/ovarian-tumor-ultrasound-classification/results/segmentation/unet_baseline/train/predicted_masks/612_pred.png,479,375,0.340024,False,,/home/jvillanueva/projects/ovarian-tumor-ultrasound-classification/data/processed/MMOTU_OTU_2D_roi_pred/train/images/612.png
613,train,B,/home/jvillanueva/projects/ovarian-tumor-ultrasound-classification/data/processed/MMOTU_OTU_2D_experimental/train/images/613.JPG,/home/jvillanueva/projects/ovarian-tumor-ultrasound-classification/results/segmentation/unet_baseline/train/predicted_masks/613_pred.png,433,395,0.32884,False,,/home/jvillanueva/projects/ovarian-tumor-ultrasound-classification/data/processed/MMOTU_OTU_2D_roi_pred/train/images/613.png
615,train,B,/home/jvillanueva/projects/ovarian-tumor-ultrasound-classification/data/processed/MMOTU_OTU_2D_experimental/train/images/615.JPG,/home/jvillanueva/projects/ovarian-tumor-ultrasound-classification/results/segmentation/unet_baseline/train/predicted_masks/615_pred.png,469,417,0.373681,False,,/home/jvillanueva/projects/ovarian-tumor-ultrasound-classification/data/processed/MMOTU_OTU_2D_roi_pred/train/images/615.png
617,train,B,/home/jvillanueva/projects/ovarian-tumor-ultrasound-classification/data/processed/MMOTU_OTU_2D_experimental/train/images/617.JPG,/home/jvillanueva/projects/ovarian-tumor-ultrasound-classification/results/segmentation/unet_baseline/train/predicted_masks/617_pred.png,496,382,0.698226,False,,/home/jvillanueva/projects/ovarian-tumor-ultrasound-classification/data/processed/MMOTU_OTU_2D_roi_pred/train/images/617.png
618,train,B,/home/jvillanueva/projects/ovarian-tumor-ultrasound-classification/data/processed/MMOTU_OTU_2D_experimental/train/images/618.JPG,/home/jvillanueva/projects/ovarian-tumor-ultrasound-classification/results/segmentation/unet_baseline/train/predicted_masks/618_pred.png,202,178,0.068236,False,,/home/jvillanueva/projects/ovarian-tumor-ultrasound-classification/data/processed/MMOTU_OTU_2D_roi_pred/train/images/618.png
62,train,B,/home/jvillanueva/projects/ovarian-tumor-ultrasound-classification/data/processed/MMOTU_OTU_2D_experimental/train/images/62.JPG,/home/jvillanueva/projects/ovarian-tumor-ultrasound-classification/results/segmentation/unet_baseline/train/predicted_masks/62_pred.png,351,287,0.195109,False,,/home/jvillanueva/projects/ovarian-tumor-ultrasound-classification/data/processed/MMOTU_OTU_2D_roi_pred/train/images/62.png
622,train,B,/home/jvillanueva/projects/ovarian-tumor-ultrasound-classification/data/processed/MMOTU_OTU_2D_experimental/train/images/622.JPG,/home/jvillanueva/projects/ovarian-tumor-ultrasound-classification/results/segmentation/unet_baseline/train/predicted_masks/622_pred.png,532,387,0.424242,False,,/home/jvillanueva/projects/ovarian-tumor-ultrasound-classification/data/processed/MMOTU_OTU_2D_roi_pred/train/images/622.png
624,train,B,/home/jvillanueva/projects/ovarian-tumor-ultrasound-classification/data/processed/MMOTU_OTU_2D_experimental/train/images/624.JPG,/home/jvillanueva/projects/ovarian-tumor-ultrasound-classification/results/segmentation/unet_baseline/train/predicted_masks/624_pred.png,322,489,0.608745,False,,/home/jvillanueva/projects/ovarian-tumor-ultrasound-classification/data/processed/MMOTU_OTU_2D_roi_pred/train/images/624.png
625,train,B,/home/jvillanueva/projects/ovarian-tumor-ultrasound-classification/data/processed/MMOTU_OTU_2D_experimental/train/images/625.JPG,/home/jvillanueva/projects/ovarian-tumor-ultrasound-classification/results/segmentation/unet_baseline/train/predicted_masks/625_pred.png,428,520,0.43217,False,,/home/jvillanueva/projects/ovarian-tumor-ultrasound-classification/data/processed/MMOTU_OTU_2D_roi_pred/train/images/625.png
628,train,B,/home/jvillanueva/projects/ovarian-tumor-ultrasound-classification/data/processed/MMOTU_OTU_2D_experimental/train/images/628.JPG,/home/jvillanueva/projects/ovarian-tumor-ultrasound-classification/results/segmentation/unet_baseline/train/predicted_masks/628_pred.png,465,474,0.826695,False,,/home/jvillanueva/projects/ovarian-tumor-ultrasound-classification/data/processed/MMOTU_OTU_2D_roi_pred/train/images/628.png
630,train,B,/home/jvillanueva/projects/ovarian-tumor-ultrasound-classification/data/processed/MMOTU_OTU_2D_experimental/train/images/630.JPG,/home/jvillanueva/projects/ovarian-tumor-ultrasound-classification/results/segmentation/unet_baseline/train/predicted_masks/630_pred.png,529,304,0.273684,False,,/home/jvillanueva/projects/ovarian-tumor-ultrasound-classification/data/processed/MMOTU_OTU_2D_roi_pred/train/images/630.png
634,train,B,/home/jvillanueva/projects/ovarian-tumor-ultrasound-classification/data/processed/MMOTU_OTU_2D_experimental/train/images/634.JPG,/home/jvillanueva/projects/ovarian-tumor-ultrasound-classification/results/segmentation/unet_baseline/train/predicted_masks/634_pred.png,157,136,0.060738,False,,/home/jvillanueva/projects/ovarian-tumor-ultrasound-classification/data/processed/MMOTU_OTU_2D_roi_pred/train/images/634.png
637,train,B,/home/jvillanueva/projects/ovarian-tumor-ultrasound-classification/data/processed/MMOTU_OTU_2D_experimental/train/images/637.JPG,/home/jvillanueva/projects/ovarian-tumor-ultrasound-classification/results/segmentation/unet_baseline/train/predicted_masks/637_pred.png,154,155,0.066835,False,,/home/jvillanueva/projects/ovarian-tumor-ultrasound-classification/data/processed/MMOTU_OTU_2D_roi_pred/train/images/637.png
641,train,B,/home/jvillanueva/projects/ovarian-tumor-ultrasound-classification/data/processed/MMOTU_OTU_2D_experimental/train/images/641.JPG,/home/jvillanueva/projects/ovarian-tumor-ultrasound-classification/results/segmentation/unet_baseline/train/predicted_masks/641_pred.png,404,405,0.246408,False,,/home/jvillanueva/projects/ovarian-tumor-ultrasound-classification/data/processed/MMOTU_OTU_2D_roi_pred/train/images/641.png
642,train,B,/home/jvillanueva/projects/ovarian-tumor-ultrasound-classification/data/processed/MMOTU_OTU_2D_experimental/train/images/642.JPG,/home/jvillanueva/projects/ovarian-tumor-ultrasound-classification/results/segmentation/unet_baseline/train/predicted_masks/642_pred.png,310,280,0.161903,False,,/home/jvillanueva/projects/ovarian-tumor-ultrasound-classification/data/processed/MMOTU_OTU_2D_roi_pred/train/images/642.png
643,train,B,/home/jvillanueva/projects/ovarian-tumor-ultrasound-classification/data/processed/MMOTU_OTU_2D_experimental/train/images/643.JPG,/home/jvillanueva/projects/ovarian-tumor-ultrasound-classification/results/segmentation/unet_baseline/train/predicted_masks/643_pred.png,422,369,0.226796,False,,/home/jvillanueva/projects/ovarian-tumor-ultrasound-classification/data/processed/MMOTU_OTU_2D_roi_pred/train/images/643.png
645,train,B,/home/jvillanueva/projects/ovarian-tumor-ultrasound-classification/data/processed/MMOTU_OTU_2D_experimental/train/images/645.JPG,/home/jvillanueva/projects/ovarian-tumor-ultrasound-classification/results/segmentation/unet_baseline/train/predicted_masks/645_pred.png,264,266,0.129807,False,,/home/jvillanueva/projects/ovarian-tumor-ultrasound-classification/data/processed/MMOTU_OTU_2D_roi_pred/train/images/645.png
646,train,B,/home/jvillanueva/projects/ovarian-tumor-ultrasound-classification/data/processed/MMOTU_OTU_2D_experimental/train/images/646.JPG,/home/jvillanueva/projects/ovarian-tumor-ultrasound-classification/results/segmentation/unet_baseline/train/predicted_masks/646_pred.png,310,315,0.180736,False,,/home/jvillanueva/projects/ovarian-tumor-ultrasound-classification/data/processed/MMOTU_OTU_2D_roi_pred/train/images/646.png
647,train,B,/home/jvillanueva/projects/ovarian-tumor-ultrasound-classification/data/processed/MMOTU_OTU_2D_experimental/train/images/647.JPG,/home/jvillanueva/projects/ovarian-tumor-ultrasound-classification/results/segmentation/unet_baseline/train/predicted_masks/647_pred.png,314,312,0.184597,False,,/home/jvillanueva/projects/ovarian-tumor-ultrasound-classification/data/processed/MMOTU_OTU_2D_roi_pred/train/images/647.png
648,train,B,/home/jvillanueva/projects/ovarian-tumor-ultrasound-classification/data/processed/MMOTU_OTU_2D_experimental/train/images/648.JPG,/home/jvillanueva/projects/ovarian-tumor-ultrasound-classification/results/segmentation/unet_baseline/train/predicted_masks/648_pred.png,136,108,0.02706,False,,/home/jvillanueva/projects/ovarian-tumor-ultrasound-classification/data/processed/MMOTU_OTU_2D_roi_pred/train/images/648.png
65,train,B,/home/jvillanueva/projects/ovarian-tumor-ultrasound-classification/data/processed/MMOTU_OTU_2D_experimental/train/images/65.JPG,/home/jvillanueva/projects/ovarian-tumor-ultrasound-classification/results/segmentation/unet_baseline/train/predicted_masks/65_pred.png,388,369,0.274215,False,,/home/jvillanueva/projects/ovarian-tumor-ultrasound-classification/data/processed/MMOTU_OTU_2D_roi_pred/train/images/65.png
654,train,B,/home/jvillanueva/projects/ovarian-tumor-ultrasound-classification/data/processed/MMOTU_OTU_2D_experimental/train/images/654.JPG,/home/jvillanueva/projects/ovarian-tumor-ultrasound-classification/results/segmentation/unet_baseline/train/predicted_masks/654_pred.png,385,395,0.557689,False,,/home/jvillanueva/projects/ovarian-tumor-ultrasound-classification/data/processed/MMOTU_OTU_2D_roi_pred/train/images/654.png
655,train,B,/home/jvillanueva/projects/ovarian-tumor-ultrasound-classification/data/processed/MMOTU_OTU_2D_experimental/train/images/655.JPG,/home/jvillanueva/projects/ovarian-tumor-ultrasound-classification/results/segmentation/unet_baseline/train/predicted_masks/655_pred.png,453,389,0.6452,False,,/home/jvillanueva/projects/ovarian-tumor-ultrasound-classification/data/processed/MMOTU_OTU_2D_roi_pred/train/images/655.png
657,train,B,/home/jvillanueva/projects/ovarian-tumor-ultrasound-classification/data/processed/MMOTU_OTU_2D_experimental/train/images/657.JPG,/home/jvillanueva/projects/ovarian-tumor-ultrasound-classification/results/segmentation/unet_baseline/train/predicted_masks/657_pred.png,230,262,0.223453,False,,/home/jvillanueva/projects/ovarian-tumor-ultrasound-classification/data/processed/MMOTU_OTU_2D_roi_pred/train/images/657.png
658,train,B,/home/jvillanueva/projects/ovarian-tumor-ultrasound-classification/data/processed/MMOTU_OTU_2D_experimental/train/images/658.JPG,/home/jvillanueva/projects/ovarian-tumor-ultrasound-classification/results/segmentation/unet_baseline/train/predicted_masks/658_pred.png,243,125,0.113204,False,,/home/jvillanueva/projects/ovarian-tumor-ultrasound-classification/data/processed/MMOTU_OTU_2D_roi_pred/train/images/658.png
659,train,B,/home/jvillanueva/projects/ovarian-tumor-ultrasound-classification/data/processed/MMOTU_OTU_2D_experimental/train/images/659.JPG,/home/jvillanueva/projects/ovarian-tumor-ultrasound-classification/results/segmentation/unet_baseline/train/predicted_masks/659_pred.png,241,250,0.227997,False,,/home/jvillanueva/projects/ovarian-tumor-ultrasound-classification/data/processed/MMOTU_OTU_2D_roi_pred/train/images/659.png
66,train,B,/home/jvillanueva/projects/ovarian-tumor-ultrasound-classification/data/processed/MMOTU_OTU_2D_experimental/train/images/66.JPG,/home/jvillanueva/projects/ovarian-tumor-ultrasound-classification/results/segmentation/unet_baseline/train/predicted_masks/66_pred.png,314,287,0.142529,False,,/home/jvillanueva/projects/ovarian-tumor-ultrasound-classification/data/processed/MMOTU_OTU_2D_roi_pred/train/images/66.png
660,train,B,/home/jvillanueva/projects/ovarian-tumor-ultrasound-classification/data/processed/MMOTU_OTU_2D_experimental/train/images/660.JPG,/home/jvillanueva/projects/ovarian-tumor-ultrasound-classification/results/segmentation/unet_baseline/train/predicted_masks/660_pred.png,213,193,0.14274,False,,/home/jvillanueva/projects/ovarian-tumor-ultrasound-classification/data/processed/MMOTU_OTU_2D_roi_pred/train/images/660.png
663,train,B,/home/jvillanueva/projects/ovarian-tumor-ultrasound-classification/data/processed/MMOTU_OTU_2D_experimental/train/images/663.JPG,/home/jvillanueva/projects/ovarian-tumor-ultrasound-classification/results/segmentation/unet_baseline/train/predicted_masks/663_pred.png,170,147,0.094513,False,,/home/jvillanueva/projects/ovarian-tumor-ultrasound-classification/data/processed/MMOTU_OTU_2D_roi_pred/train/images/663.png
664,train,B,/home/jvillanueva/projects/ovarian-tumor-ultrasound-classification/data/processed/MMOTU_OTU_2D_experimental/train/images/664.JPG,/home/jvillanueva/projects/ovarian-tumor-ultrasound-classification/results/segmentation/unet_baseline/train/predicted_masks/664_pred.png,157,110,0.064154,False,,/home/jvillanueva/projects/ovarian-tumor-ultrasound-classification/data/processed/MMOTU_OTU_2D_roi_pred/train/images/664.png
665,train,B,/home/jvillanueva/projects/ovarian-tumor-ultrasound-classification/data/processed/MMOTU_OTU_2D_experimental/train/images/665.JPG,/home/jvillanueva/projects/ovarian-tumor-ultrasound-classification/results/segmentation/unet_baseline/train/predicted_masks/665_pred.png,157,111,0.065399,False,,/home/jvillanueva/projects/ovarian-tumor-ultrasound-classification/data/processed/MMOTU_OTU_2D_roi_pred/train/images/665.png
666,train,B,/home/jvillanueva/projects/ovarian-tumor-ultrasound-classification/data/processed/MMOTU_OTU_2D_experimental/train/images/666.JPG,/home/jvillanueva/projects/ovarian-tumor-ultrasound-classification/results/segmentation/unet_baseline/train/predicted_masks/666_pred.png,292,348,0.192856,False,,/home/jvillanueva/projects/ovarian-tumor-ultrasound-classification/data/processed/MMOTU_OTU_2D_roi_pred/train/images/666.png
668,train,B,/home/jvillanueva/projects/ovarian-tumor-ultrasound-classification/data/processed/MMOTU_OTU_2D_experimental/train/images/668.JPG,/home/jvillanueva/projects/ovarian-tumor-ultrasound-classification/results/segmentation/unet_baseline/train/predicted_masks/668_pred.png,388,349,0.520255,False,,/home/jvillanueva/projects/ovarian-tumor-ultrasound-classification/data/processed/MMOTU_OTU_2D_roi_pred/train/images/668.png
670,train,B,/home/jvillanueva/projects/ovarian-tumor-ultrasound-classification/data/processed/MMOTU_OTU_2D_experimental/train/images/670.JPG,/home/jvillanueva/projects/ovarian-tumor-ultrasound-classification/results/segmentation/unet_baseline/train/predicted_masks/670_pred.png,675,616,0.467275,False,,/home/jvillanueva/projects/ovarian-tumor-ultrasound-classification/data/processed/MMOTU_OTU_2D_roi_pred/train/images/670.png
674,train,B,/home/jvillanueva/projects/ovarian-tumor-ultrasound-classification/data/processed/MMOTU_OTU_2D_experimental/train/images/674.JPG,/home/jvillanueva/projects/ovarian-tumor-ultrasound-classification/results/segmentation/unet_baseline/train/predicted_masks/674_pred.png,155,121,0.033768,False,,/home/jvillanueva/projects/ovarian-tumor-ultrasound-classification/data/processed/MMOTU_OTU_2D_roi_pred/train/images/674.png
675,train,B,/home/jvillanueva/projects/ovarian-tumor-ultrasound-classification/data/processed/MMOTU_OTU_2D_experimental/train/images/675.JPG,/home/jvillanueva/projects/ovarian-tumor-ultrasound-classification/results/segmentation/unet_baseline/train/predicted_masks/675_pred.png,168,128,0.033435,False,,/home/jvillanueva/projects/ovarian-tumor-ultrasound-classification/data/processed/MMOTU_OTU_2D_roi_pred/train/images/675.png
676,train,B,/home/jvillanueva/projects/ovarian-tumor-ultrasound-classification/data/processed/MMOTU_OTU_2D_experimental/train/images/676.JPG,/home/jvillanueva/projects/ovarian-tumor-ultrasound-classification/results/segmentation/unet_baseline/train/predicted_masks/676_pred.png,599,498,0.462636,False,,/home/jvillanueva/projects/ovarian-tumor-ultrasound-classification/data/processed/MMOTU_OTU_2D_roi_pred/train/images/676.png
677,train,B,/home/jvillanueva/projects/ovarian-tumor-ultrasound-classification/data/processed/MMOTU_OTU_2D_experimental/train/images/677.JPG,/home/jvillanueva/projects/ovarian-tumor-ultrasound-classification/results/segmentation/unet_baseline/train/predicted_masks/677_pred.png,595,507,0.468559,False,,/home/jvillanueva/projects/ovarian-tumor-ultrasound-classification/data/processed/MMOTU_OTU_2D_roi_pred/train/images/677.png
678,train,B,/home/jvillanueva/projects/ovarian-tumor-ultrasound-classification/data/processed/MMOTU_OTU_2D_experimental/train/images/678.JPG,/home/jvillanueva/projects/ovarian-tumor-ultrasound-classification/results/segmentation/unet_baseline/train/predicted_masks/678_pred.png,348,364,0.482097,False,,/home/jvillanueva/projects/ovarian-tumor-ultrasound-classification/data/processed/MMOTU_OTU_2D_roi_pred/train/images/678.png
68,train,B,/home/jvillanueva/projects/ovarian-tumor-ultrasound-classification/data/processed/MMOTU_OTU_2D_experimental/train/images/68.JPG,/home/jvillanueva/projects/ovarian-tumor-ultrasound-classification/results/segmentation/unet_baseline/train/predicted_masks/68_pred.png,324,279,0.142388,False,,/home/jvillanueva/projects/ovarian-tumor-ultrasound-classification/data/processed/MMOTU_OTU_2D_roi_pred/train/images/68.png
681,train,B,/home/jvillanueva/projects/ovarian-tumor-ultrasound-classification/data/processed/MMOTU_OTU_2D_experimental/train/images/681.JPG,/home/jvillanueva/projects/ovarian-tumor-ultrasound-classification/results/segmentation/unet_baseline/train/predicted_masks/681_pred.png,478,460,0.861423,False,,/home/jvillanueva/projects/ovarian-tumor-ultrasound-classification/data/processed/MMOTU_OTU_2D_roi_pred/train/images/681.png
684,train,B,/home/jvillanueva/projects/ovarian-tumor-ultrasound-classification/data/processed/MMOTU_OTU_2D_experimental/train/images/684.JPG,/home/jvillanueva/projects/ovarian-tumor-ultrasound-classification/results/segmentation/unet_baseline/train/predicted_masks/684_pred.png,343,406,0.509655,False,,/home/jvillanueva/projects/ovarian-tumor-ultrasound-classification/data/processed/MMOTU_OTU_2D_roi_pred/train/images/684.png
686,train,B,/home/jvillanueva/projects/ovarian-tumor-ultrasound-classification/data/processed/MMOTU_OTU_2D_experimental/train/images/686.JPG,/home/jvillanueva/projects/ovarian-tumor-ultrasound-classification/results/segmentation/unet_baseline/train/predicted_masks/686_pred.png,47,36,0.006318,False,,/home/jvillanueva/projects/ovarian-tumor-ultrasound-classification/data/processed/MMOTU_OTU_2D_roi_pred/train/images/686.png
688,train,B,/home/jvillanueva/projects/ovarian-tumor-ultrasound-classification/data/processed/MMOTU_OTU_2D_experimental/train/images/688.JPG,/home/jvillanueva/projects/ovarian-tumor-ultrasound-classification/results/segmentation/unet_baseline/train/predicted_masks/688_pred.png,178,204,0.139644,False,,/home/jvillanueva/projects/ovarian-tumor-ultrasound-classification/data/processed/MMOTU_OTU_2D_roi_pred/train/images/688.png
69,train,B,/home/jvillanueva/projects/ovarian-tumor-ultrasound-classification/data/processed/MMOTU_OTU_2D_experimental/train/images/69.JPG,/home/jvillanueva/projects/ovarian-tumor-ultrasound-classification/results/segmentation/unet_baseline/train/predicted_masks/69_pred.png,334,263,0.138784,False,,/home/jvillanueva/projects/ovarian-tumor-ultrasound-classification/data/processed/MMOTU_OTU_2D_roi_pred/train/images/69.png
692,train,B,/home/jvillanueva/projects/ovarian-tumor-ultrasound-classification/data/processed/MMOTU_OTU_2D_experimental/train/images/692.JPG,/home/jvillanueva/projects/ovarian-tumor-ultrasound-classification/results/segmentation/unet_baseline/train/predicted_masks/692_pred.png,347,299,0.202222,False,,/home/jvillanueva/projects/ovarian-tumor-ultrasound-classification/data/processed/MMOTU_OTU_2D_roi_pred/train/images/692.png
695,train,B,/home/jvillanueva/projects/ovarian-tumor-ultrasound-classification/data/processed/MMOTU_OTU_2D_experimental/train/images/695.JPG,/home/jvillanueva/projects/ovarian-tumor-ultrasound-classification/results/segmentation/unet_baseline/train/predicted_masks/695_pred.png,327,499,0.612341,False,,/home/jvillanueva/projects/ovarian-tumor-ultrasound-classification/data/processed/MMOTU_OTU_2D_roi_pred/train/images/695.png
696,train,B,/home/jvillanueva/projects/ovarian-tumor-ultrasound-classification/data/processed/MMOTU_OTU_2D_experimental/train/images/696.JPG,/home/jvillanueva/projects/ovarian-tumor-ultrasound-classification/results/segmentation/unet_baseline/train/predicted_masks/696_pred.png,431,410,0.330718,False,,/home/jvillanueva/projects/ovarian-tumor-ultrasound-classification/data/processed/MMOTU_OTU_2D_roi_pred/train/images/696.png
698,train,B,/home/jvillanueva/projects/ovarian-tumor-ultrasound-classification/data/processed/MMOTU_OTU_2D_experimental/train/images/698.JPG,/home/jvillanueva/projects/ovarian-tumor-ultrasound-classification/results/segmentation/unet_baseline/train/predicted_masks/698_pred.png,399,387,0.295654,False,,/home/jvillanueva/projects/ovarian-tumor-ultrasound-classification/data/processed/MMOTU_OTU_2D_roi_pred/train/images/698.png
7,train,B,/home/jvillanueva/projects/ovarian-tumor-ultrasound-classification/data/processed/MMOTU_OTU_2D_experimental/train/images/7.JPG,/home/jvillanueva/projects/ovarian-tumor-ultrasound-classification/results/segmentation/unet_baseline/train/predicted_masks/7_pred.png,480,301,0.284316,False,,/home/jvillanueva/projects/ovarian-tumor-ultrasound-classification/data/processed/MMOTU_OTU_2D_roi_pred/train/images/7.png
705,train,B,/home/jvillanueva/projects/ovarian-tumor-ultrasound-classification/data/processed/MMOTU_OTU_2D_experimental/train/images/705.JPG,/home/jvillanueva/projects/ovarian-tumor-ultrasound-classification/results/segmentation/unet_baseline/train/predicted_masks/705_pred.png,135,95,0.048643,False,,/home/jvillanueva/projects/ovarian-tumor-ultrasound-classification/data/processed/MMOTU_OTU_2D_roi_pred/train/images/705.png
706,train,B,/home/jvillanueva/projects/ovarian-tumor-ultrasound-classification/data/processed/MMOTU_OTU_2D_experimental/train/images/706.JPG,/home/jvillanueva/projects/ovarian-tumor-ultrasound-classification/results/segmentation/unet_baseline/train/predicted_masks/706_pred.png,267,274,0.278856,False,,/home/jvillanueva/projects/ovarian-tumor-ultrasound-classification/data/processed/MMOTU_OTU_2D_roi_pred/train/images/706.png
708,train,B,/home/jvillanueva/projects/ovarian-tumor-ultrasound-classification/data/processed/MMOTU_OTU_2D_experimental/train/images/708.JPG,/home/jvillanueva/projects/ovarian-tumor-ultrasound-classification/results/segmentation/unet_baseline/train/predicted_masks/708_pred.png,259,280,0.274697,False,,/home/jvillanueva/projects/ovarian-tumor-ultrasound-classification/data/processed/MMOTU_OTU_2D_roi_pred/train/images/708.png
709,train,B,/home/jvillanueva/projects/ovarian-tumor-ultrasound-classification/data/processed/MMOTU_OTU_2D_experimental/train/images/709.JPG,/home/jvillanueva/projects/ovarian-tumor-ultrasound-classification/results/segmentation/unet_baseline/train/predicted_masks/709_pred.png,254,249,0.237773,False,,/home/jvillanueva/projects/ovarian-tumor-ultrasound-classification/data/processed/MMOTU_OTU_2D_roi_pred/train/images/709.png
710,train,B,/home/jvillanueva/projects/ovarian-tumor-ultrasound-classification/data/processed/MMOTU_OTU_2D_experimental/train/images/710.JPG,/home/jvillanueva/projects/ovarian-tumor-ultrasound-classification/results/segmentation/unet_baseline/train/predicted_masks/710_pred.png,252,273,0.259647,False,,/home/jvillanueva/projects/ovarian-tumor-ultrasound-classification/data/processed/MMOTU_OTU_2D_roi_pred/train/images/710.png
713,train,B,/home/jvillanueva/projects/ovarian-tumor-ultrasound-classification/data/processed/MMOTU_OTU_2D_experimental/train/images/713.JPG,/home/jvillanueva/projects/ovarian-tumor-ultrasound-classification/results/segmentation/unet_baseline/train/predicted_masks/713_pred.png,388,264,0.742519,False,,/home/jvillanueva/projects/ovarian-tumor-ultrasound-classification/data/processed/MMOTU_OTU_2D_roi_pred/train/images/713.png
715,train,B,/home/jvillanueva/projects/ovarian-tumor-ultrasound-classification/data/processed/MMOTU_OTU_2D_experimental/train/images/715.JPG,/home/jvillanueva/projects/ovarian-tumor-ultrasound-classification/results/segmentation/unet_baseline/train/predicted_masks/715_pred.png,165,132,0.083738,False,,/home/jvillanueva/projects/ovarian-tumor-ultrasound-classification/data/processed/MMOTU_OTU_2D_roi_pred/train/images/715.png
717,train,B,/home/jvillanueva/projects/ovarian-tumor-ultrasound-classification/data/processed/MMOTU_OTU_2D_experimental/train/images/717.JPG,/home/jvillanueva/projects/ovarian-tumor-ultrasound-classification/results/segmentation/unet_baseline/train/predicted_masks/717_pred.png,159,131,0.078898,False,,/home/jvillanueva/projects/ovarian-tumor-ultrasound-classification/data/processed/MMOTU_OTU_2D_roi_pred/train/images/717.png
719,train,B,/home/jvillanueva/projects/ovarian-tumor-ultrasound-classification/data/processed/MMOTU_OTU_2D_experimental/train/images/719.JPG,/home/jvillanueva/projects/ovarian-tumor-ultrasound-classification/results/segmentation/unet_baseline/train/predicted_masks/719_pred.png,230,204,0.175912,False,,/home/jvillanueva/projects/ovarian-tumor-ultrasound-classification/data/processed/MMOTU_OTU_2D_roi_pred/train/images/719.png
72,train,B,/home/jvillanueva/projects/ovarian-tumor-ultrasound-classification/data/processed/MMOTU_OTU_2D_experimental/train/images/72.JPG,/home/jvillanueva/projects/ovarian-tumor-ultrasound-classification/results/segmentation/unet_baseline/train/predicted_masks/72_pred.png,442,363,0.312721,False,,/home/jvillanueva/projects/ovarian-tumor-ultrasound-classification/data/processed/MMOTU_OTU_2D_roi_pred/train/images/72.png
720,train,B,/home/jvillanueva/projects/ovarian-tumor-ultrasound-classification/data/processed/MMOTU_OTU_2D_experimental/train/images/720.JPG,/home/jvillanueva/projects/ovarian-tumor-ultrasound-classification/results/segmentation/unet_baseline/train/predicted_masks/720_pred.png,231,204,0.180846,False,,/home/jvillanueva/projects/ovarian-tumor-ultrasound-classification/data/processed/MMOTU_OTU_2D_roi_pred/train/images/720.png
721,train,B,/home/jvillanueva/projects/ovarian-tumor-ultrasound-classification/data/processed/MMOTU_OTU_2D_experimental/train/images/721.JPG,/home/jvillanueva/projects/ovarian-tumor-ultrasound-classification/results/segmentation/unet_baseline/train/predicted_masks/721_pred.png,243,203,0.182754,False,,/home/jvillanueva/projects/ovarian-tumor-ultrasound-classification/data/processed/MMOTU_OTU_2D_roi_pred/train/images/721.png
722,train,B,/home/jvillanueva/projects/ovarian-tumor-ultrasound-classification/data/processed/MMOTU_OTU_2D_experimental/train/images/722.JPG,/home/jvillanueva/projects/ovarian-tumor-ultrasound-classification/results/segmentation/unet_baseline/train/predicted_masks/722_pred.png,133,133,0.066281,False,,/home/jvillanueva/projects/ovarian-tumor-ultrasound-classification/data/processed/MMOTU_OTU_2D_roi_pred/train/images/722.png
723,train,B,/home/jvillanueva/projects/ovarian-tumor-ultrasound-classification/data/processed/MMOTU_OTU_2D_experimental/train/images/723.JPG,/home/jvillanueva/projects/ovarian-tumor-ultrasound-classification/results/segmentation/unet_baseline/train/predicted_masks/723_pred.png,140,136,0.07175,False,,/home/jvillanueva/projects/ovarian-tumor-ultrasound-classification/data/processed/MMOTU_OTU_2D_roi_pred/train/images/723.png
724,train,B,/home/jvillanueva/projects/ovarian-tumor-ultrasound-classification/data/processed/MMOTU_OTU_2D_experimental/train/images/724.JPG,/home/jvillanueva/projects/ovarian-tumor-ultrasound-classification/results/segmentation/unet_baseline/train/predicted_masks/724_pred.png,135,123,0.061318,False,,/home/jvillanueva/projects/ovarian-tumor-ultrasound-classification/data/processed/MMOTU_OTU_2D_roi_pred/train/images/724.png
725,train,B,/home/jvillanueva/projects/ovarian-tumor-ultrasound-classification/data/processed/MMOTU_OTU_2D_experimental/train/images/725.JPG,/home/jvillanueva/projects/ovarian-tumor-ultrasound-classification/results/segmentation/unet_baseline/train/predicted_masks/725_pred.png,476,379,0.680431,False,,/home/jvillanueva/projects/ovarian-tumor-ultrasound-classification/data/processed/MMOTU_OTU_2D_roi_pred/train/images/725.png
726,train,B,/home/jvillanueva/projects/ovarian-tumor-ultrasound-classification/data/processed/MMOTU_OTU_2D_experimental/train/images/726.JPG,/home/jvillanueva/projects/ovarian-tumor-ultrasound-classification/results/segmentation/unet_baseline/train/predicted_masks/726_pred.png,605,508,0.584942,False,,/home/jvillanueva/projects/ovarian-tumor-ultrasound-classification/data/processed/MMOTU_OTU_2D_roi_pred/train/images/726.png
727,train,B,/home/jvillanueva/projects/ovarian-tumor-ultrasound-classification/data/processed/MMOTU_OTU_2D_experimental/train/images/727.JPG,/home/jvillanueva/projects/ovarian-tumor-ultrasound-classification/results/segmentation/unet_baseline/train/predicted_masks/727_pred.png,539,459,0.450364,False,,/home/jvillanueva/projects/ovarian-tumor-ultrasound-classification/data/processed/MMOTU_OTU_2D_roi_pred/train/images/727.png
728,train,B,/home/jvillanueva/projects/ovarian-tumor-ultrasound-classification/data/processed/MMOTU_OTU_2D_experimental/train/images/728.JPG,/home/jvillanueva/projects/ovarian-tumor-ultrasound-classification/results/segmentation/unet_baseline/train/predicted_masks/728_pred.png,644,398,0.491877,False,,/home/jvillanueva/projects/ovarian-tumor-ultrasound-classification/data/processed/MMOTU_OTU_2D_roi_pred/train/images/728.png
729,train,B,/home/jvillanueva/projects/ovarian-tumor-ultrasound-classification/data/processed/MMOTU_OTU_2D_experimental/train/images/729.JPG,/home/jvillanueva/projects/ovarian-tumor-ultrasound-classification/results/segmentation/unet_baseline/train/predicted_masks/729_pred.png,351,283,0.191537,False,,/home/jvillanueva/projects/ovarian-tumor-ultrasound-classification/data/processed/MMOTU_OTU_2D_roi_pred/train/images/729.png
730,train,B,/home/jvillanueva/projects/ovarian-tumor-ultrasound-classification/data/processed/MMOTU_OTU_2D_experimental/train/images/730.JPG,/home/jvillanueva/projects/ovarian-tumor-ultrasound-classification/results/segmentation/unet_baseline/train/predicted_masks/730_pred.png,578,382,0.41485,False,,/home/jvillanueva/projects/ovarian-tumor-ultrasound-classification/data/processed/MMOTU_OTU_2D_roi_pred/train/images/730.png
731,train,B,/home/jvillanueva/projects/ovarian-tumor-ultrasound-classification/data/processed/MMOTU_OTU_2D_experimental/train/images/731.JPG,/home/jvillanueva/projects/ovarian-tumor-ultrasound-classification/results/segmentation/unet_baseline/train/predicted_masks/731_pred.png,326,184,0.234459,False,,/home/jvillanueva/projects/ovarian-tumor-ultrasound-classification/data/processed/MMOTU_OTU_2D_roi_pred/train/images/731.png
733,train,B,/home/jvillanueva/projects/ovarian-tumor-ultrasound-classification/data/processed/MMOTU_OTU_2D_experimental/train/images/733.JPG,/home/jvillanueva/projects/ovarian-tumor-ultrasound-classification/results/segmentation/unet_baseline/train/predicted_masks/733_pred.png,275,261,0.268941,False,,/home/jvillanueva/projects/ovarian-tumor-ultrasound-classification/data/processed/MMOTU_OTU_2D_roi_pred/train/images/733.png
734,train,B,/home/jvillanueva/projects/ovarian-tumor-ultrasound-classification/data/processed/MMOTU_OTU_2D_experimental/train/images/734.JPG,/home/jvillanueva/projects/ovarian-tumor-ultrasound-classification/results/segmentation/unet_baseline/train/predicted_masks/734_pred.png,322,254,0.303575,False,,/home/jvillanueva/projects/ovarian-tumor-ultrasound-classification/data/processed/MMOTU_OTU_2D_roi_pred/train/images/734.png
736,train,B,/home/jvillanueva/projects/ovarian-tumor-ultrasound-classification/data/processed/MMOTU_OTU_2D_experimental/train/images/736.JPG,/home/jvillanueva/projects/ovarian-tumor-ultrasound-classification/results/segmentation/unet_baseline/train/predicted_masks/736_pred.png,139,116,0.059299,False,,/home/jvillanueva/projects/ovarian-tumor-ultrasound-classification/data/processed/MMOTU_OTU_2D_roi_pred/train/images/736.png
737,train,B,/home/jvillanueva/projects/ovarian-tumor-ultrasound-classification/data/processed/MMOTU_OTU_2D_experimental/train/images/737.JPG,/home/jvillanueva/projects/ovarian-tumor-ultrasound-classification/results/segmentation/unet_baseline/train/predicted_masks/737_pred.png,134,110,0.055478,False,,/home/jvillanueva/projects/ovarian-tumor-ultrasound-classification/data/processed/MMOTU_OTU_2D_roi_pred/train/images/737.png
738,train,B,/home/jvillanueva/projects/ovarian-tumor-ultrasound-classification/data/processed/MMOTU_OTU_2D_experimental/train/images/738.JPG,/home/jvillanueva/projects/ovarian-tumor-ultrasound-classification/results/segmentation/unet_baseline/train/predicted_masks/738_pred.png,96,106,0.03737,False,,/home/jvillanueva/projects/ovarian-tumor-ultrasound-classification/data/processed/MMOTU_OTU_2D_roi_pred/train/images/738.png
739,train,B,/home/jvillanueva/projects/ovarian-tumor-ultrasound-classification/data/processed/MMOTU_OTU_2D_experimental/train/images/739.JPG,/home/jvillanueva/projects/ovarian-tumor-ultrasound-classification/results/segmentation/unet_baseline/train/predicted_masks/739_pred.png,134,112,0.056369,False,,/home/jvillanueva/projects/ovarian-tumor-ultrasound-classification/data/processed/MMOTU_OTU_2D_roi_pred/train/images/739.png
74,train,B,/home/jvillanueva/projects/ovarian-tumor-ultrasound-classification/data/processed/MMOTU_OTU_2D_experimental/train/images/74.JPG,/home/jvillanueva/projects/ovarian-tumor-ultrasound-classification/results/segmentation/unet_baseline/train/predicted_masks/74_pred.png,287,286,0.129684,False,,/home/jvillanueva/projects/ovarian-tumor-ultrasound-classification/data/processed/MMOTU_OTU_2D_roi_pred/train/images/74.png
742,train,B,/home/jvillanueva/projects/ovarian-tumor-ultrasound-classification/data/processed/MMOTU_OTU_2D_experimental/train/images/742.JPG,/home/jvillanueva/projects/ovarian-tumor-ultrasound-classification/results/segmentation/unet_baseline/train/predicted_masks/742_pred.png,552,335,0.291582,False,,/home/jvillanueva/projects/ovarian-tumor-ultrasound-classification/data/processed/MMOTU_OTU_2D_roi_pred/train/images/742.png
744,train,B,/home/jvillanueva/projects/ovarian-tumor-ultrasound-classification/data/processed/MMOTU_OTU_2D_experimental/train/images/744.JPG,/home/jvillanueva/projects/ovarian-tumor-ultrasound-classification/results/segmentation/unet_baseline/train/predicted_masks/744_pred.png,427,289,0.237225,False,,/home/jvillanueva/projects/ovarian-tumor-ultrasound-classification/data/processed/MMOTU_OTU_2D_roi_pred/train/images/744.png
745,train,B,/home/jvillanueva/projects/ovarian-tumor-ultrasound-classification/data/processed/MMOTU_OTU_2D_experimental/train/images/745.JPG,/home/jvillanueva/projects/ovarian-tumor-ultrasound-classification/results/segmentation/unet_baseline/train/predicted_masks/745_pred.png,432,382,0.321043,False,,/home/jvillanueva/projects/ovarian-tumor-ultrasound-classification/data/processed/MMOTU_OTU_2D_roi_pred/train/images/745.png
746,train,B,/home/jvillanueva/projects/ovarian-tumor-ultrasound-classification/data/processed/MMOTU_OTU_2D_experimental/train/images/746.JPG,/home/jvillanueva/projects/ovarian-tumor-ultrasound-classification/results/segmentation/unet_baseline/train/predicted_masks/746_pred.png,452,252,0.215811,False,,/home/jvillanueva/projects/ovarian-tumor-ultrasound-classification/data/processed/MMOTU_OTU_2D_roi_pred/train/images/746.png
749,train,B,/home/jvillanueva/projects/ovarian-tumor-ultrasound-classification/data/processed/MMOTU_OTU_2D_experimental/train/images/749.JPG,/home/jvillanueva/projects/ovarian-tumor-ultrasound-classification/results/segmentation/unet_baseline/train/predicted_masks/749_pred.png,221,205,0.168159,False,,/home/jvillanueva/projects/ovarian-tumor-ultrasound-classification/data/processed/MMOTU_OTU_2D_roi_pred/train/images/749.png
75,train,B,/home/jvillanueva/projects/ovarian-tumor-ultrasound-classification/data/processed/MMOTU_OTU_2D_experimental/train/images/75.JPG,/home/jvillanueva/projects/ovarian-tumor-ultrasound-classification/results/segmentation/unet_baseline/train/predicted_masks/75_pred.png,219,204,0.070478,False,,/home/jvillanueva/projects/ovarian-tumor-ultrasound-classification/data/processed/MMOTU_OTU_2D_roi_pred/train/images/75.png
750,train,B,/home/jvillanueva/projects/ovarian-tumor-ultrasound-classification/data/processed/MMOTU_OTU_2D_experimental/train/images/750.JPG,/home/jvillanueva/projects/ovarian-tumor-ultrasound-classification/results/segmentation/unet_baseline/train/predicted_masks/750_pred.png,291,237,0.278632,False,,/home/jvillanueva/projects/ovarian-tumor-ultrasound-classification/data/processed/MMOTU_OTU_2D_roi_pred/train/images/750.png
753,train,B,/home/jvillanueva/projects/ovarian-tumor-ultrasound-classification/data/processed/MMOTU_OTU_2D_experimental/train/images/753.JPG,/home/jvillanueva/projects/ovarian-tumor-ultrasound-classification/results/segmentation/unet_baseline/train/predicted_masks/753_pred.png,500,300,0.286471,False,,/home/jvillanueva/projects/ovarian-tumor-ultrasound-classification/data/processed/MMOTU_OTU_2D_roi_pred/train/images/753.png
757,train,B,/home/jvillanueva/projects/ovarian-tumor-ultrasound-classification/data/processed/MMOTU_OTU_2D_experimental/train/images/757.JPG,/home/jvillanueva/projects/ovarian-tumor-ultrasound-classification/results/segmentation/unet_baseline/train/predicted_masks/757_pred.png,325,235,0.114192,False,,/home/jvillanueva/projects/ovarian-tumor-ultrasound-classification/data/processed/MMOTU_OTU_2D_roi_pred/train/images/757.png
758,train,B,/home/jvillanueva/projects/ovarian-tumor-ultrasound-classification/data/processed/MMOTU_OTU_2D_experimental/train/images/758.JPG,/home/jvillanueva/projects/ovarian-tumor-ultrasound-classification/results/segmentation/unet_baseline/train/predicted_masks/758_pred.png,324,235,0.113145,False,,/home/jvillanueva/projects/ovarian-tumor-ultrasound-classification/data/processed/MMOTU_OTU_2D_roi_pred/train/images/758.png
759,train,B,/home/jvillanueva/projects/ovarian-tumor-ultrasound-classification/data/processed/MMOTU_OTU_2D_experimental/train/images/759.JPG,/home/jvillanueva/projects/ovarian-tumor-ultrasound-classification/results/segmentation/unet_baseline/train/predicted_masks/759_pred.png,311,229,0.102537,False,,/home/jvillanueva/projects/ovarian-tumor-ultrasound-classification/data/processed/MMOTU_OTU_2D_roi_pred/train/images/759.png
760,train,B,/home/jvillanueva/projects/ovarian-tumor-ultrasound-classification/data/processed/MMOTU_OTU_2D_experimental/train/images/760.JPG,/home/jvillanueva/projects/ovarian-tumor-ultrasound-classification/results/segmentation/unet_baseline/train/predicted_masks/760_pred.png,244,260,0.089924,False,,/home/jvillanueva/projects/ovarian-tumor-ultrasound-classification/data/processed/MMOTU_OTU_2D_roi_pred/train/images/760.png
761,train,B,/home/jvillanueva/projects/ovarian-tumor-ultrasound-classification/data/processed/MMOTU_OTU_2D_experimental/train/images/761.JPG,/home/jvillanueva/projects/ovarian-tumor-ultrasound-classification/results/segmentation/unet_baseline/train/predicted_masks/761_pred.png,514,356,0.26131,False,,/home/jvillanueva/projects/ovarian-tumor-ultrasound-classification/data/processed/MMOTU_OTU_2D_roi_pred/train/images/761.png
764,train,B,/home/jvillanueva/projects/ovarian-tumor-ultrasound-classification/data/processed/MMOTU_OTU_2D_experimental/train/images/764.JPG,/home/jvillanueva/projects/ovarian-tumor-ultrasound-classification/results/segmentation/unet_baseline/train/predicted_masks/764_pred.png,284,239,0.198783,False,,/home/jvillanueva/projects/ovarian-tumor-ultrasound-classification/data/processed/MMOTU_OTU_2D_roi_pred/train/images/764.png
765,train,B,/home/jvillanueva/projects/ovarian-tumor-ultrasound-classification/data/processed/MMOTU_OTU_2D_experimental/train/images/765.JPG,/home/jvillanueva/projects/ovarian-tumor-ultrasound-classification/results/segmentation/unet_baseline/train/predicted_masks/765_pred.png,285,229,0.194869,False,,/home/jvillanueva/projects/ovarian-tumor-ultrasound-classification/data/processed/MMOTU_OTU_2D_roi_pred/train/images/765.png
766,train,B,/home/jvillanueva/projects/ovarian-tumor-ultrasound-classification/data/processed/MMOTU_OTU_2D_experimental/train/images/766.JPG,/home/jvillanueva/projects/ovarian-tumor-ultrasound-classification/results/segmentation/unet_baseline/train/predicted_masks/766_pred.png,289,232,0.193878,False,,/home/jvillanueva/projects/ovarian-tumor-ultrasound-classification/data/processed/MMOTU_OTU_2D_roi_pred/train/images/766.png
767,train,B,/home/jvillanueva/projects/ovarian-tumor-ultrasound-classification/data/processed/MMOTU_OTU_2D_experimental/train/images/767.JPG,/home/jvillanueva/projects/ovarian-tumor-ultrasound-classification/results/segmentation/unet_baseline/train/predicted_masks/767_pred.png,207,268,0.158701,False,,/home/jvillanueva/projects/ovarian-tumor-ultrasound-classification/data/processed/MMOTU_OTU_2D_roi_pred/train/images/767.png
769,train,B,/home/jvillanueva/projects/ovarian-tumor-ultrasound-classification/data/processed/MMOTU_OTU_2D_experimental/train/images/769.JPG,/home/jvillanueva/projects/ovarian-tumor-ultrasound-classification/results/segmentation/unet_baseline/train/predicted_masks/769_pred.png,352,280,0.484772,False,,/home/jvillanueva/projects/ovarian-tumor-ultrasound-classification/data/processed/MMOTU_OTU_2D_roi_pred/train/images/769.png
77,train,B,/home/jvillanueva/projects/ovarian-tumor-ultrasound-classification/data/processed/MMOTU_OTU_2D_experimental/train/images/77.JPG,/home/jvillanueva/projects/ovarian-tumor-ultrasound-classification/results/segmentation/unet_baseline/train/predicted_masks/77_pred.png,734,568,0.654346,False,,/home/jvillanueva/projects/ovarian-tumor-ultrasound-classification/data/processed/MMOTU_OTU_2D_roi_pred/train/images/77.png
772,train,B,/home/jvillanueva/projects/ovarian-tumor-ultrasound-classification/data/processed/MMOTU_OTU_2D_experimental/train/images/772.JPG,/home/jvillanueva/projects/ovarian-tumor-ultrasound-classification/results/segmentation/unet_baseline/train/predicted_masks/772_pred.png,324,235,0.293126,False,,/home/jvillanueva/projects/ovarian-tumor-ultrasound-classification/data/processed/MMOTU_OTU_2D_roi_pred/train/images/772.png
774,train,B,/home/jvillanueva/projects/ovarian-tumor-ultrasound-classification/data/processed/MMOTU_OTU_2D_experimental/train/images/774.JPG,/home/jvillanueva/projects/ovarian-tumor-ultrasound-classification/results/segmentation/unet_baseline/train/predicted_masks/774_pred.png,179,130,0.102388,False,,/home/jvillanueva/projects/ovarian-tumor-ultrasound-classification/data/processed/MMOTU_OTU_2D_roi_pred/train/images/774.png
777,train,B,/home/jvillanueva/projects/ovarian-tumor-ultrasound-classification/data/processed/MMOTU_OTU_2D_experimental/train/images/777.JPG,/home/jvillanueva/projects/ovarian-tumor-ultrasound-classification/results/segmentation/unet_baseline/train/predicted_masks/777_pred.png,657,491,0.61739,False,,/home/jvillanueva/projects/ovarian-tumor-ultrasound-classification/data/processed/MMOTU_OTU_2D_roi_pred/train/images/777.png
78,train,B,/home/jvillanueva/projects/ovarian-tumor-ultrasound-classification/data/processed/MMOTU_OTU_2D_experimental/train/images/78.JPG,/home/jvillanueva/projects/ovarian-tumor-ultrasound-classification/results/segmentation/unet_baseline/train/predicted_masks/78_pred.png,563,542,0.479878,False,,/home/jvillanueva/projects/ovarian-tumor-ultrasound-classification/data/processed/MMOTU_OTU_2D_roi_pred/train/images/78.png
780,train,B,/home/jvillanueva/projects/ovarian-tumor-ultrasound-classification/data/processed/MMOTU_OTU_2D_experimental/train/images/780.JPG,/home/jvillanueva/projects/ovarian-tumor-ultrasound-classification/results/segmentation/unet_baseline/train/predicted_masks/780_pred.png,365,231,0.323415,False,,/home/jvillanueva/projects/ovarian-tumor-ultrasound-classification/data/processed/MMOTU_OTU_2D_roi_pred/train/images/780.png
781,train,B,/home/jvillanueva/projects/ovarian-tumor-ultrasound-classification/data/processed/MMOTU_OTU_2D_experimental/train/images/781.JPG,/home/jvillanueva/projects/ovarian-tumor-ultrasound-classification/results/segmentation/unet_baseline/train/predicted_masks/781_pred.png,387,256,0.380204,False,,/home/jvillanueva/projects/ovarian-tumor-ultrasound-classification/data/processed/MMOTU_OTU_2D_roi_pred/train/images/781.png
782,train,B,/home/jvillanueva/projects/ovarian-tumor-ultrasound-classification/data/processed/MMOTU_OTU_2D_experimental/train/images/782.JPG,/home/jvillanueva/projects/ovarian-tumor-ultrasound-classification/results/segmentation/unet_baseline/train/predicted_masks/782_pred.png,204,189,0.146085,False,,/home/jvillanueva/projects/ovarian-tumor-ultrasound-classification/data/processed/MMOTU_OTU_2D_roi_pred/train/images/782.png
783,train,B,/home/jvillanueva/projects/ovarian-tumor-ultrasound-classification/data/processed/MMOTU_OTU_2D_experimental/train/images/783.JPG,/home/jvillanueva/projects/ovarian-tumor-ultrasound-classification/results/segmentation/unet_baseline/train/predicted_masks/783_pred.png,190,194,0.140027,False,,/home/jvillanueva/projects/ovarian-tumor-ultrasound-classification/data/processed/MMOTU_OTU_2D_roi_pred/train/images/783.png
785,train,B,/home/jvillanueva/projects/ovarian-tumor-ultrasound-classification/data/processed/MMOTU_OTU_2D_experimental/train/images/785.JPG,/home/jvillanueva/projects/ovarian-tumor-ultrasound-classification/results/segmentation/unet_baseline/train/predicted_masks/785_pred.png,765,454,0.622265,False,,/home/jvillanueva/projects/ovarian-tumor-ultrasound-classification/data/processed/MMOTU_OTU_2D_roi_pred/train/images/785.png
786,train,B,/home/jvillanueva/projects/ovarian-tumor-ultrasound-classification/data/processed/MMOTU_OTU_2D_experimental/train/images/786.JPG,/home/jvillanueva/projects/ovarian-tumor-ultrasound-classification/results/segmentation/unet_baseline/train/predicted_masks/786_pred.png,616,601,0.69012,False,,/home/jvillanueva/projects/ovarian-tumor-ultrasound-classification/data/processed/MMOTU_OTU_2D_roi_pred/train/images/786.png
787,train,B,/home/jvillanueva/projects/ovarian-tumor-ultrasound-classification/data/processed/MMOTU_OTU_2D_experimental/train/images/787.JPG,/home/jvillanueva/projects/ovarian-tumor-ultrasound-classification/results/segmentation/unet_baseline/train/predicted_masks/787_pred.png,692,651,0.891128,False,,/home/jvillanueva/projects/ovarian-tumor-ultrasound-classification/data/processed/MMOTU_OTU_2D_roi_pred/train/images/787.png
788,train,B,/home/jvillanueva/projects/ovarian-tumor-ultrasound-classification/data/processed/MMOTU_OTU_2D_experimental/train/images/788.JPG,/home/jvillanueva/projects/ovarian-tumor-ultrasound-classification/results/segmentation/unet_baseline/train/predicted_masks/788_pred.png,663,657,0.833177,False,,/home/jvillanueva/projects/ovarian-tumor-ultrasound-classification/data/processed/MMOTU_OTU_2D_roi_pred/train/images/788.png
789,train,B,/home/jvillanueva/projects/ovarian-tumor-ultrasound-classification/data/processed/MMOTU_OTU_2D_experimental/train/images/789.JPG,/home/jvillanueva/projects/ovarian-tumor-ultrasound-classification/results/segmentation/unet_baseline/train/predicted_masks/789_pred.png,142,112,0.029732,False,,/home/jvillanueva/projects/ovarian-tumor-ultrasound-classification/data/processed/MMOTU_OTU_2D_roi_pred/train/images/789.png
79,train,B,/home/jvillanueva/projects/ovarian-tumor-ultrasound-classification/data/processed/MMOTU_OTU_2D_experimental/train/images/79.JPG,/home/jvillanueva/projects/ovarian-tumor-ultrasound-classification/results/segmentation/unet_baseline/train/predicted_masks/79_pred.png,269,235,0.124503,False,,/home/jvillanueva/projects/ovarian-tumor-ultrasound-classification/data/processed/MMOTU_OTU_2D_roi_pred/train/images/79.png
790,train,B,/home/jvillanueva/projects/ovarian-tumor-ultrasound-classification/data/processed/MMOTU_OTU_2D_experimental/train/images/790.JPG,/home/jvillanueva/projects/ovarian-tumor-ultrasound-classification/results/segmentation/unet_baseline/train/predicted_masks/790_pred.png,110,91,0.018804,False,,/home/jvillanueva/projects/ovarian-tumor-ultrasound-classification/data/processed/MMOTU_OTU_2D_roi_pred/train/images/790.png
794,train,B,/home/jvillanueva/projects/ovarian-tumor-ultrasound-classification/data/processed/MMOTU_OTU_2D_experimental/train/images/794.JPG,/home/jvillanueva/projects/ovarian-tumor-ultrasound-classification/results/segmentation/unet_baseline/train/predicted_masks/794_pred.png,225,154,0.065219,False,,/home/jvillanueva/projects/ovarian-tumor-ultrasound-classification/data/processed/MMOTU_OTU_2D_roi_pred/train/images/794.png
795,train,B,/home/jvillanueva/projects/ovarian-tumor-ultrasound-classification/data/processed/MMOTU_OTU_2D_experimental/train/images/795.JPG,/home/jvillanueva/projects/ovarian-tumor-ultrasound-classification/results/segmentation/unet_baseline/train/predicted_masks/795_pred.png,144,129,0.035542,False,,/home/jvillanueva/projects/ovarian-tumor-ultrasound-classification/data/processed/MMOTU_OTU_2D_roi_pred/train/images/795.png
796,train,B,/home/jvillanueva/projects/ovarian-tumor-ultrasound-classification/data/processed/MMOTU_OTU_2D_experimental/train/images/796.JPG,/home/jvillanueva/projects/ovarian-tumor-ultrasound-classification/results/segmentation/unet_baseline/train/predicted_masks/796_pred.png,278,239,0.128064,False,,/home/jvillanueva/projects/ovarian-tumor-ultrasound-classification/data/processed/MMOTU_OTU_2D_roi_pred/train/images/796.png
798,train,B,/home/jvillanueva/projects/ovarian-tumor-ultrasound-classification/data/processed/MMOTU_OTU_2D_experimental/train/images/798.JPG,/home/jvillanueva/projects/ovarian-tumor-ultrasound-classification/results/segmentation/unet_baseline/train/predicted_masks/798_pred.png,409,251,0.199925,False,,/home/jvillanueva/projects/ovarian-tumor-ultrasound-classification/data/processed/MMOTU_OTU_2D_roi_pred/train/images/798.png
799,train,B,/home/jvillanueva/projects/ovarian-tumor-ultrasound-classification/data/processed/MMOTU_OTU_2D_experimental/train/images/799.JPG,/home/jvillanueva/projects/ovarian-tumor-ultrasound-classification/results/segmentation/unet_baseline/train/predicted_masks/799_pred.png,274,243,0.128602,False,,/home/jvillanueva/projects/ovarian-tumor-ultrasound-classification/data/processed/MMOTU_OTU_2D_roi_pred/train/images/799.png
80,train,B,/home/jvillanueva/projects/ovarian-tumor-ultrasound-classification/data/processed/MMOTU_OTU_2D_experimental/train/images/80.JPG,/home/jvillanueva/projects/ovarian-tumor-ultrasound-classification/results/segmentation/unet_baseline/train/predicted_masks/80_pred.png,359,251,0.177137,False,,/home/jvillanueva/projects/ovarian-tumor-ultrasound-classification/data/processed/MMOTU_OTU_2D_roi_pred/train/images/80.png
801,train,B,/home/jvillanueva/projects/ovarian-tumor-ultrasound-classification/data/processed/MMOTU_OTU_2D_experimental/train/images/801.JPG,/home/jvillanueva/projects/ovarian-tumor-ultrasound-classification/results/segmentation/unet_baseline/train/predicted_masks/801_pred.png,268,250,0.128798,False,,/home/jvillanueva/projects/ovarian-tumor-ultrasound-classification/data/processed/MMOTU_OTU_2D_roi_pred/train/images/801.png
803,train,B,/home/jvillanueva/projects/ovarian-tumor-ultrasound-classification/data/processed/MMOTU_OTU_2D_experimental/train/images/803.JPG,/home/jvillanueva/projects/ovarian-tumor-ultrasound-classification/results/segmentation/unet_baseline/train/predicted_masks/803_pred.png,539,444,0.461382,False,,/home/jvillanueva/projects/ovarian-tumor-ultrasound-classification/data/processed/MMOTU_OTU_2D_roi_pred/train/images/803.png
805,train,B,/home/jvillanueva/projects/ovarian-tumor-ultrasound-classification/data/processed/MMOTU_OTU_2D_experimental/train/images/805.JPG,/home/jvillanueva/projects/ovarian-tumor-ultrasound-classification/results/segmentation/unet_baseline/train/predicted_masks/805_pred.png,480,432,0.79558,False,,/home/jvillanueva/projects/ovarian-tumor-ultrasound-classification/data/processed/MMOTU_OTU_2D_roi_pred/train/images/805.png
808,train,B,/home/jvillanueva/projects/ovarian-tumor-ultrasound-classification/data/processed/MMOTU_OTU_2D_experimental/train/images/808.JPG,/home/jvillanueva/projects/ovarian-tumor-ultrasound-classification/results/segmentation/unet_baseline/train/predicted_masks/808_pred.png,124,172,0.041109,False,,/home/jvillanueva/projects/ovarian-tumor-ultrasound-classification/data/processed/MMOTU_OTU_2D_roi_pred/train/images/808.png
809,train,B,/home/jvillanueva/projects/ovarian-tumor-ultrasound-classification/data/processed/MMOTU_OTU_2D_experimental/train/images/809.JPG,/home/jvillanueva/projects/ovarian-tumor-ultrasound-classification/results/segmentation/unet_baseline/train/predicted_masks/809_pred.png,124,146,0.067034,False,,/home/jvillanueva/projects/ovarian-tumor-ultrasound-classification/data/processed/MMOTU_OTU_2D_roi_pred/train/images/809.png
81,train,B,/home/jvillanueva/projects/ovarian-tumor-ultrasound-classification/data/processed/MMOTU_OTU_2D_experimental/train/images/81.JPG,/home/jvillanueva/projects/ovarian-tumor-ultrasound-classification/results/segmentation/unet_baseline/train/predicted_masks/81_pred.png,346,248,0.168858,False,,/home/jvillanueva/projects/ovarian-tumor-ultrasound-classification/data/processed/MMOTU_OTU_2D_roi_pred/train/images/81.png
811,train,B,/home/jvillanueva/projects/ovarian-tumor-ultrasound-classification/data/processed/MMOTU_OTU_2D_experimental/train/images/811.JPG,/home/jvillanueva/projects/ovarian-tumor-ultrasound-classification/results/segmentation/unet_baseline/train/predicted_masks/811_pred.png,279,240,0.195482,False,,/home/jvillanueva/projects/ovarian-tumor-ultrasound-classification/data/processed/MMOTU_OTU_2D_roi_pred/train/images/811.png
812,train,B,/home/jvillanueva/projects/ovarian-tumor-ultrasound-classification/data/processed/MMOTU_OTU_2D_experimental/train/images/812.JPG,/home/jvillanueva/projects/ovarian-tumor-ultrasound-classification/results/segmentation/unet_baseline/train/predicted_masks/812_pred.png,686,394,0.337781,False,,/home/jvillanueva/projects/ovarian-tumor-ultrasound-classification/data/processed/MMOTU_OTU_2D_roi_pred/train/images/812.png
813,train,B,/home/jvillanueva/projects/ovarian-tumor-ultrasound-classification/data/processed/MMOTU_OTU_2D_experimental/train/images/813.JPG,/home/jvillanueva/projects/ovarian-tumor-ultrasound-classification/results/segmentation/unet_baseline/train/predicted_masks/813_pred.png,158,132,0.155909,False,,/home/jvillanueva/projects/ovarian-tumor-ultrasound-classification/data/processed/MMOTU_OTU_2D_roi_pred/train/images/813.png
818,train,B,/home/jvillanueva/projects/ovarian-tumor-ultrasound-classification/data/processed/MMOTU_OTU_2D_experimental/train/images/818.JPG,/home/jvillanueva/projects/ovarian-tumor-ultrasound-classification/results/segmentation/unet_baseline/train/predicted_masks/818_pred.png,532,308,0.315686,False,,/home/jvillanueva/projects/ovarian-tumor-ultrasound-classification/data/processed/MMOTU_OTU_2D_roi_pred/train/images/818.png
819,train,B,/home/jvillanueva/projects/ovarian-tumor-ultrasound-classification/data/processed/MMOTU_OTU_2D_experimental/train/images/819.JPG,/home/jvillanueva/projects/ovarian-tumor-ultrasound-classification/results/segmentation/unet_baseline/train/predicted_masks/819_pred.png,502,298,0.280849,False,,/home/jvillanueva/projects/ovarian-tumor-ultrasound-classification/data/processed/MMOTU_OTU_2D_roi_pred/train/images/819.png
82,train,B,/home/jvillanueva/projects/ovarian-tumor-ultrasound-classification/data/processed/MMOTU_OTU_2D_experimental/train/images/82.JPG,/home/jvillanueva/projects/ovarian-tumor-ultrasound-classification/results/segmentation/unet_baseline/train/predicted_masks/82_pred.png,368,250,0.180514,False,,/home/jvillanueva/projects/ovarian-tumor-ultrasound-classification/data/processed/MMOTU_OTU_2D_roi_pred/train/images/82.png
822,train,B,/home/jvillanueva/projects/ovarian-tumor-ultrasound-classification/data/processed/MMOTU_OTU_2D_experimental/train/images/822.JPG,/home/jvillanueva/projects/ovarian-tumor-ultrasound-classification/results/segmentation/unet_baseline/train/predicted_masks/822_pred.png,472,576,0.393325,False,,/home/jvillanueva/projects/ovarian-tumor-ultrasound-classification/data/processed/MMOTU_OTU_2D_roi_pred/train/images/822.png
823,train,B,/home/jvillanueva/projects/ovarian-tumor-ultrasound-classification/data/processed/MMOTU_OTU_2D_experimental/train/images/823.JPG,/home/jvillanueva/projects/ovarian-tumor-ultrasound-classification/results/segmentation/unet_baseline/train/predicted_masks/823_pred.png,269,262,0.133136,False,,/home/jvillanueva/projects/ovarian-tumor-ultrasound-classification/data/processed/MMOTU_OTU_2D_roi_pred/train/images/823.png
824,train,B,/home/jvillanueva/projects/ovarian-tumor-ultrasound-classification/data/processed/MMOTU_OTU_2D_experimental/train/images/824.JPG,/home/jvillanueva/projects/ovarian-tumor-ultrasound-classification/results/segmentation/unet_baseline/train/predicted_masks/824_pred.png,170,86,0.027921,False,,/home/jvillanueva/projects/ovarian-tumor-ultrasound-classification/data/processed/MMOTU_OTU_2D_roi_pred/train/images/824.png
827,train,B,/home/jvillanueva/projects/ovarian-tumor-ultrasound-classification/data/processed/MMOTU_OTU_2D_experimental/train/images/827.JPG,/home/jvillanueva/projects/ovarian-tumor-ultrasound-classification/results/segmentation/unet_baseline/train/predicted_masks/827_pred.png,160,140,0.041488,False,,/home/jvillanueva/projects/ovarian-tumor-ultrasound-classification/data/processed/MMOTU_OTU_2D_roi_pred/train/images/827.png
828,train,B,/home/jvillanueva/projects/ovarian-tumor-ultrasound-classification/data/processed/MMOTU_OTU_2D_experimental/train/images/828.JPG,/home/jvillanueva/projects/ovarian-tumor-ultrasound-classification/results/segmentation/unet_baseline/train/predicted_masks/828_pred.png,224,194,0.084282,False,,/home/jvillanueva/projects/ovarian-tumor-ultrasound-classification/data/processed/MMOTU_OTU_2D_roi_pred/train/images/828.png
829,train,B,/home/jvillanueva/projects/ovarian-tumor-ultrasound-classification/data/processed/MMOTU_OTU_2D_experimental/train/images/829.JPG,/home/jvillanueva/projects/ovarian-tumor-ultrasound-classification/results/segmentation/unet_baseline/train/predicted_masks/829_pred.png,268,266,0.110492,False,,/home/jvillanueva/projects/ovarian-tumor-ultrasound-classification/data/processed/MMOTU_OTU_2D_roi_pred/train/images/829.png
830,train,B,/home/jvillanueva/projects/ovarian-tumor-ultrasound-classification/data/processed/MMOTU_OTU_2D_experimental/train/images/830.JPG,/home/jvillanueva/projects/ovarian-tumor-ultrasound-classification/results/segmentation/unet_baseline/train/predicted_masks/830_pred.png,346,255,0.168987,False,,/home/jvillanueva/projects/ovarian-tumor-ultrasound-classification/data/processed/MMOTU_OTU_2D_roi_pred/train/images/830.png
831,train,B,/home/jvillanueva/projects/ovarian-tumor-ultrasound-classification/data/processed/MMOTU_OTU_2D_experimental/train/images/831.JPG,/home/jvillanueva/projects/ovarian-tumor-ultrasound-classification/results/segmentation/unet_baseline/train/predicted_masks/831_pred.png,215,148,0.061509,False,,/home/jvillanueva/projects/ovarian-tumor-ultrasound-classification/data/processed/MMOTU_OTU_2D_roi_pred/train/images/831.png
833,train,B,/home/jvillanueva/projects/ovarian-tumor-ultrasound-classification/data/processed/MMOTU_OTU_2D_experimental/train/images/833.JPG,/home/jvillanueva/projects/ovarian-tumor-ultrasound-classification/results/segmentation/unet_baseline/train/predicted_masks/833_pred.png,236,124,0.211997,False,,/home/jvillanueva/projects/ovarian-tumor-ultrasound-classification/data/processed/MMOTU_OTU_2D_roi_pred/train/images/833.png
834,train,B,/home/jvillanueva/projects/ovarian-tumor-ultrasound-classification/data/processed/MMOTU_OTU_2D_experimental/train/images/834.JPG,/home/jvillanueva/projects/ovarian-tumor-ultrasound-classification/results/segmentation/unet_baseline/train/predicted_masks/834_pred.png,499,374,0.359394,False,,/home/jvillanueva/projects/ovarian-tumor-ultrasound-classification/data/processed/MMOTU_OTU_2D_roi_pred/train/images/834.png
835,train,B,/home/jvillanueva/projects/ovarian-tumor-ultrasound-classification/data/processed/MMOTU_OTU_2D_experimental/train/images/835.JPG,/home/jvillanueva/projects/ovarian-tumor-ultrasound-classification/results/segmentation/unet_baseline/train/predicted_masks/835_pred.png,644,308,0.338514,False,,/home/jvillanueva/projects/ovarian-tumor-ultrasound-classification/data/processed/MMOTU_OTU_2D_roi_pred/train/images/835.png
836,train,B,/home/jvillanueva/projects/ovarian-tumor-ultrasound-classification/data/processed/MMOTU_OTU_2D_experimental/train/images/836.JPG,/home/jvillanueva/projects/ovarian-tumor-ultrasound-classification/results/segmentation/unet_baseline/train/predicted_masks/836_pred.png,595,317,0.321371,False,,/home/jvillanueva/projects/ovarian-tumor-ultrasound-classification/data/processed/MMOTU_OTU_2D_roi_pred/train/images/836.png
838,train,B,/home/jvillanueva/projects/ovarian-tumor-ultrasound-classification/data/processed/MMOTU_OTU_2D_experimental/train/images/838.JPG,/home/jvillanueva/projects/ovarian-tumor-ultrasound-classification/results/segmentation/unet_baseline/train/predicted_masks/838_pred.png,470,433,0.399063,False,,/home/jvillanueva/projects/ovarian-tumor-ultrasound-classification/data/processed/MMOTU_OTU_2D_roi_pred/train/images/838.png
839,train,B,/home/jvillanueva/projects/ovarian-tumor-ultrasound-classification/data/processed/MMOTU_OTU_2D_experimental/train/images/839.JPG,/home/jvillanueva/projects/ovarian-tumor-ultrasound-classification/results/segmentation/unet_baseline/train/predicted_masks/839_pred.png,611,380,0.397962,False,,/home/jvillanueva/projects/ovarian-tumor-ultrasound-classification/data/processed/MMOTU_OTU_2D_roi_pred/train/images/839.png
840,train,B,/home/jvillanueva/projects/ovarian-tumor-ultrasound-classification/data/processed/MMOTU_OTU_2D_experimental/train/images/840.JPG,/home/jvillanueva/projects/ovarian-tumor-ultrasound-classification/results/segmentation/unet_baseline/train/predicted_masks/840_pred.png,165,149,0.068947,False,,/home/jvillanueva/projects/ovarian-tumor-ultrasound-classification/data/processed/MMOTU_OTU_2D_roi_pred/train/images/840.png
841,train,B,/home/jvillanueva/projects/ovarian-tumor-ultrasound-classification/data/processed/MMOTU_OTU_2D_experimental/train/images/841.JPG,/home/jvillanueva/projects/ovarian-tumor-ultrasound-classification/results/segmentation/unet_baseline/train/predicted_masks/841_pred.png,153,158,0.06764,False,,/home/jvillanueva/projects/ovarian-tumor-ultrasound-classification/data/processed/MMOTU_OTU_2D_roi_pred/train/images/841.png
845,train,B,/home/jvillanueva/projects/ovarian-tumor-ultrasound-classification/data/processed/MMOTU_OTU_2D_experimental/train/images/845.JPG,/home/jvillanueva/projects/ovarian-tumor-ultrasound-classification/results/segmentation/unet_baseline/train/predicted_masks/845_pred.png,347,314,0.202133,False,,/home/jvillanueva/projects/ovarian-tumor-ultrasound-classification/data/processed/MMOTU_OTU_2D_roi_pred/train/images/845.png
846,train,B,/home/jvillanueva/projects/ovarian-tumor-ultrasound-classification/data/processed/MMOTU_OTU_2D_experimental/train/images/846.JPG,/home/jvillanueva/projects/ovarian-tumor-ultrasound-classification/results/segmentation/unet_baseline/train/predicted_masks/846_pred.png,351,322,0.209888,False,,/home/jvillanueva/projects/ovarian-tumor-ultrasound-classification/data/processed/MMOTU_OTU_2D_roi_pred/train/images/846.png
850,train,B,/home/jvillanueva/projects/ovarian-tumor-ultrasound-classification/data/processed/MMOTU_OTU_2D_experimental/train/images/850.JPG,/home/jvillanueva/projects/ovarian-tumor-ultrasound-classification/results/segmentation/unet_baseline/train/predicted_masks/850_pred.png,420,360,0.280716,False,,/home/jvillanueva/projects/ovarian-tumor-ultrasound-classification/data/processed/MMOTU_OTU_2D_roi_pred/train/images/850.png
851,train,B,/home/jvillanueva/projects/ovarian-tumor-ultrasound-classification/data/processed/MMOTU_OTU_2D_experimental/train/images/851.JPG,/home/jvillanueva/projects/ovarian-tumor-ultrasound-classification/results/segmentation/unet_baseline/train/predicted_masks/851_pred.png,436,363,0.305234,False,,/home/jvillanueva/projects/ovarian-tumor-ultrasound-classification/data/processed/MMOTU_OTU_2D_roi_pred/train/images/851.png
852,train,B,/home/jvillanueva/projects/ovarian-tumor-ultrasound-classification/data/processed/MMOTU_OTU_2D_experimental/train/images/852.JPG,/home/jvillanueva/projects/ovarian-tumor-ultrasound-classification/results/segmentation/unet_baseline/train/predicted_masks/852_pred.png,215,180,0.293031,False,,/home/jvillanueva/projects/ovarian-tumor-ultrasound-classification/data/processed/MMOTU_OTU_2D_roi_pred/train/images/852.png
853,train,B,/home/jvillanueva/projects/ovarian-tumor-ultrasound-classification/data/processed/MMOTU_OTU_2D_experimental/train/images/853.JPG,/home/jvillanueva/projects/ovarian-tumor-ultrasound-classification/results/segmentation/unet_baseline/train/predicted_masks/853_pred.png,359,276,0.189429,False,,/home/jvillanueva/projects/ovarian-tumor-ultrasound-classification/data/processed/MMOTU_OTU_2D_roi_pred/train/images/853.png
855,train,B,/home/jvillanueva/projects/ovarian-tumor-ultrasound-classification/data/processed/MMOTU_OTU_2D_experimental/train/images/855.JPG,/home/jvillanueva/projects/ovarian-tumor-ultrasound-classification/results/segmentation/unet_baseline/train/predicted_masks/855_pred.png,467,539,0.487474,False,,/home/jvillanueva/projects/ovarian-tumor-ultrasound-classification/data/processed/MMOTU_OTU_2D_roi_pred/train/images/855.png
858,train,B,/home/jvillanueva/projects/ovarian-tumor-ultrasound-classification/data/processed/MMOTU_OTU_2D_experimental/train/images/858.JPG,/home/jvillanueva/projects/ovarian-tumor-ultrasound-classification/results/segmentation/unet_baseline/train/predicted_masks/858_pred.png,255,216,0.104917,False,,/home/jvillanueva/projects/ovarian-tumor-ultrasound-classification/data/processed/MMOTU_OTU_2D_roi_pred/train/images/858.png
859,train,B,/home/jvillanueva/projects/ovarian-tumor-ultrasound-classification/data/processed/MMOTU_OTU_2D_experimental/train/images/859.JPG,/home/jvillanueva/projects/ovarian-tumor-ultrasound-classification/results/segmentation/unet_baseline/train/predicted_masks/859_pred.png,574,321,0.358909,False,,/home/jvillanueva/projects/ovarian-tumor-ultrasound-classification/data/processed/MMOTU_OTU_2D_roi_pred/train/images/859.png
86,train,B,/home/jvillanueva/projects/ovarian-tumor-ultrasound-classification/data/processed/MMOTU_OTU_2D_experimental/train/images/86.JPG,/home/jvillanueva/projects/ovarian-tumor-ultrasound-classification/results/segmentation/unet_baseline/train/predicted_masks/86_pred.png,495,300,0.220899,False,,/home/jvillanueva/projects/ovarian-tumor-ultrasound-classification/data/processed/MMOTU_OTU_2D_roi_pred/train/images/86.png
860,train,B,/home/jvillanueva/projects/ovarian-tumor-ultrasound-classification/data/processed/MMOTU_OTU_2D_experimental/train/images/860.JPG,/home/jvillanueva/projects/ovarian-tumor-ultrasound-classification/results/segmentation/unet_baseline/train/predicted_masks/860_pred.png,360,364,0.252574,False,,/home/jvillanueva/projects/ovarian-tumor-ultrasound-classification/data/processed/MMOTU_OTU_2D_roi_pred/train/images/860.png
861,train,B,/home/jvillanueva/projects/ovarian-tumor-ultrasound-classification/data/processed/MMOTU_OTU_2D_experimental/train/images/861.JPG,/home/jvillanueva/projects/ovarian-tumor-ultrasound-classification/results/segmentation/unet_baseline/train/predicted_masks/861_pred.png,683,423,0.559964,False,,/home/jvillanueva/projects/ovarian-tumor-ultrasound-classification/data/processed/MMOTU_OTU_2D_roi_pred/train/images/861.png
865,train,B,/home/jvillanueva/projects/ovarian-tumor-ultrasound-classification/data/processed/MMOTU_OTU_2D_experimental/train/images/865.JPG,/home/jvillanueva/projects/ovarian-tumor-ultrasound-classification/results/segmentation/unet_baseline/train/predicted_masks/865_pred.png,578,435,0.472894,False,,/home/jvillanueva/projects/ovarian-tumor-ultrasound-classification/data/processed/MMOTU_OTU_2D_roi_pred/train/images/865.png
866,train,B,/home/jvillanueva/projects/ovarian-tumor-ultrasound-classification/data/processed/MMOTU_OTU_2D_experimental/train/images/866.JPG,/home/jvillanueva/projects/ovarian-tumor-ultrasound-classification/results/segmentation/unet_baseline/train/predicted_masks/866_pred.png,520,351,0.337036,False,,/home/jvillanueva/projects/ovarian-tumor-ultrasound-classification/data/processed/MMOTU_OTU_2D_roi_pred/train/images/866.png
867,train,B,/home/jvillanueva/projects/ovarian-tumor-ultrasound-classification/data/processed/MMOTU_OTU_2D_experimental/train/images/867.JPG,/home/jvillanueva/projects/ovarian-tumor-ultrasound-classification/results/segmentation/unet_baseline/train/predicted_masks/867_pred.png,277,214,0.41984,False,,/home/jvillanueva/projects/ovarian-tumor-ultrasound-classification/data/processed/MMOTU_OTU_2D_roi_pred/train/images/867.png
87,train,B,/home/jvillanueva/projects/ovarian-tumor-ultrasound-classification/data/processed/MMOTU_OTU_2D_experimental/train/images/87.JPG,/home/jvillanueva/projects/ovarian-tumor-ultrasound-classification/results/segmentation/unet_baseline/train/predicted_masks/87_pred.png,355,195,0.135969,False,,/home/jvillanueva/projects/ovarian-tumor-ultrasound-classification/data/processed/MMOTU_OTU_2D_roi_pred/train/images/87.png
871,train,B,/home/jvillanueva/projects/ovarian-tumor-ultrasound-classification/data/processed/MMOTU_OTU_2D_experimental/train/images/871.JPG,/home/jvillanueva/projects/ovarian-tumor-ultrasound-classification/results/segmentation/unet_baseline/train/predicted_masks/871_pred.png,440,221,0.186977,False,,/home/jvillanueva/projects/ovarian-tumor-ultrasound-classification/data/processed/MMOTU_OTU_2D_roi_pred/train/images/871.png
874,train,B,/home/jvillanueva/projects/ovarian-tumor-ultrasound-classification/data/processed/MMOTU_OTU_2D_experimental/train/images/874.JPG,/home/jvillanueva/projects/ovarian-tumor-ultrasound-classification/results/segmentation/unet_baseline/train/predicted_masks/874_pred.png,389,340,0.253318,False,,/home/jvillanueva/projects/ovarian-tumor-ultrasound-classification/data/processed/MMOTU_OTU_2D_roi_pred/train/images/874.png
875,train,B,/home/jvillanueva/projects/ovarian-tumor-ultrasound-classification/data/processed/MMOTU_OTU_2D_experimental/train/images/875.JPG,/home/jvillanueva/projects/ovarian-tumor-ultrasound-classification/results/segmentation/unet_baseline/train/predicted_masks/875_pred.png,388,286,0.213429,False,,/home/jvillanueva/projects/ovarian-tumor-ultrasound-classification/data/processed/MMOTU_OTU_2D_roi_pred/train/images/875.png
879,train,B,/home/jvillanueva/projects/ovarian-tumor-ultrasound-classification/data/processed/MMOTU_OTU_2D_experimental/train/images/879.JPG,/home/jvillanueva/projects/ovarian-tumor-ultrasound-classification/results/segmentation/unet_baseline/train/predicted_masks/879_pred.png,660,420,0.493261,False,,/home/jvillanueva/projects/ovarian-tumor-ultrasound-classification/data/processed/MMOTU_OTU_2D_roi_pred/train/images/879.png
880,train,B,/home/jvillanueva/projects/ovarian-tumor-ultrasound-classification/data/processed/MMOTU_OTU_2D_experimental/train/images/880.JPG,/home/jvillanueva/projects/ovarian-tumor-ultrasound-classification/results/segmentation/unet_baseline/train/predicted_masks/880_pred.png,346,352,0.175911,False,,/home/jvillanueva/projects/ovarian-tumor-ultrasound-classification/data/processed/MMOTU_OTU_2D_roi_pred/train/images/880.png
886,train,B,/home/jvillanueva/projects/ovarian-tumor-ultrasound-classification/data/processed/MMOTU_OTU_2D_experimental/train/images/886.JPG,/home/jvillanueva/projects/ovarian-tumor-ultrasound-classification/results/segmentation/unet_baseline/train/predicted_masks/886_pred.png,278,289,0.242246,False,,/home/jvillanueva/projects/ovarian-tumor-ultrasound-classification/data/processed/MMOTU_OTU_2D_roi_pred/train/images/886.png
887,train,B,/home/jvillanueva/projects/ovarian-tumor-ultrasound-classification/data/processed/MMOTU_OTU_2D_experimental/train/images/887.JPG,/home/jvillanueva/projects/ovarian-tumor-ultrasound-classification/results/segmentation/unet_baseline/train/predicted_masks/887_pred.png,171,124,0.064594,False,,/home/jvillanueva/projects/ovarian-tumor-ultrasound-classification/data/processed/MMOTU_OTU_2D_roi_pred/train/images/887.png
888,train,B,/home/jvillanueva/projects/ovarian-tumor-ultrasound-classification/data/processed/MMOTU_OTU_2D_experimental/train/images/888.JPG,/home/jvillanueva/projects/ovarian-tumor-ultrasound-classification/results/segmentation/unet_baseline/train/predicted_masks/888_pred.png,395,316,0.494664,False,,/home/jvillanueva/projects/ovarian-tumor-ultrasound-classification/data/processed/MMOTU_OTU_2D_roi_pred/train/images/888.png
889,train,B,/home/jvillanueva/projects/ovarian-tumor-ultrasound-classification/data/processed/MMOTU_OTU_2D_experimental/train/images/889.JPG,/home/jvillanueva/projects/ovarian-tumor-ultrasound-classification/results/segmentation/unet_baseline/train/predicted_masks/889_pred.png,263,340,0.351564,False,,/home/jvillanueva/projects/ovarian-tumor-ultrasound-classification/data/processed/MMOTU_OTU_2D_roi_pred/train/images/889.png
891,train,B,/home/jvillanueva/projects/ovarian-tumor-ultrasound-classification/data/processed/MMOTU_OTU_2D_experimental/train/images/891.JPG,/home/jvillanueva/projects/ovarian-tumor-ultrasound-classification/results/segmentation/unet_baseline/train/predicted_masks/891_pred.png,378,320,0.478269,False,,/home/jvillanueva/projects/ovarian-tumor-ultrasound-classification/data/processed/MMOTU_OTU_2D_roi_pred/train/images/891.png
892,train,B,/home/jvillanueva/projects/ovarian-tumor-ultrasound-classification/data/processed/MMOTU_OTU_2D_experimental/train/images/892.JPG,/home/jvillanueva/projects/ovarian-tumor-ultrasound-classification/results/segmentation/unet_baseline/train/predicted_masks/892_pred.png,412,328,0.266882,False,,/home/jvillanueva/projects/ovarian-tumor-ultrasound-classification/data/processed/MMOTU_OTU_2D_roi_pred/train/images/892.png
893,train,B,/home/jvillanueva/projects/ovarian-tumor-ultrasound-classification/data/processed/MMOTU_OTU_2D_experimental/train/images/893.JPG,/home/jvillanueva/projects/ovarian-tumor-ultrasound-classification/results/segmentation/unet_baseline/train/predicted_masks/893_pred.png,458,320,0.289745,False,,/home/jvillanueva/projects/ovarian-tumor-ultrasound-classification/data/processed/MMOTU_OTU_2D_roi_pred/train/images/893.png
899,train,B,/home/jvillanueva/projects/ovarian-tumor-ultrasound-classification/data/processed/MMOTU_OTU_2D_experimental/train/images/899.JPG,/home/jvillanueva/projects/ovarian-tumor-ultrasound-classification/results/segmentation/unet_baseline/train/predicted_masks/899_pred.png,153,165,0.050333,False,,/home/jvillanueva/projects/ovarian-tumor-ultrasound-classification/data/processed/MMOTU_OTU_2D_roi_pred/train/images/899.png
9,train,B,/home/jvillanueva/projects/ovarian-tumor-ultrasound-classification/data/processed/MMOTU_OTU_2D_experimental/train/images/9.JPG,/home/jvillanueva/projects/ovarian-tumor-ultrasound-classification/results/segmentation/unet_baseline/train/predicted_masks/9_pred.png,428,299,0.497404,False,,/home/jvillanueva/projects/ovarian-tumor-ultrasound-classification/data/processed/MMOTU_OTU_2D_roi_pred/train/images/9.png
900,train,B,/home/jvillanueva/projects/ovarian-tumor-ultrasound-classification/data/processed/MMOTU_OTU_2D_experimental/train/images/900.JPG,/home/jvillanueva/projects/ovarian-tumor-ultrasound-classification/results/segmentation/unet_baseline/train/predicted_masks/900_pred.png,413,350,0.574916,False,,/home/jvillanueva/projects/ovarian-tumor-ultrasound-classification/data/processed/MMOTU_OTU_2D_roi_pred/train/images/900.png
901,train,B,/home/jvillanueva/projects/ovarian-tumor-ultrasound-classification/data/processed/MMOTU_OTU_2D_experimental/train/images/901.JPG,/home/jvillanueva/projects/ovarian-tumor-ultrasound-classification/results/segmentation/unet_baseline/train/predicted_masks/901_pred.png,422,349,0.581116,False,,/home/jvillanueva/projects/ovarian-tumor-ultrasound-classification/data/processed/MMOTU_OTU_2D_roi_pred/train/images/901.png
902,train,B,/home/jvillanueva/projects/ovarian-tumor-ultrasound-classification/data/processed/MMOTU_OTU_2D_experimental/train/images/902.JPG,/home/jvillanueva/projects/ovarian-tumor-ultrasound-classification/results/segmentation/unet_baseline/train/predicted_masks/902_pred.png,411,327,0.530394,False,,/home/jvillanueva/projects/ovarian-tumor-ultrasound-classification/data/processed/MMOTU_OTU_2D_roi_pred/train/images/902.png
903,train,B,/home/jvillanueva/projects/ovarian-tumor-ultrasound-classification/data/processed/MMOTU_OTU_2D_experimental/train/images/903.JPG,/home/jvillanueva/projects/ovarian-tumor-ultrasound-classification/results/segmentation/unet_baseline/train/predicted_masks/903_pred.png,564,444,0.756292,False,,/home/jvillanueva/projects/ovarian-tumor-ultrasound-classification/data/processed/MMOTU_OTU_2D_roi_pred/train/images/903.png
905,train,B,/home/jvillanueva/projects/ovarian-tumor-ultrasound-classification/data/processed/MMOTU_OTU_2D_experimental/train/images/905.JPG,/home/jvillanueva/projects/ovarian-tumor-ultrasound-classification/results/segmentation/unet_baseline/train/predicted_masks/905_pred.png,200,167,0.100862,False,,/home/jvillanueva/projects/ovarian-tumor-ultrasound-classification/data/processed/MMOTU_OTU_2D_roi_pred/train/images/905.png
907,train,B,/home/jvillanueva/projects/ovarian-tumor-ultrasound-classification/data/processed/MMOTU_OTU_2D_experimental/train/images/907.JPG,/home/jvillanueva/projects/ovarian-tumor-ultrasound-classification/results/segmentation/unet_baseline/train/predicted_masks/907_pred.png,537,447,0.4766,False,,/home/jvillanueva/projects/ovarian-tumor-ultrasound-classification/data/processed/MMOTU_OTU_2D_roi_pred/train/images/907.png
909,train,B,/home/jvillanueva/projects/ovarian-tumor-ultrasound-classification/data/processed/MMOTU_OTU_2D_experimental/train/images/909.JPG,/home/jvillanueva/projects/ovarian-tumor-ultrasound-classification/results/segmentation/unet_baseline/train/predicted_masks/909_pred.png,215,197,0.084174,False,,/home/jvillanueva/projects/ovarian-tumor-ultrasound-classification/data/processed/MMOTU_OTU_2D_roi_pred/train/images/909.png
913,train,B,/home/jvillanueva/projects/ovarian-tumor-ultrasound-classification/data/processed/MMOTU_OTU_2D_experimental/train/images/913.JPG,/home/jvillanueva/projects/ovarian-tumor-ultrasound-classification/results/segmentation/unet_baseline/train/predicted_masks/913_pred.png,176,109,0.038476,False,,/home/jvillanueva/projects/ovarian-tumor-ultrasound-classification/data/processed/MMOTU_OTU_2D_roi_pred/train/images/913.png
914,train,B,/home/jvillanueva/projects/ovarian-tumor-ultrasound-classification/data/processed/MMOTU_OTU_2D_experimental/train/images/914.JPG,/home/jvillanueva/projects/ovarian-tumor-ultrasound-classification/results/segmentation/unet_baseline/train/predicted_masks/914_pred.png,157,98,0.030303,False,,/home/jvillanueva/projects/ovarian-tumor-ultrasound-classification/data/processed/MMOTU_OTU_2D_roi_pred/train/images/914.png
915,train,B,/home/jvillanueva/projects/ovarian-tumor-ultrasound-classification/data/processed/MMOTU_OTU_2D_experimental/train/images/915.JPG,/home/jvillanueva/projects/ovarian-tumor-ultrasound-classification/results/segmentation/unet_baseline/train/predicted_masks/915_pred.png,471,265,0.245825,False,,/home/jvillanueva/projects/ovarian-tumor-ultrasound-classification/data/processed/MMOTU_OTU_2D_roi_pred/train/images/915.png
918,train,B,/home/jvillanueva/projects/ovarian-tumor-ultrasound-classification/data/processed/MMOTU_OTU_2D_experimental/train/images/918.JPG,/home/jvillanueva/projects/ovarian-tumor-ultrasound-classification/results/segmentation/unet_baseline/train/predicted_masks/918_pred.png,323,283,0.181245,False,,/home/jvillanueva/projects/ovarian-tumor-ultrasound-classification/data/processed/MMOTU_OTU_2D_roi_pred/train/images/918.png
92,train,B,/home/jvillanueva/projects/ovarian-tumor-ultrasound-classification/data/processed/MMOTU_OTU_2D_experimental/train/images/92.JPG,/home/jvillanueva/projects/ovarian-tumor-ultrasound-classification/results/segmentation/unet_baseline/train/predicted_masks/92_pred.png,548,397,0.424354,False,,/home/jvillanueva/projects/ovarian-tumor-ultrasound-classification/data/processed/MMOTU_OTU_2D_roi_pred/train/images/92.png
922,train,B,/home/jvillanueva/projects/ovarian-tumor-ultrasound-classification/data/processed/MMOTU_OTU_2D_experimental/train/images/922.JPG,/home/jvillanueva/projects/ovarian-tumor-ultrasound-classification/results/segmentation/unet_baseline/train/predicted_masks/922_pred.png,214,141,0.119533,False,,/home/jvillanueva/projects/ovarian-tumor-ultrasound-classification/data/processed/MMOTU_OTU_2D_roi_pred/train/images/922.png
924,train,B,/home/jvillanueva/projects/ovarian-tumor-ultrasound-classification/data/processed/MMOTU_OTU_2D_experimental/train/images/924.JPG,/home/jvillanueva/projects/ovarian-tumor-ultrasound-classification/results/segmentation/unet_baseline/train/predicted_masks/924_pred.png,142,144,0.080697,False,,/home/jvillanueva/projects/ovarian-tumor-ultrasound-classification/data/processed/MMOTU_OTU_2D_roi_pred/train/images/924.png
928,train,B,/home/jvillanueva/projects/ovarian-tumor-ultrasound-classification/data/processed/MMOTU_OTU_2D_experimental/train/images/928.JPG,/home/jvillanueva/projects/ovarian-tumor-ultrasound-classification/results/segmentation/unet_baseline/train/predicted_masks/928_pred.png,195,176,0.069195,False,,/home/jvillanueva/projects/ovarian-tumor-ultrasound-classification/data/processed/MMOTU_OTU_2D_roi_pred/train/images/928.png
929,train,B,/home/jvillanueva/projects/ovarian-tumor-ultrasound-classification/data/processed/MMOTU_OTU_2D_experimental/train/images/929.JPG,/home/jvillanueva/projects/ovarian-tumor-ultrasound-classification/results/segmentation/unet_baseline/train/predicted_masks/929_pred.png,205,160,0.129419,False,,/home/jvillanueva/projects/ovarian-tumor-ultrasound-classification/data/processed/MMOTU_OTU_2D_roi_pred/train/images/929.png
932,train,B,/home/jvillanueva/projects/ovarian-tumor-ultrasound-classification/data/processed/MMOTU_OTU_2D_experimental/train/images/932.JPG,/home/jvillanueva/projects/ovarian-tumor-ultrasound-classification/results/segmentation/unet_baseline/train/predicted_masks/932_pred.png,207,250,0.155742,False,,/home/jvillanueva/projects/ovarian-tumor-ultrasound-classification/data/processed/MMOTU_OTU_2D_roi_pred/train/images/932.png
933,train,B,/home/jvillanueva/projects/ovarian-tumor-ultrasound-classification/data/processed/MMOTU_OTU_2D_experimental/train/images/933.JPG,/home/jvillanueva/projects/ovarian-tumor-ultrasound-classification/results/segmentation/unet_baseline/train/predicted_masks/933_pred.png,315,224,0.21419,False,,/home/jvillanueva/projects/ovarian-tumor-ultrasound-classification/data/processed/MMOTU_OTU_2D_roi_pred/train/images/933.png
938,train,B,/home/jvillanueva/projects/ovarian-tumor-ultrasound-classification/data/processed/MMOTU_OTU_2D_experimental/train/images/938.JPG,/home/jvillanueva/projects/ovarian-tumor-ultrasound-classification/results/segmentation/unet_baseline/train/predicted_masks/938_pred.png,230,235,0.164937,False,,/home/jvillanueva/projects/ovarian-tumor-ultrasound-classification/data/processed/MMOTU_OTU_2D_roi_pred/train/images/938.png
939,train,B,/home/jvillanueva/projects/ovarian-tumor-ultrasound-classification/data/processed/MMOTU_OTU_2D_experimental/train/images/939.JPG,/home/jvillanueva/projects/ovarian-tumor-ultrasound-classification/results/segmentation/unet_baseline/train/predicted_masks/939_pred.png,184,183,0.10168,False,,/home/jvillanueva/projects/ovarian-tumor-ultrasound-classification/data/processed/MMOTU_OTU_2D_roi_pred/train/images/939.png
940,train,B,/home/jvillanueva/projects/ovarian-tumor-ultrasound-classification/data/processed/MMOTU_OTU_2D_experimental/train/images/940.JPG,/home/jvillanueva/projects/ovarian-tumor-ultrasound-classification/results/segmentation/unet_baseline/train/predicted_masks/940_pred.png,173,184,0.09531,False,,/home/jvillanueva/projects/ovarian-tumor-ultrasound-classification/data/processed/MMOTU_OTU_2D_roi_pred/train/images/940.png
941,train,B,/home/jvillanueva/projects/ovarian-tumor-ultrasound-classification/data/processed/MMOTU_OTU_2D_experimental/train/images/941.JPG,/home/jvillanueva/projects/ovarian-tumor-ultrasound-classification/results/segmentation/unet_baseline/train/predicted_masks/941_pred.png,297,193,0.170457,False,,/home/jvillanueva/projects/ovarian-tumor-ultrasound-classification/data/processed/MMOTU_OTU_2D_roi_pred/train/images/941.png
942,train,B,/home/jvillanueva/projects/ovarian-tumor-ultrasound-classification/data/processed/MMOTU_OTU_2D_experimental/train/images/942.JPG,/home/jvillanueva/projects/ovarian-tumor-ultrasound-classification/results/segmentation/unet_baseline/train/predicted_masks/942_pred.png,315,166,0.156841,False,,/home/jvillanueva/projects/ovarian-tumor-ultrasound-classification/data/processed/MMOTU_OTU_2D_roi_pred/train/images/942.png
943,train,B,/home/jvillanueva/projects/ovarian-tumor-ultrasound-classification/data/processed/MMOTU_OTU_2D_experimental/train/images/943.JPG,/home/jvillanueva/projects/ovarian-tumor-ultrasound-classification/results/segmentation/unet_baseline/train/predicted_masks/943_pred.png,316,165,0.156648,False,,/home/jvillanueva/projects/ovarian-tumor-ultrasound-classification/data/processed/MMOTU_OTU_2D_roi_pred/train/images/943.png
95,train,B,/home/jvillanueva/projects/ovarian-tumor-ultrasound-classification/data/processed/MMOTU_OTU_2D_experimental/train/images/95.JPG,/home/jvillanueva/projects/ovarian-tumor-ultrasound-classification/results/segmentation/unet_baseline/train/predicted_masks/95_pred.png,643,454,0.459608,False,,/home/jvillanueva/projects/ovarian-tumor-ultrasound-classification/data/processed/MMOTU_OTU_2D_roi_pred/train/images/95.png
950,train,B,/home/jvillanueva/projects/ovarian-tumor-ultrasound-classification/data/processed/MMOTU_OTU_2D_experimental/train/images/950.JPG,/home/jvillanueva/projects/ovarian-tumor-ultrasound-classification/results/segmentation/unet_baseline/train/predicted_masks/950_pred.png,153,155,0.070766,False,,/home/jvillanueva/projects/ovarian-tumor-ultrasound-classification/data/processed/MMOTU_OTU_2D_roi_pred/train/images/950.png
951,train,B,/home/jvillanueva/projects/ovarian-tumor-ultrasound-classification/data/processed/MMOTU_OTU_2D_experimental/train/images/951.JPG,/home/jvillanueva/projects/ovarian-tumor-ultrasound-classification/results/segmentation/unet_baseline/train/predicted_masks/951_pred.png,261,170,0.133304,False,,/home/jvillanueva/projects/ovarian-tumor-ultrasound-classification/data/processed/MMOTU_OTU_2D_roi_pred/train/images/951.png
955,train,B,/home/jvillanueva/projects/ovarian-tumor-ultrasound-classification/data/processed/MMOTU_OTU_2D_experimental/train/images/955.JPG,/home/jvillanueva/projects/ovarian-tumor-ultrasound-classification/results/segmentation/unet_baseline/train/predicted_masks/955_pred.png,148,94,0.053475,False,,/home/jvillanueva/projects/ovarian-tumor-ultrasound-classification/data/processed/MMOTU_OTU_2D_roi_pred/train/images/955.png
956,train,B,/home/jvillanueva/projects/ovarian-tumor-ultrasound-classification/data/processed/MMOTU_OTU_2D_experimental/train/images/956.JPG,/home/jvillanueva/projects/ovarian-tumor-ultrasound-classification/results/segmentation/unet_baseline/train/predicted_masks/956_pred.png,143,97,0.053357,False,,/home/jvillanueva/projects/ovarian-tumor-ultrasound-classification/data/processed/MMOTU_OTU_2D_roi_pred/train/images/956.png
958,train,B,/home/jvillanueva/projects/ovarian-tumor-ultrasound-classification/data/processed/MMOTU_OTU_2D_experimental/train/images/958.JPG,/home/jvillanueva/projects/ovarian-tumor-ultrasound-classification/results/segmentation/unet_baseline/train/predicted_masks/958_pred.png,97,100,0.038266,False,,/home/jvillanueva/projects/ovarian-tumor-ultrasound-classification/data/processed/MMOTU_OTU_2D_roi_pred/train/images/958.png
959,train,B,/home/jvillanueva/projects/ovarian-tumor-ultrasound-classification/data/processed/MMOTU_OTU_2D_experimental/train/images/959.JPG,/home/jvillanueva/projects/ovarian-tumor-ultrasound-classification/results/segmentation/unet_baseline/train/predicted_masks/959_pred.png,108,133,0.058012,False,,/home/jvillanueva/projects/ovarian-tumor-ultrasound-classification/data/processed/MMOTU_OTU_2D_roi_pred/train/images/959.png
961,train,B,/home/jvillanueva/projects/ovarian-tumor-ultrasound-classification/data/processed/MMOTU_OTU_2D_experimental/train/images/961.JPG,/home/jvillanueva/projects/ovarian-tumor-ultrasound-classification/results/segmentation/unet_baseline/train/predicted_masks/961_pred.png,189,177,0.067483,False,,/home/jvillanueva/projects/ovarian-tumor-ultrasound-classification/data/processed/MMOTU_OTU_2D_roi_pred/train/images/961.png
963,train,B,/home/jvillanueva/projects/ovarian-tumor-ultrasound-classification/data/processed/MMOTU_OTU_2D_experimental/train/images/963.JPG,/home/jvillanueva/projects/ovarian-tumor-ultrasound-classification/results/segmentation/unet_baseline/train/predicted_masks/963_pred.png,130,152,0.039625,False,,/home/jvillanueva/projects/ovarian-tumor-ultrasound-classification/data/processed/MMOTU_OTU_2D_roi_pred/train/images/963.png
964,train,B,/home/jvillanueva/projects/ovarian-tumor-ultrasound-classification/data/processed/MMOTU_OTU_2D_experimental/train/images/964.JPG,/home/jvillanueva/projects/ovarian-tumor-ultrasound-classification/results/segmentation/unet_baseline/train/predicted_masks/964_pred.png,143,165,0.047381,False,,/home/jvillanueva/projects/ovarian-tumor-ultrasound-classification/data/processed/MMOTU_OTU_2D_roi_pred/train/images/964.png
967,train,B,/home/jvillanueva/projects/ovarian-tumor-ultrasound-classification/data/processed/MMOTU_OTU_2D_experimental/train/images/967.JPG,/home/jvillanueva/projects/ovarian-tumor-ultrasound-classification/results/segmentation/unet_baseline/train/predicted_masks/967_pred.png,652,408,0.548934,False,,/home/jvillanueva/projects/ovarian-tumor-ultrasound-classification/data/processed/MMOTU_OTU_2D_roi_pred/train/images/967.png
968,train,B,/home/jvillanueva/projects/ovarian-tumor-ultrasound-classification/data/processed/MMOTU_OTU_2D_experimental/train/images/968.JPG,/home/jvillanueva/projects/ovarian-tumor-ultrasound-classification/results/segmentation/unet_baseline/train/predicted_masks/968_pred.png,748,560,0.631981,False,,/home/jvillanueva/projects/ovarian-tumor-ultrasound-classification/data/processed/MMOTU_OTU_2D_roi_pred/train/images/968.png
969,train,B,/home/jvillanueva/projects/ovarian-tumor-ultrasound-classification/data/processed/MMOTU_OTU_2D_experimental/train/images/969.JPG,/home/jvillanueva/projects/ovarian-tumor-ultrasound-classification/results/segmentation/unet_baseline/train/predicted_masks/969_pred.png,620,484,0.597263,False,,/home/jvillanueva/projects/ovarian-tumor-ultrasound-classification/data/processed/MMOTU_OTU_2D_roi_pred/train/images/969.png
97,train,B,/home/jvillanueva/projects/ovarian-tumor-ultrasound-classification/data/processed/MMOTU_OTU_2D_experimental/train/images/97.JPG,/home/jvillanueva/projects/ovarian-tumor-ultrasound-classification/results/segmentation/unet_baseline/train/predicted_masks/97_pred.png,139,91,0.022021,False,,/home/jvillanueva/projects/ovarian-tumor-ultrasound-classification/data/processed/MMOTU_OTU_2D_roi_pred/train/images/97.png
972,train,B,/home/jvillanueva/projects/ovarian-tumor-ultrasound-classification/data/processed/MMOTU_OTU_2D_experimental/train/images/972.JPG,/home/jvillanueva/projects/ovarian-tumor-ultrasound-classification/results/segmentation/unet_baseline/train/predicted_masks/972_pred.png,134,119,0.06341,False,,/home/jvillanueva/projects/ovarian-tumor-ultrasound-classification/data/processed/MMOTU_OTU_2D_roi_pred/train/images/972.png
974,train,B,/home/jvillanueva/projects/ovarian-tumor-ultrasound-classification/data/processed/MMOTU_OTU_2D_experimental/train/images/974.JPG,/home/jvillanueva/projects/ovarian-tumor-ultrasound-classification/results/segmentation/unet_baseline/train/predicted_masks/974_pred.png,128,121,0.060451,False,,/home/jvillanueva/projects/ovarian-tumor-ultrasound-classification/data/processed/MMOTU_OTU_2D_roi_pred/train/images/974.png
975,train,B,/home/jvillanueva/projects/ovarian-tumor-ultrasound-classification/data/processed/MMOTU_OTU_2D_experimental/train/images/975.JPG,/home/jvillanueva/projects/ovarian-tumor-ultrasound-classification/results/segmentation/unet_baseline/train/predicted_masks/975_pred.png,134,129,0.068232,False,,/home/jvillanueva/projects/ovarian-tumor-ultrasound-classification/data/processed/MMOTU_OTU_2D_roi_pred/train/images/975.png
976,train,B,/home/jvillanueva/projects/ovarian-tumor-ultrasound-classification/data/processed/MMOTU_OTU_2D_experimental/train/images/976.JPG,/home/jvillanueva/projects/ovarian-tumor-ultrasound-classification/results/segmentation/unet_baseline/train/predicted_masks/976_pred.png,479,433,0.820076,False,,/home/jvillanueva/projects/ovarian-tumor-ultrasound-classification/data/processed/MMOTU_OTU_2D_roi_pred/train/images/976.png
977,train,B,/home/jvillanueva/projects/ovarian-tumor-ultrasound-classification/data/processed/MMOTU_OTU_2D_experimental/train/images/977.JPG,/home/jvillanueva/projects/ovarian-tumor-ultrasound-classification/results/segmentation/unet_baseline/train/predicted_masks/977_pred.png,399,374,0.592275,False,,/home/jvillanueva/projects/ovarian-tumor-ultrasound-classification/data/processed/MMOTU_OTU_2D_roi_pred/train/images/977.png
980,train,B,/home/jvillanueva/projects/ovarian-tumor-ultrasound-classification/data/processed/MMOTU_OTU_2D_experimental/train/images/980.JPG,/home/jvillanueva/projects/ovarian-tumor-ultrasound-classification/results/segmentation/unet_baseline/train/predicted_masks/980_pred.png,131,119,0.061278,False,,/home/jvillanueva/projects/ovarian-tumor-ultrasound-classification/data/processed/MMOTU_OTU_2D_roi_pred/train/images/980.png
983,train,B,/home/jvillanueva/projects/ovarian-tumor-ultrasound-classification/data/processed/MMOTU_OTU_2D_experimental/train/images/983.JPG,/home/jvillanueva/projects/ovarian-tumor-ultrasound-classification/results/segmentation/unet_baseline/train/predicted_masks/983_pred.png,229,235,0.080774,False,,/home/jvillanueva/projects/ovarian-tumor-ultrasound-classification/data/processed/MMOTU_OTU_2D_roi_pred/train/images/983.png
984,train,B,/home/jvillanueva/projects/ovarian-tumor-ultrasound-classification/data/processed/MMOTU_OTU_2D_experimental/train/images/984.JPG,/home/jvillanueva/projects/ovarian-tumor-ultrasound-classification/results/segmentation/unet_baseline/train/predicted_masks/984_pred.png,181,116,0.062542,False,,/home/jvillanueva/projects/ovarian-tumor-ultrasound-classification/data/processed/MMOTU_OTU_2D_roi_pred/train/images/984.png
986,train,B,/home/jvillanueva/projects/ovarian-tumor-ultrasound-classification/data/processed/MMOTU_OTU_2D_experimental/train/images/986.JPG,/home/jvillanueva/projects/ovarian-tumor-ultrasound-classification/results/segmentation/unet_baseline/train/predicted_masks/986_pred.png,216,194,0.126333,False,,/home/jvillanueva/projects/ovarian-tumor-ultrasound-classification/data/processed/MMOTU_OTU_2D_roi_pred/train/images/986.png
987,train,B,/home/jvillanueva/projects/ovarian-tumor-ultrasound-classification/data/processed/MMOTU_OTU_2D_experimental/train/images/987.JPG,/home/jvillanueva/projects/ovarian-tumor-ultrasound-classification/results/segmentation/unet_baseline/train/predicted_masks/987_pred.png,139,197,0.083266,False,,/home/jvillanueva/projects/ovarian-tumor-ultrasound-classification/data/processed/MMOTU_OTU_2D_roi_pred/train/images/987.png
988,train,B,/home/jvillanueva/projects/ovarian-tumor-ultrasound-classification/data/processed/MMOTU_OTU_2D_experimental/train/images/988.JPG,/home/jvillanueva/projects/ovarian-tumor-ultrasound-classification/results/segmentation/unet_baseline/train/predicted_masks/988_pred.png,95,144,0.0416,False,,/home/jvillanueva/projects/ovarian-tumor-ultrasound-classification/data/processed/MMOTU_OTU_2D_roi_pred/train/images/988.png
989,train,B,/home/jvillanueva/projects/ovarian-tumor-ultrasound-classification/data/processed/MMOTU_OTU_2D_experimental/train/images/989.JPG,/home/jvillanueva/projects/ovarian-tumor-ultrasound-classification/results/segmentation/unet_baseline/train/predicted_masks/989_pred.png,82,168,0.041537,False,,/home/jvillanueva/projects/ovarian-tumor-ultrasound-classification/data/processed/MMOTU_OTU_2D_roi_pred/train/images/989.png
990,train,B,/home/jvillanueva/projects/ovarian-tumor-ultrasound-classification/data/processed/MMOTU_OTU_2D_experimental/train/images/990.JPG,/home/jvillanueva/projects/ovarian-tumor-ultrasound-classification/results/segmentation/unet_baseline/train/predicted_masks/990_pred.png,501,314,0.418333,False,,/home/jvillanueva/projects/ovarian-tumor-ultrasound-classification/data/processed/MMOTU_OTU_2D_roi_pred/train/images/990.png
992,train,B,/home/jvillanueva/projects/ovarian-tumor-ultrasound-classification/data/processed/MMOTU_OTU_2D_experimental/train/images/992.JPG,/home/jvillanueva/projects/ovarian-tumor-ultrasound-classification/results/segmentation/unet_baseline/train/predicted_masks/992_pred.png,499,273,0.347637,False,,/home/jvillanueva/projects/ovarian-tumor-ultrasound-classification/data/processed/MMOTU_OTU_2D_roi_pred/train/images/992.png
994,train,B,/home/jvillanueva/projects/ovarian-tumor-ultrasound-classification/data/processed/MMOTU_OTU_2D_experimental/train/images/994.JPG,/home/jvillanueva/projects/ovarian-tumor-ultrasound-classification/results/segmentation/unet_baseline/train/predicted_masks/994_pred.png,191,145,0.112303,False,,/home/jvillanueva/projects/ovarian-tumor-ultrasound-classification/data/processed/MMOTU_OTU_2D_roi_pred/train/images/994.png
995,train,B,/home/jvillanueva/projects/ovarian-tumor-ultrasound-classification/data/processed/MMOTU_OTU_2D_experimental/train/images/995.JPG,/home/jvillanueva/projects/ovarian-tumor-ultrasound-classification/results/segmentation/unet_baseline/train/predicted_masks/995_pred.png,208,184,0.1598,False,,/home/jvillanueva/projects/ovarian-tumor-ultrasound-classification/data/processed/MMOTU_OTU_2D_roi_pred/train/images/995.png
996,train,B,/home/jvillanueva/projects/ovarian-tumor-ultrasound-classification/data/processed/MMOTU_OTU_2D_experimental/train/images/996.JPG,/home/jvillanueva/projects/ovarian-tumor-ultrasound-classification/results/segmentation/unet_baseline/train/predicted_masks/996_pred.png,379,256,0.3979,False,,/home/jvillanueva/projects/ovarian-tumor-ultrasound-classification/data/processed/MMOTU_OTU_2D_roi_pred/train/images/996.png
997,train,B,/home/jvillanueva/projects/ovarian-tumor-ultrasound-classification/data/processed/MMOTU_OTU_2D_experimental/train/images/997.JPG,/home/jvillanueva/projects/ovarian-tumor-ultrasound-classification/results/segmentation/unet_baseline/train/predicted_masks/997_pred.png,423,335,0.582353,False,,/home/jvillanueva/projects/ovarian-tumor-ultrasound-classification/data/processed/MMOTU_OTU_2D_roi_pred/train/images/997.png
999,train,B,/home/jvillanueva/projects/ovarian-tumor-ultrasound-classification/data/processed/MMOTU_OTU_2D_experimental/train/images/999.JPG,/home/jvillanueva/projects/ovarian-tumor-ultrasound-classification/results/segmentation/unet_baseline/train/predicted_masks/999_pred.png,477,308,0.2899,False,,/home/jvillanueva/projects/ovarian-tumor-ultrasound-classification/data/processed/MMOTU_OTU_2D_roi_pred/train/images/999.png
1001,validation,B,/home/jvillanueva/projects/ovarian-tumor-ultrasound-classification/data/processed/MMOTU_OTU_2D_experimental/validation/images/1001.JPG,/home/jvillanueva/projects/ovarian-tumor-ultrasound-classification/results/segmentation/unet_baseline/validation/predicted_masks/1001_pred.png,443,301,0.524147,False,,/home/jvillanueva/projects/ovarian-tumor-ultrasound-classification/data/processed/MMOTU_OTU_2D_roi_pred/validation/images/1001.png
1005,validation,B,/home/jvillanueva/projects/ovarian-tumor-ultrasound-classification/data/processed/MMOTU_OTU_2D_experimental/validation/images/1005.JPG,/home/jvillanueva/projects/ovarian-tumor-ultrasound-classification/results/segmentation/unet_baseline/validation/predicted_masks/1005_pred.png,288,144,0.081594,False,,/home/jvillanueva/projects/ovarian-tumor-ultrasound-classification/data/processed/MMOTU_OTU_2D_roi_pred/validation/images/1005.png
1007,validation,B,/home/jvillanueva/projects/ovarian-tumor-ultrasound-classification/data/processed/MMOTU_OTU_2D_experimental/validation/images/1007.JPG,/home/jvillanueva/projects/ovarian-tumor-ultrasound-classification/results/segmentation/unet_baseline/validation/predicted_masks/1007_pred.png,421,337,0.27896,False,,/home/jvillanueva/projects/ovarian-tumor-ultrasound-classification/data/processed/MMOTU_OTU_2D_roi_pred/validation/images/1007.png
101,validation,B,/home/jvillanueva/projects/ovarian-tumor-ultrasound-classification/data/processed/MMOTU_OTU_2D_experimental/validation/images/101.JPG,/home/jvillanueva/projects/ovarian-tumor-ultrasound-classification/results/segmentation/unet_baseline/validation/predicted_masks/101_pred.png,480,412,0.386573,False,,/home/jvillanueva/projects/ovarian-tumor-ultrasound-classification/data/processed/MMOTU_OTU_2D_roi_pred/validation/images/101.png
1010,validation,B,/home/jvillanueva/projects/ovarian-tumor-ultrasound-classification/data/processed/MMOTU_OTU_2D_experimental/validation/images/1010.JPG,/home/jvillanueva/projects/ovarian-tumor-ultrasound-classification/results/segmentation/unet_baseline/validation/predicted_masks/1010_pred.png,408,286,0.460331,False,,/home/jvillanueva/projects/ovarian-tumor-ultrasound-classification/data/processed/MMOTU_OTU_2D_roi_pred/validation/images/1010.png
1011,validation,B,/home/jvillanueva/projects/ovarian-tumor-ultrasound-classification/data/processed/MMOTU_OTU_2D_experimental/validation/images/1011.JPG,/home/jvillanueva/projects/ovarian-tumor-ultrasound-classification/results/segmentation/unet_baseline/validation/predicted_masks/1011_pred.png,340,288,0.387833,False,,/home/jvillanueva/projects/ovarian-tumor-ultrasound-classification/data/processed/MMOTU_OTU_2D_roi_pred/validation/images/1011.png
1016,validation,B,/home/jvillanueva/projects/ovarian-tumor-ultrasound-classification/data/processed/MMOTU_OTU_2D_experimental/validation/images/1016.JPG,/home/jvillanueva/projects/ovarian-tumor-ultrasound-classification/results/segmentation/unet_baseline/validation/predicted_masks/1016_pred.png,152,214,0.098072,False,,/home/jvillanueva/projects/ovarian-tumor-ultrasound-classification/data/processed/MMOTU_OTU_2D_roi_pred/validation/images/1016.png
1022,validation,B,/home/jvillanueva/projects/ovarian-tumor-ultrasound-classification/data/processed/MMOTU_OTU_2D_experimental/validation/images/1022.JPG,/home/jvillanueva/projects/ovarian-tumor-ultrasound-classification/results/segmentation/unet_baseline/validation/predicted_masks/1022_pred.png,435,317,0.206467,False,,/home/jvillanueva/projects/ovarian-tumor-ultrasound-classification/data/processed/MMOTU_OTU_2D_roi_pred/validation/images/1022.png
1026,validation,B,/home/jvillanueva/projects/ovarian-tumor-ultrasound-classification/data/processed/MMOTU_OTU_2D_experimental/validation/images/1026.JPG,/home/jvillanueva/projects/ovarian-tumor-ultrasound-classification/results/segmentation/unet_baseline/validation/predicted_masks/1026_pred.png,221,191,0.167795,False,,/home/jvillanueva/projects/ovarian-tumor-ultrasound-classification/data/processed/MMOTU_OTU_2D_roi_pred/validation/images/1026.png
1035,validation,B,/home/jvillanueva/projects/ovarian-tumor-ultrasound-classification/data/processed/MMOTU_OTU_2D_experimental/validation/images/1035.JPG,/home/jvillanueva/projects/ovarian-tumor-ultrasound-classification/results/segmentation/unet_baseline/validation/predicted_masks/1035_pred.png,205,148,0.11994,False,,/home/jvillanueva/projects/ovarian-tumor-ultrasound-classification/data/processed/MMOTU_OTU_2D_roi_pred/validation/images/1035.png
1050,validation,B,/home/jvillanueva/projects/ovarian-tumor-ultrasound-classification/data/processed/MMOTU_OTU_2D_experimental/validation/images/1050.JPG,/home/jvillanueva/projects/ovarian-tumor-ultrasound-classification/results/segmentation/unet_baseline/validation/predicted_masks/1050_pred.png,441,405,0.351765,False,,/home/jvillanueva/projects/ovarian-tumor-ultrasound-classification/data/processed/MMOTU_OTU_2D_roi_pred/validation/images/1050.png
1056,validation,B,/home/jvillanueva/projects/ovarian-tumor-ultrasound-classification/data/processed/MMOTU_OTU_2D_experimental/validation/images/1056.JPG,/home/jvillanueva/projects/ovarian-tumor-ultrasound-classification/results/segmentation/unet_baseline/validation/predicted_masks/1056_pred.png,278,164,0.136983,False,,/home/jvillanueva/projects/ovarian-tumor-ultrasound-classification/data/processed/MMOTU_OTU_2D_roi_pred/validation/images/1056.png
1059,validation,B,/home/jvillanueva/projects/ovarian-tumor-ultrasound-classification/data/processed/MMOTU_OTU_2D_experimental/validation/images/1059.JPG,/home/jvillanueva/projects/ovarian-tumor-ultrasound-classification/results/segmentation/unet_baseline/validation/predicted_masks/1059_pred.png,568,477,0.816781,False,,/home/jvillanueva/projects/ovarian-tumor-ultrasound-classification/data/processed/MMOTU_OTU_2D_roi_pred/validation/images/1059.png
107,validation,B,/home/jvillanueva/projects/ovarian-tumor-ultrasound-classification/data/processed/MMOTU_OTU_2D_experimental/validation/images/107.JPG,/home/jvillanueva/projects/ovarian-tumor-ultrasound-classification/results/segmentation/unet_baseline/validation/predicted_masks/107_pred.png,373,392,0.284985,False,,/home/jvillanueva/projects/ovarian-tumor-ultrasound-classification/data/processed/MMOTU_OTU_2D_roi_pred/validation/images/107.png
1075,validation,B,/home/jvillanueva/projects/ovarian-tumor-ultrasound-classification/data/processed/MMOTU_OTU_2D_experimental/validation/images/1075.JPG,/home/jvillanueva/projects/ovarian-tumor-ultrasound-classification/results/segmentation/unet_baseline/validation/predicted_masks/1075_pred.png,145,139,0.079635,False,,/home/jvillanueva/projects/ovarian-tumor-ultrasound-classification/data/processed/MMOTU_OTU_2D_roi_pred/validation/images/1075.png
1077,validation,B,/home/jvillanueva/projects/ovarian-tumor-ultrasound-classification/data/processed/MMOTU_OTU_2D_experimental/validation/images/1077.JPG,/home/jvillanueva/projects/ovarian-tumor-ultrasound-classification/results/segmentation/unet_baseline/validation/predicted_masks/1077_pred.png,268,284,0.302087,False,,/home/jvillanueva/projects/ovarian-tumor-ultrasound-classification/data/processed/MMOTU_OTU_2D_roi_pred/validation/images/1077.png
1090,validation,B,/home/jvillanueva/projects/ovarian-tumor-ultrasound-classification/data/processed/MMOTU_OTU_2D_experimental/validation/images/1090.JPG,/home/jvillanueva/projects/ovarian-tumor-ultrasound-classification/results/segmentation/unet_baseline/validation/predicted_masks/1090_pred.png,244,241,0.232554,False,,/home/jvillanueva/projects/ovarian-tumor-ultrasound-classification/data/processed/MMOTU_OTU_2D_roi_pred/validation/images/1090.png
11,validation,B,/home/jvillanueva/projects/ovarian-tumor-ultrasound-classification/data/processed/MMOTU_OTU_2D_experimental/validation/images/11.JPG,/home/jvillanueva/projects/ovarian-tumor-ultrasound-classification/results/segmentation/unet_baseline/validation/predicted_masks/11_pred.png,428,298,0.501352,False,,/home/jvillanueva/projects/ovarian-tumor-ultrasound-classification/data/processed/MMOTU_OTU_2D_roi_pred/validation/images/11.png
1103,validation,B,/home/jvillanueva/projects/ovarian-tumor-ultrasound-classification/data/processed/MMOTU_OTU_2D_experimental/validation/images/1103.JPG,/home/jvillanueva/projects/ovarian-tumor-ultrasound-classification/results/segmentation/unet_baseline/validation/predicted_masks/1103_pred.png,283,207,0.117615,False,,/home/jvillanueva/projects/ovarian-tumor-ultrasound-classification/data/processed/MMOTU_OTU_2D_roi_pred/validation/images/1103.png
1109,validation,B,/home/jvillanueva/projects/ovarian-tumor-ultrasound-classification/data/processed/MMOTU_OTU_2D_experimental/validation/images/1109.JPG,/home/jvillanueva/projects/ovarian-tumor-ultrasound-classification/results/segmentation/unet_baseline/validation/predicted_masks/1109_pred.png,399,312,0.242183,False,,/home/jvillanueva/projects/ovarian-tumor-ultrasound-classification/data/processed/MMOTU_OTU_2D_roi_pred/validation/images/1109.png
111,validation,B,/home/jvillanueva/projects/ovarian-tumor-ultrasound-classification/data/processed/MMOTU_OTU_2D_experimental/validation/images/111.JPG,/home/jvillanueva/projects/ovarian-tumor-ultrasound-classification/results/segmentation/unet_baseline/validation/predicted_masks/111_pred.png,269,202,0.105514,False,,/home/jvillanueva/projects/ovarian-tumor-ultrasound-classification/data/processed/MMOTU_OTU_2D_roi_pred/validation/images/111.png
1114,validation,B,/home/jvillanueva/projects/ovarian-tumor-ultrasound-classification/data/processed/MMOTU_OTU_2D_experimental/validation/images/1114.JPG,/home/jvillanueva/projects/ovarian-tumor-ultrasound-classification/results/segmentation/unet_baseline/validation/predicted_masks/1114_pred.png,208,160,0.129623,False,,/home/jvillanueva/projects/ovarian-tumor-ultrasound-classification/data/processed/MMOTU_OTU_2D_roi_pred/validation/images/1114.png
1117,validation,B,/home/jvillanueva/projects/ovarian-tumor-ultrasound-classification/data/processed/MMOTU_OTU_2D_experimental/validation/images/1117.JPG,/home/jvillanueva/projects/ovarian-tumor-ultrasound-classification/results/segmentation/unet_baseline/validation/predicted_masks/1117_pred.png,468,314,0.232879,False,,/home/jvillanueva/projects/ovarian-tumor-ultrasound-classification/data/processed/MMOTU_OTU_2D_roi_pred/validation/images/1117.png
1119,validation,B,/home/jvillanueva/projects/ovarian-tumor-ultrasound-classification/data/processed/MMOTU_OTU_2D_experimental/validation/images/1119.JPG,/home/jvillanueva/projects/ovarian-tumor-ultrasound-classification/results/segmentation/unet_baseline/validation/predicted_masks/1119_pred.png,536,325,0.338895,False,,/home/jvillanueva/projects/ovarian-tumor-ultrasound-classification/data/processed/MMOTU_OTU_2D_roi_pred/validation/images/1119.png
1129,validation,B,/home/jvillanueva/projects/ovarian-tumor-ultrasound-classification/data/processed/MMOTU_OTU_2D_experimental/validation/images/1129.JPG,/home/jvillanueva/projects/ovarian-tumor-ultrasound-classification/results/segmentation/unet_baseline/validation/predicted_masks/1129_pred.png,425,427,0.539622,False,,/home/jvillanueva/projects/ovarian-tumor-ultrasound-classification/data/processed/MMOTU_OTU_2D_roi_pred/validation/images/1129.png
1135,validation,B,/home/jvillanueva/projects/ovarian-tumor-ultrasound-classification/data/processed/MMOTU_OTU_2D_experimental/validation/images/1135.JPG,/home/jvillanueva/projects/ovarian-tumor-ultrasound-classification/results/segmentation/unet_baseline/validation/predicted_masks/1135_pred.png,557,397,0.663262,False,,/home/jvillanueva/projects/ovarian-tumor-ultrasound-classification/data/processed/MMOTU_OTU_2D_roi_pred/validation/images/1135.png
1137,validation,B,/home/jvillanueva/projects/ovarian-tumor-ultrasound-classification/data/processed/MMOTU_OTU_2D_experimental/validation/images/1137.JPG,/home/jvillanueva/projects/ovarian-tumor-ultrasound-classification/results/segmentation/unet_baseline/validation/predicted_masks/1137_pred.png,208,181,0.072202,False,,/home/jvillanueva/projects/ovarian-tumor-ultrasound-classification/data/processed/MMOTU_OTU_2D_roi_pred/validation/images/1137.png
1144,validation,B,/home/jvillanueva/projects/ovarian-tumor-ultrasound-classification/data/processed/MMOTU_OTU_2D_experimental/validation/images/1144.JPG,/home/jvillanueva/projects/ovarian-tumor-ultrasound-classification/results/segmentation/unet_baseline/validation/predicted_masks/1144_pred.png,451,283,0.252064,False,,/home/jvillanueva/projects/ovarian-tumor-ultrasound-classification/data/processed/MMOTU_OTU_2D_roi_pred/validation/images/1144.png
1160,validation,B,/home/jvillanueva/projects/ovarian-tumor-ultrasound-classification/data/processed/MMOTU_OTU_2D_experimental/validation/images/1160.JPG,/home/jvillanueva/projects/ovarian-tumor-ultrasound-classification/results/segmentation/unet_baseline/validation/predicted_masks/1160_pred.png,140,142,0.039187,False,,/home/jvillanueva/projects/ovarian-tumor-ultrasound-classification/data/processed/MMOTU_OTU_2D_roi_pred/validation/images/1160.png
117,validation,B,/home/jvillanueva/projects/ovarian-tumor-ultrasound-classification/data/processed/MMOTU_OTU_2D_experimental/validation/images/117.JPG,/home/jvillanueva/projects/ovarian-tumor-ultrasound-classification/results/segmentation/unet_baseline/validation/predicted_masks/117_pred.png,399,421,0.657813,False,,/home/jvillanueva/projects/ovarian-tumor-ultrasound-classification/data/processed/MMOTU_OTU_2D_roi_pred/validation/images/117.png
1172,validation,B,/home/jvillanueva/projects/ovarian-tumor-ultrasound-classification/data/processed/MMOTU_OTU_2D_experimental/validation/images/1172.JPG,/home/jvillanueva/projects/ovarian-tumor-ultrasound-classification/results/segmentation/unet_baseline/validation/predicted_masks/1172_pred.png,556,488,0.67414,False,,/home/jvillanueva/projects/ovarian-tumor-ultrasound-classification/data/processed/MMOTU_OTU_2D_roi_pred/validation/images/1172.png
1177,validation,B,/home/jvillanueva/projects/ovarian-tumor-ultrasound-classification/data/processed/MMOTU_OTU_2D_experimental/validation/images/1177.JPG,/home/jvillanueva/projects/ovarian-tumor-ultrasound-classification/results/segmentation/unet_baseline/validation/predicted_masks/1177_pred.png,323,360,0.227299,False,,/home/jvillanueva/projects/ovarian-tumor-ultrasound-classification/data/processed/MMOTU_OTU_2D_roi_pred/validation/images/1177.png
1178,validation,B,/home/jvillanueva/projects/ovarian-tumor-ultrasound-classification/data/processed/MMOTU_OTU_2D_experimental/validation/images/1178.JPG,/home/jvillanueva/projects/ovarian-tumor-ultrasound-classification/results/segmentation/unet_baseline/validation/predicted_masks/1178_pred.png,124,133,0.041329,False,,/home/jvillanueva/projects/ovarian-tumor-ultrasound-classification/data/processed/MMOTU_OTU_2D_roi_pred/validation/images/1178.png
1189,validation,B,/home/jvillanueva/projects/ovarian-tumor-ultrasound-classification/data/processed/MMOTU_OTU_2D_experimental/validation/images/1189.JPG,/home/jvillanueva/projects/ovarian-tumor-ultrasound-classification/results/segmentation/unet_baseline/validation/predicted_masks/1189_pred.png,360,240,0.17146,False,,/home/jvillanueva/projects/ovarian-tumor-ultrasound-classification/data/processed/MMOTU_OTU_2D_roi_pred/validation/images/1189.png
1198,validation,B,/home/jvillanueva/projects/ovarian-tumor-ultrasound-classification/data/processed/MMOTU_OTU_2D_experimental/validation/images/1198.JPG,/home/jvillanueva/projects/ovarian-tumor-ultrasound-classification/results/segmentation/unet_baseline/validation/predicted_masks/1198_pred.png,143,208,0.058532,False,,/home/jvillanueva/projects/ovarian-tumor-ultrasound-classification/data/processed/MMOTU_OTU_2D_roi_pred/validation/images/1198.png
120,validation,B,/home/jvillanueva/projects/ovarian-tumor-ultrasound-classification/data/processed/MMOTU_OTU_2D_experimental/validation/images/120.JPG,/home/jvillanueva/projects/ovarian-tumor-ultrasound-classification/results/segmentation/unet_baseline/validation/predicted_masks/120_pred.png,277,196,0.212168,False,,/home/jvillanueva/projects/ovarian-tumor-ultrasound-classification/data/processed/MMOTU_OTU_2D_roi_pred/validation/images/120.png
1211,validation,B,/home/jvillanueva/projects/ovarian-tumor-ultrasound-classification/data/processed/MMOTU_OTU_2D_experimental/validation/images/1211.JPG,/home/jvillanueva/projects/ovarian-tumor-ultrasound-classification/results/segmentation/unet_baseline/validation/predicted_masks/1211_pred.png,195,196,0.075464,False,,/home/jvillanueva/projects/ovarian-tumor-ultrasound-classification/data/processed/MMOTU_OTU_2D_roi_pred/validation/images/1211.png
1215,validation,B,/home/jvillanueva/projects/ovarian-tumor-ultrasound-classification/data/processed/MMOTU_OTU_2D_experimental/validation/images/1215.JPG,/home/jvillanueva/projects/ovarian-tumor-ultrasound-classification/results/segmentation/unet_baseline/validation/predicted_masks/1215_pred.png,499,385,0.37703,False,,/home/jvillanueva/projects/ovarian-tumor-ultrasound-classification/data/processed/MMOTU_OTU_2D_roi_pred/validation/images/1215.png
1222,validation,B,/home/jvillanueva/projects/ovarian-tumor-ultrasound-classification/data/processed/MMOTU_OTU_2D_experimental/validation/images/1222.JPG,/home/jvillanueva/projects/ovarian-tumor-ultrasound-classification/results/segmentation/unet_baseline/validation/predicted_masks/1222_pred.png,453,389,0.263827,False,,/home/jvillanueva/projects/ovarian-tumor-ultrasound-classification/data/processed/MMOTU_OTU_2D_roi_pred/validation/images/1222.png
123,validation,B,/home/jvillanueva/projects/ovarian-tumor-ultrasound-classification/data/processed/MMOTU_OTU_2D_experimental/validation/images/123.JPG,/home/jvillanueva/projects/ovarian-tumor-ultrasound-classification/results/segmentation/unet_baseline/validation/predicted_masks/123_pred.png,273,428,0.455758,False,,/home/jvillanueva/projects/ovarian-tumor-ultrasound-classification/data/processed/MMOTU_OTU_2D_roi_pred/validation/images/123.png
1242,validation,B,/home/jvillanueva/projects/ovarian-tumor-ultrasound-classification/data/processed/MMOTU_OTU_2D_experimental/validation/images/1242.JPG,/home/jvillanueva/projects/ovarian-tumor-ultrasound-classification/results/segmentation/unet_baseline/validation/predicted_masks/1242_pred.png,451,429,0.379945,False,,/home/jvillanueva/projects/ovarian-tumor-ultrasound-classification/data/processed/MMOTU_OTU_2D_roi_pred/validation/images/1242.png
1245,validation,B,/home/jvillanueva/projects/ovarian-tumor-ultrasound-classification/data/processed/MMOTU_OTU_2D_experimental/validation/images/1245.JPG,/home/jvillanueva/projects/ovarian-tumor-ultrasound-classification/results/segmentation/unet_baseline/validation/predicted_masks/1245_pred.png,379,313,0.231212,False,,/home/jvillanueva/projects/ovarian-tumor-ultrasound-classification/data/processed/MMOTU_OTU_2D_roi_pred/validation/images/1245.png
1256,validation,B,/home/jvillanueva/projects/ovarian-tumor-ultrasound-classification/data/processed/MMOTU_OTU_2D_experimental/validation/images/1256.JPG,/home/jvillanueva/projects/ovarian-tumor-ultrasound-classification/results/segmentation/unet_baseline/validation/predicted_masks/1256_pred.png,379,466,0.341046,False,,/home/jvillanueva/projects/ovarian-tumor-ultrasound-classification/data/processed/MMOTU_OTU_2D_roi_pred/validation/images/1256.png
1258,validation,B,/home/jvillanueva/projects/ovarian-tumor-ultrasound-classification/data/processed/MMOTU_OTU_2D_experimental/validation/images/1258.JPG,/home/jvillanueva/projects/ovarian-tumor-ultrasound-classification/results/segmentation/unet_baseline/validation/predicted_masks/1258_pred.png,216,201,0.169891,False,,/home/jvillanueva/projects/ovarian-tumor-ultrasound-classification/data/processed/MMOTU_OTU_2D_roi_pred/validation/images/1258.png
1262,validation,B,/home/jvillanueva/projects/ovarian-tumor-ultrasound-classification/data/processed/MMOTU_OTU_2D_experimental/validation/images/1262.JPG,/home/jvillanueva/projects/ovarian-tumor-ultrasound-classification/results/segmentation/unet_baseline/validation/predicted_masks/1262_pred.png,643,403,0.50897,False,,/home/jvillanueva/projects/ovarian-tumor-ultrasound-classification/data/processed/MMOTU_OTU_2D_roi_pred/validation/images/1262.png
1265,validation,B,/home/jvillanueva/projects/ovarian-tumor-ultrasound-classification/data/processed/MMOTU_OTU_2D_experimental/validation/images/1265.JPG,/home/jvillanueva/projects/ovarian-tumor-ultrasound-classification/results/segmentation/unet_baseline/validation/predicted_masks/1265_pred.png,326,315,0.403908,False,,/home/jvillanueva/projects/ovarian-tumor-ultrasound-classification/data/processed/MMOTU_OTU_2D_roi_pred/validation/images/1265.png
1278,validation,B,/home/jvillanueva/projects/ovarian-tumor-ultrasound-classification/data/processed/MMOTU_OTU_2D_experimental/validation/images/1278.JPG,/home/jvillanueva/projects/ovarian-tumor-ultrasound-classification/results/segmentation/unet_baseline/validation/predicted_masks/1278_pred.png,433,430,0.301158,False,,/home/jvillanueva/projects/ovarian-tumor-ultrasound-classification/data/processed/MMOTU_OTU_2D_roi_pred/validation/images/1278.png
1284,validation,B,/home/jvillanueva/projects/ovarian-tumor-ultrasound-classification/data/processed/MMOTU_OTU_2D_experimental/validation/images/1284.JPG,/home/jvillanueva/projects/ovarian-tumor-ultrasound-classification/results/segmentation/unet_baseline/validation/predicted_masks/1284_pred.png,477,359,0.25786,False,,/home/jvillanueva/projects/ovarian-tumor-ultrasound-classification/data/processed/MMOTU_OTU_2D_roi_pred/validation/images/1284.png
1296,validation,B,/home/jvillanueva/projects/ovarian-tumor-ultrasound-classification/data/processed/MMOTU_OTU_2D_experimental/validation/images/1296.JPG,/home/jvillanueva/projects/ovarian-tumor-ultrasound-classification/results/segmentation/unet_baseline/validation/predicted_masks/1296_pred.png,532,403,0.636477,False,,/home/jvillanueva/projects/ovarian-tumor-ultrasound-classification/data/processed/MMOTU_OTU_2D_roi_pred/validation/images/1296.png
13,validation,B,/home/jvillanueva/projects/ovarian-tumor-ultrasound-classification/data/processed/MMOTU_OTU_2D_experimental/validation/images/13.JPG,/home/jvillanueva/projects/ovarian-tumor-ultrasound-classification/results/segmentation/unet_baseline/validation/predicted_masks/13_pred.png,480,317,0.299681,False,,/home/jvillanueva/projects/ovarian-tumor-ultrasound-classification/data/processed/MMOTU_OTU_2D_roi_pred/validation/images/13.png
1322,validation,B,/home/jvillanueva/projects/ovarian-tumor-ultrasound-classification/data/processed/MMOTU_OTU_2D_experimental/validation/images/1322.JPG,/home/jvillanueva/projects/ovarian-tumor-ultrasound-classification/results/segmentation/unet_baseline/validation/predicted_masks/1322_pred.png,158,155,0.093571,False,,/home/jvillanueva/projects/ovarian-tumor-ultrasound-classification/data/processed/MMOTU_OTU_2D_roi_pred/validation/images/1322.png
1327,validation,B,/home/jvillanueva/projects/ovarian-tumor-ultrasound-classification/data/processed/MMOTU_OTU_2D_experimental/validation/images/1327.JPG,/home/jvillanueva/projects/ovarian-tumor-ultrasound-classification/results/segmentation/unet_baseline/validation/predicted_masks/1327_pred.png,579,464,0.52363,False,,/home/jvillanueva/projects/ovarian-tumor-ultrasound-classification/data/processed/MMOTU_OTU_2D_roi_pred/validation/images/1327.png
1333,validation,B,/home/jvillanueva/projects/ovarian-tumor-ultrasound-classification/data/processed/MMOTU_OTU_2D_experimental/validation/images/1333.JPG,/home/jvillanueva/projects/ovarian-tumor-ultrasound-classification/results/segmentation/unet_baseline/validation/predicted_masks/1333_pred.png,345,349,0.244494,False,,/home/jvillanueva/projects/ovarian-tumor-ultrasound-classification/data/processed/MMOTU_OTU_2D_roi_pred/validation/images/1333.png
1334,validation,B,/home/jvillanueva/projects/ovarian-tumor-ultrasound-classification/data/processed/MMOTU_OTU_2D_experimental/validation/images/1334.JPG,/home/jvillanueva/projects/ovarian-tumor-ultrasound-classification/results/segmentation/unet_baseline/validation/predicted_masks/1334_pred.png,416,331,0.20784,False,,/home/jvillanueva/projects/ovarian-tumor-ultrasound-classification/data/processed/MMOTU_OTU_2D_roi_pred/validation/images/1334.png
135,validation,B,/home/jvillanueva/projects/ovarian-tumor-ultrasound-classification/data/processed/MMOTU_OTU_2D_experimental/validation/images/135.JPG,/home/jvillanueva/projects/ovarian-tumor-ultrasound-classification/results/segmentation/unet_baseline/validation/predicted_masks/135_pred.png,235,193,0.177912,False,,/home/jvillanueva/projects/ovarian-tumor-ultrasound-classification/data/processed/MMOTU_OTU_2D_roi_pred/validation/images/135.png
1353,validation,B,/home/jvillanueva/projects/ovarian-tumor-ultrasound-classification/data/processed/MMOTU_OTU_2D_experimental/validation/images/1353.JPG,/home/jvillanueva/projects/ovarian-tumor-ultrasound-classification/results/segmentation/unet_baseline/validation/predicted_masks/1353_pred.png,412,280,0.227395,False,,/home/jvillanueva/projects/ovarian-tumor-ultrasound-classification/data/processed/MMOTU_OTU_2D_roi_pred/validation/images/1353.png
1355,validation,B,/home/jvillanueva/projects/ovarian-tumor-ultrasound-classification/data/processed/MMOTU_OTU_2D_experimental/validation/images/1355.JPG,/home/jvillanueva/projects/ovarian-tumor-ultrasound-classification/results/segmentation/unet_baseline/validation/predicted_masks/1355_pred.png,293,228,0.130016,False,,/home/jvillanueva/projects/ovarian-tumor-ultrasound-classification/data/processed/MMOTU_OTU_2D_roi_pred/validation/images/1355.png
1389,validation,B,/home/jvillanueva/projects/ovarian-tumor-ultrasound-classification/data/processed/MMOTU_OTU_2D_experimental/validation/images/1389.JPG,/home/jvillanueva/projects/ovarian-tumor-ultrasound-classification/results/segmentation/unet_baseline/validation/predicted_masks/1389_pred.png,228,213,0.187626,False,,/home/jvillanueva/projects/ovarian-tumor-ultrasound-classification/data/processed/MMOTU_OTU_2D_roi_pred/validation/images/1389.png
1391,validation,B,/home/jvillanueva/projects/ovarian-tumor-ultrasound-classification/data/processed/MMOTU_OTU_2D_experimental/validation/images/1391.JPG,/home/jvillanueva/projects/ovarian-tumor-ultrasound-classification/results/segmentation/unet_baseline/validation/predicted_masks/1391_pred.png,311,265,0.323896,False,,/home/jvillanueva/projects/ovarian-tumor-ultrasound-classification/data/processed/MMOTU_OTU_2D_roi_pred/validation/images/1391.png
1407,validation,B,/home/jvillanueva/projects/ovarian-tumor-ultrasound-classification/data/processed/MMOTU_OTU_2D_experimental/validation/images/1407.JPG,/home/jvillanueva/projects/ovarian-tumor-ultrasound-classification/results/segmentation/unet_baseline/validation/predicted_masks/1407_pred.png,166,106,0.068138,False,,/home/jvillanueva/projects/ovarian-tumor-ultrasound-classification/data/processed/MMOTU_OTU_2D_roi_pred/validation/images/1407.png
1428,validation,B,/home/jvillanueva/projects/ovarian-tumor-ultrasound-classification/data/processed/MMOTU_OTU_2D_experimental/validation/images/1428.JPG,/home/jvillanueva/projects/ovarian-tumor-ultrasound-classification/results/segmentation/unet_baseline/validation/predicted_masks/1428_pred.png,197,202,0.077417,False,,/home/jvillanueva/projects/ovarian-tumor-ultrasound-classification/data/processed/MMOTU_OTU_2D_roi_pred/validation/images/1428.png
1429,validation,B,/home/jvillanueva/projects/ovarian-tumor-ultrasound-classification/data/processed/MMOTU_OTU_2D_experimental/validation/images/1429.JPG,/home/jvillanueva/projects/ovarian-tumor-ultrasound-classification/results/segmentation/unet_baseline/validation/predicted_masks/1429_pred.png,166,143,0.038058,False,,/home/jvillanueva/projects/ovarian-tumor-ultrasound-classification/data/processed/MMOTU_OTU_2D_roi_pred/validation/images/1429.png
143,validation,B,/home/jvillanueva/projects/ovarian-tumor-ultrasound-classification/data/processed/MMOTU_OTU_2D_experimental/validation/images/143.JPG,/home/jvillanueva/projects/ovarian-tumor-ultrasound-classification/results/segmentation/unet_baseline/validation/predicted_masks/143_pred.png,436,265,0.401521,False,,/home/jvillanueva/projects/ovarian-tumor-ultrasound-classification/data/processed/MMOTU_OTU_2D_roi_pred/validation/images/143.png
1436,validation,B,/home/jvillanueva/projects/ovarian-tumor-ultrasound-classification/data/processed/MMOTU_OTU_2D_experimental/validation/images/1436.JPG,/home/jvillanueva/projects/ovarian-tumor-ultrasound-classification/results/segmentation/unet_baseline/validation/predicted_masks/1436_pred.png,76,71,0.020689,False,,/home/jvillanueva/projects/ovarian-tumor-ultrasound-classification/data/processed/MMOTU_OTU_2D_roi_pred/validation/images/1436.png
1439,validation,B,/home/jvillanueva/projects/ovarian-tumor-ultrasound-classification/data/processed/MMOTU_OTU_2D_experimental/validation/images/1439.JPG,/home/jvillanueva/projects/ovarian-tumor-ultrasound-classification/results/segmentation/unet_baseline/validation/predicted_masks/1439_pred.png,355,317,0.217938,False,,/home/jvillanueva/projects/ovarian-tumor-ultrasound-classification/data/processed/MMOTU_OTU_2D_roi_pred/validation/images/1439.png
1443,validation,B,/home/jvillanueva/projects/ovarian-tumor-ultrasound-classification/data/processed/MMOTU_OTU_2D_experimental/validation/images/1443.JPG,/home/jvillanueva/projects/ovarian-tumor-ultrasound-classification/results/segmentation/unet_baseline/validation/predicted_masks/1443_pred.png,464,266,0.244634,False,,/home/jvillanueva/projects/ovarian-tumor-ultrasound-classification/data/processed/MMOTU_OTU_2D_roi_pred/validation/images/1443.png
1445,validation,B,/home/jvillanueva/projects/ovarian-tumor-ultrasound-classification/data/processed/MMOTU_OTU_2D_experimental/validation/images/1445.JPG,/home/jvillanueva/projects/ovarian-tumor-ultrasound-classification/results/segmentation/unet_baseline/validation/predicted_masks/1445_pred.png,393,300,0.178491,False,,/home/jvillanueva/projects/ovarian-tumor-ultrasound-classification/data/processed/MMOTU_OTU_2D_roi_pred/validation/images/1445.png
1452,validation,B,/home/jvillanueva/projects/ovarian-tumor-ultrasound-classification/data/processed/MMOTU_OTU_2D_experimental/validation/images/1452.JPG,/home/jvillanueva/projects/ovarian-tumor-ultrasound-classification/results/segmentation/unet_baseline/validation/predicted_masks/1452_pred.png,314,344,0.21395,False,,/home/jvillanueva/projects/ovarian-tumor-ultrasound-classification/data/processed/MMOTU_OTU_2D_roi_pred/validation/images/1452.png
151,validation,B,/home/jvillanueva/projects/ovarian-tumor-ultrasound-classification/data/processed/MMOTU_OTU_2D_experimental/validation/images/151.JPG,/home/jvillanueva/projects/ovarian-tumor-ultrasound-classification/results/segmentation/unet_baseline/validation/predicted_masks/151_pred.png,480,212,0.20004,False,,/home/jvillanueva/projects/ovarian-tumor-ultrasound-classification/data/processed/MMOTU_OTU_2D_roi_pred/validation/images/151.png
169,validation,B,/home/jvillanueva/projects/ovarian-tumor-ultrasound-classification/data/processed/MMOTU_OTU_2D_experimental/validation/images/169.JPG,/home/jvillanueva/projects/ovarian-tumor-ultrasound-classification/results/segmentation/unet_baseline/validation/predicted_masks/169_pred.png,265,297,0.307058,False,,/home/jvillanueva/projects/ovarian-tumor-ultrasound-classification/data/processed/MMOTU_OTU_2D_roi_pred/validation/images/169.png
17,validation,B,/home/jvillanueva/projects/ovarian-tumor-ultrasound-classification/data/processed/MMOTU_OTU_2D_experimental/validation/images/17.JPG,/home/jvillanueva/projects/ovarian-tumor-ultrasound-classification/results/segmentation/unet_baseline/validation/predicted_masks/17_pred.png,376,239,0.174825,False,,/home/jvillanueva/projects/ovarian-tumor-ultrasound-classification/data/processed/MMOTU_OTU_2D_roi_pred/validation/images/17.png
19,validation,B,/home/jvillanueva/projects/ovarian-tumor-ultrasound-classification/data/processed/MMOTU_OTU_2D_experimental/validation/images/19.JPG,/home/jvillanueva/projects/ovarian-tumor-ultrasound-classification/results/segmentation/unet_baseline/validation/predicted_masks/19_pred.png,480,383,0.359363,False,,/home/jvillanueva/projects/ovarian-tumor-ultrasound-classification/data/processed/MMOTU_OTU_2D_roi_pred/validation/images/19.png
190,validation,B,/home/jvillanueva/projects/ovarian-tumor-ultrasound-classification/data/processed/MMOTU_OTU_2D_experimental/validation/images/190.JPG,/home/jvillanueva/projects/ovarian-tumor-ultrasound-classification/results/segmentation/unet_baseline/validation/predicted_masks/190_pred.png,475,360,0.668528,False,,/home/jvillanueva/projects/ovarian-tumor-ultrasound-classification/data/processed/MMOTU_OTU_2D_roi_pred/validation/images/190.png
194,validation,B,/home/jvillanueva/projects/ovarian-tumor-ultrasound-classification/data/processed/MMOTU_OTU_2D_experimental/validation/images/194.JPG,/home/jvillanueva/projects/ovarian-tumor-ultrasound-classification/results/segmentation/unet_baseline/validation/predicted_masks/194_pred.png,479,406,0.764595,False,,/home/jvillanueva/projects/ovarian-tumor-ultrasound-classification/data/processed/MMOTU_OTU_2D_roi_pred/validation/images/194.png
196,validation,B,/home/jvillanueva/projects/ovarian-tumor-ultrasound-classification/data/processed/MMOTU_OTU_2D_experimental/validation/images/196.JPG,/home/jvillanueva/projects/ovarian-tumor-ultrasound-classification/results/segmentation/unet_baseline/validation/predicted_masks/196_pred.png,470,361,0.662088,False,,/home/jvillanueva/projects/ovarian-tumor-ultrasound-classification/data/processed/MMOTU_OTU_2D_roi_pred/validation/images/196.png
215,validation,B,/home/jvillanueva/projects/ovarian-tumor-ultrasound-classification/data/processed/MMOTU_OTU_2D_experimental/validation/images/215.JPG,/home/jvillanueva/projects/ovarian-tumor-ultrasound-classification/results/segmentation/unet_baseline/validation/predicted_masks/215_pred.png,235,173,0.079686,False,,/home/jvillanueva/projects/ovarian-tumor-ultrasound-classification/data/processed/MMOTU_OTU_2D_roi_pred/validation/images/215.png
216,validation,B,/home/jvillanueva/projects/ovarian-tumor-ultrasound-classification/data/processed/MMOTU_OTU_2D_experimental/validation/images/216.JPG,/home/jvillanueva/projects/ovarian-tumor-ultrasound-classification/results/segmentation/unet_baseline/validation/predicted_masks/216_pred.png,241,136,0.06458,False,,/home/jvillanueva/projects/ovarian-tumor-ultrasound-classification/data/processed/MMOTU_OTU_2D_roi_pred/validation/images/216.png
219,validation,B,/home/jvillanueva/projects/ovarian-tumor-ultrasound-classification/data/processed/MMOTU_OTU_2D_experimental/validation/images/219.JPG,/home/jvillanueva/projects/ovarian-tumor-ultrasound-classification/results/segmentation/unet_baseline/validation/predicted_masks/219_pred.png,380,491,0.731887,False,,/home/jvillanueva/projects/ovarian-tumor-ultrasound-classification/data/processed/MMOTU_OTU_2D_roi_pred/validation/images/219.png
22,validation,B,/home/jvillanueva/projects/ovarian-tumor-ultrasound-classification/data/processed/MMOTU_OTU_2D_experimental/validation/images/22.JPG,/home/jvillanueva/projects/ovarian-tumor-ultrasound-classification/results/segmentation/unet_baseline/validation/predicted_masks/22_pred.png,426,325,0.540145,False,,/home/jvillanueva/projects/ovarian-tumor-ultrasound-classification/data/processed/MMOTU_OTU_2D_roi_pred/validation/images/22.png
223,validation,B,/home/jvillanueva/projects/ovarian-tumor-ultrasound-classification/data/processed/MMOTU_OTU_2D_experimental/validation/images/223.JPG,/home/jvillanueva/projects/ovarian-tumor-ultrasound-classification/results/segmentation/unet_baseline/validation/predicted_masks/223_pred.png,481,306,0.377563,False,,/home/jvillanueva/projects/ovarian-tumor-ultrasound-classification/data/processed/MMOTU_OTU_2D_roi_pred/validation/images/223.png
231,validation,B,/home/jvillanueva/projects/ovarian-tumor-ultrasound-classification/data/processed/MMOTU_OTU_2D_experimental/validation/images/231.JPG,/home/jvillanueva/projects/ovarian-tumor-ultrasound-classification/results/segmentation/unet_baseline/validation/predicted_masks/231_pred.png,100,91,0.03592,False,,/home/jvillanueva/projects/ovarian-tumor-ultrasound-classification/data/processed/MMOTU_OTU_2D_roi_pred/validation/images/231.png
232,validation,B,/home/jvillanueva/projects/ovarian-tumor-ultrasound-classification/data/processed/MMOTU_OTU_2D_experimental/validation/images/232.JPG,/home/jvillanueva/projects/ovarian-tumor-ultrasound-classification/results/segmentation/unet_baseline/validation/predicted_masks/232_pred.png,308,193,0.232397,False,,/home/jvillanueva/projects/ovarian-tumor-ultrasound-classification/data/processed/MMOTU_OTU_2D_roi_pred/validation/images/232.png
239,validation,B,/home/jvillanueva/projects/ovarian-tumor-ultrasound-classification/data/processed/MMOTU_OTU_2D_experimental/validation/images/239.JPG,/home/jvillanueva/projects/ovarian-tumor-ultrasound-classification/results/segmentation/unet_baseline/validation/predicted_masks/239_pred.png,467,397,0.724668,False,,/home/jvillanueva/projects/ovarian-tumor-ultrasound-classification/data/processed/MMOTU_OTU_2D_roi_pred/validation/images/239.png
242,validation,B,/home/jvillanueva/projects/ovarian-tumor-ultrasound-classification/data/processed/MMOTU_OTU_2D_experimental/validation/images/242.JPG,/home/jvillanueva/projects/ovarian-tumor-ultrasound-classification/results/segmentation/unet_baseline/validation/predicted_masks/242_pred.png,197,128,0.098337,False,,/home/jvillanueva/projects/ovarian-tumor-ultrasound-classification/data/processed/MMOTU_OTU_2D_roi_pred/validation/images/242.png
280,validation,B,/home/jvillanueva/projects/ovarian-tumor-ultrasound-classification/data/processed/MMOTU_OTU_2D_experimental/validation/images/280.JPG,/home/jvillanueva/projects/ovarian-tumor-ultrasound-classification/results/segmentation/unet_baseline/validation/predicted_masks/280_pred.png,611,401,0.480738,False,,/home/jvillanueva/projects/ovarian-tumor-ultrasound-classification/data/processed/MMOTU_OTU_2D_roi_pred/validation/images/280.png
29,validation,B,/home/jvillanueva/projects/ovarian-tumor-ultrasound-classification/data/processed/MMOTU_OTU_2D_experimental/validation/images/29.JPG,/home/jvillanueva/projects/ovarian-tumor-ultrasound-classification/results/segmentation/unet_baseline/validation/predicted_masks/29_pred.png,324,272,0.173062,False,,/home/jvillanueva/projects/ovarian-tumor-ultrasound-classification/data/processed/MMOTU_OTU_2D_roi_pred/validation/images/29.png
302,validation,B,/home/jvillanueva/projects/ovarian-tumor-ultrasound-classification/data/processed/MMOTU_OTU_2D_experimental/validation/images/302.JPG,/home/jvillanueva/projects/ovarian-tumor-ultrasound-classification/results/segmentation/unet_baseline/validation/predicted_masks/302_pred.png,226,195,0.086146,False,,/home/jvillanueva/projects/ovarian-tumor-ultrasound-classification/data/processed/MMOTU_OTU_2D_roi_pred/validation/images/302.png
303,validation,B,/home/jvillanueva/projects/ovarian-tumor-ultrasound-classification/data/processed/MMOTU_OTU_2D_experimental/validation/images/303.JPG,/home/jvillanueva/projects/ovarian-tumor-ultrasound-classification/results/segmentation/unet_baseline/validation/predicted_masks/303_pred.png,215,179,0.149552,False,,/home/jvillanueva/projects/ovarian-tumor-ultrasound-classification/data/processed/MMOTU_OTU_2D_roi_pred/validation/images/303.png
309,validation,B,/home/jvillanueva/projects/ovarian-tumor-ultrasound-classification/data/processed/MMOTU_OTU_2D_experimental/validation/images/309.JPG,/home/jvillanueva/projects/ovarian-tumor-ultrasound-classification/results/segmentation/unet_baseline/validation/predicted_masks/309_pred.png,494,276,0.282896,False,,/home/jvillanueva/projects/ovarian-tumor-ultrasound-classification/data/processed/MMOTU_OTU_2D_roi_pred/validation/images/309.png
324,validation,B,/home/jvillanueva/projects/ovarian-tumor-ultrasound-classification/data/processed/MMOTU_OTU_2D_experimental/validation/images/324.JPG,/home/jvillanueva/projects/ovarian-tumor-ultrasound-classification/results/segmentation/unet_baseline/validation/predicted_masks/324_pred.png,500,404,0.396346,False,,/home/jvillanueva/projects/ovarian-tumor-ultrasound-classification/data/processed/MMOTU_OTU_2D_roi_pred/validation/images/324.png
329,validation,B,/home/jvillanueva/projects/ovarian-tumor-ultrasound-classification/data/processed/MMOTU_OTU_2D_experimental/validation/images/329.JPG,/home/jvillanueva/projects/ovarian-tumor-ultrasound-classification/results/segmentation/unet_baseline/validation/predicted_masks/329_pred.png,387,328,0.202071,False,,/home/jvillanueva/projects/ovarian-tumor-ultrasound-classification/data/processed/MMOTU_OTU_2D_roi_pred/validation/images/329.png
330,validation,B,/home/jvillanueva/projects/ovarian-tumor-ultrasound-classification/data/processed/MMOTU_OTU_2D_experimental/validation/images/330.JPG,/home/jvillanueva/projects/ovarian-tumor-ultrasound-classification/results/segmentation/unet_baseline/validation/predicted_masks/330_pred.png,459,251,0.184059,False,,/home/jvillanueva/projects/ovarian-tumor-ultrasound-classification/data/processed/MMOTU_OTU_2D_roi_pred/validation/images/330.png
332,validation,B,/home/jvillanueva/projects/ovarian-tumor-ultrasound-classification/data/processed/MMOTU_OTU_2D_experimental/validation/images/332.JPG,/home/jvillanueva/projects/ovarian-tumor-ultrasound-classification/results/segmentation/unet_baseline/validation/predicted_masks/332_pred.png,192,168,0.105863,False,,/home/jvillanueva/projects/ovarian-tumor-ultrasound-classification/data/processed/MMOTU_OTU_2D_roi_pred/validation/images/332.png
334,validation,B,/home/jvillanueva/projects/ovarian-tumor-ultrasound-classification/data/processed/MMOTU_OTU_2D_experimental/validation/images/334.JPG,/home/jvillanueva/projects/ovarian-tumor-ultrasound-classification/results/segmentation/unet_baseline/validation/predicted_masks/334_pred.png,180,106,0.030616,False,,/home/jvillanueva/projects/ovarian-tumor-ultrasound-classification/data/processed/MMOTU_OTU_2D_roi_pred/validation/images/334.png
347,validation,B,/home/jvillanueva/projects/ovarian-tumor-ultrasound-classification/data/processed/MMOTU_OTU_2D_experimental/validation/images/347.JPG,/home/jvillanueva/projects/ovarian-tumor-ultrasound-classification/results/segmentation/unet_baseline/validation/predicted_masks/347_pred.png,105,62,0.01291,False,,/home/jvillanueva/projects/ovarian-tumor-ultrasound-classification/data/processed/MMOTU_OTU_2D_roi_pred/validation/images/347.png
349,validation,B,/home/jvillanueva/projects/ovarian-tumor-ultrasound-classification/data/processed/MMOTU_OTU_2D_experimental/validation/images/349.JPG,/home/jvillanueva/projects/ovarian-tumor-ultrasound-classification/results/segmentation/unet_baseline/validation/predicted_masks/349_pred.png,157,164,0.090154,False,,/home/jvillanueva/projects/ovarian-tumor-ultrasound-classification/data/processed/MMOTU_OTU_2D_roi_pred/validation/images/349.png
353,validation,B,/home/jvillanueva/projects/ovarian-tumor-ultrasound-classification/data/processed/MMOTU_OTU_2D_experimental/validation/images/353.JPG,/home/jvillanueva/projects/ovarian-tumor-ultrasound-classification/results/segmentation/unet_baseline/validation/predicted_masks/353_pred.png,255,251,0.124415,False,,/home/jvillanueva/projects/ovarian-tumor-ultrasound-classification/data/processed/MMOTU_OTU_2D_roi_pred/validation/images/353.png
355,validation,B,/home/jvillanueva/projects/ovarian-tumor-ultrasound-classification/data/processed/MMOTU_OTU_2D_experimental/validation/images/355.JPG,/home/jvillanueva/projects/ovarian-tumor-ultrasound-classification/results/segmentation/unet_baseline/validation/predicted_masks/355_pred.png,287,112,0.062483,False,,/home/jvillanueva/projects/ovarian-tumor-ultrasound-classification/data/processed/MMOTU_OTU_2D_roi_pred/validation/images/355.png
360,validation,B,/home/jvillanueva/projects/ovarian-tumor-ultrasound-classification/data/processed/MMOTU_OTU_2D_experimental/validation/images/360.JPG,/home/jvillanueva/projects/ovarian-tumor-ultrasound-classification/results/segmentation/unet_baseline/validation/predicted_masks/360_pred.png,469,303,0.276056,False,,/home/jvillanueva/projects/ovarian-tumor-ultrasound-classification/data/processed/MMOTU_OTU_2D_roi_pred/validation/images/360.png
365,validation,B,/home/jvillanueva/projects/ovarian-tumor-ultrasound-classification/data/processed/MMOTU_OTU_2D_experimental/validation/images/365.JPG,/home/jvillanueva/projects/ovarian-tumor-ultrasound-classification/results/segmentation/unet_baseline/validation/predicted_masks/365_pred.png,696,442,0.579637,False,,/home/jvillanueva/projects/ovarian-tumor-ultrasound-classification/data/processed/MMOTU_OTU_2D_roi_pred/validation/images/365.png
375,validation,B,/home/jvillanueva/projects/ovarian-tumor-ultrasound-classification/data/processed/MMOTU_OTU_2D_experimental/validation/images/375.JPG,/home/jvillanueva/projects/ovarian-tumor-ultrasound-classification/results/segmentation/unet_baseline/validation/predicted_masks/375_pred.png,370,326,0.470685,False,,/home/jvillanueva/projects/ovarian-tumor-ultrasound-classification/data/processed/MMOTU_OTU_2D_roi_pred/validation/images/375.png
379,validation,B,/home/jvillanueva/projects/ovarian-tumor-ultrasound-classification/data/processed/MMOTU_OTU_2D_experimental/validation/images/379.JPG,/home/jvillanueva/projects/ovarian-tumor-ultrasound-classification/results/segmentation/unet_baseline/validation/predicted_masks/379_pred.png,272,348,0.369834,False,,/home/jvillanueva/projects/ovarian-tumor-ultrasound-classification/data/processed/MMOTU_OTU_2D_roi_pred/validation/images/379.png
380,validation,B,/home/jvillanueva/projects/ovarian-tumor-ultrasound-classification/data/processed/MMOTU_OTU_2D_experimental/validation/images/380.JPG,/home/jvillanueva/projects/ovarian-tumor-ultrasound-classification/results/segmentation/unet_baseline/validation/predicted_masks/380_pred.png,333,348,0.4541,False,,/home/jvillanueva/projects/ovarian-tumor-ultrasound-classification/data/processed/MMOTU_OTU_2D_roi_pred/validation/images/380.png
384,validation,B,/home/jvillanueva/projects/ovarian-tumor-ultrasound-classification/data/processed/MMOTU_OTU_2D_experimental/validation/images/384.JPG,/home/jvillanueva/projects/ovarian-tumor-ultrasound-classification/results/segmentation/unet_baseline/validation/predicted_masks/384_pred.png,491,401,0.603394,False,,/home/jvillanueva/projects/ovarian-tumor-ultrasound-classification/data/processed/MMOTU_OTU_2D_roi_pred/validation/images/384.png
390,validation,B,/home/jvillanueva/projects/ovarian-tumor-ultrasound-classification/data/processed/MMOTU_OTU_2D_experimental/validation/images/390.JPG,/home/jvillanueva/projects/ovarian-tumor-ultrasound-classification/results/segmentation/unet_baseline/validation/predicted_masks/390_pred.png,451,317,0.293469,False,,/home/jvillanueva/projects/ovarian-tumor-ultrasound-classification/data/processed/MMOTU_OTU_2D_roi_pred/validation/images/390.png
393,validation,B,/home/jvillanueva/projects/ovarian-tumor-ultrasound-classification/data/processed/MMOTU_OTU_2D_experimental/validation/images/393.JPG,/home/jvillanueva/projects/ovarian-tumor-ultrasound-classification/results/segmentation/unet_baseline/validation/predicted_masks/393_pred.png,432,322,0.273166,False,,/home/jvillanueva/projects/ovarian-tumor-ultrasound-classification/data/processed/MMOTU_OTU_2D_roi_pred/validation/images/393.png
400,validation,B,/home/jvillanueva/projects/ovarian-tumor-ultrasound-classification/data/processed/MMOTU_OTU_2D_experimental/validation/images/400.JPG,/home/jvillanueva/projects/ovarian-tumor-ultrasound-classification/results/segmentation/unet_baseline/validation/predicted_masks/400_pred.png,221,166,0.199181,False,,/home/jvillanueva/projects/ovarian-tumor-ultrasound-classification/data/processed/MMOTU_OTU_2D_roi_pred/validation/images/400.png
401,validation,B,/home/jvillanueva/projects/ovarian-tumor-ultrasound-classification/data/processed/MMOTU_OTU_2D_experimental/validation/images/401.JPG,/home/jvillanueva/projects/ovarian-tumor-ultrasound-classification/results/segmentation/unet_baseline/validation/predicted_masks/401_pred.png,220,155,0.150032,False,,/home/jvillanueva/projects/ovarian-tumor-ultrasound-classification/data/processed/MMOTU_OTU_2D_roi_pred/validation/images/401.png
402,validation,B,/home/jvillanueva/projects/ovarian-tumor-ultrasound-classification/data/processed/MMOTU_OTU_2D_experimental/validation/images/402.JPG,/home/jvillanueva/projects/ovarian-tumor-ultrasound-classification/results/segmentation/unet_baseline/validation/predicted_masks/402_pred.png,352,274,0.185073,False,,/home/jvillanueva/projects/ovarian-tumor-ultrasound-classification/data/processed/MMOTU_OTU_2D_roi_pred/validation/images/402.png
404,validation,B,/home/jvillanueva/projects/ovarian-tumor-ultrasound-classification/data/processed/MMOTU_OTU_2D_experimental/validation/images/404.JPG,/home/jvillanueva/projects/ovarian-tumor-ultrasound-classification/results/segmentation/unet_baseline/validation/predicted_masks/404_pred.png,317,348,0.216452,False,,/home/jvillanueva/projects/ovarian-tumor-ultrasound-classification/data/processed/MMOTU_OTU_2D_roi_pred/validation/images/404.png
408,validation,B,/home/jvillanueva/projects/ovarian-tumor-ultrasound-classification/data/processed/MMOTU_OTU_2D_experimental/validation/images/408.JPG,/home/jvillanueva/projects/ovarian-tumor-ultrasound-classification/results/segmentation/unet_baseline/validation/predicted_masks/408_pred.png,435,429,0.366541,False,,/home/jvillanueva/projects/ovarian-tumor-ultrasound-classification/data/processed/MMOTU_OTU_2D_roi_pred/validation/images/408.png
413,validation,B,/home/jvillanueva/projects/ovarian-tumor-ultrasound-classification/data/processed/MMOTU_OTU_2D_experimental/validation/images/413.JPG,/home/jvillanueva/projects/ovarian-tumor-ultrasound-classification/results/segmentation/unet_baseline/validation/predicted_masks/413_pred.png,513,381,0.308802,False,,/home/jvillanueva/projects/ovarian-tumor-ultrasound-classification/data/processed/MMOTU_OTU_2D_roi_pred/validation/images/413.png
415,validation,B,/home/jvillanueva/projects/ovarian-tumor-ultrasound-classification/data/processed/MMOTU_OTU_2D_experimental/validation/images/415.JPG,/home/jvillanueva/projects/ovarian-tumor-ultrasound-classification/results/segmentation/unet_baseline/validation/predicted_masks/415_pred.png,484,290,0.269291,False,,/home/jvillanueva/projects/ovarian-tumor-ultrasound-classification/data/processed/MMOTU_OTU_2D_roi_pred/validation/images/415.png
416,validation,B,/home/jvillanueva/projects/ovarian-tumor-ultrasound-classification/data/processed/MMOTU_OTU_2D_experimental/validation/images/416.JPG,/home/jvillanueva/projects/ovarian-tumor-ultrasound-classification/results/segmentation/unet_baseline/validation/predicted_masks/416_pred.png,457,507,0.454618,False,,/home/jvillanueva/projects/ovarian-tumor-ultrasound-classification/data/processed/MMOTU_OTU_2D_roi_pred/validation/images/416.png
418,validation,B,/home/jvillanueva/projects/ovarian-tumor-ultrasound-classification/data/processed/MMOTU_OTU_2D_experimental/validation/images/418.JPG,/home/jvillanueva/projects/ovarian-tumor-ultrasound-classification/results/segmentation/unet_baseline/validation/predicted_masks/418_pred.png,340,244,0.162913,False,,/home/jvillanueva/projects/ovarian-tumor-ultrasound-classification/data/processed/MMOTU_OTU_2D_roi_pred/validation/images/418.png
42,validation,B,/home/jvillanueva/projects/ovarian-tumor-ultrasound-classification/data/processed/MMOTU_OTU_2D_experimental/validation/images/42.JPG,/home/jvillanueva/projects/ovarian-tumor-ultrasound-classification/results/segmentation/unet_baseline/validation/predicted_masks/42_pred.png,385,327,0.491163,False,,/home/jvillanueva/projects/ovarian-tumor-ultrasound-classification/data/processed/MMOTU_OTU_2D_roi_pred/validation/images/42.png
434,validation,B,/home/jvillanueva/projects/ovarian-tumor-ultrasound-classification/data/processed/MMOTU_OTU_2D_experimental/validation/images/434.JPG,/home/jvillanueva/projects/ovarian-tumor-ultrasound-classification/results/segmentation/unet_baseline/validation/predicted_masks/434_pred.png,571,573,0.514886,False,,/home/jvillanueva/projects/ovarian-tumor-ultrasound-classification/data/processed/MMOTU_OTU_2D_roi_pred/validation/images/434.png
437,validation,B,/home/jvillanueva/projects/ovarian-tumor-ultrasound-classification/data/processed/MMOTU_OTU_2D_experimental/validation/images/437.JPG,/home/jvillanueva/projects/ovarian-tumor-ultrasound-classification/results/segmentation/unet_baseline/validation/predicted_masks/437_pred.png,240,115,0.208358,False,,/home/jvillanueva/projects/ovarian-tumor-ultrasound-classification/data/processed/MMOTU_OTU_2D_roi_pred/validation/images/437.png
44,validation,B,/home/jvillanueva/projects/ovarian-tumor-ultrasound-classification/data/processed/MMOTU_OTU_2D_experimental/validation/images/44.JPG,/home/jvillanueva/projects/ovarian-tumor-ultrasound-classification/results/segmentation/unet_baseline/validation/predicted_masks/44_pred.png,460,388,0.695016,False,,/home/jvillanueva/projects/ovarian-tumor-ultrasound-classification/data/processed/MMOTU_OTU_2D_roi_pred/validation/images/44.png
451,validation,B,/home/jvillanueva/projects/ovarian-tumor-ultrasound-classification/data/processed/MMOTU_OTU_2D_experimental/validation/images/451.JPG,/home/jvillanueva/projects/ovarian-tumor-ultrasound-classification/results/segmentation/unet_baseline/validation/predicted_masks/451_pred.png,386,492,0.372628,False,,/home/jvillanueva/projects/ovarian-tumor-ultrasound-classification/data/processed/MMOTU_OTU_2D_roi_pred/validation/images/451.png
455,validation,B,/home/jvillanueva/projects/ovarian-tumor-ultrasound-classification/data/processed/MMOTU_OTU_2D_experimental/validation/images/455.JPG,/home/jvillanueva/projects/ovarian-tumor-ultrasound-classification/results/segmentation/unet_baseline/validation/predicted_masks/455_pred.png,341,332,0.221858,False,,/home/jvillanueva/projects/ovarian-tumor-ultrasound-classification/data/processed/MMOTU_OTU_2D_roi_pred/validation/images/455.png
471,validation,B,/home/jvillanueva/projects/ovarian-tumor-ultrasound-classification/data/processed/MMOTU_OTU_2D_experimental/validation/images/471.JPG,/home/jvillanueva/projects/ovarian-tumor-ultrasound-classification/results/segmentation/unet_baseline/validation/predicted_masks/471_pred.png,507,369,0.367461,False,,/home/jvillanueva/projects/ovarian-tumor-ultrasound-classification/data/processed/MMOTU_OTU_2D_roi_pred/validation/images/471.png
480,validation,B,/home/jvillanueva/projects/ovarian-tumor-ultrasound-classification/data/processed/MMOTU_OTU_2D_experimental/validation/images/480.JPG,/home/jvillanueva/projects/ovarian-tumor-ultrasound-classification/results/segmentation/unet_baseline/validation/predicted_masks/480_pred.png,453,417,0.349196,False,,/home/jvillanueva/projects/ovarian-tumor-ultrasound-classification/data/processed/MMOTU_OTU_2D_roi_pred/validation/images/480.png
482,validation,B,/home/jvillanueva/projects/ovarian-tumor-ultrasound-classification/data/processed/MMOTU_OTU_2D_experimental/validation/images/482.JPG,/home/jvillanueva/projects/ovarian-tumor-ultrasound-classification/results/segmentation/unet_baseline/validation/predicted_masks/482_pred.png,265,241,0.159598,False,,/home/jvillanueva/projects/ovarian-tumor-ultrasound-classification/data/processed/MMOTU_OTU_2D_roi_pred/validation/images/482.png
489,validation,B,/home/jvillanueva/projects/ovarian-tumor-ultrasound-classification/data/processed/MMOTU_OTU_2D_experimental/validation/images/489.JPG,/home/jvillanueva/projects/ovarian-tumor-ultrasound-classification/results/segmentation/unet_baseline/validation/predicted_masks/489_pred.png,272,337,0.225626,False,,/home/jvillanueva/projects/ovarian-tumor-ultrasound-classification/data/processed/MMOTU_OTU_2D_roi_pred/validation/images/489.png
51,validation,B,/home/jvillanueva/projects/ovarian-tumor-ultrasound-classification/data/processed/MMOTU_OTU_2D_experimental/validation/images/51.JPG,/home/jvillanueva/projects/ovarian-tumor-ultrasound-classification/results/segmentation/unet_baseline/validation/predicted_masks/51_pred.png,413,337,0.266561,False,,/home/jvillanueva/projects/ovarian-tumor-ultrasound-classification/data/processed/MMOTU_OTU_2D_roi_pred/validation/images/51.png
510,validation,B,/home/jvillanueva/projects/ovarian-tumor-ultrasound-classification/data/processed/MMOTU_OTU_2D_experimental/validation/images/510.JPG,/home/jvillanueva/projects/ovarian-tumor-ultrasound-classification/results/segmentation/unet_baseline/validation/predicted_masks/510_pred.png,373,283,0.204595,False,,/home/jvillanueva/projects/ovarian-tumor-ultrasound-classification/data/processed/MMOTU_OTU_2D_roi_pred/validation/images/510.png
523,validation,B,/home/jvillanueva/projects/ovarian-tumor-ultrasound-classification/data/processed/MMOTU_OTU_2D_experimental/validation/images/523.JPG,/home/jvillanueva/projects/ovarian-tumor-ultrasound-classification/results/segmentation/unet_baseline/validation/predicted_masks/523_pred.png,284,191,0.100426,False,,/home/jvillanueva/projects/ovarian-tumor-ultrasound-classification/data/processed/MMOTU_OTU_2D_roi_pred/validation/images/523.png
533,validation,B,/home/jvillanueva/projects/ovarian-tumor-ultrasound-classification/data/processed/MMOTU_OTU_2D_experimental/validation/images/533.JPG,/home/jvillanueva/projects/ovarian-tumor-ultrasound-classification/results/segmentation/unet_baseline/validation/predicted_masks/533_pred.png,260,220,0.109586,False,,/home/jvillanueva/projects/ovarian-tumor-ultrasound-classification/data/processed/MMOTU_OTU_2D_roi_pred/validation/images/533.png
563,validation,B,/home/jvillanueva/projects/ovarian-tumor-ultrasound-classification/data/processed/MMOTU_OTU_2D_experimental/validation/images/563.JPG,/home/jvillanueva/projects/ovarian-tumor-ultrasound-classification/results/segmentation/unet_baseline/validation/predicted_masks/563_pred.png,259,226,0.218752,False,,/home/jvillanueva/projects/ovarian-tumor-ultrasound-classification/data/processed/MMOTU_OTU_2D_roi_pred/validation/images/563.png
568,validation,B,/home/jvillanueva/projects/ovarian-tumor-ultrasound-classification/data/processed/MMOTU_OTU_2D_experimental/validation/images/568.JPG,/home/jvillanueva/projects/ovarian-tumor-ultrasound-classification/results/segmentation/unet_baseline/validation/predicted_masks/568_pred.png,219,119,0.096126,False,,/home/jvillanueva/projects/ovarian-tumor-ultrasound-classification/data/processed/MMOTU_OTU_2D_roi_pred/validation/images/568.png
574,validation,B,/home/jvillanueva/projects/ovarian-tumor-ultrasound-classification/data/processed/MMOTU_OTU_2D_experimental/validation/images/574.JPG,/home/jvillanueva/projects/ovarian-tumor-ultrasound-classification/results/segmentation/unet_baseline/validation/predicted_masks/574_pred.png,189,155,0.084274,False,,/home/jvillanueva/projects/ovarian-tumor-ultrasound-classification/data/processed/MMOTU_OTU_2D_roi_pred/validation/images/574.png
584,validation,B,/home/jvillanueva/projects/ovarian-tumor-ultrasound-classification/data/processed/MMOTU_OTU_2D_experimental/validation/images/584.JPG,/home/jvillanueva/projects/ovarian-tumor-ultrasound-classification/results/segmentation/unet_baseline/validation/predicted_masks/584_pred.png,157,182,0.107098,False,,/home/jvillanueva/projects/ovarian-tumor-ultrasound-classification/data/processed/MMOTU_OTU_2D_roi_pred/validation/images/584.png
586,validation,B,/home/jvillanueva/projects/ovarian-tumor-ultrasound-classification/data/processed/MMOTU_OTU_2D_experimental/validation/images/586.JPG,/home/jvillanueva/projects/ovarian-tumor-ultrasound-classification/results/segmentation/unet_baseline/validation/predicted_masks/586_pred.png,301,154,0.086096,False,,/home/jvillanueva/projects/ovarian-tumor-ultrasound-classification/data/processed/MMOTU_OTU_2D_roi_pred/validation/images/586.png
599,validation,B,/home/jvillanueva/projects/ovarian-tumor-ultrasound-classification/data/processed/MMOTU_OTU_2D_experimental/validation/images/599.JPG,/home/jvillanueva/projects/ovarian-tumor-ultrasound-classification/results/segmentation/unet_baseline/validation/predicted_masks/599_pred.png,50,82,0.012195,False,,/home/jvillanueva/projects/ovarian-tumor-ultrasound-classification/data/processed/MMOTU_OTU_2D_roi_pred/validation/images/599.png
6,validation,B,/home/jvillanueva/projects/ovarian-tumor-ultrasound-classification/data/processed/MMOTU_OTU_2D_experimental/validation/images/6.JPG,/home/jvillanueva/projects/ovarian-tumor-ultrasound-classification/results/segmentation/unet_baseline/validation/predicted_masks/6_pred.png,467,288,0.262907,False,,/home/jvillanueva/projects/ovarian-tumor-ultrasound-classification/data/processed/MMOTU_OTU_2D_roi_pred/validation/images/6.png
60,validation,B,/home/jvillanueva/projects/ovarian-tumor-ultrasound-classification/data/processed/MMOTU_OTU_2D_experimental/validation/images/60.JPG,/home/jvillanueva/projects/ovarian-tumor-ultrasound-classification/results/segmentation/unet_baseline/validation/predicted_masks/60_pred.png,543,407,0.381539,False,,/home/jvillanueva/projects/ovarian-tumor-ultrasound-classification/data/processed/MMOTU_OTU_2D_roi_pred/validation/images/60.png
605,validation,B,/home/jvillanueva/projects/ovarian-tumor-ultrasound-classification/data/processed/MMOTU_OTU_2D_experimental/validation/images/605.JPG,/home/jvillanueva/projects/ovarian-tumor-ultrasound-classification/results/segmentation/unet_baseline/validation/predicted_masks/605_pred.png,219,184,0.074845,False,,/home/jvillanueva/projects/ovarian-tumor-ultrasound-classification/data/processed/MMOTU_OTU_2D_roi_pred/validation/images/605.png
608,validation,B,/home/jvillanueva/projects/ovarian-tumor-ultrasound-classification/data/processed/MMOTU_OTU_2D_experimental/validation/images/608.JPG,/home/jvillanueva/projects/ovarian-tumor-ultrasound-classification/results/segmentation/unet_baseline/validation/predicted_masks/608_pred.png,395,322,0.238111,False,,/home/jvillanueva/projects/ovarian-tumor-ultrasound-classification/data/processed/MMOTU_OTU_2D_roi_pred/validation/images/608.png
616,validation,B,/home/jvillanueva/projects/ovarian-tumor-ultrasound-classification/data/processed/MMOTU_OTU_2D_experimental/validation/images/616.JPG,/home/jvillanueva/projects/ovarian-tumor-ultrasound-classification/results/segmentation/unet_baseline/validation/predicted_masks/616_pred.png,201,176,0.067219,False,,/home/jvillanueva/projects/ovarian-tumor-ultrasound-classification/data/processed/MMOTU_OTU_2D_roi_pred/validation/images/616.png
619,validation,B,/home/jvillanueva/projects/ovarian-tumor-ultrasound-classification/data/processed/MMOTU_OTU_2D_experimental/validation/images/619.JPG,/home/jvillanueva/projects/ovarian-tumor-ultrasound-classification/results/segmentation/unet_baseline/validation/predicted_masks/619_pred.png,453,253,0.213554,False,,/home/jvillanueva/projects/ovarian-tumor-ultrasound-classification/data/processed/MMOTU_OTU_2D_roi_pred/validation/images/619.png
629,validation,B,/home/jvillanueva/projects/ovarian-tumor-ultrasound-classification/data/processed/MMOTU_OTU_2D_experimental/validation/images/629.JPG,/home/jvillanueva/projects/ovarian-tumor-ultrasound-classification/results/segmentation/unet_baseline/validation/predicted_masks/629_pred.png,795,421,0.563819,False,,/home/jvillanueva/projects/ovarian-tumor-ultrasound-classification/data/processed/MMOTU_OTU_2D_roi_pred/validation/images/629.png
633,validation,B,/home/jvillanueva/projects/ovarian-tumor-ultrasound-classification/data/processed/MMOTU_OTU_2D_experimental/validation/images/633.JPG,/home/jvillanueva/projects/ovarian-tumor-ultrasound-classification/results/segmentation/unet_baseline/validation/predicted_masks/633_pred.png,181,259,0.133569,False,,/home/jvillanueva/projects/ovarian-tumor-ultrasound-classification/data/processed/MMOTU_OTU_2D_roi_pred/validation/images/633.png
635,validation,B,/home/jvillanueva/projects/ovarian-tumor-ultrasound-classification/data/processed/MMOTU_OTU_2D_experimental/validation/images/635.JPG,/home/jvillanueva/projects/ovarian-tumor-ultrasound-classification/results/segmentation/unet_baseline/validation/predicted_masks/635_pred.png,145,118,0.047823,False,,/home/jvillanueva/projects/ovarian-tumor-ultrasound-classification/data/processed/MMOTU_OTU_2D_roi_pred/validation/images/635.png
650,validation,B,/home/jvillanueva/projects/ovarian-tumor-ultrasound-classification/data/processed/MMOTU_OTU_2D_experimental/validation/images/650.JPG,/home/jvillanueva/projects/ovarian-tumor-ultrasound-classification/results/segmentation/unet_baseline/validation/predicted_masks/650_pred.png,212,364,0.251072,False,,/home/jvillanueva/projects/ovarian-tumor-ultrasound-classification/data/processed/MMOTU_OTU_2D_roi_pred/validation/images/650.png
651,validation,B,/home/jvillanueva/projects/ovarian-tumor-ultrasound-classification/data/processed/MMOTU_OTU_2D_experimental/validation/images/651.JPG,/home/jvillanueva/projects/ovarian-tumor-ultrasound-classification/results/segmentation/unet_baseline/validation/predicted_masks/651_pred.png,241,148,0.066067,False,,/home/jvillanueva/projects/ovarian-tumor-ultrasound-classification/data/processed/MMOTU_OTU_2D_roi_pred/validation/images/651.png
662,validation,B,/home/jvillanueva/projects/ovarian-tumor-ultrasound-classification/data/processed/MMOTU_OTU_2D_experimental/validation/images/662.JPG,/home/jvillanueva/projects/ovarian-tumor-ultrasound-classification/results/segmentation/unet_baseline/validation/predicted_masks/662_pred.png,238,205,0.186212,False,,/home/jvillanueva/projects/ovarian-tumor-ultrasound-classification/data/processed/MMOTU_OTU_2D_roi_pred/validation/images/662.png
667,validation,B,/home/jvillanueva/projects/ovarian-tumor-ultrasound-classification/data/processed/MMOTU_OTU_2D_experimental/validation/images/667.JPG,/home/jvillanueva/projects/ovarian-tumor-ultrasound-classification/results/segmentation/unet_baseline/validation/predicted_masks/667_pred.png,479,345,0.628415,False,,/home/jvillanueva/projects/ovarian-tumor-ultrasound-classification/data/processed/MMOTU_OTU_2D_roi_pred/validation/images/667.png
669,validation,B,/home/jvillanueva/projects/ovarian-tumor-ultrasound-classification/data/processed/MMOTU_OTU_2D_experimental/validation/images/669.JPG,/home/jvillanueva/projects/ovarian-tumor-ultrasound-classification/results/segmentation/unet_baseline/validation/predicted_masks/669_pred.png,868,744,0.724815,False,,/home/jvillanueva/projects/ovarian-tumor-ultrasound-classification/data/processed/MMOTU_OTU_2D_roi_pred/validation/images/669.png
67,validation,B,/home/jvillanueva/projects/ovarian-tumor-ultrasound-classification/data/processed/MMOTU_OTU_2D_experimental/validation/images/67.JPG,/home/jvillanueva/projects/ovarian-tumor-ultrasound-classification/results/segmentation/unet_baseline/validation/predicted_masks/67_pred.png,328,321,0.165518,False,,/home/jvillanueva/projects/ovarian-tumor-ultrasound-classification/data/processed/MMOTU_OTU_2D_roi_pred/validation/images/67.png
671,validation,B,/home/jvillanueva/projects/ovarian-tumor-ultrasound-classification/data/processed/MMOTU_OTU_2D_experimental/validation/images/671.JPG,/home/jvillanueva/projects/ovarian-tumor-ultrasound-classification/results/segmentation/unet_baseline/validation/predicted_masks/671_pred.png,206,224,0.051902,False,,/home/jvillanueva/projects/ovarian-tumor-ultrasound-classification/data/processed/MMOTU_OTU_2D_roi_pred/validation/images/671.png
673,validation,B,/home/jvillanueva/projects/ovarian-tumor-ultrasound-classification/data/processed/MMOTU_OTU_2D_experimental/validation/images/673.JPG,/home/jvillanueva/projects/ovarian-tumor-ultrasound-classification/results/segmentation/unet_baseline/validation/predicted_masks/673_pred.png,123,215,0.046893,False,,/home/jvillanueva/projects/ovarian-tumor-ultrasound-classification/data/processed/MMOTU_OTU_2D_roi_pred/validation/images/673.png
680,validation,B,/home/jvillanueva/projects/ovarian-tumor-ultrasound-classification/data/processed/MMOTU_OTU_2D_experimental/validation/images/680.JPG,/home/jvillanueva/projects/ovarian-tumor-ultrasound-classification/results/segmentation/unet_baseline/validation/predicted_masks/680_pred.png,370,361,0.476039,False,,/home/jvillanueva/projects/ovarian-tumor-ultrasound-classification/data/processed/MMOTU_OTU_2D_roi_pred/validation/images/680.png
683,validation,B,/home/jvillanueva/projects/ovarian-tumor-ultrasound-classification/data/processed/MMOTU_OTU_2D_experimental/validation/images/683.JPG,/home/jvillanueva/projects/ovarian-tumor-ultrasound-classification/results/segmentation/unet_baseline/validation/predicted_masks/683_pred.png,335,348,0.447507,False,,/home/jvillanueva/projects/ovarian-tumor-ultrasound-classification/data/processed/MMOTU_OTU_2D_roi_pred/validation/images/683.png
697,validation,B,/home/jvillanueva/projects/ovarian-tumor-ultrasound-classification/data/processed/MMOTU_OTU_2D_experimental/validation/images/697.JPG,/home/jvillanueva/projects/ovarian-tumor-ultrasound-classification/results/segmentation/unet_baseline/validation/predicted_masks/697_pred.png,410,418,0.327165,False,,/home/jvillanueva/projects/ovarian-tumor-ultrasound-classification/data/processed/MMOTU_OTU_2D_roi_pred/validation/images/697.png
702,validation,B,/home/jvillanueva/projects/ovarian-tumor-ultrasound-classification/data/processed/MMOTU_OTU_2D_experimental/validation/images/702.JPG,/home/jvillanueva/projects/ovarian-tumor-ultrasound-classification/results/segmentation/unet_baseline/validation/predicted_masks/702_pred.png,458,530,0.475388,False,,/home/jvillanueva/projects/ovarian-tumor-ultrasound-classification/data/processed/MMOTU_OTU_2D_roi_pred/validation/images/702.png
704,validation,B,/home/jvillanueva/projects/ovarian-tumor-ultrasound-classification/data/processed/MMOTU_OTU_2D_experimental/validation/images/704.JPG,/home/jvillanueva/projects/ovarian-tumor-ultrasound-classification/results/segmentation/unet_baseline/validation/predicted_masks/704_pred.png,170,191,0.123732,False,,/home/jvillanueva/projects/ovarian-tumor-ultrasound-classification/data/processed/MMOTU_OTU_2D_roi_pred/validation/images/704.png
711,validation,B,/home/jvillanueva/projects/ovarian-tumor-ultrasound-classification/data/processed/MMOTU_OTU_2D_experimental/validation/images/711.JPG,/home/jvillanueva/projects/ovarian-tumor-ultrasound-classification/results/segmentation/unet_baseline/validation/predicted_masks/711_pred.png,421,235,0.19054,False,,/home/jvillanueva/projects/ovarian-tumor-ultrasound-classification/data/processed/MMOTU_OTU_2D_roi_pred/validation/images/711.png
712,validation,B,/home/jvillanueva/projects/ovarian-tumor-ultrasound-classification/data/processed/MMOTU_OTU_2D_experimental/validation/images/712.JPG,/home/jvillanueva/projects/ovarian-tumor-ultrasound-classification/results/segmentation/unet_baseline/validation/predicted_masks/712_pred.png,625,280,0.338556,False,,/home/jvillanueva/projects/ovarian-tumor-ultrasound-classification/data/processed/MMOTU_OTU_2D_roi_pred/validation/images/712.png
716,validation,B,/home/jvillanueva/projects/ovarian-tumor-ultrasound-classification/data/processed/MMOTU_OTU_2D_experimental/validation/images/716.JPG,/home/jvillanueva/projects/ovarian-tumor-ultrasound-classification/results/segmentation/unet_baseline/validation/predicted_masks/716_pred.png,266,132,0.132483,False,,/home/jvillanueva/projects/ovarian-tumor-ultrasound-classification/data/processed/MMOTU_OTU_2D_roi_pred/validation/images/716.png
754,validation,B,/home/jvillanueva/projects/ovarian-tumor-ultrasound-classification/data/processed/MMOTU_OTU_2D_experimental/validation/images/754.JPG,/home/jvillanueva/projects/ovarian-tumor-ultrasound-classification/results/segmentation/unet_baseline/validation/predicted_masks/754_pred.png,376,243,0.174495,False,,/home/jvillanueva/projects/ovarian-tumor-ultrasound-classification/data/processed/MMOTU_OTU_2D_roi_pred/validation/images/754.png
755,validation,B,/home/jvillanueva/projects/ovarian-tumor-ultrasound-classification/data/processed/MMOTU_OTU_2D_experimental/validation/images/755.JPG,/home/jvillanueva/projects/ovarian-tumor-ultrasound-classification/results/segmentation/unet_baseline/validation/predicted_masks/755_pred.png,229,76,0.033126,False,,/home/jvillanueva/projects/ovarian-tumor-ultrasound-classification/data/processed/MMOTU_OTU_2D_roi_pred/validation/images/755.png
756,validation,B,/home/jvillanueva/projects/ovarian-tumor-ultrasound-classification/data/processed/MMOTU_OTU_2D_experimental/validation/images/756.JPG,/home/jvillanueva/projects/ovarian-tumor-ultrasound-classification/results/segmentation/unet_baseline/validation/predicted_masks/756_pred.png,212,291,0.236531,False,,/home/jvillanueva/projects/ovarian-tumor-ultrasound-classification/data/processed/MMOTU_OTU_2D_roi_pred/validation/images/756.png
763,validation,B,/home/jvillanueva/projects/ovarian-tumor-ultrasound-classification/data/processed/MMOTU_OTU_2D_experimental/validation/images/763.JPG,/home/jvillanueva/projects/ovarian-tumor-ultrasound-classification/results/segmentation/unet_baseline/validation/predicted_masks/763_pred.png,195,214,0.126264,False,,/home/jvillanueva/projects/ovarian-tumor-ultrasound-classification/data/processed/MMOTU_OTU_2D_roi_pred/validation/images/763.png
768,validation,B,/home/jvillanueva/projects/ovarian-tumor-ultrasound-classification/data/processed/MMOTU_OTU_2D_experimental/validation/images/768.JPG,/home/jvillanueva/projects/ovarian-tumor-ultrasound-classification/results/segmentation/unet_baseline/validation/predicted_masks/768_pred.png,299,344,0.300276,False,,/home/jvillanueva/projects/ovarian-tumor-ultrasound-classification/data/processed/MMOTU_OTU_2D_roi_pred/validation/images/768.png
771,validation,B,/home/jvillanueva/projects/ovarian-tumor-ultrasound-classification/data/processed/MMOTU_OTU_2D_experimental/validation/images/771.JPG,/home/jvillanueva/projects/ovarian-tumor-ultrasound-classification/results/segmentation/unet_baseline/validation/predicted_masks/771_pred.png,344,273,0.357995,False,,/home/jvillanueva/projects/ovarian-tumor-ultrasound-classification/data/processed/MMOTU_OTU_2D_roi_pred/validation/images/771.png
775,validation,B,/home/jvillanueva/projects/ovarian-tumor-ultrasound-classification/data/processed/MMOTU_OTU_2D_experimental/validation/images/775.JPG,/home/jvillanueva/projects/ovarian-tumor-ultrasound-classification/results/segmentation/unet_baseline/validation/predicted_masks/775_pred.png,493,447,1.0,True,tiny_component,/home/jvillanueva/projects/ovarian-tumor-ultrasound-classification/data/processed/MMOTU_OTU_2D_roi_pred/validation/images/775.png
797,validation,B,/home/jvillanueva/projects/ovarian-tumor-ultrasound-classification/data/processed/MMOTU_OTU_2D_experimental/validation/images/797.JPG,/home/jvillanueva/projects/ovarian-tumor-ultrasound-classification/results/segmentation/unet_baseline/validation/predicted_masks/797_pred.png,375,243,0.176234,False,,/home/jvillanueva/projects/ovarian-tumor-ultrasound-classification/data/processed/MMOTU_OTU_2D_roi_pred/validation/images/797.png
807,validation,B,/home/jvillanueva/projects/ovarian-tumor-ultrasound-classification/data/processed/MMOTU_OTU_2D_experimental/validation/images/807.JPG,/home/jvillanueva/projects/ovarian-tumor-ultrasound-classification/results/segmentation/unet_baseline/validation/predicted_masks/807_pred.png,121,124,0.02876,False,,/home/jvillanueva/projects/ovarian-tumor-ultrasound-classification/data/processed/MMOTU_OTU_2D_roi_pred/validation/images/807.png
814,validation,B,/home/jvillanueva/projects/ovarian-tumor-ultrasound-classification/data/processed/MMOTU_OTU_2D_experimental/validation/images/814.JPG,/home/jvillanueva/projects/ovarian-tumor-ultrasound-classification/results/segmentation/unet_baseline/validation/predicted_masks/814_pred.png,442,315,0.286354,False,,/home/jvillanueva/projects/ovarian-tumor-ultrasound-classification/data/processed/MMOTU_OTU_2D_roi_pred/validation/images/814.png
815,validation,B,/home/jvillanueva/projects/ovarian-tumor-ultrasound-classification/data/processed/MMOTU_OTU_2D_experimental/validation/images/815.JPG,/home/jvillanueva/projects/ovarian-tumor-ultrasound-classification/results/segmentation/unet_baseline/validation/predicted_masks/815_pred.png,338,266,0.190181,False,,/home/jvillanueva/projects/ovarian-tumor-ultrasound-classification/data/processed/MMOTU_OTU_2D_roi_pred/validation/images/815.png
820,validation,B,/home/jvillanueva/projects/ovarian-tumor-ultrasound-classification/data/processed/MMOTU_OTU_2D_experimental/validation/images/820.JPG,/home/jvillanueva/projects/ovarian-tumor-ultrasound-classification/results/segmentation/unet_baseline/validation/predicted_masks/820_pred.png,428,364,0.298626,False,,/home/jvillanueva/projects/ovarian-tumor-ultrasound-classification/data/processed/MMOTU_OTU_2D_roi_pred/validation/images/820.png
832,validation,B,/home/jvillanueva/projects/ovarian-tumor-ultrasound-classification/data/processed/MMOTU_OTU_2D_experimental/validation/images/832.JPG,/home/jvillanueva/projects/ovarian-tumor-ultrasound-classification/results/segmentation/unet_baseline/validation/predicted_masks/832_pred.png,136,118,0.119919,False,,/home/jvillanueva/projects/ovarian-tumor-ultrasound-classification/data/processed/MMOTU_OTU_2D_roi_pred/validation/images/832.png
843,validation,B,/home/jvillanueva/projects/ovarian-tumor-ultrasound-classification/data/processed/MMOTU_OTU_2D_experimental/validation/images/843.JPG,/home/jvillanueva/projects/ovarian-tumor-ultrasound-classification/results/segmentation/unet_baseline/validation/predicted_masks/843_pred.png,383,352,0.208913,False,,/home/jvillanueva/projects/ovarian-tumor-ultrasound-classification/data/processed/MMOTU_OTU_2D_roi_pred/validation/images/843.png
848,validation,B,/home/jvillanueva/projects/ovarian-tumor-ultrasound-classification/data/processed/MMOTU_OTU_2D_experimental/validation/images/848.JPG,/home/jvillanueva/projects/ovarian-tumor-ultrasound-classification/results/segmentation/unet_baseline/validation/predicted_masks/848_pred.png,484,328,0.307443,False,,/home/jvillanueva/projects/ovarian-tumor-ultrasound-classification/data/processed/MMOTU_OTU_2D_roi_pred/validation/images/848.png
849,validation,B,/home/jvillanueva/projects/ovarian-tumor-ultrasound-classification/data/processed/MMOTU_OTU_2D_experimental/validation/images/849.JPG,/home/jvillanueva/projects/ovarian-tumor-ultrasound-classification/results/segmentation/unet_baseline/validation/predicted_masks/849_pred.png,543,527,0.444478,False,,/home/jvillanueva/projects/ovarian-tumor-ultrasound-classification/data/processed/MMOTU_OTU_2D_roi_pred/validation/images/849.png
85,validation,B,/home/jvillanueva/projects/ovarian-tumor-ultrasound-classification/data/processed/MMOTU_OTU_2D_experimental/validation/images/85.JPG,/home/jvillanueva/projects/ovarian-tumor-ultrasound-classification/results/segmentation/unet_baseline/validation/predicted_masks/85_pred.png,444,238,0.207167,False,,/home/jvillanueva/projects/ovarian-tumor-ultrasound-classification/data/processed/MMOTU_OTU_2D_roi_pred/validation/images/85.png
857,validation,B,/home/jvillanueva/projects/ovarian-tumor-ultrasound-classification/data/processed/MMOTU_OTU_2D_experimental/validation/images/857.JPG,/home/jvillanueva/projects/ovarian-tumor-ultrasound-classification/results/segmentation/unet_baseline/validation/predicted_masks/857_pred.png,125,97,0.091534,False,,/home/jvillanueva/projects/ovarian-tumor-ultrasound-classification/data/processed/MMOTU_OTU_2D_roi_pred/validation/images/857.png
869,validation,B,/home/jvillanueva/projects/ovarian-tumor-ultrasound-classification/data/processed/MMOTU_OTU_2D_experimental/validation/images/869.JPG,/home/jvillanueva/projects/ovarian-tumor-ultrasound-classification/results/segmentation/unet_baseline/validation/predicted_masks/869_pred.png,972,540,1.0,True,tiny_component,/home/jvillanueva/projects/ovarian-tumor-ultrasound-classification/data/processed/MMOTU_OTU_2D_roi_pred/validation/images/869.png
873,validation,B,/home/jvillanueva/projects/ovarian-tumor-ultrasound-classification/data/processed/MMOTU_OTU_2D_experimental/validation/images/873.JPG,/home/jvillanueva/projects/ovarian-tumor-ultrasound-classification/results/segmentation/unet_baseline/validation/predicted_masks/873_pred.png,362,328,0.172213,False,,/home/jvillanueva/projects/ovarian-tumor-ultrasound-classification/data/processed/MMOTU_OTU_2D_roi_pred/validation/images/873.png
876,validation,B,/home/jvillanueva/projects/ovarian-tumor-ultrasound-classification/data/processed/MMOTU_OTU_2D_experimental/validation/images/876.JPG,/home/jvillanueva/projects/ovarian-tumor-ultrasound-classification/results/segmentation/unet_baseline/validation/predicted_masks/876_pred.png,350,303,0.404012,False,,/home/jvillanueva/projects/ovarian-tumor-ultrasound-classification/data/processed/MMOTU_OTU_2D_roi_pred/validation/images/876.png
881,validation,B,/home/jvillanueva/projects/ovarian-tumor-ultrasound-classification/data/processed/MMOTU_OTU_2D_experimental/validation/images/881.JPG,/home/jvillanueva/projects/ovarian-tumor-ultrasound-classification/results/segmentation/unet_baseline/validation/predicted_masks/881_pred.png,409,261,0.206949,False,,/home/jvillanueva/projects/ovarian-tumor-ultrasound-classification/data/processed/MMOTU_OTU_2D_roi_pred/validation/images/881.png
885,validation,B,/home/jvillanueva/projects/ovarian-tumor-ultrasound-classification/data/processed/MMOTU_OTU_2D_experimental/validation/images/885.JPG,/home/jvillanueva/projects/ovarian-tumor-ultrasound-classification/results/segmentation/unet_baseline/validation/predicted_masks/885_pred.png,301,313,0.144132,False,,/home/jvillanueva/projects/ovarian-tumor-ultrasound-classification/data/processed/MMOTU_OTU_2D_roi_pred/validation/images/885.png
895,validation,B,/home/jvillanueva/projects/ovarian-tumor-ultrasound-classification/data/processed/MMOTU_OTU_2D_experimental/validation/images/895.JPG,/home/jvillanueva/projects/ovarian-tumor-ultrasound-classification/results/segmentation/unet_baseline/validation/predicted_masks/895_pred.png,445,392,0.688289,False,,/home/jvillanueva/projects/ovarian-tumor-ultrasound-classification/data/processed/MMOTU_OTU_2D_roi_pred/validation/images/895.png
898,validation,B,/home/jvillanueva/projects/ovarian-tumor-ultrasound-classification/data/processed/MMOTU_OTU_2D_experimental/validation/images/898.JPG,/home/jvillanueva/projects/ovarian-tumor-ultrasound-classification/results/segmentation/unet_baseline/validation/predicted_masks/898_pred.png,238,255,0.119405,False,,/home/jvillanueva/projects/ovarian-tumor-ultrasound-classification/data/processed/MMOTU_OTU_2D_roi_pred/validation/images/898.png
908,validation,B,/home/jvillanueva/projects/ovarian-tumor-ultrasound-classification/data/processed/MMOTU_OTU_2D_experimental/validation/images/908.JPG,/home/jvillanueva/projects/ovarian-tumor-ultrasound-classification/results/segmentation/unet_baseline/validation/predicted_masks/908_pred.png,430,387,0.657731,False,,/home/jvillanueva/projects/ovarian-tumor-ultrasound-classification/data/processed/MMOTU_OTU_2D_roi_pred/validation/images/908.png
91,validation,B,/home/jvillanueva/projects/ovarian-tumor-ultrasound-classification/data/processed/MMOTU_OTU_2D_experimental/validation/images/91.JPG,/home/jvillanueva/projects/ovarian-tumor-ultrasound-classification/results/segmentation/unet_baseline/validation/predicted_masks/91_pred.png,480,388,0.356942,False,,/home/jvillanueva/projects/ovarian-tumor-ultrasound-classification/data/processed/MMOTU_OTU_2D_roi_pred/validation/images/91.png
910,validation,B,/home/jvillanueva/projects/ovarian-tumor-ultrasound-classification/data/processed/MMOTU_OTU_2D_experimental/validation/images/910.JPG,/home/jvillanueva/projects/ovarian-tumor-ultrasound-classification/results/segmentation/unet_baseline/validation/predicted_masks/910_pred.png,237,219,0.103739,False,,/home/jvillanueva/projects/ovarian-tumor-ultrasound-classification/data/processed/MMOTU_OTU_2D_roi_pred/validation/images/910.png
920,validation,B,/home/jvillanueva/projects/ovarian-tumor-ultrasound-classification/data/processed/MMOTU_OTU_2D_experimental/validation/images/920.JPG,/home/jvillanueva/projects/ovarian-tumor-ultrasound-classification/results/segmentation/unet_baseline/validation/predicted_masks/920_pred.png,333,278,0.183555,False,,/home/jvillanueva/projects/ovarian-tumor-ultrasound-classification/data/processed/MMOTU_OTU_2D_roi_pred/validation/images/920.png
926,validation,B,/home/jvillanueva/projects/ovarian-tumor-ultrasound-classification/data/processed/MMOTU_OTU_2D_experimental/validation/images/926.JPG,/home/jvillanueva/projects/ovarian-tumor-ultrasound-classification/results/segmentation/unet_baseline/validation/predicted_masks/926_pred.png,310,143,0.088064,False,,/home/jvillanueva/projects/ovarian-tumor-ultrasound-classification/data/processed/MMOTU_OTU_2D_roi_pred/validation/images/926.png
927,validation,B,/home/jvillanueva/projects/ovarian-tumor-ultrasound-classification/data/processed/MMOTU_OTU_2D_experimental/validation/images/927.JPG,/home/jvillanueva/projects/ovarian-tumor-ultrasound-classification/results/segmentation/unet_baseline/validation/predicted_masks/927_pred.png,188,104,0.077561,False,,/home/jvillanueva/projects/ovarian-tumor-ultrasound-classification/data/processed/MMOTU_OTU_2D_roi_pred/validation/images/927.png
93,validation,B,/home/jvillanueva/projects/ovarian-tumor-ultrasound-classification/data/processed/MMOTU_OTU_2D_experimental/validation/images/93.JPG,/home/jvillanueva/projects/ovarian-tumor-ultrasound-classification/results/segmentation/unet_baseline/validation/predicted_masks/93_pred.png,556,424,0.371895,False,,/home/jvillanueva/projects/ovarian-tumor-ultrasound-classification/data/processed/MMOTU_OTU_2D_roi_pred/validation/images/93.png
931,validation,B,/home/jvillanueva/projects/ovarian-tumor-ultrasound-classification/data/processed/MMOTU_OTU_2D_experimental/validation/images/931.JPG,/home/jvillanueva/projects/ovarian-tumor-ultrasound-classification/results/segmentation/unet_baseline/validation/predicted_masks/931_pred.png,211,193,0.121931,False,,/home/jvillanueva/projects/ovarian-tumor-ultrasound-classification/data/processed/MMOTU_OTU_2D_roi_pred/validation/images/931.png
935,validation,B,/home/jvillanueva/projects/ovarian-tumor-ultrasound-classification/data/processed/MMOTU_OTU_2D_experimental/validation/images/935.JPG,/home/jvillanueva/projects/ovarian-tumor-ultrasound-classification/results/segmentation/unet_baseline/validation/predicted_masks/935_pred.png,148,136,0.060573,False,,/home/jvillanueva/projects/ovarian-tumor-ultrasound-classification/data/processed/MMOTU_OTU_2D_roi_pred/validation/images/935.png
946,validation,B,/home/jvillanueva/projects/ovarian-tumor-ultrasound-classification/data/processed/MMOTU_OTU_2D_experimental/validation/images/946.JPG,/home/jvillanueva/projects/ovarian-tumor-ultrasound-classification/results/segmentation/unet_baseline/validation/predicted_masks/946_pred.png,254,262,0.202368,False,,/home/jvillanueva/projects/ovarian-tumor-ultrasound-classification/data/processed/MMOTU_OTU_2D_roi_pred/validation/images/946.png
949,validation,B,/home/jvillanueva/projects/ovarian-tumor-ultrasound-classification/data/processed/MMOTU_OTU_2D_experimental/validation/images/949.JPG,/home/jvillanueva/projects/ovarian-tumor-ultrasound-classification/results/segmentation/unet_baseline/validation/predicted_masks/949_pred.png,389,293,0.342449,False,,/home/jvillanueva/projects/ovarian-tumor-ultrasound-classification/data/processed/MMOTU_OTU_2D_roi_pred/validation/images/949.png
954,validation,B,/home/jvillanueva/projects/ovarian-tumor-ultrasound-classification/data/processed/MMOTU_OTU_2D_experimental/validation/images/954.JPG,/home/jvillanueva/projects/ovarian-tumor-ultrasound-classification/results/segmentation/unet_baseline/validation/predicted_masks/954_pred.png,218,191,0.135252,False,,/home/jvillanueva/projects/ovarian-tumor-ultrasound-classification/data/processed/MMOTU_OTU_2D_roi_pred/validation/images/954.png
978,validation,B,/home/jvillanueva/projects/ovarian-tumor-ultrasound-classification/data/processed/MMOTU_OTU_2D_experimental/validation/images/978.JPG,/home/jvillanueva/projects/ovarian-tumor-ultrasound-classification/results/segmentation/unet_baseline/validation/predicted_masks/978_pred.png,463,424,0.779307,False,,/home/jvillanueva/projects/ovarian-tumor-ultrasound-classification/data/processed/MMOTU_OTU_2D_roi_pred/validation/images/978.png
982,validation,B,/home/jvillanueva/projects/ovarian-tumor-ultrasound-classification/data/processed/MMOTU_OTU_2D_experimental/validation/images/982.JPG,/home/jvillanueva/projects/ovarian-tumor-ultrasound-classification/results/segmentation/unet_baseline/validation/predicted_masks/982_pred.png,166,92,0.022884,False,,/home/jvillanueva/projects/ovarian-tumor-ultrasound-classification/data/processed/MMOTU_OTU_2D_roi_pred/validation/images/982.png
99,validation,B,/home/jvillanueva/projects/ovarian-tumor-ultrasound-classification/data/processed/MMOTU_OTU_2D_experimental/validation/images/99.JPG,/home/jvillanueva/projects/ovarian-tumor-ultrasound-classification/results/segmentation/unet_baseline/validation/predicted_masks/99_pred.png,441,395,0.678187,False,,/home/jvillanueva/projects/ovarian-tumor-ultrasound-classification/data/processed/MMOTU_OTU_2D_roi_pred/validation/images/99.png
1,train,C,/home/jvillanueva/projects/ovarian-tumor-ultrasound-classification/data/processed/MMOTU_OTU_2D_experimental/train/images/1.JPG,/home/jvillanueva/projects/ovarian-tumor-ultrasound-classification/data/processed/MMOTU_OTU_2D_experimental/train/masks/1_binary.PNG,214,279,0.115938,False,,/home/jvillanueva/projects/ovarian-tumor-ultrasound-classification/data/processed/MMOTU_OTU_2D_roi_gt/train/images/1.png
10,train,C,/home/jvillanueva/projects/ovarian-tumor-ultrasound-classification/data/processed/MMOTU_OTU_2D_experimental/train/images/10.JPG,/home/jvillanueva/projects/ovarian-tumor-ultrasound-classification/data/processed/MMOTU_OTU_2D_experimental/train/masks/10_binary.PNG,341,211,0.274847,False,,/home/jvillanueva/projects/ovarian-tumor-ultrasound-classification/data/processed/MMOTU_OTU_2D_roi_gt/train/images/10.png
100,train,C,/home/jvillanueva/projects/ovarian-tumor-ultrasound-classification/data/processed/MMOTU_OTU_2D_experimental/train/images/100.JPG,/home/jvillanueva/projects/ovarian-tumor-ultrasound-classification/data/processed/MMOTU_OTU_2D_experimental/train/masks/100_binary.PNG,481,440,0.416043,False,,/home/jvillanueva/projects/ovarian-tumor-ultrasound-classification/data/processed/MMOTU_OTU_2D_roi_gt/train/images/100.png
1000,train,C,/home/jvillanueva/projects/ovarian-tumor-ultrasound-classification/data/processed/MMOTU_OTU_2D_experimental/train/images/1000.JPG,/home/jvillanueva/projects/ovarian-tumor-ultrasound-classification/data/processed/MMOTU_OTU_2D_experimental/train/masks/1000_binary.PNG,471,289,0.266802,False,,/home/jvillanueva/projects/ovarian-tumor-ultrasound-classification/data/processed/MMOTU_OTU_2D_roi_gt/train/images/1000.png
1003,train,C,/home/jvillanueva/projects/ovarian-tumor-ultrasound-classification/data/processed/MMOTU_OTU_2D_experimental/train/images/1003.JPG,/home/jvillanueva/projects/ovarian-tumor-ultrasound-classification/data/processed/MMOTU_OTU_2D_experimental/train/masks/1003_binary.PNG,221,236,0.102528,False,,/home/jvillanueva/projects/ovarian-tumor-ultrasound-classification/data/processed/MMOTU_OTU_2D_roi_gt/train/images/1003.png
1004,train,C,/home/jvillanueva/projects/ovarian-tumor-ultrasound-classification/data/processed/MMOTU_OTU_2D_experimental/train/images/1004.JPG,/home/jvillanueva/projects/ovarian-tumor-ultrasound-classification/data/processed/MMOTU_OTU_2D_experimental/train/masks/1004_binary.PNG,176,100,0.03506,False,,/home/jvillanueva/projects/ovarian-tumor-ultrasound-classification/data/processed/MMOTU_OTU_2D_roi_gt/train/images/1004.png
1006,train,C,/home/jvillanueva/projects/ovarian-tumor-ultrasound-classification/data/processed/MMOTU_OTU_2D_experimental/train/images/1006.JPG,/home/jvillanueva/projects/ovarian-tumor-ultrasound-classification/data/processed/MMOTU_OTU_2D_experimental/train/masks/1006_binary.PNG,192,179,0.067732,False,,/home/jvillanueva/projects/ovarian-tumor-ultrasound-classification/data/processed/MMOTU_OTU_2D_roi_gt/train/images/1006.png
1008,train,C,/home/jvillanueva/projects/ovarian-tumor-ultrasound-classification/data/processed/MMOTU_OTU_2D_experimental/train/images/1008.JPG,/home/jvillanueva/projects/ovarian-tumor-ultrasound-classification/data/processed/MMOTU_OTU_2D_experimental/train/masks/1008_binary.PNG,178,146,0.051398,False,,/home/jvillanueva/projects/ovarian-tumor-ultrasound-classification/data/processed/MMOTU_OTU_2D_roi_gt/train/images/1008.png
1009,train,C,/home/jvillanueva/projects/ovarian-tumor-ultrasound-classification/data/processed/MMOTU_OTU_2D_experimental/train/images/1009.JPG,/home/jvillanueva/projects/ovarian-tumor-ultrasound-classification/data/processed/MMOTU_OTU_2D_experimental/train/masks/1009_binary.PNG,120,110,0.025468,False,,/home/jvillanueva/projects/ovarian-tumor-ultrasound-classification/data/processed/MMOTU_OTU_2D_roi_gt/train/images/1009.png
1015,train,C,/home/jvillanueva/projects/ovarian-tumor-ultrasound-classification/data/processed/MMOTU_OTU_2D_experimental/train/images/1015.JPG,/home/jvillanueva/projects/ovarian-tumor-ultrasound-classification/data/processed/MMOTU_OTU_2D_experimental/train/masks/1015_binary.PNG,84,56,0.018557,False,,/home/jvillanueva/projects/ovarian-tumor-ultrasound-classification/data/processed/MMOTU_OTU_2D_roi_gt/train/images/1015.png
1019,train,C,/home/jvillanueva/projects/ovarian-tumor-ultrasound-classification/data/processed/MMOTU_OTU_2D_experimental/train/images/1019.JPG,/home/jvillanueva/projects/ovarian-tumor-ultrasound-classification/data/processed/MMOTU_OTU_2D_experimental/train/masks/1019_binary.PNG,379,341,0.39028,False,,/home/jvillanueva/projects/ovarian-tumor-ultrasound-classification/data/processed/MMOTU_OTU_2D_roi_gt/train/images/1019.png
1020,train,C,/home/jvillanueva/projects/ovarian-tumor-ultrasound-classification/data/processed/MMOTU_OTU_2D_experimental/train/images/1020.JPG,/home/jvillanueva/projects/ovarian-tumor-ultrasound-classification/data/processed/MMOTU_OTU_2D_experimental/train/masks/1020_binary.PNG,379,327,0.368656,False,,/home/jvillanueva/projects/ovarian-tumor-ultrasound-classification/data/processed/MMOTU_OTU_2D_roi_gt/train/images/1020.png
1021,train,C,/home/jvillanueva/projects/ovarian-tumor-ultrasound-classification/data/processed/MMOTU_OTU_2D_experimental/train/images/1021.JPG,/home/jvillanueva/projects/ovarian-tumor-ultrasound-classification/data/processed/MMOTU_OTU_2D_experimental/train/masks/1021_binary.PNG,301,263,0.240719,False,,/home/jvillanueva/projects/ovarian-tumor-ultrasound-classification/data/processed/MMOTU_OTU_2D_roi_gt/train/images/1021.png
1027,train,C,/home/jvillanueva/projects/ovarian-tumor-ultrasound-classification/data/processed/MMOTU_OTU_2D_experimental/train/images/1027.JPG,/home/jvillanueva/projects/ovarian-tumor-ultrasound-classification/data/processed/MMOTU_OTU_2D_experimental/train/masks/1027_binary.PNG,211,180,0.151057,False,,/home/jvillanueva/projects/ovarian-tumor-ultrasound-classification/data/processed/MMOTU_OTU_2D_roi_gt/train/images/1027.png
1028,train,C,/home/jvillanueva/projects/ovarian-tumor-ultrasound-classification/data/processed/MMOTU_OTU_2D_experimental/train/images/1028.JPG,/home/jvillanueva/projects/ovarian-tumor-ultrasound-classification/data/processed/MMOTU_OTU_2D_experimental/train/masks/1028_binary.PNG,509,512,0.522683,False,,/home/jvillanueva/projects/ovarian-tumor-ultrasound-classification/data/processed/MMOTU_OTU_2D_roi_gt/train/images/1028.png
1029,train,C,/home/jvillanueva/projects/ovarian-tumor-ultrasound-classification/data/processed/MMOTU_OTU_2D_experimental/train/images/1029.JPG,/home/jvillanueva/projects/ovarian-tumor-ultrasound-classification/data/processed/MMOTU_OTU_2D_experimental/train/masks/1029_binary.PNG,320,340,0.219936,False,,/home/jvillanueva/projects/ovarian-tumor-ultrasound-classification/data/processed/MMOTU_OTU_2D_roi_gt/train/images/1029.png
103,train,C,/home/jvillanueva/projects/ovarian-tumor-ultrasound-classification/data/processed/MMOTU_OTU_2D_experimental/train/images/103.JPG,/home/jvillanueva/projects/ovarian-tumor-ultrasound-classification/data/processed/MMOTU_OTU_2D_experimental/train/masks/103_binary.PNG,568,440,0.489555,False,,/home/jvillanueva/projects/ovarian-tumor-ultrasound-classification/data/processed/MMOTU_OTU_2D_roi_gt/train/images/103.png
1031,train,C,/home/jvillanueva/projects/ovarian-tumor-ultrasound-classification/data/processed/MMOTU_OTU_2D_experimental/train/images/1031.JPG,/home/jvillanueva/projects/ovarian-tumor-ultrasound-classification/data/processed/MMOTU_OTU_2D_experimental/train/masks/1031_binary.PNG,255,200,0.100361,False,,/home/jvillanueva/projects/ovarian-tumor-ultrasound-classification/data/processed/MMOTU_OTU_2D_roi_gt/train/images/1031.png
1034,train,C,/home/jvillanueva/projects/ovarian-tumor-ultrasound-classification/data/processed/MMOTU_OTU_2D_experimental/train/images/1034.JPG,/home/jvillanueva/projects/ovarian-tumor-ultrasound-classification/data/processed/MMOTU_OTU_2D_experimental/train/masks/1034_binary.PNG,203,187,0.150953,False,,/home/jvillanueva/projects/ovarian-tumor-ultrasound-classification/data/processed/MMOTU_OTU_2D_roi_gt/train/images/1034.png
1036,train,C,/home/jvillanueva/projects/ovarian-tumor-ultrasound-classification/data/processed/MMOTU_OTU_2D_experimental/train/images/1036.JPG,/home/jvillanueva/projects/ovarian-tumor-ultrasound-classification/data/processed/MMOTU_OTU_2D_experimental/train/masks/1036_binary.PNG,242,219,0.09816,False,,/home/jvillanueva/projects/ovarian-tumor-ultrasound-classification/data/processed/MMOTU_OTU_2D_roi_gt/train/images/1036.png
1037,train,C,/home/jvillanueva/projects/ovarian-tumor-ultrasound-classification/data/processed/MMOTU_OTU_2D_experimental/train/images/1037.JPG,/home/jvillanueva/projects/ovarian-tumor-ultrasound-classification/data/processed/MMOTU_OTU_2D_experimental/train/masks/1037_binary.PNG,669,386,0.502726,False,,/home/jvillanueva/projects/ovarian-tumor-ultrasound-classification/data/processed/MMOTU_OTU_2D_roi_gt/train/images/1037.png
104,train,C,/home/jvillanueva/projects/ovarian-tumor-ultrasound-classification/data/processed/MMOTU_OTU_2D_experimental/train/images/104.JPG,/home/jvillanueva/projects/ovarian-tumor-ultrasound-classification/data/processed/MMOTU_OTU_2D_experimental/train/masks/104_binary.PNG,443,459,0.41442,False,,/home/jvillanueva/projects/ovarian-tumor-ultrasound-classification/data/processed/MMOTU_OTU_2D_roi_gt/train/images/104.png
1040,train,C,/home/jvillanueva/projects/ovarian-tumor-ultrasound-classification/data/processed/MMOTU_OTU_2D_experimental/train/images/1040.JPG,/home/jvillanueva/projects/ovarian-tumor-ultrasound-classification/data/processed/MMOTU_OTU_2D_experimental/train/masks/1040_binary.PNG,105,134,0.027869,False,,/home/jvillanueva/projects/ovarian-tumor-ultrasound-classification/data/processed/MMOTU_OTU_2D_roi_gt/train/images/1040.png
1041,train,C,/home/jvillanueva/projects/ovarian-tumor-ultrasound-classification/data/processed/MMOTU_OTU_2D_experimental/train/images/1041.JPG,/home/jvillanueva/projects/ovarian-tumor-ultrasound-classification/data/processed/MMOTU_OTU_2D_experimental/train/masks/1041_binary.PNG,745,421,0.474413,False,,/home/jvillanueva/projects/ovarian-tumor-ultrasound-classification/data/processed/MMOTU_OTU_2D_roi_gt/train/images/1041.png
1043,train,C,/home/jvillanueva/projects/ovarian-tumor-ultrasound-classification/data/processed/MMOTU_OTU_2D_experimental/train/images/1043.JPG,/home/jvillanueva/projects/ovarian-tumor-ultrasound-classification/data/processed/MMOTU_OTU_2D_experimental/train/masks/1043_binary.PNG,379,322,0.249521,False,,/home/jvillanueva/projects/ovarian-tumor-ultrasound-classification/data/processed/MMOTU_OTU_2D_roi_gt/train/images/1043.png
1044,train,C,/home/jvillanueva/projects/ovarian-tumor-ultrasound-classification/data/processed/MMOTU_OTU_2D_experimental/train/images/1044.JPG,/home/jvillanueva/projects/ovarian-tumor-ultrasound-classification/data/processed/MMOTU_OTU_2D_experimental/train/masks/1044_binary.PNG,565,398,0.444098,False,,/home/jvillanueva/projects/ovarian-tumor-ultrasound-classification/data/processed/MMOTU_OTU_2D_roi_gt/train/images/1044.png
1045,train,C,/home/jvillanueva/projects/ovarian-tumor-ultrasound-classification/data/processed/MMOTU_OTU_2D_experimental/train/images/1045.JPG,/home/jvillanueva/projects/ovarian-tumor-ultrasound-classification/data/processed/MMOTU_OTU_2D_experimental/train/masks/1045_binary.PNG,610,325,0.387853,False,,/home/jvillanueva/projects/ovarian-tumor-ultrasound-classification/data/processed/MMOTU_OTU_2D_roi_gt/train/images/1045.png
1047,train,C,/home/jvillanueva/projects/ovarian-tumor-ultrasound-classification/data/processed/MMOTU_OTU_2D_experimental/train/images/1047.JPG,/home/jvillanueva/projects/ovarian-tumor-ultrasound-classification/data/processed/MMOTU_OTU_2D_experimental/train/masks/1047_binary.PNG,584,365,0.41565,False,,/home/jvillanueva/projects/ovarian-tumor-ultrasound-classification/data/processed/MMOTU_OTU_2D_roi_gt/train/images/1047.png
1048,train,C,/home/jvillanueva/projects/ovarian-tumor-ultrasound-classification/data/processed/MMOTU_OTU_2D_experimental/train/images/1048.JPG,/home/jvillanueva/projects/ovarian-tumor-ultrasound-classification/data/processed/MMOTU_OTU_2D_experimental/train/masks/1048_binary.PNG,375,373,0.277343,False,,/home/jvillanueva/projects/ovarian-tumor-ultrasound-classification/data/processed/MMOTU_OTU_2D_roi_gt/train/images/1048.png
105,train,C,/home/jvillanueva/projects/ovarian-tumor-ultrasound-classification/data/processed/MMOTU_OTU_2D_experimental/train/images/105.JPG,/home/jvillanueva/projects/ovarian-tumor-ultrasound-classification/data/processed/MMOTU_OTU_2D_experimental/train/masks/105_binary.PNG,434,493,0.435474,False,,/home/jvillanueva/projects/ovarian-tumor-ultrasound-classification/data/processed/MMOTU_OTU_2D_roi_gt/train/images/105.png
1051,train,C,/home/jvillanueva/projects/ovarian-tumor-ultrasound-classification/data/processed/MMOTU_OTU_2D_experimental/train/images/1051.JPG,/home/jvillanueva/projects/ovarian-tumor-ultrasound-classification/data/processed/MMOTU_OTU_2D_experimental/train/masks/1051_binary.PNG,454,373,0.332546,False,,/home/jvillanueva/projects/ovarian-tumor-ultrasound-classification/data/processed/MMOTU_OTU_2D_roi_gt/train/images/1051.png
1052,train,C,/home/jvillanueva/projects/ovarian-tumor-ultrasound-classification/data/processed/MMOTU_OTU_2D_experimental/train/images/1052.JPG,/home/jvillanueva/projects/ovarian-tumor-ultrasound-classification/data/processed/MMOTU_OTU_2D_experimental/train/masks/1052_binary.PNG,436,389,0.671877,False,,/home/jvillanueva/projects/ovarian-tumor-ultrasound-classification/data/processed/MMOTU_OTU_2D_roi_gt/train/images/1052.png
1053,train,C,/home/jvillanueva/projects/ovarian-tumor-ultrasound-classification/data/processed/MMOTU_OTU_2D_experimental/train/images/1053.JPG,/home/jvillanueva/projects/ovarian-tumor-ultrasound-classification/data/processed/MMOTU_OTU_2D_experimental/train/masks/1053_binary.PNG,307,228,0.274223,False,,/home/jvillanueva/projects/ovarian-tumor-ultrasound-classification/data/processed/MMOTU_OTU_2D_roi_gt/train/images/1053.png
1057,train,C,/home/jvillanueva/projects/ovarian-tumor-ultrasound-classification/data/processed/MMOTU_OTU_2D_experimental/train/images/1057.JPG,/home/jvillanueva/projects/ovarian-tumor-ultrasound-classification/data/processed/MMOTU_OTU_2D_experimental/train/masks/1057_binary.PNG,236,230,0.162791,False,,/home/jvillanueva/projects/ovarian-tumor-ultrasound-classification/data/processed/MMOTU_OTU_2D_roi_gt/train/images/1057.png
1058,train,C,/home/jvillanueva/projects/ovarian-tumor-ultrasound-classification/data/processed/MMOTU_OTU_2D_experimental/train/images/1058.JPG,/home/jvillanueva/projects/ovarian-tumor-ultrasound-classification/data/processed/MMOTU_OTU_2D_experimental/train/masks/1058_binary.PNG,559,523,0.887512,False,,/home/jvillanueva/projects/ovarian-tumor-ultrasound-classification/data/processed/MMOTU_OTU_2D_roi_gt/train/images/1058.png
106,train,C,/home/jvillanueva/projects/ovarian-tumor-ultrasound-classification/data/processed/MMOTU_OTU_2D_experimental/train/images/106.JPG,/home/jvillanueva/projects/ovarian-tumor-ultrasound-classification/data/processed/MMOTU_OTU_2D_experimental/train/masks/106_binary.PNG,118,166,0.03825,False,,/home/jvillanueva/projects/ovarian-tumor-ultrasound-classification/data/processed/MMOTU_OTU_2D_roi_gt/train/images/106.png
1060,train,C,/home/jvillanueva/projects/ovarian-tumor-ultrasound-classification/data/processed/MMOTU_OTU_2D_experimental/train/images/1060.JPG,/home/jvillanueva/projects/ovarian-tumor-ultrasound-classification/data/processed/MMOTU_OTU_2D_experimental/train/masks/1060_binary.PNG,344,302,0.207461,False,,/home/jvillanueva/projects/ovarian-tumor-ultrasound-classification/data/processed/MMOTU_OTU_2D_roi_gt/train/images/1060.png
1063,train,C,/home/jvillanueva/projects/ovarian-tumor-ultrasound-classification/data/processed/MMOTU_OTU_2D_experimental/train/images/1063.JPG,/home/jvillanueva/projects/ovarian-tumor-ultrasound-classification/data/processed/MMOTU_OTU_2D_experimental/train/masks/1063_binary.PNG,227,188,0.081823,False,,/home/jvillanueva/projects/ovarian-tumor-ultrasound-classification/data/processed/MMOTU_OTU_2D_roi_gt/train/images/1063.png
1064,train,C,/home/jvillanueva/projects/ovarian-tumor-ultrasound-classification/data/processed/MMOTU_OTU_2D_experimental/train/images/1064.JPG,/home/jvillanueva/projects/ovarian-tumor-ultrasound-classification/data/processed/MMOTU_OTU_2D_experimental/train/masks/1064_binary.PNG,357,321,0.227892,False,,/home/jvillanueva/projects/ovarian-tumor-ultrasound-classification/data/processed/MMOTU_OTU_2D_roi_gt/train/images/1064.png
1067,train,C,/home/jvillanueva/projects/ovarian-tumor-ultrasound-classification/data/processed/MMOTU_OTU_2D_experimental/train/images/1067.JPG,/home/jvillanueva/projects/ovarian-tumor-ultrasound-classification/data/processed/MMOTU_OTU_2D_experimental/train/masks/1067_binary.PNG,112,95,0.041737,False,,/home/jvillanueva/projects/ovarian-tumor-ultrasound-classification/data/processed/MMOTU_OTU_2D_roi_gt/train/images/1067.png
1068,train,C,/home/jvillanueva/projects/ovarian-tumor-ultrasound-classification/data/processed/MMOTU_OTU_2D_experimental/train/images/1068.JPG,/home/jvillanueva/projects/ovarian-tumor-ultrasound-classification/data/processed/MMOTU_OTU_2D_experimental/train/masks/1068_binary.PNG,189,193,0.153533,False,,/home/jvillanueva/projects/ovarian-tumor-ultrasound-classification/data/processed/MMOTU_OTU_2D_roi_gt/train/images/1068.png
1069,train,C,/home/jvillanueva/projects/ovarian-tumor-ultrasound-classification/data/processed/MMOTU_OTU_2D_experimental/train/images/1069.JPG,/home/jvillanueva/projects/ovarian-tumor-ultrasound-classification/data/processed/MMOTU_OTU_2D_experimental/train/masks/1069_binary.PNG,160,97,0.062661,False,,/home/jvillanueva/projects/ovarian-tumor-ultrasound-classification/data/processed/MMOTU_OTU_2D_roi_gt/train/images/1069.png
1070,train,C,/home/jvillanueva/projects/ovarian-tumor-ultrasound-classification/data/processed/MMOTU_OTU_2D_experimental/train/images/1070.JPG,/home/jvillanueva/projects/ovarian-tumor-ultrasound-classification/data/processed/MMOTU_OTU_2D_experimental/train/masks/1070_binary.PNG,659,483,0.627018,False,,/home/jvillanueva/projects/ovarian-tumor-ultrasound-classification/data/processed/MMOTU_OTU_2D_roi_gt/train/images/1070.png
1072,train,C,/home/jvillanueva/projects/ovarian-tumor-ultrasound-classification/data/processed/MMOTU_OTU_2D_experimental/train/images/1072.JPG,/home/jvillanueva/projects/ovarian-tumor-ultrasound-classification/data/processed/MMOTU_OTU_2D_experimental/train/masks/1072_binary.PNG,653,403,0.520702,False,,/home/jvillanueva/projects/ovarian-tumor-ultrasound-classification/data/processed/MMOTU_OTU_2D_roi_gt/train/images/1072.png
1074,train,C,/home/jvillanueva/projects/ovarian-tumor-ultrasound-classification/data/processed/MMOTU_OTU_2D_experimental/train/images/1074.JPG,/home/jvillanueva/projects/ovarian-tumor-ultrasound-classification/data/processed/MMOTU_OTU_2D_experimental/train/masks/1074_binary.PNG,180,100,0.073002,False,,/home/jvillanueva/projects/ovarian-tumor-ultrasound-classification/data/processed/MMOTU_OTU_2D_roi_gt/train/images/1074.png
108,train,C,/home/jvillanueva/projects/ovarian-tumor-ultrasound-classification/data/processed/MMOTU_OTU_2D_experimental/train/images/108.JPG,/home/jvillanueva/projects/ovarian-tumor-ultrasound-classification/data/processed/MMOTU_OTU_2D_experimental/train/masks/108_binary.PNG,292,207,0.118056,False,,/home/jvillanueva/projects/ovarian-tumor-ultrasound-classification/data/processed/MMOTU_OTU_2D_roi_gt/train/images/108.png
1080,train,C,/home/jvillanueva/projects/ovarian-tumor-ultrasound-classification/data/processed/MMOTU_OTU_2D_experimental/train/images/1080.JPG,/home/jvillanueva/projects/ovarian-tumor-ultrasound-classification/data/processed/MMOTU_OTU_2D_experimental/train/masks/1080_binary.PNG,291,250,0.14455,False,,/home/jvillanueva/projects/ovarian-tumor-ultrasound-classification/data/processed/MMOTU_OTU_2D_roi_gt/train/images/1080.png
1084,train,C,/home/jvillanueva/projects/ovarian-tumor-ultrasound-classification/data/processed/MMOTU_OTU_2D_experimental/train/images/1084.JPG,/home/jvillanueva/projects/ovarian-tumor-ultrasound-classification/data/processed/MMOTU_OTU_2D_experimental/train/masks/1084_binary.PNG,478,290,0.554214,False,,/home/jvillanueva/projects/ovarian-tumor-ultrasound-classification/data/processed/MMOTU_OTU_2D_roi_gt/train/images/1084.png
1087,train,C,/home/jvillanueva/projects/ovarian-tumor-ultrasound-classification/data/processed/MMOTU_OTU_2D_experimental/train/images/1087.JPG,/home/jvillanueva/projects/ovarian-tumor-ultrasound-classification/data/processed/MMOTU_OTU_2D_experimental/train/masks/1087_binary.PNG,600,537,0.522191,False,,/home/jvillanueva/projects/ovarian-tumor-ultrasound-classification/data/processed/MMOTU_OTU_2D_roi_gt/train/images/1087.png
109,train,C,/home/jvillanueva/projects/ovarian-tumor-ultrasound-classification/data/processed/MMOTU_OTU_2D_experimental/train/images/109.JPG,/home/jvillanueva/projects/ovarian-tumor-ultrasound-classification/data/processed/MMOTU_OTU_2D_experimental/train/masks/109_binary.PNG,216,176,0.07481,False,,/home/jvillanueva/projects/ovarian-tumor-ultrasound-classification/data/processed/MMOTU_OTU_2D_roi_gt/train/images/109.png
1093,train,C,/home/jvillanueva/projects/ovarian-tumor-ultrasound-classification/data/processed/MMOTU_OTU_2D_experimental/train/images/1093.JPG,/home/jvillanueva/projects/ovarian-tumor-ultrasound-classification/data/processed/MMOTU_OTU_2D_experimental/train/masks/1093_binary.PNG,470,350,0.327412,False,,/home/jvillanueva/projects/ovarian-tumor-ultrasound-classification/data/processed/MMOTU_OTU_2D_roi_gt/train/images/1093.png
1094,train,C,/home/jvillanueva/projects/ovarian-tumor-ultrasound-classification/data/processed/MMOTU_OTU_2D_experimental/train/images/1094.JPG,/home/jvillanueva/projects/ovarian-tumor-ultrasound-classification/data/processed/MMOTU_OTU_2D_experimental/train/masks/1094_binary.PNG,193,244,0.145223,False,,/home/jvillanueva/projects/ovarian-tumor-ultrasound-classification/data/processed/MMOTU_OTU_2D_roi_gt/train/images/1094.png
1097,train,C,/home/jvillanueva/projects/ovarian-tumor-ultrasound-classification/data/processed/MMOTU_OTU_2D_experimental/train/images/1097.JPG,/home/jvillanueva/projects/ovarian-tumor-ultrasound-classification/data/processed/MMOTU_OTU_2D_experimental/train/masks/1097_binary.PNG,512,322,0.324363,False,,/home/jvillanueva/projects/ovarian-tumor-ultrasound-classification/data/processed/MMOTU_OTU_2D_roi_gt/train/images/1097.png
1098,train,C,/home/jvillanueva/projects/ovarian-tumor-ultrasound-classification/data/processed/MMOTU_OTU_2D_experimental/train/images/1098.JPG,/home/jvillanueva/projects/ovarian-tumor-ultrasound-classification/data/processed/MMOTU_OTU_2D_experimental/train/masks/1098_binary.PNG,146,148,0.043255,False,,/home/jvillanueva/projects/ovarian-tumor-ultrasound-classification/data/processed/MMOTU_OTU_2D_roi_gt/train/images/1098.png
1099,train,C,/home/jvillanueva/projects/ovarian-tumor-ultrasound-classification/data/processed/MMOTU_OTU_2D_experimental/train/images/1099.JPG,/home/jvillanueva/projects/ovarian-tumor-ultrasound-classification/data/processed/MMOTU_OTU_2D_experimental/train/masks/1099_binary.PNG,403,300,0.240382,False,,/home/jvillanueva/projects/ovarian-tumor-ultrasound-classification/data/processed/MMOTU_OTU_2D_roi_gt/train/images/1099.png
110,train,C,/home/jvillanueva/projects/ovarian-tumor-ultrasound-classification/data/processed/MMOTU_OTU_2D_experimental/train/images/110.JPG,/home/jvillanueva/projects/ovarian-tumor-ultrasound-classification/data/processed/MMOTU_OTU_2D_experimental/train/masks/110_binary.PNG,155,121,0.036692,False,,/home/jvillanueva/projects/ovarian-tumor-ultrasound-classification/data/processed/MMOTU_OTU_2D_roi_gt/train/images/110.png
1100,train,C,/home/jvillanueva/projects/ovarian-tumor-ultrasound-classification/data/processed/MMOTU_OTU_2D_experimental/train/images/1100.JPG,/home/jvillanueva/projects/ovarian-tumor-ultrasound-classification/data/processed/MMOTU_OTU_2D_experimental/train/masks/1100_binary.PNG,278,278,0.115818,False,,/home/jvillanueva/projects/ovarian-tumor-ultrasound-classification/data/processed/MMOTU_OTU_2D_roi_gt/train/images/1100.png
1101,train,C,/home/jvillanueva/projects/ovarian-tumor-ultrasound-classification/data/processed/MMOTU_OTU_2D_experimental/train/images/1101.JPG,/home/jvillanueva/projects/ovarian-tumor-ultrasound-classification/data/processed/MMOTU_OTU_2D_experimental/train/masks/1101_binary.PNG,221,178,0.078378,False,,/home/jvillanueva/projects/ovarian-tumor-ultrasound-classification/data/processed/MMOTU_OTU_2D_roi_gt/train/images/1101.png
1102,train,C,/home/jvillanueva/projects/ovarian-tumor-ultrasound-classification/data/processed/MMOTU_OTU_2D_experimental/train/images/1102.JPG,/home/jvillanueva/projects/ovarian-tumor-ultrasound-classification/data/processed/MMOTU_OTU_2D_experimental/train/masks/1102_binary.PNG,218,194,0.084161,False,,/home/jvillanueva/projects/ovarian-tumor-ultrasound-classification/data/processed/MMOTU_OTU_2D_roi_gt/train/images/1102.png
1105,train,C,/home/jvillanueva/projects/ovarian-tumor-ultrasound-classification/data/processed/MMOTU_OTU_2D_experimental/train/images/1105.JPG,/home/jvillanueva/projects/ovarian-tumor-ultrasound-classification/data/processed/MMOTU_OTU_2D_experimental/train/masks/1105_binary.PNG,492,349,0.342411,False,,/home/jvillanueva/projects/ovarian-tumor-ultrasound-classification/data/processed/MMOTU_OTU_2D_roi_gt/train/images/1105.png
1106,train,C,/home/jvillanueva/projects/ovarian-tumor-ultrasound-classification/data/processed/MMOTU_OTU_2D_experimental/train/images/1106.JPG,/home/jvillanueva/projects/ovarian-tumor-ultrasound-classification/data/processed/MMOTU_OTU_2D_experimental/train/masks/1106_binary.PNG,578,520,0.454243,False,,/home/jvillanueva/projects/ovarian-tumor-ultrasound-classification/data/processed/MMOTU_OTU_2D_roi_gt/train/images/1106.png
1107,train,C,/home/jvillanueva/projects/ovarian-tumor-ultrasound-classification/data/processed/MMOTU_OTU_2D_experimental/train/images/1107.JPG,/home/jvillanueva/projects/ovarian-tumor-ultrasound-classification/data/processed/MMOTU_OTU_2D_experimental/train/masks/1107_binary.PNG,322,289,0.185765,False,,/home/jvillanueva/projects/ovarian-tumor-ultrasound-classification/data/processed/MMOTU_OTU_2D_roi_gt/train/images/1107.png
1110,train,C,/home/jvillanueva/projects/ovarian-tumor-ultrasound-classification/data/processed/MMOTU_OTU_2D_experimental/train/images/1110.JPG,/home/jvillanueva/projects/ovarian-tumor-ultrasound-classification/data/processed/MMOTU_OTU_2D_experimental/train/masks/1110_binary.PNG,215,278,0.116618,False,,/home/jvillanueva/projects/ovarian-tumor-ultrasound-classification/data/processed/MMOTU_OTU_2D_roi_gt/train/images/1110.png
1112,train,C,/home/jvillanueva/projects/ovarian-tumor-ultrasound-classification/data/processed/MMOTU_OTU_2D_experimental/train/images/1112.JPG,/home/jvillanueva/projects/ovarian-tumor-ultrasound-classification/data/processed/MMOTU_OTU_2D_experimental/train/masks/1112_binary.PNG,149,143,0.041964,False,,/home/jvillanueva/projects/ovarian-tumor-ultrasound-classification/data/processed/MMOTU_OTU_2D_roi_gt/train/images/1112.png
1113,train,C,/home/jvillanueva/projects/ovarian-tumor-ultrasound-classification/data/processed/MMOTU_OTU_2D_experimental/train/images/1113.JPG,/home/jvillanueva/projects/ovarian-tumor-ultrasound-classification/data/processed/MMOTU_OTU_2D_experimental/train/masks/1113_binary.PNG,163,157,0.050254,False,,/home/jvillanueva/projects/ovarian-tumor-ultrasound-classification/data/processed/MMOTU_OTU_2D_roi_gt/train/images/1113.png
1115,train,C,/home/jvillanueva/projects/ovarian-tumor-ultrasound-classification/data/processed/MMOTU_OTU_2D_experimental/train/images/1115.JPG,/home/jvillanueva/projects/ovarian-tumor-ultrasound-classification/data/processed/MMOTU_OTU_2D_experimental/train/masks/1115_binary.PNG,122,115,0.027092,False,,/home/jvillanueva/projects/ovarian-tumor-ultrasound-classification/data/processed/MMOTU_OTU_2D_roi_gt/train/images/1115.png
1116,train,C,/home/jvillanueva/projects/ovarian-tumor-ultrasound-classification/data/processed/MMOTU_OTU_2D_experimental/train/images/1116.JPG,/home/jvillanueva/projects/ovarian-tumor-ultrasound-classification/data/processed/MMOTU_OTU_2D_experimental/train/masks/1116_binary.PNG,634,444,0.548656,False,,/home/jvillanueva/projects/ovarian-tumor-ultrasound-classification/data/processed/MMOTU_OTU_2D_roi_gt/train/images/1116.png
1118,train,C,/home/jvillanueva/projects/ovarian-tumor-ultrasound-classification/data/processed/MMOTU_OTU_2D_experimental/train/images/1118.JPG,/home/jvillanueva/projects/ovarian-tumor-ultrasound-classification/data/processed/MMOTU_OTU_2D_experimental/train/masks/1118_binary.PNG,334,317,0.166948,False,,/home/jvillanueva/projects/ovarian-tumor-ultrasound-classification/data/processed/MMOTU_OTU_2D_roi_gt/train/images/1118.png
1120,train,C,/home/jvillanueva/projects/ovarian-tumor-ultrasound-classification/data/processed/MMOTU_OTU_2D_experimental/train/images/1120.JPG,/home/jvillanueva/projects/ovarian-tumor-ultrasound-classification/data/processed/MMOTU_OTU_2D_experimental/train/masks/1120_binary.PNG,243,140,0.070554,False,,/home/jvillanueva/projects/ovarian-tumor-ultrasound-classification/data/processed/MMOTU_OTU_2D_roi_gt/train/images/1120.png
1121,train,C,/home/jvillanueva/projects/ovarian-tumor-ultrasound-classification/data/processed/MMOTU_OTU_2D_experimental/train/images/1121.JPG,/home/jvillanueva/projects/ovarian-tumor-ultrasound-classification/data/processed/MMOTU_OTU_2D_experimental/train/masks/1121_binary.PNG,187,191,0.139699,False,,/home/jvillanueva/projects/ovarian-tumor-ultrasound-classification/data/processed/MMOTU_OTU_2D_roi_gt/train/images/1121.png
1125,train,C,/home/jvillanueva/projects/ovarian-tumor-ultrasound-classification/data/processed/MMOTU_OTU_2D_experimental/train/images/1125.JPG,/home/jvillanueva/projects/ovarian-tumor-ultrasound-classification/data/processed/MMOTU_OTU_2D_experimental/train/masks/1125_binary.PNG,542,453,0.476765,False,,/home/jvillanueva/projects/ovarian-tumor-ultrasound-classification/data/processed/MMOTU_OTU_2D_roi_gt/train/images/1125.png
1126,train,C,/home/jvillanueva/projects/ovarian-tumor-ultrasound-classification/data/processed/MMOTU_OTU_2D_experimental/train/images/1126.JPG,/home/jvillanueva/projects/ovarian-tumor-ultrasound-classification/data/processed/MMOTU_OTU_2D_experimental/train/masks/1126_binary.PNG,468,477,0.386203,False,,/home/jvillanueva/projects/ovarian-tumor-ultrasound-classification/data/processed/MMOTU_OTU_2D_roi_gt/train/images/1126.png
1127,train,C,/home/jvillanueva/projects/ovarian-tumor-ultrasound-classification/data/processed/MMOTU_OTU_2D_experimental/train/images/1127.JPG,/home/jvillanueva/projects/ovarian-tumor-ultrasound-classification/data/processed/MMOTU_OTU_2D_experimental/train/masks/1127_binary.PNG,207,106,0.043691,False,,/home/jvillanueva/projects/ovarian-tumor-ultrasound-classification/data/processed/MMOTU_OTU_2D_roi_gt/train/images/1127.png
1128,train,C,/home/jvillanueva/projects/ovarian-tumor-ultrasound-classification/data/processed/MMOTU_OTU_2D_experimental/train/images/1128.JPG,/home/jvillanueva/projects/ovarian-tumor-ultrasound-classification/data/processed/MMOTU_OTU_2D_experimental/train/masks/1128_binary.PNG,423,431,0.538503,False,,/home/jvillanueva/projects/ovarian-tumor-ultrasound-classification/data/processed/MMOTU_OTU_2D_roi_gt/train/images/1128.png
113,train,C,/home/jvillanueva/projects/ovarian-tumor-ultrasound-classification/data/processed/MMOTU_OTU_2D_experimental/train/images/113.JPG,/home/jvillanueva/projects/ovarian-tumor-ultrasound-classification/data/processed/MMOTU_OTU_2D_experimental/train/masks/113_binary.PNG,220,123,0.05294,False,,/home/jvillanueva/projects/ovarian-tumor-ultrasound-classification/data/processed/MMOTU_OTU_2D_roi_gt/train/images/113.png
1131,train,C,/home/jvillanueva/projects/ovarian-tumor-ultrasound-classification/data/processed/MMOTU_OTU_2D_experimental/train/images/1131.JPG,/home/jvillanueva/projects/ovarian-tumor-ultrasound-classification/data/processed/MMOTU_OTU_2D_experimental/train/masks/1131_binary.PNG,196,135,0.052059,False,,/home/jvillanueva/projects/ovarian-tumor-ultrasound-classification/data/processed/MMOTU_OTU_2D_roi_gt/train/images/1131.png
1136,train,C,/home/jvillanueva/projects/ovarian-tumor-ultrasound-classification/data/processed/MMOTU_OTU_2D_experimental/train/images/1136.JPG,/home/jvillanueva/projects/ovarian-tumor-ultrasound-classification/data/processed/MMOTU_OTU_2D_experimental/train/masks/1136_binary.PNG,218,221,0.143278,False,,/home/jvillanueva/projects/ovarian-tumor-ultrasound-classification/data/processed/MMOTU_OTU_2D_roi_gt/train/images/1136.png
1138,train,C,/home/jvillanueva/projects/ovarian-tumor-ultrasound-classification/data/processed/MMOTU_OTU_2D_experimental/train/images/1138.JPG,/home/jvillanueva/projects/ovarian-tumor-ultrasound-classification/data/processed/MMOTU_OTU_2D_experimental/train/masks/1138_binary.PNG,383,338,0.251982,False,,/home/jvillanueva/projects/ovarian-tumor-ultrasound-classification/data/processed/MMOTU_OTU_2D_roi_gt/train/images/1138.png
1139,train,C,/home/jvillanueva/projects/ovarian-tumor-ultrasound-classification/data/processed/MMOTU_OTU_2D_experimental/train/images/1139.JPG,/home/jvillanueva/projects/ovarian-tumor-ultrasound-classification/data/processed/MMOTU_OTU_2D_experimental/train/masks/1139_binary.PNG,452,373,0.64468,False,,/home/jvillanueva/projects/ovarian-tumor-ultrasound-classification/data/processed/MMOTU_OTU_2D_roi_gt/train/images/1139.png
1141,train,C,/home/jvillanueva/projects/ovarian-tumor-ultrasound-classification/data/processed/MMOTU_OTU_2D_experimental/train/images/1141.JPG,/home/jvillanueva/projects/ovarian-tumor-ultrasound-classification/data/processed/MMOTU_OTU_2D_experimental/train/masks/1141_binary.PNG,248,193,0.185692,False,,/home/jvillanueva/projects/ovarian-tumor-ultrasound-classification/data/processed/MMOTU_OTU_2D_roi_gt/train/images/1141.png
1142,train,C,/home/jvillanueva/projects/ovarian-tumor-ultrasound-classification/data/processed/MMOTU_OTU_2D_experimental/train/images/1142.JPG,/home/jvillanueva/projects/ovarian-tumor-ultrasound-classification/data/processed/MMOTU_OTU_2D_experimental/train/masks/1142_binary.PNG,249,248,0.121621,False,,/home/jvillanueva/projects/ovarian-tumor-ultrasound-classification/data/processed/MMOTU_OTU_2D_roi_gt/train/images/1142.png
1145,train,C,/home/jvillanueva/projects/ovarian-tumor-ultrasound-classification/data/processed/MMOTU_OTU_2D_experimental/train/images/1145.JPG,/home/jvillanueva/projects/ovarian-tumor-ultrasound-classification/data/processed/MMOTU_OTU_2D_experimental/train/masks/1145_binary.PNG,360,363,0.504052,False,,/home/jvillanueva/projects/ovarian-tumor-ultrasound-classification/data/processed/MMOTU_OTU_2D_roi_gt/train/images/1145.png
1146,train,C,/home/jvillanueva/projects/ovarian-tumor-ultrasound-classification/data/processed/MMOTU_OTU_2D_experimental/train/images/1146.JPG,/home/jvillanueva/projects/ovarian-tumor-ultrasound-classification/data/processed/MMOTU_OTU_2D_experimental/train/masks/1146_binary.PNG,387,379,0.290271,False,,/home/jvillanueva/projects/ovarian-tumor-ultrasound-classification/data/processed/MMOTU_OTU_2D_roi_gt/train/images/1146.png
1147,train,C,/home/jvillanueva/projects/ovarian-tumor-ultrasound-classification/data/processed/MMOTU_OTU_2D_experimental/train/images/1147.JPG,/home/jvillanueva/projects/ovarian-tumor-ultrasound-classification/data/processed/MMOTU_OTU_2D_experimental/train/masks/1147_binary.PNG,392,317,0.2411,False,,/home/jvillanueva/projects/ovarian-tumor-ultrasound-classification/data/processed/MMOTU_OTU_2D_roi_gt/train/images/1147.png
1148,train,C,/home/jvillanueva/projects/ovarian-tumor-ultrasound-classification/data/processed/MMOTU_OTU_2D_experimental/train/images/1148.JPG,/home/jvillanueva/projects/ovarian-tumor-ultrasound-classification/data/processed/MMOTU_OTU_2D_experimental/train/masks/1148_binary.PNG,300,325,0.191306,False,,/home/jvillanueva/projects/ovarian-tumor-ultrasound-classification/data/processed/MMOTU_OTU_2D_roi_gt/train/images/1148.png
1149,train,C,/home/jvillanueva/projects/ovarian-tumor-ultrasound-classification/data/processed/MMOTU_OTU_2D_experimental/train/images/1149.JPG,/home/jvillanueva/projects/ovarian-tumor-ultrasound-classification/data/processed/MMOTU_OTU_2D_experimental/train/masks/1149_binary.PNG,358,267,0.187746,False,,/home/jvillanueva/projects/ovarian-tumor-ultrasound-classification/data/processed/MMOTU_OTU_2D_roi_gt/train/images/1149.png
115,train,C,/home/jvillanueva/projects/ovarian-tumor-ultrasound-classification/data/processed/MMOTU_OTU_2D_experimental/train/images/115.JPG,/home/jvillanueva/projects/ovarian-tumor-ultrasound-classification/data/processed/MMOTU_OTU_2D_experimental/train/masks/115_binary.PNG,157,80,0.024531,False,,/home/jvillanueva/projects/ovarian-tumor-ultrasound-classification/data/processed/MMOTU_OTU_2D_roi_gt/train/images/115.png
1150,train,C,/home/jvillanueva/projects/ovarian-tumor-ultrasound-classification/data/processed/MMOTU_OTU_2D_experimental/train/images/1150.JPG,/home/jvillanueva/projects/ovarian-tumor-ultrasound-classification/data/processed/MMOTU_OTU_2D_experimental/train/masks/1150_binary.PNG,255,279,0.278551,False,,/home/jvillanueva/projects/ovarian-tumor-ultrasound-classification/data/processed/MMOTU_OTU_2D_roi_gt/train/images/1150.png
1151,train,C,/home/jvillanueva/projects/ovarian-tumor-ultrasound-classification/data/processed/MMOTU_OTU_2D_experimental/train/images/1151.JPG,/home/jvillanueva/projects/ovarian-tumor-ultrasound-classification/data/processed/MMOTU_OTU_2D_experimental/train/masks/1151_binary.PNG,375,273,0.201081,False,,/home/jvillanueva/projects/ovarian-tumor-ultrasound-classification/data/processed/MMOTU_OTU_2D_roi_gt/train/images/1151.png
1152,train,C,/home/jvillanueva/projects/ovarian-tumor-ultrasound-classification/data/processed/MMOTU_OTU_2D_experimental/train/images/1152.JPG,/home/jvillanueva/projects/ovarian-tumor-ultrasound-classification/data/processed/MMOTU_OTU_2D_experimental/train/masks/1152_binary.PNG,252,266,0.13227,False,,/home/jvillanueva/projects/ovarian-tumor-ultrasound-classification/data/processed/MMOTU_OTU_2D_roi_gt/train/images/1152.png
1153,train,C,/home/jvillanueva/projects/ovarian-tumor-ultrasound-classification/data/processed/MMOTU_OTU_2D_experimental/train/images/1153.JPG,/home/jvillanueva/projects/ovarian-tumor-ultrasound-classification/data/processed/MMOTU_OTU_2D_experimental/train/masks/1153_binary.PNG,715,368,0.362225,False,,/home/jvillanueva/projects/ovarian-tumor-ultrasound-classification/data/processed/MMOTU_OTU_2D_roi_gt/train/images/1153.png
1154,train,C,/home/jvillanueva/projects/ovarian-tumor-ultrasound-classification/data/processed/MMOTU_OTU_2D_experimental/train/images/1154.JPG,/home/jvillanueva/projects/ovarian-tumor-ultrasound-classification/data/processed/MMOTU_OTU_2D_experimental/train/masks/1154_binary.PNG,675,353,0.328022,False,,/home/jvillanueva/projects/ovarian-tumor-ultrasound-classification/data/processed/MMOTU_OTU_2D_roi_gt/train/images/1154.png
1155,train,C,/home/jvillanueva/projects/ovarian-tumor-ultrasound-classification/data/processed/MMOTU_OTU_2D_experimental/train/images/1155.JPG,/home/jvillanueva/projects/ovarian-tumor-ultrasound-classification/data/processed/MMOTU_OTU_2D_experimental/train/masks/1155_binary.PNG,551,587,0.446656,False,,/home/jvillanueva/projects/ovarian-tumor-ultrasound-classification/data/processed/MMOTU_OTU_2D_roi_gt/train/images/1155.png
1156,train,C,/home/jvillanueva/projects/ovarian-tumor-ultrasound-classification/data/processed/MMOTU_OTU_2D_experimental/train/images/1156.JPG,/home/jvillanueva/projects/ovarian-tumor-ultrasound-classification/data/processed/MMOTU_OTU_2D_experimental/train/masks/1156_binary.PNG,836,585,0.646012,False,,/home/jvillanueva/projects/ovarian-tumor-ultrasound-classification/data/processed/MMOTU_OTU_2D_roi_gt/train/images/1156.png
1158,train,C,/home/jvillanueva/projects/ovarian-tumor-ultrasound-classification/data/processed/MMOTU_OTU_2D_experimental/train/images/1158.JPG,/home/jvillanueva/projects/ovarian-tumor-ultrasound-classification/data/processed/MMOTU_OTU_2D_experimental/train/masks/1158_binary.PNG,662,492,0.484736,False,,/home/jvillanueva/projects/ovarian-tumor-ultrasound-classification/data/processed/MMOTU_OTU_2D_roi_gt/train/images/1158.png
1159,train,C,/home/jvillanueva/projects/ovarian-tumor-ultrasound-classification/data/processed/MMOTU_OTU_2D_experimental/train/images/1159.JPG,/home/jvillanueva/projects/ovarian-tumor-ultrasound-classification/data/processed/MMOTU_OTU_2D_experimental/train/masks/1159_binary.PNG,569,451,0.757983,False,,/home/jvillanueva/projects/ovarian-tumor-ultrasound-classification/data/processed/MMOTU_OTU_2D_roi_gt/train/images/1159.png
116,train,C,/home/jvillanueva/projects/ovarian-tumor-ultrasound-classification/data/processed/MMOTU_OTU_2D_experimental/train/images/116.JPG,/home/jvillanueva/projects/ovarian-tumor-ultrasound-classification/data/processed/MMOTU_OTU_2D_experimental/train/masks/116_binary.PNG,144,91,0.025711,False,,/home/jvillanueva/projects/ovarian-tumor-ultrasound-classification/data/processed/MMOTU_OTU_2D_roi_gt/train/images/116.png
1161,train,C,/home/jvillanueva/projects/ovarian-tumor-ultrasound-classification/data/processed/MMOTU_OTU_2D_experimental/train/images/1161.JPG,/home/jvillanueva/projects/ovarian-tumor-ultrasound-classification/data/processed/MMOTU_OTU_2D_experimental/train/masks/1161_binary.PNG,304,384,0.454392,False,,/home/jvillanueva/projects/ovarian-tumor-ultrasound-classification/data/processed/MMOTU_OTU_2D_roi_gt/train/images/1161.png
1163,train,C,/home/jvillanueva/projects/ovarian-tumor-ultrasound-classification/data/processed/MMOTU_OTU_2D_experimental/train/images/1163.JPG,/home/jvillanueva/projects/ovarian-tumor-ultrasound-classification/data/processed/MMOTU_OTU_2D_experimental/train/masks/1163_binary.PNG,388,355,0.267906,False,,/home/jvillanueva/projects/ovarian-tumor-ultrasound-classification/data/processed/MMOTU_OTU_2D_roi_gt/train/images/1163.png
1164,train,C,/home/jvillanueva/projects/ovarian-tumor-ultrasound-classification/data/processed/MMOTU_OTU_2D_experimental/train/images/1164.JPG,/home/jvillanueva/projects/ovarian-tumor-ultrasound-classification/data/processed/MMOTU_OTU_2D_experimental/train/masks/1164_binary.PNG,228,291,0.197648,False,,/home/jvillanueva/projects/ovarian-tumor-ultrasound-classification/data/processed/MMOTU_OTU_2D_roi_gt/train/images/1164.png
1165,train,C,/home/jvillanueva/projects/ovarian-tumor-ultrasound-classification/data/processed/MMOTU_OTU_2D_experimental/train/images/1165.JPG,/home/jvillanueva/projects/ovarian-tumor-ultrasound-classification/data/processed/MMOTU_OTU_2D_experimental/train/masks/1165_binary.PNG,340,235,0.2348,False,,/home/jvillanueva/projects/ovarian-tumor-ultrasound-classification/data/processed/MMOTU_OTU_2D_roi_gt/train/images/1165.png
1166,train,C,/home/jvillanueva/projects/ovarian-tumor-ultrasound-classification/data/processed/MMOTU_OTU_2D_experimental/train/images/1166.JPG,/home/jvillanueva/projects/ovarian-tumor-ultrasound-classification/data/processed/MMOTU_OTU_2D_experimental/train/masks/1166_binary.PNG,284,273,0.230559,False,,/home/jvillanueva/projects/ovarian-tumor-ultrasound-classification/data/processed/MMOTU_OTU_2D_roi_gt/train/images/1166.png
1168,train,C,/home/jvillanueva/projects/ovarian-tumor-ultrasound-classification/data/processed/MMOTU_OTU_2D_experimental/train/images/1168.JPG,/home/jvillanueva/projects/ovarian-tumor-ultrasound-classification/data/processed/MMOTU_OTU_2D_experimental/train/masks/1168_binary.PNG,250,320,0.239126,False,,/home/jvillanueva/projects/ovarian-tumor-ultrasound-classification/data/processed/MMOTU_OTU_2D_roi_gt/train/images/1168.png
1174,train,C,/home/jvillanueva/projects/ovarian-tumor-ultrasound-classification/data/processed/MMOTU_OTU_2D_experimental/train/images/1174.JPG,/home/jvillanueva/projects/ovarian-tumor-ultrasound-classification/data/processed/MMOTU_OTU_2D_experimental/train/masks/1174_binary.PNG,477,438,0.522623,False,,/home/jvillanueva/projects/ovarian-tumor-ultrasound-classification/data/processed/MMOTU_OTU_2D_roi_gt/train/images/1174.png
118,train,C,/home/jvillanueva/projects/ovarian-tumor-ultrasound-classification/data/processed/MMOTU_OTU_2D_experimental/train/images/118.JPG,/home/jvillanueva/projects/ovarian-tumor-ultrasound-classification/data/processed/MMOTU_OTU_2D_experimental/train/masks/118_binary.PNG,480,465,0.87406,False,,/home/jvillanueva/projects/ovarian-tumor-ultrasound-classification/data/processed/MMOTU_OTU_2D_roi_gt/train/images/118.png
1180,train,C,/home/jvillanueva/projects/ovarian-tumor-ultrasound-classification/data/processed/MMOTU_OTU_2D_experimental/train/images/1180.JPG,/home/jvillanueva/projects/ovarian-tumor-ultrasound-classification/data/processed/MMOTU_OTU_2D_experimental/train/masks/1180_binary.PNG,494,518,0.759666,False,,/home/jvillanueva/projects/ovarian-tumor-ultrasound-classification/data/processed/MMOTU_OTU_2D_roi_gt/train/images/1180.png
1182,train,C,/home/jvillanueva/projects/ovarian-tumor-ultrasound-classification/data/processed/MMOTU_OTU_2D_experimental/train/images/1182.JPG,/home/jvillanueva/projects/ovarian-tumor-ultrasound-classification/data/processed/MMOTU_OTU_2D_experimental/train/masks/1182_binary.PNG,520,500,0.385339,False,,/home/jvillanueva/projects/ovarian-tumor-ultrasound-classification/data/processed/MMOTU_OTU_2D_roi_gt/train/images/1182.png
1183,train,C,/home/jvillanueva/projects/ovarian-tumor-ultrasound-classification/data/processed/MMOTU_OTU_2D_experimental/train/images/1183.JPG,/home/jvillanueva/projects/ovarian-tumor-ultrasound-classification/data/processed/MMOTU_OTU_2D_experimental/train/masks/1183_binary.PNG,592,504,0.450359,False,,/home/jvillanueva/projects/ovarian-tumor-ultrasound-classification/data/processed/MMOTU_OTU_2D_roi_gt/train/images/1183.png
1185,train,C,/home/jvillanueva/projects/ovarian-tumor-ultrasound-classification/data/processed/MMOTU_OTU_2D_experimental/train/images/1185.JPG,/home/jvillanueva/projects/ovarian-tumor-ultrasound-classification/data/processed/MMOTU_OTU_2D_experimental/train/masks/1185_binary.PNG,484,514,0.737245,False,,/home/jvillanueva/projects/ovarian-tumor-ultrasound-classification/data/processed/MMOTU_OTU_2D_roi_gt/train/images/1185.png
1186,train,C,/home/jvillanueva/projects/ovarian-tumor-ultrasound-classification/data/processed/MMOTU_OTU_2D_experimental/train/images/1186.JPG,/home/jvillanueva/projects/ovarian-tumor-ultrasound-classification/data/processed/MMOTU_OTU_2D_experimental/train/masks/1186_binary.PNG,548,547,0.445759,False,,/home/jvillanueva/projects/ovarian-tumor-ultrasound-classification/data/processed/MMOTU_OTU_2D_roi_gt/train/images/1186.png
1187,train,C,/home/jvillanueva/projects/ovarian-tumor-ultrasound-classification/data/processed/MMOTU_OTU_2D_experimental/train/images/1187.JPG,/home/jvillanueva/projects/ovarian-tumor-ultrasound-classification/data/processed/MMOTU_OTU_2D_experimental/train/masks/1187_binary.PNG,547,523,0.42721,False,,/home/jvillanueva/projects/ovarian-tumor-ultrasound-classification/data/processed/MMOTU_OTU_2D_roi_gt/train/images/1187.png
119,train,C,/home/jvillanueva/projects/ovarian-tumor-ultrasound-classification/data/processed/MMOTU_OTU_2D_experimental/train/images/119.JPG,/home/jvillanueva/projects/ovarian-tumor-ultrasound-classification/data/processed/MMOTU_OTU_2D_experimental/train/masks/119_binary.PNG,324,327,0.416462,False,,/home/jvillanueva/projects/ovarian-tumor-ultrasound-classification/data/processed/MMOTU_OTU_2D_roi_gt/train/images/119.png
1191,train,C,/home/jvillanueva/projects/ovarian-tumor-ultrasound-classification/data/processed/MMOTU_OTU_2D_experimental/train/images/1191.JPG,/home/jvillanueva/projects/ovarian-tumor-ultrasound-classification/data/processed/MMOTU_OTU_2D_experimental/train/masks/1191_binary.PNG,388,334,0.254327,False,,/home/jvillanueva/projects/ovarian-tumor-ultrasound-classification/data/processed/MMOTU_OTU_2D_roi_gt/train/images/1191.png
1192,train,C,/home/jvillanueva/projects/ovarian-tumor-ultrasound-classification/data/processed/MMOTU_OTU_2D_experimental/train/images/1192.JPG,/home/jvillanueva/projects/ovarian-tumor-ultrasound-classification/data/processed/MMOTU_OTU_2D_experimental/train/masks/1192_binary.PNG,406,291,0.451518,False,,/home/jvillanueva/projects/ovarian-tumor-ultrasound-classification/data/processed/MMOTU_OTU_2D_roi_gt/train/images/1192.png
1193,train,C,/home/jvillanueva/projects/ovarian-tumor-ultrasound-classification/data/processed/MMOTU_OTU_2D_experimental/train/images/1193.JPG,/home/jvillanueva/projects/ovarian-tumor-ultrasound-classification/data/processed/MMOTU_OTU_2D_experimental/train/masks/1193_binary.PNG,247,256,0.459301,False,,/home/jvillanueva/projects/ovarian-tumor-ultrasound-classification/data/processed/MMOTU_OTU_2D_roi_gt/train/images/1193.png
1194,train,C,/home/jvillanueva/projects/ovarian-tumor-ultrasound-classification/data/processed/MMOTU_OTU_2D_experimental/train/images/1194.JPG,/home/jvillanueva/projects/ovarian-tumor-ultrasound-classification/data/processed/MMOTU_OTU_2D_experimental/train/masks/1194_binary.PNG,291,279,0.157948,False,,/home/jvillanueva/projects/ovarian-tumor-ultrasound-classification/data/processed/MMOTU_OTU_2D_roi_gt/train/images/1194.png
1195,train,C,/home/jvillanueva/projects/ovarian-tumor-ultrasound-classification/data/processed/MMOTU_OTU_2D_experimental/train/images/1195.JPG,/home/jvillanueva/projects/ovarian-tumor-ultrasound-classification/data/processed/MMOTU_OTU_2D_experimental/train/masks/1195_binary.PNG,478,444,0.415296,False,,/home/jvillanueva/projects/ovarian-tumor-ultrasound-classification/data/processed/MMOTU_OTU_2D_roi_gt/train/images/1195.png
1196,train,C,/home/jvillanueva/projects/ovarian-tumor-ultrasound-classification/data/processed/MMOTU_OTU_2D_experimental/train/images/1196.JPG,/home/jvillanueva/projects/ovarian-tumor-ultrasound-classification/data/processed/MMOTU_OTU_2D_experimental/train/masks/1196_binary.PNG,457,394,0.35197,False,,/home/jvillanueva/projects/ovarian-tumor-ultrasound-classification/data/processed/MMOTU_OTU_2D_roi_gt/train/images/1196.png
1197,train,C,/home/jvillanueva/projects/ovarian-tumor-ultrasound-classification/data/processed/MMOTU_OTU_2D_experimental/train/images/1197.JPG,/home/jvillanueva/projects/ovarian-tumor-ultrasound-classification/data/processed/MMOTU_OTU_2D_experimental/train/masks/1197_binary.PNG,457,394,0.350657,False,,/home/jvillanueva/projects/ovarian-tumor-ultrasound-classification/data/processed/MMOTU_OTU_2D_roi_gt/train/images/1197.png
1201,train,C,/home/jvillanueva/projects/ovarian-tumor-ultrasound-classification/data/processed/MMOTU_OTU_2D_experimental/train/images/1201.JPG,/home/jvillanueva/projects/ovarian-tumor-ultrasound-classification/data/processed/MMOTU_OTU_2D_experimental/train/masks/1201_binary.PNG,298,292,0.333008,False,,/home/jvillanueva/projects/ovarian-tumor-ultrasound-classification/data/processed/MMOTU_OTU_2D_roi_gt/train/images/1201.png
1202,train,C,/home/jvillanueva/projects/ovarian-tumor-ultrasound-classification/data/processed/MMOTU_OTU_2D_experimental/train/images/1202.JPG,/home/jvillanueva/projects/ovarian-tumor-ultrasound-classification/data/processed/MMOTU_OTU_2D_experimental/train/masks/1202_binary.PNG,141,214,0.058983,False,,/home/jvillanueva/projects/ovarian-tumor-ultrasound-classification/data/processed/MMOTU_OTU_2D_roi_gt/train/images/1202.png
1203,train,C,/home/jvillanueva/projects/ovarian-tumor-ultrasound-classification/data/processed/MMOTU_OTU_2D_experimental/train/images/1203.JPG,/home/jvillanueva/projects/ovarian-tumor-ultrasound-classification/data/processed/MMOTU_OTU_2D_experimental/train/masks/1203_binary.PNG,141,194,0.106741,False,,/home/jvillanueva/projects/ovarian-tumor-ultrasound-classification/data/processed/MMOTU_OTU_2D_roi_gt/train/images/1203.png
1204,train,C,/home/jvillanueva/projects/ovarian-tumor-ultrasound-classification/data/processed/MMOTU_OTU_2D_experimental/train/images/1204.JPG,/home/jvillanueva/projects/ovarian-tumor-ultrasound-classification/data/processed/MMOTU_OTU_2D_experimental/train/masks/1204_binary.PNG,118,173,0.039938,False,,/home/jvillanueva/projects/ovarian-tumor-ultrasound-classification/data/processed/MMOTU_OTU_2D_roi_gt/train/images/1204.png
1205,train,C,/home/jvillanueva/projects/ovarian-tumor-ultrasound-classification/data/processed/MMOTU_OTU_2D_experimental/train/images/1205.JPG,/home/jvillanueva/projects/ovarian-tumor-ultrasound-classification/data/processed/MMOTU_OTU_2D_experimental/train/masks/1205_binary.PNG,135,81,0.021375,False,,/home/jvillanueva/projects/ovarian-tumor-ultrasound-classification/data/processed/MMOTU_OTU_2D_roi_gt/train/images/1205.png
1206,train,C,/home/jvillanueva/projects/ovarian-tumor-ultrasound-classification/data/processed/MMOTU_OTU_2D_experimental/train/images/1206.JPG,/home/jvillanueva/projects/ovarian-tumor-ultrasound-classification/data/processed/MMOTU_OTU_2D_experimental/train/masks/1206_binary.PNG,297,334,0.193908,False,,/home/jvillanueva/projects/ovarian-tumor-ultrasound-classification/data/processed/MMOTU_OTU_2D_roi_gt/train/images/1206.png
1207,train,C,/home/jvillanueva/projects/ovarian-tumor-ultrasound-classification/data/processed/MMOTU_OTU_2D_experimental/train/images/1207.JPG,/home/jvillanueva/projects/ovarian-tumor-ultrasound-classification/data/processed/MMOTU_OTU_2D_experimental/train/masks/1207_binary.PNG,351,343,0.470304,False,,/home/jvillanueva/projects/ovarian-tumor-ultrasound-classification/data/processed/MMOTU_OTU_2D_roi_gt/train/images/1207.png
1209,train,C,/home/jvillanueva/projects/ovarian-tumor-ultrasound-classification/data/processed/MMOTU_OTU_2D_experimental/train/images/1209.JPG,/home/jvillanueva/projects/ovarian-tumor-ultrasound-classification/data/processed/MMOTU_OTU_2D_experimental/train/masks/1209_binary.PNG,300,218,0.127841,False,,/home/jvillanueva/projects/ovarian-tumor-ultrasound-classification/data/processed/MMOTU_OTU_2D_roi_gt/train/images/1209.png
121,train,C,/home/jvillanueva/projects/ovarian-tumor-ultrasound-classification/data/processed/MMOTU_OTU_2D_experimental/train/images/121.JPG,/home/jvillanueva/projects/ovarian-tumor-ultrasound-classification/data/processed/MMOTU_OTU_2D_experimental/train/masks/121_binary.PNG,231,204,0.185661,False,,/home/jvillanueva/projects/ovarian-tumor-ultrasound-classification/data/processed/MMOTU_OTU_2D_roi_gt/train/images/121.png
1210,train,C,/home/jvillanueva/projects/ovarian-tumor-ultrasound-classification/data/processed/MMOTU_OTU_2D_experimental/train/images/1210.JPG,/home/jvillanueva/projects/ovarian-tumor-ultrasound-classification/data/processed/MMOTU_OTU_2D_experimental/train/masks/1210_binary.PNG,232,201,0.090719,False,,/home/jvillanueva/projects/ovarian-tumor-ultrasound-classification/data/processed/MMOTU_OTU_2D_roi_gt/train/images/1210.png
1212,train,C,/home/jvillanueva/projects/ovarian-tumor-ultrasound-classification/data/processed/MMOTU_OTU_2D_experimental/train/images/1212.JPG,/home/jvillanueva/projects/ovarian-tumor-ultrasound-classification/data/processed/MMOTU_OTU_2D_experimental/train/masks/1212_binary.PNG,84,115,0.018727,False,,/home/jvillanueva/projects/ovarian-tumor-ultrasound-classification/data/processed/MMOTU_OTU_2D_roi_gt/train/images/1212.png
1213,train,C,/home/jvillanueva/projects/ovarian-tumor-ultrasound-classification/data/processed/MMOTU_OTU_2D_experimental/train/images/1213.JPG,/home/jvillanueva/projects/ovarian-tumor-ultrasound-classification/data/processed/MMOTU_OTU_2D_experimental/train/masks/1213_binary.PNG,196,200,0.076261,False,,/home/jvillanueva/projects/ovarian-tumor-ultrasound-classification/data/processed/MMOTU_OTU_2D_roi_gt/train/images/1213.png
1216,train,C,/home/jvillanueva/projects/ovarian-tumor-ultrasound-classification/data/processed/MMOTU_OTU_2D_experimental/train/images/1216.JPG,/home/jvillanueva/projects/ovarian-tumor-ultrasound-classification/data/processed/MMOTU_OTU_2D_experimental/train/masks/1216_binary.PNG,193,124,0.047085,False,,/home/jvillanueva/projects/ovarian-tumor-ultrasound-classification/data/processed/MMOTU_OTU_2D_roi_gt/train/images/1216.png
1219,train,C,/home/jvillanueva/projects/ovarian-tumor-ultrasound-classification/data/processed/MMOTU_OTU_2D_experimental/train/images/1219.JPG,/home/jvillanueva/projects/ovarian-tumor-ultrasound-classification/data/processed/MMOTU_OTU_2D_experimental/train/masks/1219_binary.PNG,513,280,0.282073,False,,/home/jvillanueva/projects/ovarian-tumor-ultrasound-classification/data/processed/MMOTU_OTU_2D_roi_gt/train/images/1219.png
122,train,C,/home/jvillanueva/projects/ovarian-tumor-ultrasound-classification/data/processed/MMOTU_OTU_2D_experimental/train/images/122.JPG,/home/jvillanueva/projects/ovarian-tumor-ultrasound-classification/data/processed/MMOTU_OTU_2D_experimental/train/masks/122_binary.PNG,287,193,0.217732,False,,/home/jvillanueva/projects/ovarian-tumor-ultrasound-classification/data/processed/MMOTU_OTU_2D_roi_gt/train/images/122.png
1220,train,C,/home/jvillanueva/projects/ovarian-tumor-ultrasound-classification/data/processed/MMOTU_OTU_2D_experimental/train/images/1220.JPG,/home/jvillanueva/projects/ovarian-tumor-ultrasound-classification/data/processed/MMOTU_OTU_2D_experimental/train/masks/1220_binary.PNG,394,312,0.472188,False,,/home/jvillanueva/projects/ovarian-tumor-ultrasound-classification/data/processed/MMOTU_OTU_2D_roi_gt/train/images/1220.png
1223,train,C,/home/jvillanueva/projects/ovarian-tumor-ultrasound-classification/data/processed/MMOTU_OTU_2D_experimental/train/images/1223.JPG,/home/jvillanueva/projects/ovarian-tumor-ultrasound-classification/data/processed/MMOTU_OTU_2D_experimental/train/masks/1223_binary.PNG,320,386,0.365459,False,,/home/jvillanueva/projects/ovarian-tumor-ultrasound-classification/data/processed/MMOTU_OTU_2D_roi_gt/train/images/1223.png
1225,train,C,/home/jvillanueva/projects/ovarian-tumor-ultrasound-classification/data/processed/MMOTU_OTU_2D_experimental/train/images/1225.JPG,/home/jvillanueva/projects/ovarian-tumor-ultrasound-classification/data/processed/MMOTU_OTU_2D_experimental/train/masks/1225_binary.PNG,600,523,0.46702,False,,/home/jvillanueva/projects/ovarian-tumor-ultrasound-classification/data/processed/MMOTU_OTU_2D_roi_gt/train/images/1225.png
1226,train,C,/home/jvillanueva/projects/ovarian-tumor-ultrasound-classification/data/processed/MMOTU_OTU_2D_experimental/train/images/1226.JPG,/home/jvillanueva/projects/ovarian-tumor-ultrasound-classification/data/processed/MMOTU_OTU_2D_experimental/train/masks/1226_binary.PNG,475,475,0.335791,False,,/home/jvillanueva/projects/ovarian-tumor-ultrasound-classification/data/processed/MMOTU_OTU_2D_roi_gt/train/images/1226.png
1227,train,C,/home/jvillanueva/projects/ovarian-tumor-ultrasound-classification/data/processed/MMOTU_OTU_2D_experimental/train/images/1227.JPG,/home/jvillanueva/projects/ovarian-tumor-ultrasound-classification/data/processed/MMOTU_OTU_2D_experimental/train/masks/1227_binary.PNG,397,292,0.228314,False,,/home/jvillanueva/projects/ovarian-tumor-ultrasound-classification/data/processed/MMOTU_OTU_2D_roi_gt/train/images/1227.png
1228,train,C,/home/jvillanueva/projects/ovarian-tumor-ultrasound-classification/data/processed/MMOTU_OTU_2D_experimental/train/images/1228.JPG,/home/jvillanueva/projects/ovarian-tumor-ultrasound-classification/data/processed/MMOTU_OTU_2D_experimental/train/masks/1228_binary.PNG,402,375,0.583759,False,,/home/jvillanueva/projects/ovarian-tumor-ultrasound-classification/data/processed/MMOTU_OTU_2D_roi_gt/train/images/1228.png
1231,train,C,/home/jvillanueva/projects/ovarian-tumor-ultrasound-classification/data/processed/MMOTU_OTU_2D_experimental/train/images/1231.JPG,/home/jvillanueva/projects/ovarian-tumor-ultrasound-classification/data/processed/MMOTU_OTU_2D_experimental/train/masks/1231_binary.PNG,648,488,0.619693,False,,/home/jvillanueva/projects/ovarian-tumor-ultrasound-classification/data/processed/MMOTU_OTU_2D_roi_gt/train/images/1231.png
1233,train,C,/home/jvillanueva/projects/ovarian-tumor-ultrasound-classification/data/processed/MMOTU_OTU_2D_experimental/train/images/1233.JPG,/home/jvillanueva/projects/ovarian-tumor-ultrasound-classification/data/processed/MMOTU_OTU_2D_experimental/train/masks/1233_binary.PNG,461,383,0.68598,False,,/home/jvillanueva/projects/ovarian-tumor-ultrasound-classification/data/processed/MMOTU_OTU_2D_roi_gt/train/images/1233.png
1236,train,C,/home/jvillanueva/projects/ovarian-tumor-ultrasound-classification/data/processed/MMOTU_OTU_2D_experimental/train/images/1236.JPG,/home/jvillanueva/projects/ovarian-tumor-ultrasound-classification/data/processed/MMOTU_OTU_2D_experimental/train/masks/1236_binary.PNG,535,431,0.688067,False,,/home/jvillanueva/projects/ovarian-tumor-ultrasound-classification/data/processed/MMOTU_OTU_2D_roi_gt/train/images/1236.png
1237,train,C,/home/jvillanueva/projects/ovarian-tumor-ultrasound-classification/data/processed/MMOTU_OTU_2D_experimental/train/images/1237.JPG,/home/jvillanueva/projects/ovarian-tumor-ultrasound-classification/data/processed/MMOTU_OTU_2D_experimental/train/masks/1237_binary.PNG,518,430,0.329826,False,,/home/jvillanueva/projects/ovarian-tumor-ultrasound-classification/data/processed/MMOTU_OTU_2D_roi_gt/train/images/1237.png
1239,train,C,/home/jvillanueva/projects/ovarian-tumor-ultrasound-classification/data/processed/MMOTU_OTU_2D_experimental/train/images/1239.JPG,/home/jvillanueva/projects/ovarian-tumor-ultrasound-classification/data/processed/MMOTU_OTU_2D_experimental/train/masks/1239_binary.PNG,531,432,0.681097,False,,/home/jvillanueva/projects/ovarian-tumor-ultrasound-classification/data/processed/MMOTU_OTU_2D_roi_gt/train/images/1239.png
1240,train,C,/home/jvillanueva/projects/ovarian-tumor-ultrasound-classification/data/processed/MMOTU_OTU_2D_experimental/train/images/1240.JPG,/home/jvillanueva/projects/ovarian-tumor-ultrasound-classification/data/processed/MMOTU_OTU_2D_experimental/train/masks/1240_binary.PNG,517,492,0.500354,False,,/home/jvillanueva/projects/ovarian-tumor-ultrasound-classification/data/processed/MMOTU_OTU_2D_roi_gt/train/images/1240.png
1243,train,C,/home/jvillanueva/projects/ovarian-tumor-ultrasound-classification/data/processed/MMOTU_OTU_2D_experimental/train/images/1243.JPG,/home/jvillanueva/projects/ovarian-tumor-ultrasound-classification/data/processed/MMOTU_OTU_2D_experimental/train/masks/1243_binary.PNG,447,406,0.356832,False,,/home/jvillanueva/projects/ovarian-tumor-ultrasound-classification/data/processed/MMOTU_OTU_2D_roi_gt/train/images/1243.png
1246,train,C,/home/jvillanueva/projects/ovarian-tumor-ultrasound-classification/data/processed/MMOTU_OTU_2D_experimental/train/images/1246.JPG,/home/jvillanueva/projects/ovarian-tumor-ultrasound-classification/data/processed/MMOTU_OTU_2D_experimental/train/masks/1246_binary.PNG,380,352,0.261959,False,,/home/jvillanueva/projects/ovarian-tumor-ultrasound-classification/data/processed/MMOTU_OTU_2D_roi_gt/train/images/1246.png
1247,train,C,/home/jvillanueva/projects/ovarian-tumor-ultrasound-classification/data/processed/MMOTU_OTU_2D_experimental/train/images/1247.JPG,/home/jvillanueva/projects/ovarian-tumor-ultrasound-classification/data/processed/MMOTU_OTU_2D_experimental/train/masks/1247_binary.PNG,388,316,0.241275,False,,/home/jvillanueva/projects/ovarian-tumor-ultrasound-classification/data/processed/MMOTU_OTU_2D_roi_gt/train/images/1247.png
1248,train,C,/home/jvillanueva/projects/ovarian-tumor-ultrasound-classification/data/processed/MMOTU_OTU_2D_experimental/train/images/1248.JPG,/home/jvillanueva/projects/ovarian-tumor-ultrasound-classification/data/processed/MMOTU_OTU_2D_experimental/train/masks/1248_binary.PNG,387,325,0.245144,False,,/home/jvillanueva/projects/ovarian-tumor-ultrasound-classification/data/processed/MMOTU_OTU_2D_roi_gt/train/images/1248.png
1249,train,C,/home/jvillanueva/projects/ovarian-tumor-ultrasound-classification/data/processed/MMOTU_OTU_2D_experimental/train/images/1249.JPG,/home/jvillanueva/projects/ovarian-tumor-ultrasound-classification/data/processed/MMOTU_OTU_2D_experimental/train/masks/1249_binary.PNG,488,291,0.458777,False,,/home/jvillanueva/projects/ovarian-tumor-ultrasound-classification/data/processed/MMOTU_OTU_2D_roi_gt/train/images/1249.png
1250,train,C,/home/jvillanueva/projects/ovarian-tumor-ultrasound-classification/data/processed/MMOTU_OTU_2D_experimental/train/images/1250.JPG,/home/jvillanueva/projects/ovarian-tumor-ultrasound-classification/data/processed/MMOTU_OTU_2D_experimental/train/masks/1250_binary.PNG,485,291,0.455957,False,,/home/jvillanueva/projects/ovarian-tumor-ultrasound-classification/data/processed/MMOTU_OTU_2D_roi_gt/train/images/1250.png
1251,train,C,/home/jvillanueva/projects/ovarian-tumor-ultrasound-classification/data/processed/MMOTU_OTU_2D_experimental/train/images/1251.JPG,/home/jvillanueva/projects/ovarian-tumor-ultrasound-classification/data/processed/MMOTU_OTU_2D_experimental/train/masks/1251_binary.PNG,524,317,0.53857,False,,/home/jvillanueva/projects/ovarian-tumor-ultrasound-classification/data/processed/MMOTU_OTU_2D_roi_gt/train/images/1251.png
1253,train,C,/home/jvillanueva/projects/ovarian-tumor-ultrasound-classification/data/processed/MMOTU_OTU_2D_experimental/train/images/1253.JPG,/home/jvillanueva/projects/ovarian-tumor-ultrasound-classification/data/processed/MMOTU_OTU_2D_experimental/train/masks/1253_binary.PNG,525,327,0.558547,False,,/home/jvillanueva/projects/ovarian-tumor-ultrasound-classification/data/processed/MMOTU_OTU_2D_roi_gt/train/images/1253.png
1259,train,C,/home/jvillanueva/projects/ovarian-tumor-ultrasound-classification/data/processed/MMOTU_OTU_2D_experimental/train/images/1259.JPG,/home/jvillanueva/projects/ovarian-tumor-ultrasound-classification/data/processed/MMOTU_OTU_2D_experimental/train/masks/1259_binary.PNG,193,180,0.085317,False,,/home/jvillanueva/projects/ovarian-tumor-ultrasound-classification/data/processed/MMOTU_OTU_2D_roi_gt/train/images/1259.png
1260,train,C,/home/jvillanueva/projects/ovarian-tumor-ultrasound-classification/data/processed/MMOTU_OTU_2D_experimental/train/images/1260.JPG,/home/jvillanueva/projects/ovarian-tumor-ultrasound-classification/data/processed/MMOTU_OTU_2D_experimental/train/masks/1260_binary.PNG,566,370,0.409706,False,,/home/jvillanueva/projects/ovarian-tumor-ultrasound-classification/data/processed/MMOTU_OTU_2D_roi_gt/train/images/1260.png
1261,train,C,/home/jvillanueva/projects/ovarian-tumor-ultrasound-classification/data/processed/MMOTU_OTU_2D_experimental/train/images/1261.JPG,/home/jvillanueva/projects/ovarian-tumor-ultrasound-classification/data/processed/MMOTU_OTU_2D_experimental/train/masks/1261_binary.PNG,464,372,0.339954,False,,/home/jvillanueva/projects/ovarian-tumor-ultrasound-classification/data/processed/MMOTU_OTU_2D_roi_gt/train/images/1261.png
1263,train,C,/home/jvillanueva/projects/ovarian-tumor-ultrasound-classification/data/processed/MMOTU_OTU_2D_experimental/train/images/1263.JPG,/home/jvillanueva/projects/ovarian-tumor-ultrasound-classification/data/processed/MMOTU_OTU_2D_experimental/train/masks/1263_binary.PNG,581,499,0.562968,False,,/home/jvillanueva/projects/ovarian-tumor-ultrasound-classification/data/processed/MMOTU_OTU_2D_roi_gt/train/images/1263.png
1264,train,C,/home/jvillanueva/projects/ovarian-tumor-ultrasound-classification/data/processed/MMOTU_OTU_2D_experimental/train/images/1264.JPG,/home/jvillanueva/projects/ovarian-tumor-ultrasound-classification/data/processed/MMOTU_OTU_2D_experimental/train/masks/1264_binary.PNG,309,264,0.160095,False,,/home/jvillanueva/projects/ovarian-tumor-ultrasound-classification/data/processed/MMOTU_OTU_2D_roi_gt/train/images/1264.png
1266,train,C,/home/jvillanueva/projects/ovarian-tumor-ultrasound-classification/data/processed/MMOTU_OTU_2D_experimental/train/images/1266.JPG,/home/jvillanueva/projects/ovarian-tumor-ultrasound-classification/data/processed/MMOTU_OTU_2D_experimental/train/masks/1266_binary.PNG,291,251,0.143045,False,,/home/jvillanueva/projects/ovarian-tumor-ultrasound-classification/data/processed/MMOTU_OTU_2D_roi_gt/train/images/1266.png
1268,train,C,/home/jvillanueva/projects/ovarian-tumor-ultrasound-classification/data/processed/MMOTU_OTU_2D_experimental/train/images/1268.JPG,/home/jvillanueva/projects/ovarian-tumor-ultrasound-classification/data/processed/MMOTU_OTU_2D_experimental/train/masks/1268_binary.PNG,177,273,0.144927,False,,/home/jvillanueva/projects/ovarian-tumor-ultrasound-classification/data/processed/MMOTU_OTU_2D_roi_gt/train/images/1268.png
127,train,C,/home/jvillanueva/projects/ovarian-tumor-ultrasound-classification/data/processed/MMOTU_OTU_2D_experimental/train/images/127.JPG,/home/jvillanueva/projects/ovarian-tumor-ultrasound-classification/data/processed/MMOTU_OTU_2D_experimental/train/masks/127_binary.PNG,263,297,0.305766,False,,/home/jvillanueva/projects/ovarian-tumor-ultrasound-classification/data/processed/MMOTU_OTU_2D_roi_gt/train/images/127.png
1272,train,C,/home/jvillanueva/projects/ovarian-tumor-ultrasound-classification/data/processed/MMOTU_OTU_2D_experimental/train/images/1272.JPG,/home/jvillanueva/projects/ovarian-tumor-ultrasound-classification/data/processed/MMOTU_OTU_2D_experimental/train/masks/1272_binary.PNG,432,394,0.506979,False,,/home/jvillanueva/projects/ovarian-tumor-ultrasound-classification/data/processed/MMOTU_OTU_2D_roi_gt/train/images/1272.png
1274,train,C,/home/jvillanueva/projects/ovarian-tumor-ultrasound-classification/data/processed/MMOTU_OTU_2D_experimental/train/images/1274.JPG,/home/jvillanueva/projects/ovarian-tumor-ultrasound-classification/data/processed/MMOTU_OTU_2D_experimental/train/masks/1274_binary.PNG,218,202,0.066199,False,,/home/jvillanueva/projects/ovarian-tumor-ultrasound-classification/data/processed/MMOTU_OTU_2D_roi_gt/train/images/1274.png
1275,train,C,/home/jvillanueva/projects/ovarian-tumor-ultrasound-classification/data/processed/MMOTU_OTU_2D_experimental/train/images/1275.JPG,/home/jvillanueva/projects/ovarian-tumor-ultrasound-classification/data/processed/MMOTU_OTU_2D_experimental/train/masks/1275_binary.PNG,201,193,0.059028,False,,/home/jvillanueva/projects/ovarian-tumor-ultrasound-classification/data/processed/MMOTU_OTU_2D_roi_gt/train/images/1275.png
1276,train,C,/home/jvillanueva/projects/ovarian-tumor-ultrasound-classification/data/processed/MMOTU_OTU_2D_experimental/train/images/1276.JPG,/home/jvillanueva/projects/ovarian-tumor-ultrasound-classification/data/processed/MMOTU_OTU_2D_experimental/train/masks/1276_binary.PNG,177,163,0.043708,False,,/home/jvillanueva/projects/ovarian-tumor-ultrasound-classification/data/processed/MMOTU_OTU_2D_roi_gt/train/images/1276.png
1279,train,C,/home/jvillanueva/projects/ovarian-tumor-ultrasound-classification/data/processed/MMOTU_OTU_2D_experimental/train/images/1279.JPG,/home/jvillanueva/projects/ovarian-tumor-ultrasound-classification/data/processed/MMOTU_OTU_2D_experimental/train/masks/1279_binary.PNG,443,517,0.38316,False,,/home/jvillanueva/projects/ovarian-tumor-ultrasound-classification/data/processed/MMOTU_OTU_2D_roi_gt/train/images/1279.png
128,train,C,/home/jvillanueva/projects/ovarian-tumor-ultrasound-classification/data/processed/MMOTU_OTU_2D_experimental/train/images/128.JPG,/home/jvillanueva/projects/ovarian-tumor-ultrasound-classification/data/processed/MMOTU_OTU_2D_experimental/train/masks/128_binary.PNG,77,68,0.012385,False,,/home/jvillanueva/projects/ovarian-tumor-ultrasound-classification/data/processed/MMOTU_OTU_2D_roi_gt/train/images/128.png
1280,train,C,/home/jvillanueva/projects/ovarian-tumor-ultrasound-classification/data/processed/MMOTU_OTU_2D_experimental/train/images/1280.JPG,/home/jvillanueva/projects/ovarian-tumor-ultrasound-classification/data/processed/MMOTU_OTU_2D_experimental/train/masks/1280_binary.PNG,376,542,0.341877,False,,/home/jvillanueva/projects/ovarian-tumor-ultrasound-classification/data/processed/MMOTU_OTU_2D_roi_gt/train/images/1280.png
1281,train,C,/home/jvillanueva/projects/ovarian-tumor-ultrasound-classification/data/processed/MMOTU_OTU_2D_experimental/train/images/1281.JPG,/home/jvillanueva/projects/ovarian-tumor-ultrasound-classification/data/processed/MMOTU_OTU_2D_experimental/train/masks/1281_binary.PNG,320,291,0.191643,False,,/home/jvillanueva/projects/ovarian-tumor-ultrasound-classification/data/processed/MMOTU_OTU_2D_roi_gt/train/images/1281.png
1282,train,C,/home/jvillanueva/projects/ovarian-tumor-ultrasound-classification/data/processed/MMOTU_OTU_2D_experimental/train/images/1282.JPG,/home/jvillanueva/projects/ovarian-tumor-ultrasound-classification/data/processed/MMOTU_OTU_2D_experimental/train/masks/1282_binary.PNG,301,327,0.149994,False,,/home/jvillanueva/projects/ovarian-tumor-ultrasound-classification/data/processed/MMOTU_OTU_2D_roi_gt/train/images/1282.png
1283,train,C,/home/jvillanueva/projects/ovarian-tumor-ultrasound-classification/data/processed/MMOTU_OTU_2D_experimental/train/images/1283.JPG,/home/jvillanueva/projects/ovarian-tumor-ultrasound-classification/data/processed/MMOTU_OTU_2D_experimental/train/masks/1283_binary.PNG,346,348,0.183673,False,,/home/jvillanueva/projects/ovarian-tumor-ultrasound-classification/data/processed/MMOTU_OTU_2D_roi_gt/train/images/1283.png
1286,train,C,/home/jvillanueva/projects/ovarian-tumor-ultrasound-classification/data/processed/MMOTU_OTU_2D_experimental/train/images/1286.JPG,/home/jvillanueva/projects/ovarian-tumor-ultrasound-classification/data/processed/MMOTU_OTU_2D_experimental/train/masks/1286_binary.PNG,421,328,0.409942,False,,/home/jvillanueva/projects/ovarian-tumor-ultrasound-classification/data/processed/MMOTU_OTU_2D_roi_gt/train/images/1286.png
1287,train,C,/home/jvillanueva/projects/ovarian-tumor-ultrasound-classification/data/processed/MMOTU_OTU_2D_experimental/train/images/1287.JPG,/home/jvillanueva/projects/ovarian-tumor-ultrasound-classification/data/processed/MMOTU_OTU_2D_experimental/train/masks/1287_binary.PNG,321,288,0.140405,False,,/home/jvillanueva/projects/ovarian-tumor-ultrasound-classification/data/processed/MMOTU_OTU_2D_roi_gt/train/images/1287.png
1289,train,C,/home/jvillanueva/projects/ovarian-tumor-ultrasound-classification/data/processed/MMOTU_OTU_2D_experimental/train/images/1289.JPG,/home/jvillanueva/projects/ovarian-tumor-ultrasound-classification/data/processed/MMOTU_OTU_2D_experimental/train/masks/1289_binary.PNG,493,285,0.27414,False,,/home/jvillanueva/projects/ovarian-tumor-ultrasound-classification/data/processed/MMOTU_OTU_2D_roi_gt/train/images/1289.png
1290,train,C,/home/jvillanueva/projects/ovarian-tumor-ultrasound-classification/data/processed/MMOTU_OTU_2D_experimental/train/images/1290.JPG,/home/jvillanueva/projects/ovarian-tumor-ultrasound-classification/data/processed/MMOTU_OTU_2D_experimental/train/masks/1290_binary.PNG,571,384,0.43022,False,,/home/jvillanueva/projects/ovarian-tumor-ultrasound-classification/data/processed/MMOTU_OTU_2D_roi_gt/train/images/1290.png
1292,train,C,/home/jvillanueva/projects/ovarian-tumor-ultrasound-classification/data/processed/MMOTU_OTU_2D_experimental/train/images/1292.JPG,/home/jvillanueva/projects/ovarian-tumor-ultrasound-classification/data/processed/MMOTU_OTU_2D_experimental/train/masks/1292_binary.PNG,571,386,0.430841,False,,/home/jvillanueva/projects/ovarian-tumor-ultrasound-classification/data/processed/MMOTU_OTU_2D_roi_gt/train/images/1292.png
1293,train,C,/home/jvillanueva/projects/ovarian-tumor-ultrasound-classification/data/processed/MMOTU_OTU_2D_experimental/train/images/1293.JPG,/home/jvillanueva/projects/ovarian-tumor-ultrasound-classification/data/processed/MMOTU_OTU_2D_experimental/train/masks/1293_binary.PNG,565,374,0.415394,False,,/home/jvillanueva/projects/ovarian-tumor-ultrasound-classification/data/processed/MMOTU_OTU_2D_roi_gt/train/images/1293.png
1294,train,C,/home/jvillanueva/projects/ovarian-tumor-ultrasound-classification/data/processed/MMOTU_OTU_2D_experimental/train/images/1294.JPG,/home/jvillanueva/projects/ovarian-tumor-ultrasound-classification/data/processed/MMOTU_OTU_2D_experimental/train/masks/1294_binary.PNG,122,104,0.024709,False,,/home/jvillanueva/projects/ovarian-tumor-ultrasound-classification/data/processed/MMOTU_OTU_2D_roi_gt/train/images/1294.png
1297,train,C,/home/jvillanueva/projects/ovarian-tumor-ultrasound-classification/data/processed/MMOTU_OTU_2D_experimental/train/images/1297.JPG,/home/jvillanueva/projects/ovarian-tumor-ultrasound-classification/data/processed/MMOTU_OTU_2D_experimental/train/masks/1297_binary.PNG,397,360,0.277524,False,,/home/jvillanueva/projects/ovarian-tumor-ultrasound-classification/data/processed/MMOTU_OTU_2D_roi_gt/train/images/1297.png
1298,train,C,/home/jvillanueva/projects/ovarian-tumor-ultrasound-classification/data/processed/MMOTU_OTU_2D_experimental/train/images/1298.JPG,/home/jvillanueva/projects/ovarian-tumor-ultrasound-classification/data/processed/MMOTU_OTU_2D_experimental/train/masks/1298_binary.PNG,265,207,0.108242,False,,/home/jvillanueva/projects/ovarian-tumor-ultrasound-classification/data/processed/MMOTU_OTU_2D_roi_gt/train/images/1298.png
1299,train,C,/home/jvillanueva/projects/ovarian-tumor-ultrasound-classification/data/processed/MMOTU_OTU_2D_experimental/train/images/1299.JPG,/home/jvillanueva/projects/ovarian-tumor-ultrasound-classification/data/processed/MMOTU_OTU_2D_experimental/train/masks/1299_binary.PNG,303,214,0.126856,False,,/home/jvillanueva/projects/ovarian-tumor-ultrasound-classification/data/processed/MMOTU_OTU_2D_roi_gt/train/images/1299.png
130,train,C,/home/jvillanueva/projects/ovarian-tumor-ultrasound-classification/data/processed/MMOTU_OTU_2D_experimental/train/images/130.JPG,/home/jvillanueva/projects/ovarian-tumor-ultrasound-classification/data/processed/MMOTU_OTU_2D_experimental/train/masks/130_binary.PNG,574,475,0.535528,False,,/home/jvillanueva/projects/ovarian-tumor-ultrasound-classification/data/processed/MMOTU_OTU_2D_roi_gt/train/images/130.png
1300,train,C,/home/jvillanueva/projects/ovarian-tumor-ultrasound-classification/data/processed/MMOTU_OTU_2D_experimental/train/images/1300.JPG,/home/jvillanueva/projects/ovarian-tumor-ultrasound-classification/data/processed/MMOTU_OTU_2D_experimental/train/masks/1300_binary.PNG,315,299,0.184301,False,,/home/jvillanueva/projects/ovarian-tumor-ultrasound-classification/data/processed/MMOTU_OTU_2D_roi_gt/train/images/1300.png
1301,train,C,/home/jvillanueva/projects/ovarian-tumor-ultrasound-classification/data/processed/MMOTU_OTU_2D_experimental/train/images/1301.JPG,/home/jvillanueva/projects/ovarian-tumor-ultrasound-classification/data/processed/MMOTU_OTU_2D_experimental/train/masks/1301_binary.PNG,588,511,0.450987,False,,/home/jvillanueva/projects/ovarian-tumor-ultrasound-classification/data/processed/MMOTU_OTU_2D_roi_gt/train/images/1301.png
1303,train,C,/home/jvillanueva/projects/ovarian-tumor-ultrasound-classification/data/processed/MMOTU_OTU_2D_experimental/train/images/1303.JPG,/home/jvillanueva/projects/ovarian-tumor-ultrasound-classification/data/processed/MMOTU_OTU_2D_experimental/train/masks/1303_binary.PNG,539,416,0.332583,False,,/home/jvillanueva/projects/ovarian-tumor-ultrasound-classification/data/processed/MMOTU_OTU_2D_roi_gt/train/images/1303.png
1304,train,C,/home/jvillanueva/projects/ovarian-tumor-ultrasound-classification/data/processed/MMOTU_OTU_2D_experimental/train/images/1304.JPG,/home/jvillanueva/projects/ovarian-tumor-ultrasound-classification/data/processed/MMOTU_OTU_2D_experimental/train/masks/1304_binary.PNG,504,491,0.48103,False,,/home/jvillanueva/projects/ovarian-tumor-ultrasound-classification/data/processed/MMOTU_OTU_2D_roi_gt/train/images/1304.png
1309,train,C,/home/jvillanueva/projects/ovarian-tumor-ultrasound-classification/data/processed/MMOTU_OTU_2D_experimental/train/images/1309.JPG,/home/jvillanueva/projects/ovarian-tumor-ultrasound-classification/data/processed/MMOTU_OTU_2D_experimental/train/masks/1309_binary.PNG,479,437,0.3525,False,,/home/jvillanueva/projects/ovarian-tumor-ultrasound-classification/data/processed/MMOTU_OTU_2D_roi_gt/train/images/1309.png
131,train,C,/home/jvillanueva/projects/ovarian-tumor-ultrasound-classification/data/processed/MMOTU_OTU_2D_experimental/train/images/131.JPG,/home/jvillanueva/projects/ovarian-tumor-ultrasound-classification/data/processed/MMOTU_OTU_2D_experimental/train/masks/131_binary.PNG,464,443,0.774598,False,,/home/jvillanueva/projects/ovarian-tumor-ultrasound-classification/data/processed/MMOTU_OTU_2D_roi_gt/train/images/131.png
1310,train,C,/home/jvillanueva/projects/ovarian-tumor-ultrasound-classification/data/processed/MMOTU_OTU_2D_experimental/train/images/1310.JPG,/home/jvillanueva/projects/ovarian-tumor-ultrasound-classification/data/processed/MMOTU_OTU_2D_experimental/train/masks/1310_binary.PNG,228,178,0.220646,False,,/home/jvillanueva/projects/ovarian-tumor-ultrasound-classification/data/processed/MMOTU_OTU_2D_roi_gt/train/images/1310.png
1312,train,C,/home/jvillanueva/projects/ovarian-tumor-ultrasound-classification/data/processed/MMOTU_OTU_2D_experimental/train/images/1312.JPG,/home/jvillanueva/projects/ovarian-tumor-ultrasound-classification/data/processed/MMOTU_OTU_2D_experimental/train/masks/1312_binary.PNG,667,424,0.561127,False,,/home/jvillanueva/projects/ovarian-tumor-ultrasound-classification/data/processed/MMOTU_OTU_2D_roi_gt/train/images/1312.png
1313,train,C,/home/jvillanueva/projects/ovarian-tumor-ultrasound-classification/data/processed/MMOTU_OTU_2D_experimental/train/images/1313.JPG,/home/jvillanueva/projects/ovarian-tumor-ultrasound-classification/data/processed/MMOTU_OTU_2D_experimental/train/masks/1313_binary.PNG,484,381,0.716165,False,,/home/jvillanueva/projects/ovarian-tumor-ultrasound-classification/data/processed/MMOTU_OTU_2D_roi_gt/train/images/1313.png
1314,train,C,/home/jvillanueva/projects/ovarian-tumor-ultrasound-classification/data/processed/MMOTU_OTU_2D_experimental/train/images/1314.JPG,/home/jvillanueva/projects/ovarian-tumor-ultrasound-classification/data/processed/MMOTU_OTU_2D_experimental/train/masks/1314_binary.PNG,178,154,0.106901,False,,/home/jvillanueva/projects/ovarian-tumor-ultrasound-classification/data/processed/MMOTU_OTU_2D_roi_gt/train/images/1314.png
1316,train,C,/home/jvillanueva/projects/ovarian-tumor-ultrasound-classification/data/processed/MMOTU_OTU_2D_experimental/train/images/1316.JPG,/home/jvillanueva/projects/ovarian-tumor-ultrasound-classification/data/processed/MMOTU_OTU_2D_experimental/train/masks/1316_binary.PNG,228,235,0.105816,False,,/home/jvillanueva/projects/ovarian-tumor-ultrasound-classification/data/processed/MMOTU_OTU_2D_roi_gt/train/images/1316.png
1318,train,C,/home/jvillanueva/projects/ovarian-tumor-ultrasound-classification/data/processed/MMOTU_OTU_2D_experimental/train/images/1318.JPG,/home/jvillanueva/projects/ovarian-tumor-ultrasound-classification/data/processed/MMOTU_OTU_2D_experimental/train/masks/1318_binary.PNG,370,289,0.413036,False,,/home/jvillanueva/projects/ovarian-tumor-ultrasound-classification/data/processed/MMOTU_OTU_2D_roi_gt/train/images/1318.png
132,train,C,/home/jvillanueva/projects/ovarian-tumor-ultrasound-classification/data/processed/MMOTU_OTU_2D_experimental/train/images/132.JPG,/home/jvillanueva/projects/ovarian-tumor-ultrasound-classification/data/processed/MMOTU_OTU_2D_experimental/train/masks/132_binary.PNG,371,412,0.577377,False,,/home/jvillanueva/projects/ovarian-tumor-ultrasound-classification/data/processed/MMOTU_OTU_2D_roi_gt/train/images/132.png
1320,train,C,/home/jvillanueva/projects/ovarian-tumor-ultrasound-classification/data/processed/MMOTU_OTU_2D_experimental/train/images/1320.JPG,/home/jvillanueva/projects/ovarian-tumor-ultrasound-classification/data/processed/MMOTU_OTU_2D_experimental/train/masks/1320_binary.PNG,455,373,0.656914,False,,/home/jvillanueva/projects/ovarian-tumor-ultrasound-classification/data/processed/MMOTU_OTU_2D_roi_gt/train/images/1320.png
1321,train,C,/home/jvillanueva/projects/ovarian-tumor-ultrasound-classification/data/processed/MMOTU_OTU_2D_experimental/train/images/1321.JPG,/home/jvillanueva/projects/ovarian-tumor-ultrasound-classification/data/processed/MMOTU_OTU_2D_experimental/train/masks/1321_binary.PNG,377,342,0.495258,False,,/home/jvillanueva/projects/ovarian-tumor-ultrasound-classification/data/processed/MMOTU_OTU_2D_roi_gt/train/images/1321.png
1324,train,C,/home/jvillanueva/projects/ovarian-tumor-ultrasound-classification/data/processed/MMOTU_OTU_2D_experimental/train/images/1324.JPG,/home/jvillanueva/projects/ovarian-tumor-ultrasound-classification/data/processed/MMOTU_OTU_2D_experimental/train/masks/1324_binary.PNG,118,63,0.028668,False,,/home/jvillanueva/projects/ovarian-tumor-ultrasound-classification/data/processed/MMOTU_OTU_2D_roi_gt/train/images/1324.png
1326,train,C,/home/jvillanueva/projects/ovarian-tumor-ultrasound-classification/data/processed/MMOTU_OTU_2D_experimental/train/images/1326.JPG,/home/jvillanueva/projects/ovarian-tumor-ultrasound-classification/data/processed/MMOTU_OTU_2D_experimental/train/masks/1326_binary.PNG,483,479,0.888683,False,,/home/jvillanueva/projects/ovarian-tumor-ultrasound-classification/data/processed/MMOTU_OTU_2D_roi_gt/train/images/1326.png
1328,train,C,/home/jvillanueva/projects/ovarian-tumor-ultrasound-classification/data/processed/MMOTU_OTU_2D_experimental/train/images/1328.JPG,/home/jvillanueva/projects/ovarian-tumor-ultrasound-classification/data/processed/MMOTU_OTU_2D_experimental/train/masks/1328_binary.PNG,472,459,0.423145,False,,/home/jvillanueva/projects/ovarian-tumor-ultrasound-classification/data/processed/MMOTU_OTU_2D_roi_gt/train/images/1328.png
133,train,C,/home/jvillanueva/projects/ovarian-tumor-ultrasound-classification/data/processed/MMOTU_OTU_2D_experimental/train/images/133.JPG,/home/jvillanueva/projects/ovarian-tumor-ultrasound-classification/data/processed/MMOTU_OTU_2D_experimental/train/masks/133_binary.PNG,351,409,0.537765,False,,/home/jvillanueva/projects/ovarian-tumor-ultrasound-classification/data/processed/MMOTU_OTU_2D_roi_gt/train/images/133.png
1330,train,C,/home/jvillanueva/projects/ovarian-tumor-ultrasound-classification/data/processed/MMOTU_OTU_2D_experimental/train/images/1330.JPG,/home/jvillanueva/projects/ovarian-tumor-ultrasound-classification/data/processed/MMOTU_OTU_2D_experimental/train/masks/1330_binary.PNG,338,292,0.368943,False,,/home/jvillanueva/projects/ovarian-tumor-ultrasound-classification/data/processed/MMOTU_OTU_2D_roi_gt/train/images/1330.png
1332,train,C,/home/jvillanueva/projects/ovarian-tumor-ultrasound-classification/data/processed/MMOTU_OTU_2D_experimental/train/images/1332.JPG,/home/jvillanueva/projects/ovarian-tumor-ultrasound-classification/data/processed/MMOTU_OTU_2D_experimental/train/masks/1332_binary.PNG,288,232,0.634711,False,,/home/jvillanueva/projects/ovarian-tumor-ultrasound-classification/data/processed/MMOTU_OTU_2D_roi_gt/train/images/1332.png
1338,train,C,/home/jvillanueva/projects/ovarian-tumor-ultrasound-classification/data/processed/MMOTU_OTU_2D_experimental/train/images/1338.JPG,/home/jvillanueva/projects/ovarian-tumor-ultrasound-classification/data/processed/MMOTU_OTU_2D_experimental/train/masks/1338_binary.PNG,163,134,0.221176,False,,/home/jvillanueva/projects/ovarian-tumor-ultrasound-classification/data/processed/MMOTU_OTU_2D_roi_gt/train/images/1338.png
1342,train,C,/home/jvillanueva/projects/ovarian-tumor-ultrasound-classification/data/processed/MMOTU_OTU_2D_experimental/train/images/1342.JPG,/home/jvillanueva/projects/ovarian-tumor-ultrasound-classification/data/processed/MMOTU_OTU_2D_experimental/train/masks/1342_binary.PNG,101,86,0.017043,False,,/home/jvillanueva/projects/ovarian-tumor-ultrasound-classification/data/processed/MMOTU_OTU_2D_roi_gt/train/images/1342.png
1343,train,C,/home/jvillanueva/projects/ovarian-tumor-ultrasound-classification/data/processed/MMOTU_OTU_2D_experimental/train/images/1343.JPG,/home/jvillanueva/projects/ovarian-tumor-ultrasound-classification/data/processed/MMOTU_OTU_2D_experimental/train/masks/1343_binary.PNG,267,193,0.153249,False,,/home/jvillanueva/projects/ovarian-tumor-ultrasound-classification/data/processed/MMOTU_OTU_2D_roi_gt/train/images/1343.png
1344,train,C,/home/jvillanueva/projects/ovarian-tumor-ultrasound-classification/data/processed/MMOTU_OTU_2D_experimental/train/images/1344.JPG,/home/jvillanueva/projects/ovarian-tumor-ultrasound-classification/data/processed/MMOTU_OTU_2D_experimental/train/masks/1344_binary.PNG,158,184,0.086029,False,,/home/jvillanueva/projects/ovarian-tumor-ultrasound-classification/data/processed/MMOTU_OTU_2D_roi_gt/train/images/1344.png
1345,train,C,/home/jvillanueva/projects/ovarian-tumor-ultrasound-classification/data/processed/MMOTU_OTU_2D_experimental/train/images/1345.JPG,/home/jvillanueva/projects/ovarian-tumor-ultrasound-classification/data/processed/MMOTU_OTU_2D_experimental/train/masks/1345_binary.PNG,158,159,0.074068,False,,/home/jvillanueva/projects/ovarian-tumor-ultrasound-classification/data/processed/MMOTU_OTU_2D_roi_gt/train/images/1345.png
1346,train,C,/home/jvillanueva/projects/ovarian-tumor-ultrasound-classification/data/processed/MMOTU_OTU_2D_experimental/train/images/1346.JPG,/home/jvillanueva/projects/ovarian-tumor-ultrasound-classification/data/processed/MMOTU_OTU_2D_experimental/train/masks/1346_binary.PNG,302,253,0.227582,False,,/home/jvillanueva/projects/ovarian-tumor-ultrasound-classification/data/processed/MMOTU_OTU_2D_roi_gt/train/images/1346.png
1348,train,C,/home/jvillanueva/projects/ovarian-tumor-ultrasound-classification/data/processed/MMOTU_OTU_2D_experimental/train/images/1348.JPG,/home/jvillanueva/projects/ovarian-tumor-ultrasound-classification/data/processed/MMOTU_OTU_2D_experimental/train/masks/1348_binary.PNG,276,227,0.185681,False,,/home/jvillanueva/projects/ovarian-tumor-ultrasound-classification/data/processed/MMOTU_OTU_2D_roi_gt/train/images/1348.png
1349,train,C,/home/jvillanueva/projects/ovarian-tumor-ultrasound-classification/data/processed/MMOTU_OTU_2D_experimental/train/images/1349.JPG,/home/jvillanueva/projects/ovarian-tumor-ultrasound-classification/data/processed/MMOTU_OTU_2D_experimental/train/masks/1349_binary.PNG,315,287,0.269808,False,,/home/jvillanueva/projects/ovarian-tumor-ultrasound-classification/data/processed/MMOTU_OTU_2D_roi_gt/train/images/1349.png
1350,train,C,/home/jvillanueva/projects/ovarian-tumor-ultrasound-classification/data/processed/MMOTU_OTU_2D_experimental/train/images/1350.JPG,/home/jvillanueva/projects/ovarian-tumor-ultrasound-classification/data/processed/MMOTU_OTU_2D_experimental/train/masks/1350_binary.PNG,83,158,0.039126,False,,/home/jvillanueva/projects/ovarian-tumor-ultrasound-classification/data/processed/MMOTU_OTU_2D_roi_gt/train/images/1350.png
1351,train,C,/home/jvillanueva/projects/ovarian-tumor-ultrasound-classification/data/processed/MMOTU_OTU_2D_experimental/train/images/1351.JPG,/home/jvillanueva/projects/ovarian-tumor-ultrasound-classification/data/processed/MMOTU_OTU_2D_experimental/train/masks/1351_binary.PNG,203,159,0.095018,False,,/home/jvillanueva/projects/ovarian-tumor-ultrasound-classification/data/processed/MMOTU_OTU_2D_roi_gt/train/images/1351.png
1356,train,C,/home/jvillanueva/projects/ovarian-tumor-ultrasound-classification/data/processed/MMOTU_OTU_2D_experimental/train/images/1356.JPG,/home/jvillanueva/projects/ovarian-tumor-ultrasound-classification/data/processed/MMOTU_OTU_2D_experimental/train/masks/1356_binary.PNG,531,435,0.452096,False,,/home/jvillanueva/projects/ovarian-tumor-ultrasound-classification/data/processed/MMOTU_OTU_2D_roi_gt/train/images/1356.png
1361,train,C,/home/jvillanueva/projects/ovarian-tumor-ultrasound-classification/data/processed/MMOTU_OTU_2D_experimental/train/images/1361.JPG,/home/jvillanueva/projects/ovarian-tumor-ultrasound-classification/data/processed/MMOTU_OTU_2D_experimental/train/masks/1361_binary.PNG,493,437,0.587025,False,,/home/jvillanueva/projects/ovarian-tumor-ultrasound-classification/data/processed/MMOTU_OTU_2D_roi_gt/train/images/1361.png
1362,train,C,/home/jvillanueva/projects/ovarian-tumor-ultrasound-classification/data/processed/MMOTU_OTU_2D_experimental/train/images/1362.JPG,/home/jvillanueva/projects/ovarian-tumor-ultrasound-classification/data/processed/MMOTU_OTU_2D_experimental/train/masks/1362_binary.PNG,490,456,0.307599,False,,/home/jvillanueva/projects/ovarian-tumor-ultrasound-classification/data/processed/MMOTU_OTU_2D_roi_gt/train/images/1362.png
1363,train,C,/home/jvillanueva/projects/ovarian-tumor-ultrasound-classification/data/processed/MMOTU_OTU_2D_experimental/train/images/1363.JPG,/home/jvillanueva/projects/ovarian-tumor-ultrasound-classification/data/processed/MMOTU_OTU_2D_experimental/train/masks/1363_binary.PNG,266,214,0.159415,False,,/home/jvillanueva/projects/ovarian-tumor-ultrasound-classification/data/processed/MMOTU_OTU_2D_roi_gt/train/images/1363.png
1368,train,C,/home/jvillanueva/projects/ovarian-tumor-ultrasound-classification/data/processed/MMOTU_OTU_2D_experimental/train/images/1368.JPG,/home/jvillanueva/projects/ovarian-tumor-ultrasound-classification/data/processed/MMOTU_OTU_2D_experimental/train/masks/1368_binary.PNG,276,239,0.127985,False,,/home/jvillanueva/projects/ovarian-tumor-ultrasound-classification/data/processed/MMOTU_OTU_2D_roi_gt/train/images/1368.png
1370,train,C,/home/jvillanueva/projects/ovarian-tumor-ultrasound-classification/data/processed/MMOTU_OTU_2D_experimental/train/images/1370.JPG,/home/jvillanueva/projects/ovarian-tumor-ultrasound-classification/data/processed/MMOTU_OTU_2D_experimental/train/masks/1370_binary.PNG,297,248,0.281943,False,,/home/jvillanueva/projects/ovarian-tumor-ultrasound-classification/data/processed/MMOTU_OTU_2D_roi_gt/train/images/1370.png
1371,train,C,/home/jvillanueva/projects/ovarian-tumor-ultrasound-classification/data/processed/MMOTU_OTU_2D_experimental/train/images/1371.JPG,/home/jvillanueva/projects/ovarian-tumor-ultrasound-classification/data/processed/MMOTU_OTU_2D_experimental/train/masks/1371_binary.PNG,129,178,0.044422,False,,/home/jvillanueva/projects/ovarian-tumor-ultrasound-classification/data/processed/MMOTU_OTU_2D_roi_gt/train/images/1371.png
1372,train,C,/home/jvillanueva/projects/ovarian-tumor-ultrasound-classification/data/processed/MMOTU_OTU_2D_experimental/train/images/1372.JPG,/home/jvillanueva/projects/ovarian-tumor-ultrasound-classification/data/processed/MMOTU_OTU_2D_experimental/train/masks/1372_binary.PNG,375,307,0.44469,False,,/home/jvillanueva/projects/ovarian-tumor-ultrasound-classification/data/processed/MMOTU_OTU_2D_roi_gt/train/images/1372.png
1375,train,C,/home/jvillanueva/projects/ovarian-tumor-ultrasound-classification/data/processed/MMOTU_OTU_2D_experimental/train/images/1375.JPG,/home/jvillanueva/projects/ovarian-tumor-ultrasound-classification/data/processed/MMOTU_OTU_2D_experimental/train/masks/1375_binary.PNG,410,513,0.408421,False,,/home/jvillanueva/projects/ovarian-tumor-ultrasound-classification/data/processed/MMOTU_OTU_2D_roi_gt/train/images/1375.png
1377,train,C,/home/jvillanueva/projects/ovarian-tumor-ultrasound-classification/data/processed/MMOTU_OTU_2D_experimental/train/images/1377.JPG,/home/jvillanueva/projects/ovarian-tumor-ultrasound-classification/data/processed/MMOTU_OTU_2D_experimental/train/masks/1377_binary.PNG,105,125,0.030898,False,,/home/jvillanueva/projects/ovarian-tumor-ultrasound-classification/data/processed/MMOTU_OTU_2D_roi_gt/train/images/1377.png
1379,train,C,/home/jvillanueva/projects/ovarian-tumor-ultrasound-classification/data/processed/MMOTU_OTU_2D_experimental/train/images/1379.JPG,/home/jvillanueva/projects/ovarian-tumor-ultrasound-classification/data/processed/MMOTU_OTU_2D_experimental/train/masks/1379_binary.PNG,400,392,0.303101,False,,/home/jvillanueva/projects/ovarian-tumor-ultrasound-classification/data/processed/MMOTU_OTU_2D_roi_gt/train/images/1379.png
138,train,C,/home/jvillanueva/projects/ovarian-tumor-ultrasound-classification/data/processed/MMOTU_OTU_2D_experimental/train/images/138.JPG,/home/jvillanueva/projects/ovarian-tumor-ultrasound-classification/data/processed/MMOTU_OTU_2D_experimental/train/masks/138_binary.PNG,819,534,0.854015,False,,/home/jvillanueva/projects/ovarian-tumor-ultrasound-classification/data/processed/MMOTU_OTU_2D_roi_gt/train/images/138.png
1380,train,C,/home/jvillanueva/projects/ovarian-tumor-ultrasound-classification/data/processed/MMOTU_OTU_2D_experimental/train/images/1380.JPG,/home/jvillanueva/projects/ovarian-tumor-ultrasound-classification/data/processed/MMOTU_OTU_2D_experimental/train/masks/1380_binary.PNG,596,301,0.34324,False,,/home/jvillanueva/projects/ovarian-tumor-ultrasound-classification/data/processed/MMOTU_OTU_2D_roi_gt/train/images/1380.png
1383,train,C,/home/jvillanueva/projects/ovarian-tumor-ultrasound-classification/data/processed/MMOTU_OTU_2D_experimental/train/images/1383.JPG,/home/jvillanueva/projects/ovarian-tumor-ultrasound-classification/data/processed/MMOTU_OTU_2D_experimental/train/masks/1383_binary.PNG,159,136,0.042393,False,,/home/jvillanueva/projects/ovarian-tumor-ultrasound-classification/data/processed/MMOTU_OTU_2D_roi_gt/train/images/1383.png
1385,train,C,/home/jvillanueva/projects/ovarian-tumor-ultrasound-classification/data/processed/MMOTU_OTU_2D_experimental/train/images/1385.JPG,/home/jvillanueva/projects/ovarian-tumor-ultrasound-classification/data/processed/MMOTU_OTU_2D_experimental/train/masks/1385_binary.PNG,252,313,0.154312,False,,/home/jvillanueva/projects/ovarian-tumor-ultrasound-classification/data/processed/MMOTU_OTU_2D_roi_gt/train/images/1385.png
1386,train,C,/home/jvillanueva/projects/ovarian-tumor-ultrasound-classification/data/processed/MMOTU_OTU_2D_experimental/train/images/1386.JPG,/home/jvillanueva/projects/ovarian-tumor-ultrasound-classification/data/processed/MMOTU_OTU_2D_experimental/train/masks/1386_binary.PNG,279,288,0.157791,False,,/home/jvillanueva/projects/ovarian-tumor-ultrasound-classification/data/processed/MMOTU_OTU_2D_roi_gt/train/images/1386.png
1387,train,C,/home/jvillanueva/projects/ovarian-tumor-ultrasound-classification/data/processed/MMOTU_OTU_2D_experimental/train/images/1387.JPG,/home/jvillanueva/projects/ovarian-tumor-ultrasound-classification/data/processed/MMOTU_OTU_2D_experimental/train/masks/1387_binary.PNG,241,309,0.289447,False,,/home/jvillanueva/projects/ovarian-tumor-ultrasound-classification/data/processed/MMOTU_OTU_2D_roi_gt/train/images/1387.png
139,train,C,/home/jvillanueva/projects/ovarian-tumor-ultrasound-classification/data/processed/MMOTU_OTU_2D_experimental/train/images/139.JPG,/home/jvillanueva/projects/ovarian-tumor-ultrasound-classification/data/processed/MMOTU_OTU_2D_experimental/train/masks/139_binary.PNG,530,417,0.432832,False,,/home/jvillanueva/projects/ovarian-tumor-ultrasound-classification/data/processed/MMOTU_OTU_2D_roi_gt/train/images/139.png
1392,train,C,/home/jvillanueva/projects/ovarian-tumor-ultrasound-classification/data/processed/MMOTU_OTU_2D_experimental/train/images/1392.JPG,/home/jvillanueva/projects/ovarian-tumor-ultrasound-classification/data/processed/MMOTU_OTU_2D_experimental/train/masks/1392_binary.PNG,245,200,0.190336,False,,/home/jvillanueva/projects/ovarian-tumor-ultrasound-classification/data/processed/MMOTU_OTU_2D_roi_gt/train/images/1392.png
1394,train,C,/home/jvillanueva/projects/ovarian-tumor-ultrasound-classification/data/processed/MMOTU_OTU_2D_experimental/train/images/1394.JPG,/home/jvillanueva/projects/ovarian-tumor-ultrasound-classification/data/processed/MMOTU_OTU_2D_experimental/train/masks/1394_binary.PNG,263,254,0.19829,False,,/home/jvillanueva/projects/ovarian-tumor-ultrasound-classification/data/processed/MMOTU_OTU_2D_roi_gt/train/images/1394.png
1395,train,C,/home/jvillanueva/projects/ovarian-tumor-ultrasound-classification/data/processed/MMOTU_OTU_2D_experimental/train/images/1395.JPG,/home/jvillanueva/projects/ovarian-tumor-ultrasound-classification/data/processed/MMOTU_OTU_2D_experimental/train/masks/1395_binary.PNG,269,276,0.219314,False,,/home/jvillanueva/projects/ovarian-tumor-ultrasound-classification/data/processed/MMOTU_OTU_2D_roi_gt/train/images/1395.png
1396,train,C,/home/jvillanueva/projects/ovarian-tumor-ultrasound-classification/data/processed/MMOTU_OTU_2D_experimental/train/images/1396.JPG,/home/jvillanueva/projects/ovarian-tumor-ultrasound-classification/data/processed/MMOTU_OTU_2D_experimental/train/masks/1396_binary.PNG,276,249,0.20335,False,,/home/jvillanueva/projects/ovarian-tumor-ultrasound-classification/data/processed/MMOTU_OTU_2D_roi_gt/train/images/1396.png
1397,train,C,/home/jvillanueva/projects/ovarian-tumor-ultrasound-classification/data/processed/MMOTU_OTU_2D_experimental/train/images/1397.JPG,/home/jvillanueva/projects/ovarian-tumor-ultrasound-classification/data/processed/MMOTU_OTU_2D_experimental/train/masks/1397_binary.PNG,216,181,0.15336,False,,/home/jvillanueva/projects/ovarian-tumor-ultrasound-classification/data/processed/MMOTU_OTU_2D_roi_gt/train/images/1397.png
1398,train,C,/home/jvillanueva/projects/ovarian-tumor-ultrasound-classification/data/processed/MMOTU_OTU_2D_experimental/train/images/1398.JPG,/home/jvillanueva/projects/ovarian-tumor-ultrasound-classification/data/processed/MMOTU_OTU_2D_experimental/train/masks/1398_binary.PNG,211,165,0.067385,False,,/home/jvillanueva/projects/ovarian-tumor-ultrasound-classification/data/processed/MMOTU_OTU_2D_roi_gt/train/images/1398.png
1399,train,C,/home/jvillanueva/projects/ovarian-tumor-ultrasound-classification/data/processed/MMOTU_OTU_2D_experimental/train/images/1399.JPG,/home/jvillanueva/projects/ovarian-tumor-ultrasound-classification/data/processed/MMOTU_OTU_2D_experimental/train/masks/1399_binary.PNG,180,147,0.051243,False,,/home/jvillanueva/projects/ovarian-tumor-ultrasound-classification/data/processed/MMOTU_OTU_2D_roi_gt/train/images/1399.png
14,train,C,/home/jvillanueva/projects/ovarian-tumor-ultrasound-classification/data/processed/MMOTU_OTU_2D_experimental/train/images/14.JPG,/home/jvillanueva/projects/ovarian-tumor-ultrasound-classification/data/processed/MMOTU_OTU_2D_experimental/train/masks/14_binary.PNG,346,250,0.169545,False,,/home/jvillanueva/projects/ovarian-tumor-ultrasound-classification/data/processed/MMOTU_OTU_2D_roi_gt/train/images/14.png
140,train,C,/home/jvillanueva/projects/ovarian-tumor-ultrasound-classification/data/processed/MMOTU_OTU_2D_experimental/train/images/140.JPG,/home/jvillanueva/projects/ovarian-tumor-ultrasound-classification/data/processed/MMOTU_OTU_2D_experimental/train/masks/140_binary.PNG,404,268,0.21362,False,,/home/jvillanueva/projects/ovarian-tumor-ultrasound-classification/data/processed/MMOTU_OTU_2D_roi_gt/train/images/140.png
1400,train,C,/home/jvillanueva/projects/ovarian-tumor-ultrasound-classification/data/processed/MMOTU_OTU_2D_experimental/train/images/1400.JPG,/home/jvillanueva/projects/ovarian-tumor-ultrasound-classification/data/processed/MMOTU_OTU_2D_experimental/train/masks/1400_binary.PNG,179,145,0.099883,False,,/home/jvillanueva/projects/ovarian-tumor-ultrasound-classification/data/processed/MMOTU_OTU_2D_roi_gt/train/images/1400.png
1402,train,C,/home/jvillanueva/projects/ovarian-tumor-ultrasound-classification/data/processed/MMOTU_OTU_2D_experimental/train/images/1402.JPG,/home/jvillanueva/projects/ovarian-tumor-ultrasound-classification/data/processed/MMOTU_OTU_2D_experimental/train/masks/1402_binary.PNG,183,155,0.055343,False,,/home/jvillanueva/projects/ovarian-tumor-ultrasound-classification/data/processed/MMOTU_OTU_2D_roi_gt/train/images/1402.png
1403,train,C,/home/jvillanueva/projects/ovarian-tumor-ultrasound-classification/data/processed/MMOTU_OTU_2D_experimental/train/images/1403.JPG,/home/jvillanueva/projects/ovarian-tumor-ultrasound-classification/data/processed/MMOTU_OTU_2D_experimental/train/masks/1403_binary.PNG,107,160,0.033465,False,,/home/jvillanueva/projects/ovarian-tumor-ultrasound-classification/data/processed/MMOTU_OTU_2D_roi_gt/train/images/1403.png
1405,train,C,/home/jvillanueva/projects/ovarian-tumor-ultrasound-classification/data/processed/MMOTU_OTU_2D_experimental/train/images/1405.JPG,/home/jvillanueva/projects/ovarian-tumor-ultrasound-classification/data/processed/MMOTU_OTU_2D_experimental/train/masks/1405_binary.PNG,111,180,0.038725,False,,/home/jvillanueva/projects/ovarian-tumor-ultrasound-classification/data/processed/MMOTU_OTU_2D_roi_gt/train/images/1405.png
1406,train,C,/home/jvillanueva/projects/ovarian-tumor-ultrasound-classification/data/processed/MMOTU_OTU_2D_experimental/train/images/1406.JPG,/home/jvillanueva/projects/ovarian-tumor-ultrasound-classification/data/processed/MMOTU_OTU_2D_experimental/train/masks/1406_binary.PNG,130,156,0.039568,False,,/home/jvillanueva/projects/ovarian-tumor-ultrasound-classification/data/processed/MMOTU_OTU_2D_roi_gt/train/images/1406.png
1408,train,C,/home/jvillanueva/projects/ovarian-tumor-ultrasound-classification/data/processed/MMOTU_OTU_2D_experimental/train/images/1408.JPG,/home/jvillanueva/projects/ovarian-tumor-ultrasound-classification/data/processed/MMOTU_OTU_2D_experimental/train/masks/1408_binary.PNG,648,442,0.559756,False,,/home/jvillanueva/projects/ovarian-tumor-ultrasound-classification/data/processed/MMOTU_OTU_2D_roi_gt/train/images/1408.png
1409,train,C,/home/jvillanueva/projects/ovarian-tumor-ultrasound-classification/data/processed/MMOTU_OTU_2D_experimental/train/images/1409.JPG,/home/jvillanueva/projects/ovarian-tumor-ultrasound-classification/data/processed/MMOTU_OTU_2D_experimental/train/masks/1409_binary.PNG,431,332,0.276827,False,,/home/jvillanueva/projects/ovarian-tumor-ultrasound-classification/data/processed/MMOTU_OTU_2D_roi_gt/train/images/1409.png
141,train,C,/home/jvillanueva/projects/ovarian-tumor-ultrasound-classification/data/processed/MMOTU_OTU_2D_experimental/train/images/141.JPG,/home/jvillanueva/projects/ovarian-tumor-ultrasound-classification/data/processed/MMOTU_OTU_2D_experimental/train/masks/141_binary.PNG,243,169,0.161123,False,,/home/jvillanueva/projects/ovarian-tumor-ultrasound-classification/data/processed/MMOTU_OTU_2D_roi_gt/train/images/141.png
1412,train,C,/home/jvillanueva/projects/ovarian-tumor-ultrasound-classification/data/processed/MMOTU_OTU_2D_experimental/train/images/1412.JPG,/home/jvillanueva/projects/ovarian-tumor-ultrasound-classification/data/processed/MMOTU_OTU_2D_experimental/train/masks/1412_binary.PNG,310,269,0.162703,False,,/home/jvillanueva/projects/ovarian-tumor-ultrasound-classification/data/processed/MMOTU_OTU_2D_roi_gt/train/images/1412.png
1414,train,C,/home/jvillanueva/projects/ovarian-tumor-ultrasound-classification/data/processed/MMOTU_OTU_2D_experimental/train/images/1414.JPG,/home/jvillanueva/projects/ovarian-tumor-ultrasound-classification/data/processed/MMOTU_OTU_2D_experimental/train/masks/1414_binary.PNG,370,302,0.216399,False,,/home/jvillanueva/projects/ovarian-tumor-ultrasound-classification/data/processed/MMOTU_OTU_2D_roi_gt/train/images/1414.png
1415,train,C,/home/jvillanueva/projects/ovarian-tumor-ultrasound-classification/data/processed/MMOTU_OTU_2D_experimental/train/images/1415.JPG,/home/jvillanueva/projects/ovarian-tumor-ultrasound-classification/data/processed/MMOTU_OTU_2D_experimental/train/masks/1415_binary.PNG,243,259,0.476103,False,,/home/jvillanueva/projects/ovarian-tumor-ultrasound-classification/data/processed/MMOTU_OTU_2D_roi_gt/train/images/1415.png
1417,train,C,/home/jvillanueva/projects/ovarian-tumor-ultrasound-classification/data/processed/MMOTU_OTU_2D_experimental/train/images/1417.JPG,/home/jvillanueva/projects/ovarian-tumor-ultrasound-classification/data/processed/MMOTU_OTU_2D_experimental/train/masks/1417_binary.PNG,527,379,0.294616,False,,/home/jvillanueva/projects/ovarian-tumor-ultrasound-classification/data/processed/MMOTU_OTU_2D_roi_gt/train/images/1417.png
1418,train,C,/home/jvillanueva/projects/ovarian-tumor-ultrasound-classification/data/processed/MMOTU_OTU_2D_experimental/train/images/1418.JPG,/home/jvillanueva/projects/ovarian-tumor-ultrasound-classification/data/processed/MMOTU_OTU_2D_experimental/train/masks/1418_binary.PNG,381,282,0.315525,False,,/home/jvillanueva/projects/ovarian-tumor-ultrasound-classification/data/processed/MMOTU_OTU_2D_roi_gt/train/images/1418.png
1419,train,C,/home/jvillanueva/projects/ovarian-tumor-ultrasound-classification/data/processed/MMOTU_OTU_2D_experimental/train/images/1419.JPG,/home/jvillanueva/projects/ovarian-tumor-ultrasound-classification/data/processed/MMOTU_OTU_2D_experimental/train/masks/1419_binary.PNG,393,256,0.283603,False,,/home/jvillanueva/projects/ovarian-tumor-ultrasound-classification/data/processed/MMOTU_OTU_2D_roi_gt/train/images/1419.png
142,train,C,/home/jvillanueva/projects/ovarian-tumor-ultrasound-classification/data/processed/MMOTU_OTU_2D_experimental/train/images/142.JPG,/home/jvillanueva/projects/ovarian-tumor-ultrasound-classification/data/processed/MMOTU_OTU_2D_experimental/train/masks/142_binary.PNG,208,163,0.133047,False,,/home/jvillanueva/projects/ovarian-tumor-ultrasound-classification/data/processed/MMOTU_OTU_2D_roi_gt/train/images/142.png
1420,train,C,/home/jvillanueva/projects/ovarian-tumor-ultrasound-classification/data/processed/MMOTU_OTU_2D_experimental/train/images/1420.JPG,/home/jvillanueva/projects/ovarian-tumor-ultrasound-classification/data/processed/MMOTU_OTU_2D_experimental/train/masks/1420_binary.PNG,422,253,0.159034,False,,/home/jvillanueva/projects/ovarian-tumor-ultrasound-classification/data/processed/MMOTU_OTU_2D_roi_gt/train/images/1420.png
1421,train,C,/home/jvillanueva/projects/ovarian-tumor-ultrasound-classification/data/processed/MMOTU_OTU_2D_experimental/train/images/1421.JPG,/home/jvillanueva/projects/ovarian-tumor-ultrasound-classification/data/processed/MMOTU_OTU_2D_experimental/train/masks/1421_binary.PNG,804,547,0.652569,False,,/home/jvillanueva/projects/ovarian-tumor-ultrasound-classification/data/processed/MMOTU_OTU_2D_roi_gt/train/images/1421.png
1422,train,C,/home/jvillanueva/projects/ovarian-tumor-ultrasound-classification/data/processed/MMOTU_OTU_2D_experimental/train/images/1422.JPG,/home/jvillanueva/projects/ovarian-tumor-ultrasound-classification/data/processed/MMOTU_OTU_2D_experimental/train/masks/1422_binary.PNG,647,460,0.445328,False,,/home/jvillanueva/projects/ovarian-tumor-ultrasound-classification/data/processed/MMOTU_OTU_2D_roi_gt/train/images/1422.png
1423,train,C,/home/jvillanueva/projects/ovarian-tumor-ultrasound-classification/data/processed/MMOTU_OTU_2D_experimental/train/images/1423.JPG,/home/jvillanueva/projects/ovarian-tumor-ultrasound-classification/data/processed/MMOTU_OTU_2D_experimental/train/masks/1423_binary.PNG,461,324,0.213899,False,,/home/jvillanueva/projects/ovarian-tumor-ultrasound-classification/data/processed/MMOTU_OTU_2D_roi_gt/train/images/1423.png
1424,train,C,/home/jvillanueva/projects/ovarian-tumor-ultrasound-classification/data/processed/MMOTU_OTU_2D_experimental/train/images/1424.JPG,/home/jvillanueva/projects/ovarian-tumor-ultrasound-classification/data/processed/MMOTU_OTU_2D_experimental/train/masks/1424_binary.PNG,266,348,0.181781,False,,/home/jvillanueva/projects/ovarian-tumor-ultrasound-classification/data/processed/MMOTU_OTU_2D_roi_gt/train/images/1424.png
1425,train,C,/home/jvillanueva/projects/ovarian-tumor-ultrasound-classification/data/processed/MMOTU_OTU_2D_experimental/train/images/1425.JPG,/home/jvillanueva/projects/ovarian-tumor-ultrasound-classification/data/processed/MMOTU_OTU_2D_experimental/train/masks/1425_binary.PNG,396,331,0.254525,False,,/home/jvillanueva/projects/ovarian-tumor-ultrasound-classification/data/processed/MMOTU_OTU_2D_roi_gt/train/images/1425.png
1426,train,C,/home/jvillanueva/projects/ovarian-tumor-ultrasound-classification/data/processed/MMOTU_OTU_2D_experimental/train/images/1426.JPG,/home/jvillanueva/projects/ovarian-tumor-ultrasound-classification/data/processed/MMOTU_OTU_2D_experimental/train/masks/1426_binary.PNG,485,344,0.325522,False,,/home/jvillanueva/projects/ovarian-tumor-ultrasound-classification/data/processed/MMOTU_OTU_2D_roi_gt/train/images/1426.png
1431,train,C,/home/jvillanueva/projects/ovarian-tumor-ultrasound-classification/data/processed/MMOTU_OTU_2D_experimental/train/images/1431.JPG,/home/jvillanueva/projects/ovarian-tumor-ultrasound-classification/data/processed/MMOTU_OTU_2D_experimental/train/masks/1431_binary.PNG,268,225,0.096326,False,,/home/jvillanueva/projects/ovarian-tumor-ultrasound-classification/data/processed/MMOTU_OTU_2D_roi_gt/train/images/1431.png
1433,train,C,/home/jvillanueva/projects/ovarian-tumor-ultrasound-classification/data/processed/MMOTU_OTU_2D_experimental/train/images/1433.JPG,/home/jvillanueva/projects/ovarian-tumor-ultrasound-classification/data/processed/MMOTU_OTU_2D_experimental/train/masks/1433_binary.PNG,389,254,0.386284,False,,/home/jvillanueva/projects/ovarian-tumor-ultrasound-classification/data/processed/MMOTU_OTU_2D_roi_gt/train/images/1433.png
1434,train,C,/home/jvillanueva/projects/ovarian-tumor-ultrasound-classification/data/processed/MMOTU_OTU_2D_experimental/train/images/1434.JPG,/home/jvillanueva/projects/ovarian-tumor-ultrasound-classification/data/processed/MMOTU_OTU_2D_experimental/train/masks/1434_binary.PNG,307,213,0.256074,False,,/home/jvillanueva/projects/ovarian-tumor-ultrasound-classification/data/processed/MMOTU_OTU_2D_roi_gt/train/images/1434.png
1437,train,C,/home/jvillanueva/projects/ovarian-tumor-ultrasound-classification/data/processed/MMOTU_OTU_2D_experimental/train/images/1437.JPG,/home/jvillanueva/projects/ovarian-tumor-ultrasound-classification/data/processed/MMOTU_OTU_2D_experimental/train/masks/1437_binary.PNG,202,239,0.092808,False,,/home/jvillanueva/projects/ovarian-tumor-ultrasound-classification/data/processed/MMOTU_OTU_2D_roi_gt/train/images/1437.png
1438,train,C,/home/jvillanueva/projects/ovarian-tumor-ultrasound-classification/data/processed/MMOTU_OTU_2D_experimental/train/images/1438.JPG,/home/jvillanueva/projects/ovarian-tumor-ultrasound-classification/data/processed/MMOTU_OTU_2D_experimental/train/masks/1438_binary.PNG,248,262,0.243706,False,,/home/jvillanueva/projects/ovarian-tumor-ultrasound-classification/data/processed/MMOTU_OTU_2D_roi_gt/train/images/1438.png
1441,train,C,/home/jvillanueva/projects/ovarian-tumor-ultrasound-classification/data/processed/MMOTU_OTU_2D_experimental/train/images/1441.JPG,/home/jvillanueva/projects/ovarian-tumor-ultrasound-classification/data/processed/MMOTU_OTU_2D_experimental/train/masks/1441_binary.PNG,194,176,0.067361,False,,/home/jvillanueva/projects/ovarian-tumor-ultrasound-classification/data/processed/MMOTU_OTU_2D_roi_gt/train/images/1441.png
1442,train,C,/home/jvillanueva/projects/ovarian-tumor-ultrasound-classification/data/processed/MMOTU_OTU_2D_experimental/train/images/1442.JPG,/home/jvillanueva/projects/ovarian-tumor-ultrasound-classification/data/processed/MMOTU_OTU_2D_experimental/train/masks/1442_binary.PNG,205,159,0.064977,False,,/home/jvillanueva/projects/ovarian-tumor-ultrasound-classification/data/processed/MMOTU_OTU_2D_roi_gt/train/images/1442.png
1446,train,C,/home/jvillanueva/projects/ovarian-tumor-ultrasound-classification/data/processed/MMOTU_OTU_2D_experimental/train/images/1446.JPG,/home/jvillanueva/projects/ovarian-tumor-ultrasound-classification/data/processed/MMOTU_OTU_2D_experimental/train/masks/1446_binary.PNG,349,303,0.321586,False,,/home/jvillanueva/projects/ovarian-tumor-ultrasound-classification/data/processed/MMOTU_OTU_2D_roi_gt/train/images/1446.png
1447,train,C,/home/jvillanueva/projects/ovarian-tumor-ultrasound-classification/data/processed/MMOTU_OTU_2D_experimental/train/images/1447.JPG,/home/jvillanueva/projects/ovarian-tumor-ultrasound-classification/data/processed/MMOTU_OTU_2D_experimental/train/masks/1447_binary.PNG,256,196,0.149736,False,,/home/jvillanueva/projects/ovarian-tumor-ultrasound-classification/data/processed/MMOTU_OTU_2D_roi_gt/train/images/1447.png
1448,train,C,/home/jvillanueva/projects/ovarian-tumor-ultrasound-classification/data/processed/MMOTU_OTU_2D_experimental/train/images/1448.JPG,/home/jvillanueva/projects/ovarian-tumor-ultrasound-classification/data/processed/MMOTU_OTU_2D_experimental/train/masks/1448_binary.PNG,380,301,0.429603,False,,/home/jvillanueva/projects/ovarian-tumor-ultrasound-classification/data/processed/MMOTU_OTU_2D_roi_gt/train/images/1448.png
1449,train,C,/home/jvillanueva/projects/ovarian-tumor-ultrasound-classification/data/processed/MMOTU_OTU_2D_experimental/train/images/1449.JPG,/home/jvillanueva/projects/ovarian-tumor-ultrasound-classification/data/processed/MMOTU_OTU_2D_experimental/train/masks/1449_binary.PNG,442,269,0.450492,False,,/home/jvillanueva/projects/ovarian-tumor-ultrasound-classification/data/processed/MMOTU_OTU_2D_roi_gt/train/images/1449.png
1450,train,C,/home/jvillanueva/projects/ovarian-tumor-ultrasound-classification/data/processed/MMOTU_OTU_2D_experimental/train/images/1450.JPG,/home/jvillanueva/projects/ovarian-tumor-ultrasound-classification/data/processed/MMOTU_OTU_2D_experimental/train/masks/1450_binary.PNG,418,243,0.379019,False,,/home/jvillanueva/projects/ovarian-tumor-ultrasound-classification/data/processed/MMOTU_OTU_2D_roi_gt/train/images/1450.png
1451,train,C,/home/jvillanueva/projects/ovarian-tumor-ultrasound-classification/data/processed/MMOTU_OTU_2D_experimental/train/images/1451.JPG,/home/jvillanueva/projects/ovarian-tumor-ultrasound-classification/data/processed/MMOTU_OTU_2D_experimental/train/masks/1451_binary.PNG,360,376,0.26649,False,,/home/jvillanueva/projects/ovarian-tumor-ultrasound-classification/data/processed/MMOTU_OTU_2D_roi_gt/train/images/1451.png
1453,train,C,/home/jvillanueva/projects/ovarian-tumor-ultrasound-classification/data/processed/MMOTU_OTU_2D_experimental/train/images/1453.JPG,/home/jvillanueva/projects/ovarian-tumor-ultrasound-classification/data/processed/MMOTU_OTU_2D_experimental/train/masks/1453_binary.PNG,297,269,0.160293,False,,/home/jvillanueva/projects/ovarian-tumor-ultrasound-classification/data/processed/MMOTU_OTU_2D_roi_gt/train/images/1453.png
1455,train,C,/home/jvillanueva/projects/ovarian-tumor-ultrasound-classification/data/processed/MMOTU_OTU_2D_experimental/train/images/1455.JPG,/home/jvillanueva/projects/ovarian-tumor-ultrasound-classification/data/processed/MMOTU_OTU_2D_experimental/train/masks/1455_binary.PNG,267,225,0.118195,False,,/home/jvillanueva/projects/ovarian-tumor-ultrasound-classification/data/processed/MMOTU_OTU_2D_roi_gt/train/images/1455.png
1456,train,C,/home/jvillanueva/projects/ovarian-tumor-ultrasound-classification/data/processed/MMOTU_OTU_2D_experimental/train/images/1456.JPG,/home/jvillanueva/projects/ovarian-tumor-ultrasound-classification/data/processed/MMOTU_OTU_2D_experimental/train/masks/1456_binary.PNG,541,472,0.505557,False,,/home/jvillanueva/projects/ovarian-tumor-ultrasound-classification/data/processed/MMOTU_OTU_2D_roi_gt/train/images/1456.png
1457,train,C,/home/jvillanueva/projects/ovarian-tumor-ultrasound-classification/data/processed/MMOTU_OTU_2D_experimental/train/images/1457.JPG,/home/jvillanueva/projects/ovarian-tumor-ultrasound-classification/data/processed/MMOTU_OTU_2D_experimental/train/masks/1457_binary.PNG,364,253,0.183837,False,,/home/jvillanueva/projects/ovarian-tumor-ultrasound-classification/data/processed/MMOTU_OTU_2D_roi_gt/train/images/1457.png
1459,train,C,/home/jvillanueva/projects/ovarian-tumor-ultrasound-classification/data/processed/MMOTU_OTU_2D_experimental/train/images/1459.JPG,/home/jvillanueva/projects/ovarian-tumor-ultrasound-classification/data/processed/MMOTU_OTU_2D_experimental/train/masks/1459_binary.PNG,273,173,0.093291,False,,/home/jvillanueva/projects/ovarian-tumor-ultrasound-classification/data/processed/MMOTU_OTU_2D_roi_gt/train/images/1459.png
146,train,C,/home/jvillanueva/projects/ovarian-tumor-ultrasound-classification/data/processed/MMOTU_OTU_2D_experimental/train/images/146.JPG,/home/jvillanueva/projects/ovarian-tumor-ultrasound-classification/data/processed/MMOTU_OTU_2D_experimental/train/masks/146_binary.PNG,159,91,0.056661,False,,/home/jvillanueva/projects/ovarian-tumor-ultrasound-classification/data/processed/MMOTU_OTU_2D_roi_gt/train/images/146.png
1462,train,C,/home/jvillanueva/projects/ovarian-tumor-ultrasound-classification/data/processed/MMOTU_OTU_2D_experimental/train/images/1462.JPG,/home/jvillanueva/projects/ovarian-tumor-ultrasound-classification/data/processed/MMOTU_OTU_2D_experimental/train/masks/1462_binary.PNG,232,189,0.069728,False,,/home/jvillanueva/projects/ovarian-tumor-ultrasound-classification/data/processed/MMOTU_OTU_2D_roi_gt/train/images/1462.png
1463,train,C,/home/jvillanueva/projects/ovarian-tumor-ultrasound-classification/data/processed/MMOTU_OTU_2D_experimental/train/images/1463.JPG,/home/jvillanueva/projects/ovarian-tumor-ultrasound-classification/data/processed/MMOTU_OTU_2D_experimental/train/masks/1463_binary.PNG,154,111,0.080429,False,,/home/jvillanueva/projects/ovarian-tumor-ultrasound-classification/data/processed/MMOTU_OTU_2D_roi_gt/train/images/1463.png
1465,train,C,/home/jvillanueva/projects/ovarian-tumor-ultrasound-classification/data/processed/MMOTU_OTU_2D_experimental/train/images/1465.JPG,/home/jvillanueva/projects/ovarian-tumor-ultrasound-classification/data/processed/MMOTU_OTU_2D_experimental/train/masks/1465_binary.PNG,341,273,0.181634,False,,/home/jvillanueva/projects/ovarian-tumor-ultrasound-classification/data/processed/MMOTU_OTU_2D_roi_gt/train/images/1465.png
147,train,C,/home/jvillanueva/projects/ovarian-tumor-ultrasound-classification/data/processed/MMOTU_OTU_2D_experimental/train/images/147.JPG,/home/jvillanueva/projects/ovarian-tumor-ultrasound-classification/data/processed/MMOTU_OTU_2D_experimental/train/masks/147_binary.PNG,333,302,0.158975,False,,/home/jvillanueva/projects/ovarian-tumor-ultrasound-classification/data/processed/MMOTU_OTU_2D_roi_gt/train/images/147.png
150,train,C,/home/jvillanueva/projects/ovarian-tumor-ultrasound-classification/data/processed/MMOTU_OTU_2D_experimental/train/images/150.JPG,/home/jvillanueva/projects/ovarian-tumor-ultrasound-classification/data/processed/MMOTU_OTU_2D_experimental/train/masks/150_binary.PNG,334,218,0.142448,False,,/home/jvillanueva/projects/ovarian-tumor-ultrasound-classification/data/processed/MMOTU_OTU_2D_roi_gt/train/images/150.png
153,train,C,/home/jvillanueva/projects/ovarian-tumor-ultrasound-classification/data/processed/MMOTU_OTU_2D_experimental/train/images/153.JPG,/home/jvillanueva/projects/ovarian-tumor-ultrasound-classification/data/processed/MMOTU_OTU_2D_experimental/train/masks/153_binary.PNG,421,286,0.193033,False,,/home/jvillanueva/projects/ovarian-tumor-ultrasound-classification/data/processed/MMOTU_OTU_2D_roi_gt/train/images/153.png
156,train,C,/home/jvillanueva/projects/ovarian-tumor-ultrasound-classification/data/processed/MMOTU_OTU_2D_experimental/train/images/156.JPG,/home/jvillanueva/projects/ovarian-tumor-ultrasound-classification/data/processed/MMOTU_OTU_2D_experimental/train/masks/156_binary.PNG,177,101,0.03488,False,,/home/jvillanueva/projects/ovarian-tumor-ultrasound-classification/data/processed/MMOTU_OTU_2D_roi_gt/train/images/156.png
157,train,C,/home/jvillanueva/projects/ovarian-tumor-ultrasound-classification/data/processed/MMOTU_OTU_2D_experimental/train/images/157.JPG,/home/jvillanueva/projects/ovarian-tumor-ultrasound-classification/data/processed/MMOTU_OTU_2D_experimental/train/masks/157_binary.PNG,136,184,0.049224,False,,/home/jvillanueva/projects/ovarian-tumor-ultrasound-classification/data/processed/MMOTU_OTU_2D_roi_gt/train/images/157.png
160,train,C,/home/jvillanueva/projects/ovarian-tumor-ultrasound-classification/data/processed/MMOTU_OTU_2D_experimental/train/images/160.JPG,/home/jvillanueva/projects/ovarian-tumor-ultrasound-classification/data/processed/MMOTU_OTU_2D_experimental/train/masks/160_binary.PNG,429,283,0.470621,False,,/home/jvillanueva/projects/ovarian-tumor-ultrasound-classification/data/processed/MMOTU_OTU_2D_roi_gt/train/images/160.png
161,train,C,/home/jvillanueva/projects/ovarian-tumor-ultrasound-classification/data/processed/MMOTU_OTU_2D_experimental/train/images/161.JPG,/home/jvillanueva/projects/ovarian-tumor-ultrasound-classification/data/processed/MMOTU_OTU_2D_experimental/train/masks/161_binary.PNG,348,267,0.182845,False,,/home/jvillanueva/projects/ovarian-tumor-ultrasound-classification/data/processed/MMOTU_OTU_2D_roi_gt/train/images/161.png
165,train,C,/home/jvillanueva/projects/ovarian-tumor-ultrasound-classification/data/processed/MMOTU_OTU_2D_experimental/train/images/165.JPG,/home/jvillanueva/projects/ovarian-tumor-ultrasound-classification/data/processed/MMOTU_OTU_2D_experimental/train/masks/165_binary.PNG,262,200,0.204094,False,,/home/jvillanueva/projects/ovarian-tumor-ultrasound-classification/data/processed/MMOTU_OTU_2D_roi_gt/train/images/165.png
166,train,C,/home/jvillanueva/projects/ovarian-tumor-ultrasound-classification/data/processed/MMOTU_OTU_2D_experimental/train/images/166.JPG,/home/jvillanueva/projects/ovarian-tumor-ultrasound-classification/data/processed/MMOTU_OTU_2D_experimental/train/masks/166_binary.PNG,152,99,0.05838,False,,/home/jvillanueva/projects/ovarian-tumor-ultrasound-classification/data/processed/MMOTU_OTU_2D_roi_gt/train/images/166.png
167,train,C,/home/jvillanueva/projects/ovarian-tumor-ultrasound-classification/data/processed/MMOTU_OTU_2D_experimental/train/images/167.JPG,/home/jvillanueva/projects/ovarian-tumor-ultrasound-classification/data/processed/MMOTU_OTU_2D_experimental/train/masks/167_binary.PNG,129,82,0.041355,False,,/home/jvillanueva/projects/ovarian-tumor-ultrasound-classification/data/processed/MMOTU_OTU_2D_roi_gt/train/images/167.png
171,train,C,/home/jvillanueva/projects/ovarian-tumor-ultrasound-classification/data/processed/MMOTU_OTU_2D_experimental/train/images/171.JPG,/home/jvillanueva/projects/ovarian-tumor-ultrasound-classification/data/processed/MMOTU_OTU_2D_experimental/train/masks/171_binary.PNG,301,311,0.182645,False,,/home/jvillanueva/projects/ovarian-tumor-ultrasound-classification/data/processed/MMOTU_OTU_2D_roi_gt/train/images/171.png
172,train,C,/home/jvillanueva/projects/ovarian-tumor-ultrasound-classification/data/processed/MMOTU_OTU_2D_experimental/train/images/172.JPG,/home/jvillanueva/projects/ovarian-tumor-ultrasound-classification/data/processed/MMOTU_OTU_2D_experimental/train/masks/172_binary.PNG,309,308,0.186038,False,,/home/jvillanueva/projects/ovarian-tumor-ultrasound-classification/data/processed/MMOTU_OTU_2D_roi_gt/train/images/172.png
173,train,C,/home/jvillanueva/projects/ovarian-tumor-ultrasound-classification/data/processed/MMOTU_OTU_2D_experimental/train/images/173.JPG,/home/jvillanueva/projects/ovarian-tumor-ultrasound-classification/data/processed/MMOTU_OTU_2D_experimental/train/masks/173_binary.PNG,317,332,0.206113,False,,/home/jvillanueva/projects/ovarian-tumor-ultrasound-classification/data/processed/MMOTU_OTU_2D_roi_gt/train/images/173.png
174,train,C,/home/jvillanueva/projects/ovarian-tumor-ultrasound-classification/data/processed/MMOTU_OTU_2D_experimental/train/images/174.JPG,/home/jvillanueva/projects/ovarian-tumor-ultrasound-classification/data/processed/MMOTU_OTU_2D_experimental/train/masks/174_binary.PNG,311,315,0.383797,False,,/home/jvillanueva/projects/ovarian-tumor-ultrasound-classification/data/processed/MMOTU_OTU_2D_roi_gt/train/images/174.png
175,train,C,/home/jvillanueva/projects/ovarian-tumor-ultrasound-classification/data/processed/MMOTU_OTU_2D_experimental/train/images/175.JPG,/home/jvillanueva/projects/ovarian-tumor-ultrasound-classification/data/processed/MMOTU_OTU_2D_experimental/train/masks/175_binary.PNG,206,187,0.07502,False,,/home/jvillanueva/projects/ovarian-tumor-ultrasound-classification/data/processed/MMOTU_OTU_2D_roi_gt/train/images/175.png
176,train,C,/home/jvillanueva/projects/ovarian-tumor-ultrasound-classification/data/processed/MMOTU_OTU_2D_experimental/train/images/176.JPG,/home/jvillanueva/projects/ovarian-tumor-ultrasound-classification/data/processed/MMOTU_OTU_2D_experimental/train/masks/176_binary.PNG,252,165,0.081431,False,,/home/jvillanueva/projects/ovarian-tumor-ultrasound-classification/data/processed/MMOTU_OTU_2D_roi_gt/train/images/176.png
178,train,C,/home/jvillanueva/projects/ovarian-tumor-ultrasound-classification/data/processed/MMOTU_OTU_2D_experimental/train/images/178.JPG,/home/jvillanueva/projects/ovarian-tumor-ultrasound-classification/data/processed/MMOTU_OTU_2D_experimental/train/masks/178_binary.PNG,500,514,0.501434,False,,/home/jvillanueva/projects/ovarian-tumor-ultrasound-classification/data/processed/MMOTU_OTU_2D_roi_gt/train/images/178.png
18,train,C,/home/jvillanueva/projects/ovarian-tumor-ultrasound-classification/data/processed/MMOTU_OTU_2D_experimental/train/images/18.JPG,/home/jvillanueva/projects/ovarian-tumor-ultrasound-classification/data/processed/MMOTU_OTU_2D_experimental/train/masks/18_binary.PNG,481,413,0.389047,False,,/home/jvillanueva/projects/ovarian-tumor-ultrasound-classification/data/processed/MMOTU_OTU_2D_roi_gt/train/images/18.png
182,train,C,/home/jvillanueva/projects/ovarian-tumor-ultrasound-classification/data/processed/MMOTU_OTU_2D_experimental/train/images/182.JPG,/home/jvillanueva/projects/ovarian-tumor-ultrasound-classification/data/processed/MMOTU_OTU_2D_experimental/train/masks/182_binary.PNG,467,400,0.364466,False,,/home/jvillanueva/projects/ovarian-tumor-ultrasound-classification/data/processed/MMOTU_OTU_2D_roi_gt/train/images/182.png
183,train,C,/home/jvillanueva/projects/ovarian-tumor-ultrasound-classification/data/processed/MMOTU_OTU_2D_experimental/train/images/183.JPG,/home/jvillanueva/projects/ovarian-tumor-ultrasound-classification/data/processed/MMOTU_OTU_2D_experimental/train/masks/183_binary.PNG,466,385,0.352022,False,,/home/jvillanueva/projects/ovarian-tumor-ultrasound-classification/data/processed/MMOTU_OTU_2D_roi_gt/train/images/183.png
184,train,C,/home/jvillanueva/projects/ovarian-tumor-ultrasound-classification/data/processed/MMOTU_OTU_2D_experimental/train/images/184.JPG,/home/jvillanueva/projects/ovarian-tumor-ultrasound-classification/data/processed/MMOTU_OTU_2D_experimental/train/masks/184_binary.PNG,359,179,0.249717,False,,/home/jvillanueva/projects/ovarian-tumor-ultrasound-classification/data/processed/MMOTU_OTU_2D_roi_gt/train/images/184.png
185,train,C,/home/jvillanueva/projects/ovarian-tumor-ultrasound-classification/data/processed/MMOTU_OTU_2D_experimental/train/images/185.JPG,/home/jvillanueva/projects/ovarian-tumor-ultrasound-classification/data/processed/MMOTU_OTU_2D_experimental/train/masks/185_binary.PNG,164,154,0.098967,False,,/home/jvillanueva/projects/ovarian-tumor-ultrasound-classification/data/processed/MMOTU_OTU_2D_roi_gt/train/images/185.png
187,train,C,/home/jvillanueva/projects/ovarian-tumor-ultrasound-classification/data/processed/MMOTU_OTU_2D_experimental/train/images/187.JPG,/home/jvillanueva/projects/ovarian-tumor-ultrasound-classification/data/processed/MMOTU_OTU_2D_experimental/train/masks/187_binary.PNG,160,132,0.082897,False,,/home/jvillanueva/projects/ovarian-tumor-ultrasound-classification/data/processed/MMOTU_OTU_2D_roi_gt/train/images/187.png
188,train,C,/home/jvillanueva/projects/ovarian-tumor-ultrasound-classification/data/processed/MMOTU_OTU_2D_experimental/train/images/188.JPG,/home/jvillanueva/projects/ovarian-tumor-ultrasound-classification/data/processed/MMOTU_OTU_2D_experimental/train/masks/188_binary.PNG,493,344,0.332411,False,,/home/jvillanueva/projects/ovarian-tumor-ultrasound-classification/data/processed/MMOTU_OTU_2D_roi_gt/train/images/188.png
189,train,C,/home/jvillanueva/projects/ovarian-tumor-ultrasound-classification/data/processed/MMOTU_OTU_2D_experimental/train/images/189.JPG,/home/jvillanueva/projects/ovarian-tumor-ultrasound-classification/data/processed/MMOTU_OTU_2D_experimental/train/masks/189_binary.PNG,458,361,0.324073,False,,/home/jvillanueva/projects/ovarian-tumor-ultrasound-classification/data/processed/MMOTU_OTU_2D_roi_gt/train/images/189.png
192,train,C,/home/jvillanueva/projects/ovarian-tumor-ultrasound-classification/data/processed/MMOTU_OTU_2D_experimental/train/images/192.JPG,/home/jvillanueva/projects/ovarian-tumor-ultrasound-classification/data/processed/MMOTU_OTU_2D_experimental/train/masks/192_binary.PNG,480,404,0.759398,False,,/home/jvillanueva/projects/ovarian-tumor-ultrasound-classification/data/processed/MMOTU_OTU_2D_roi_gt/train/images/192.png
195,train,C,/home/jvillanueva/projects/ovarian-tumor-ultrasound-classification/data/processed/MMOTU_OTU_2D_experimental/train/images/195.JPG,/home/jvillanueva/projects/ovarian-tumor-ultrasound-classification/data/processed/MMOTU_OTU_2D_experimental/train/masks/195_binary.PNG,480,410,0.770677,False,,/home/jvillanueva/projects/ovarian-tumor-ultrasound-classification/data/processed/MMOTU_OTU_2D_roi_gt/train/images/195.png
197,train,C,/home/jvillanueva/projects/ovarian-tumor-ultrasound-classification/data/processed/MMOTU_OTU_2D_experimental/train/images/197.JPG,/home/jvillanueva/projects/ovarian-tumor-ultrasound-classification/data/processed/MMOTU_OTU_2D_experimental/train/masks/197_binary.PNG,424,357,0.295579,False,,/home/jvillanueva/projects/ovarian-tumor-ultrasound-classification/data/processed/MMOTU_OTU_2D_roi_gt/train/images/197.png
198,train,C,/home/jvillanueva/projects/ovarian-tumor-ultrasound-classification/data/processed/MMOTU_OTU_2D_experimental/train/images/198.JPG,/home/jvillanueva/projects/ovarian-tumor-ultrasound-classification/data/processed/MMOTU_OTU_2D_experimental/train/masks/198_binary.PNG,517,376,0.379593,False,,/home/jvillanueva/projects/ovarian-tumor-ultrasound-classification/data/processed/MMOTU_OTU_2D_roi_gt/train/images/198.png
199,train,C,/home/jvillanueva/projects/ovarian-tumor-ultrasound-classification/data/processed/MMOTU_OTU_2D_experimental/train/images/199.JPG,/home/jvillanueva/projects/ovarian-tumor-ultrasound-classification/data/processed/MMOTU_OTU_2D_experimental/train/masks/199_binary.PNG,479,364,0.682927,False,,/home/jvillanueva/projects/ovarian-tumor-ultrasound-classification/data/processed/MMOTU_OTU_2D_roi_gt/train/images/199.png
2,train,C,/home/jvillanueva/projects/ovarian-tumor-ultrasound-classification/data/processed/MMOTU_OTU_2D_experimental/train/images/2.JPG,/home/jvillanueva/projects/ovarian-tumor-ultrasound-classification/data/processed/MMOTU_OTU_2D_experimental/train/masks/2_binary.PNG,251,256,0.125006,False,,/home/jvillanueva/projects/ovarian-tumor-ultrasound-classification/data/processed/MMOTU_OTU_2D_roi_gt/train/images/2.png
20,train,C,/home/jvillanueva/projects/ovarian-tumor-ultrasound-classification/data/processed/MMOTU_OTU_2D_experimental/train/images/20.JPG,/home/jvillanueva/projects/ovarian-tumor-ultrasound-classification/data/processed/MMOTU_OTU_2D_experimental/train/masks/20_binary.PNG,479,403,0.758945,False,,/home/jvillanueva/projects/ovarian-tumor-ultrasound-classification/data/processed/MMOTU_OTU_2D_roi_gt/train/images/20.png
200,train,C,/home/jvillanueva/projects/ovarian-tumor-ultrasound-classification/data/processed/MMOTU_OTU_2D_experimental/train/images/200.JPG,/home/jvillanueva/projects/ovarian-tumor-ultrasound-classification/data/processed/MMOTU_OTU_2D_experimental/train/masks/200_binary.PNG,398,382,0.5965,False,,/home/jvillanueva/projects/ovarian-tumor-ultrasound-classification/data/processed/MMOTU_OTU_2D_roi_gt/train/images/200.png
202,train,C,/home/jvillanueva/projects/ovarian-tumor-ultrasound-classification/data/processed/MMOTU_OTU_2D_experimental/train/images/202.JPG,/home/jvillanueva/projects/ovarian-tumor-ultrasound-classification/data/processed/MMOTU_OTU_2D_experimental/train/masks/202_binary.PNG,276,252,0.272937,False,,/home/jvillanueva/projects/ovarian-tumor-ultrasound-classification/data/processed/MMOTU_OTU_2D_roi_gt/train/images/202.png
204,train,C,/home/jvillanueva/projects/ovarian-tumor-ultrasound-classification/data/processed/MMOTU_OTU_2D_experimental/train/images/204.JPG,/home/jvillanueva/projects/ovarian-tumor-ultrasound-classification/data/processed/MMOTU_OTU_2D_experimental/train/masks/204_binary.PNG,302,227,0.268516,False,,/home/jvillanueva/projects/ovarian-tumor-ultrasound-classification/data/processed/MMOTU_OTU_2D_roi_gt/train/images/204.png
205,train,C,/home/jvillanueva/projects/ovarian-tumor-ultrasound-classification/data/processed/MMOTU_OTU_2D_experimental/train/images/205.JPG,/home/jvillanueva/projects/ovarian-tumor-ultrasound-classification/data/processed/MMOTU_OTU_2D_experimental/train/masks/205_binary.PNG,108,130,0.022241,False,,/home/jvillanueva/projects/ovarian-tumor-ultrasound-classification/data/processed/MMOTU_OTU_2D_roi_gt/train/images/205.png
207,train,C,/home/jvillanueva/projects/ovarian-tumor-ultrasound-classification/data/processed/MMOTU_OTU_2D_experimental/train/images/207.JPG,/home/jvillanueva/projects/ovarian-tumor-ultrasound-classification/data/processed/MMOTU_OTU_2D_experimental/train/masks/207_binary.PNG,216,135,0.057155,False,,/home/jvillanueva/projects/ovarian-tumor-ultrasound-classification/data/processed/MMOTU_OTU_2D_roi_gt/train/images/207.png
208,train,C,/home/jvillanueva/projects/ovarian-tumor-ultrasound-classification/data/processed/MMOTU_OTU_2D_experimental/train/images/208.JPG,/home/jvillanueva/projects/ovarian-tumor-ultrasound-classification/data/processed/MMOTU_OTU_2D_experimental/train/masks/208_binary.PNG,192,142,0.05304,False,,/home/jvillanueva/projects/ovarian-tumor-ultrasound-classification/data/processed/MMOTU_OTU_2D_roi_gt/train/images/208.png
209,train,C,/home/jvillanueva/projects/ovarian-tumor-ultrasound-classification/data/processed/MMOTU_OTU_2D_experimental/train/images/209.JPG,/home/jvillanueva/projects/ovarian-tumor-ultrasound-classification/data/processed/MMOTU_OTU_2D_experimental/train/masks/209_binary.PNG,180,121,0.085327,False,,/home/jvillanueva/projects/ovarian-tumor-ultrasound-classification/data/processed/MMOTU_OTU_2D_roi_gt/train/images/209.png
211,train,C,/home/jvillanueva/projects/ovarian-tumor-ultrasound-classification/data/processed/MMOTU_OTU_2D_experimental/train/images/211.JPG,/home/jvillanueva/projects/ovarian-tumor-ultrasound-classification/data/processed/MMOTU_OTU_2D_experimental/train/masks/211_binary.PNG,268,236,0.122542,False,,/home/jvillanueva/projects/ovarian-tumor-ultrasound-classification/data/processed/MMOTU_OTU_2D_roi_gt/train/images/211.png
212,train,C,/home/jvillanueva/projects/ovarian-tumor-ultrasound-classification/data/processed/MMOTU_OTU_2D_experimental/train/images/212.JPG,/home/jvillanueva/projects/ovarian-tumor-ultrasound-classification/data/processed/MMOTU_OTU_2D_experimental/train/masks/212_binary.PNG,252,194,0.094801,False,,/home/jvillanueva/projects/ovarian-tumor-ultrasound-classification/data/processed/MMOTU_OTU_2D_roi_gt/train/images/212.png
213,train,C,/home/jvillanueva/projects/ovarian-tumor-ultrasound-classification/data/processed/MMOTU_OTU_2D_experimental/train/images/213.JPG,/home/jvillanueva/projects/ovarian-tumor-ultrasound-classification/data/processed/MMOTU_OTU_2D_experimental/train/masks/213_binary.PNG,221,157,0.068412,False,,/home/jvillanueva/projects/ovarian-tumor-ultrasound-classification/data/processed/MMOTU_OTU_2D_roi_gt/train/images/213.png
214,train,C,/home/jvillanueva/projects/ovarian-tumor-ultrasound-classification/data/processed/MMOTU_OTU_2D_experimental/train/images/214.JPG,/home/jvillanueva/projects/ovarian-tumor-ultrasound-classification/data/processed/MMOTU_OTU_2D_experimental/train/masks/214_binary.PNG,244,167,0.15858,False,,/home/jvillanueva/projects/ovarian-tumor-ultrasound-classification/data/processed/MMOTU_OTU_2D_roi_gt/train/images/214.png
218,train,C,/home/jvillanueva/projects/ovarian-tumor-ultrasound-classification/data/processed/MMOTU_OTU_2D_experimental/train/images/218.JPG,/home/jvillanueva/projects/ovarian-tumor-ultrasound-classification/data/processed/MMOTU_OTU_2D_experimental/train/masks/218_binary.PNG,399,500,0.782721,False,,/home/jvillanueva/projects/ovarian-tumor-ultrasound-classification/data/processed/MMOTU_OTU_2D_roi_gt/train/images/218.png
221,train,C,/home/jvillanueva/projects/ovarian-tumor-ultrasound-classification/data/processed/MMOTU_OTU_2D_experimental/train/images/221.JPG,/home/jvillanueva/projects/ovarian-tumor-ultrasound-classification/data/processed/MMOTU_OTU_2D_experimental/train/masks/221_binary.PNG,178,140,0.097385,False,,/home/jvillanueva/projects/ovarian-tumor-ultrasound-classification/data/processed/MMOTU_OTU_2D_roi_gt/train/images/221.png
222,train,C,/home/jvillanueva/projects/ovarian-tumor-ultrasound-classification/data/processed/MMOTU_OTU_2D_experimental/train/images/222.JPG,/home/jvillanueva/projects/ovarian-tumor-ultrasound-classification/data/processed/MMOTU_OTU_2D_experimental/train/masks/222_binary.PNG,217,172,0.146467,False,,/home/jvillanueva/projects/ovarian-tumor-ultrasound-classification/data/processed/MMOTU_OTU_2D_roi_gt/train/images/222.png
224,train,C,/home/jvillanueva/projects/ovarian-tumor-ultrasound-classification/data/processed/MMOTU_OTU_2D_experimental/train/images/224.JPG,/home/jvillanueva/projects/ovarian-tumor-ultrasound-classification/data/processed/MMOTU_OTU_2D_experimental/train/masks/224_binary.PNG,489,269,0.33744,False,,/home/jvillanueva/projects/ovarian-tumor-ultrasound-classification/data/processed/MMOTU_OTU_2D_roi_gt/train/images/224.png
226,train,C,/home/jvillanueva/projects/ovarian-tumor-ultrasound-classification/data/processed/MMOTU_OTU_2D_experimental/train/images/226.JPG,/home/jvillanueva/projects/ovarian-tumor-ultrasound-classification/data/processed/MMOTU_OTU_2D_experimental/train/masks/226_binary.PNG,480,372,0.837838,False,,/home/jvillanueva/projects/ovarian-tumor-ultrasound-classification/data/processed/MMOTU_OTU_2D_roi_gt/train/images/226.png
23,train,C,/home/jvillanueva/projects/ovarian-tumor-ultrasound-classification/data/processed/MMOTU_OTU_2D_experimental/train/images/23.JPG,/home/jvillanueva/projects/ovarian-tumor-ultrasound-classification/data/processed/MMOTU_OTU_2D_experimental/train/masks/23_binary.PNG,480,349,0.654784,False,,/home/jvillanueva/projects/ovarian-tumor-ultrasound-classification/data/processed/MMOTU_OTU_2D_roi_gt/train/images/23.png
230,train,C,/home/jvillanueva/projects/ovarian-tumor-ultrasound-classification/data/processed/MMOTU_OTU_2D_experimental/train/images/230.JPG,/home/jvillanueva/projects/ovarian-tumor-ultrasound-classification/data/processed/MMOTU_OTU_2D_experimental/train/masks/230_binary.PNG,97,142,0.053827,False,,/home/jvillanueva/projects/ovarian-tumor-ultrasound-classification/data/processed/MMOTU_OTU_2D_roi_gt/train/images/230.png
233,train,C,/home/jvillanueva/projects/ovarian-tumor-ultrasound-classification/data/processed/MMOTU_OTU_2D_experimental/train/images/233.JPG,/home/jvillanueva/projects/ovarian-tumor-ultrasound-classification/data/processed/MMOTU_OTU_2D_experimental/train/masks/233_binary.PNG,312,197,0.239794,False,,/home/jvillanueva/projects/ovarian-tumor-ultrasound-classification/data/processed/MMOTU_OTU_2D_roi_gt/train/images/233.png
235,train,C,/home/jvillanueva/projects/ovarian-tumor-ultrasound-classification/data/processed/MMOTU_OTU_2D_experimental/train/images/235.JPG,/home/jvillanueva/projects/ovarian-tumor-ultrasound-classification/data/processed/MMOTU_OTU_2D_experimental/train/masks/235_binary.PNG,293,203,0.231567,False,,/home/jvillanueva/projects/ovarian-tumor-ultrasound-classification/data/processed/MMOTU_OTU_2D_roi_gt/train/images/235.png
236,train,C,/home/jvillanueva/projects/ovarian-tumor-ultrasound-classification/data/processed/MMOTU_OTU_2D_experimental/train/images/236.JPG,/home/jvillanueva/projects/ovarian-tumor-ultrasound-classification/data/processed/MMOTU_OTU_2D_experimental/train/masks/236_binary.PNG,317,170,0.113158,False,,/home/jvillanueva/projects/ovarian-tumor-ultrasound-classification/data/processed/MMOTU_OTU_2D_roi_gt/train/images/236.png
238,train,C,/home/jvillanueva/projects/ovarian-tumor-ultrasound-classification/data/processed/MMOTU_OTU_2D_experimental/train/images/238.JPG,/home/jvillanueva/projects/ovarian-tumor-ultrasound-classification/data/processed/MMOTU_OTU_2D_experimental/train/masks/238_binary.PNG,170,130,0.046489,False,,/home/jvillanueva/projects/ovarian-tumor-ultrasound-classification/data/processed/MMOTU_OTU_2D_roi_gt/train/images/238.png
24,train,C,/home/jvillanueva/projects/ovarian-tumor-ultrasound-classification/data/processed/MMOTU_OTU_2D_experimental/train/images/24.JPG,/home/jvillanueva/projects/ovarian-tumor-ultrasound-classification/data/processed/MMOTU_OTU_2D_experimental/train/masks/24_binary.PNG,478,356,0.666667,False,,/home/jvillanueva/projects/ovarian-tumor-ultrasound-classification/data/processed/MMOTU_OTU_2D_roi_gt/train/images/24.png
241,train,C,/home/jvillanueva/projects/ovarian-tumor-ultrasound-classification/data/processed/MMOTU_OTU_2D_experimental/train/images/241.JPG,/home/jvillanueva/projects/ovarian-tumor-ultrasound-classification/data/processed/MMOTU_OTU_2D_experimental/train/masks/241_binary.PNG,470,406,0.745705,False,,/home/jvillanueva/projects/ovarian-tumor-ultrasound-classification/data/processed/MMOTU_OTU_2D_roi_gt/train/images/241.png
243,train,C,/home/jvillanueva/projects/ovarian-tumor-ultrasound-classification/data/processed/MMOTU_OTU_2D_experimental/train/images/243.JPG,/home/jvillanueva/projects/ovarian-tumor-ultrasound-classification/data/processed/MMOTU_OTU_2D_experimental/train/masks/243_binary.PNG,155,165,0.100761,False,,/home/jvillanueva/projects/ovarian-tumor-ultrasound-classification/data/processed/MMOTU_OTU_2D_roi_gt/train/images/243.png
244,train,C,/home/jvillanueva/projects/ovarian-tumor-ultrasound-classification/data/processed/MMOTU_OTU_2D_experimental/train/images/244.JPG,/home/jvillanueva/projects/ovarian-tumor-ultrasound-classification/data/processed/MMOTU_OTU_2D_experimental/train/masks/244_binary.PNG,213,221,0.185072,False,,/home/jvillanueva/projects/ovarian-tumor-ultrasound-classification/data/processed/MMOTU_OTU_2D_roi_gt/train/images/244.png
246,train,C,/home/jvillanueva/projects/ovarian-tumor-ultrasound-classification/data/processed/MMOTU_OTU_2D_experimental/train/images/246.JPG,/home/jvillanueva/projects/ovarian-tumor-ultrasound-classification/data/processed/MMOTU_OTU_2D_experimental/train/masks/246_binary.PNG,212,146,0.120957,False,,/home/jvillanueva/projects/ovarian-tumor-ultrasound-classification/data/processed/MMOTU_OTU_2D_roi_gt/train/images/246.png
247,train,C,/home/jvillanueva/projects/ovarian-tumor-ultrasound-classification/data/processed/MMOTU_OTU_2D_experimental/train/images/247.JPG,/home/jvillanueva/projects/ovarian-tumor-ultrasound-classification/data/processed/MMOTU_OTU_2D_experimental/train/masks/247_binary.PNG,191,149,0.110984,False,,/home/jvillanueva/projects/ovarian-tumor-ultrasound-classification/data/processed/MMOTU_OTU_2D_roi_gt/train/images/247.png
25,train,C,/home/jvillanueva/projects/ovarian-tumor-ultrasound-classification/data/processed/MMOTU_OTU_2D_experimental/train/images/25.JPG,/home/jvillanueva/projects/ovarian-tumor-ultrasound-classification/data/processed/MMOTU_OTU_2D_experimental/train/masks/25_binary.PNG,481,334,0.623134,False,,/home/jvillanueva/projects/ovarian-tumor-ultrasound-classification/data/processed/MMOTU_OTU_2D_roi_gt/train/images/25.png
250,train,C,/home/jvillanueva/projects/ovarian-tumor-ultrasound-classification/data/processed/MMOTU_OTU_2D_experimental/train/images/250.JPG,/home/jvillanueva/projects/ovarian-tumor-ultrasound-classification/data/processed/MMOTU_OTU_2D_experimental/train/masks/250_binary.PNG,338,344,0.452332,False,,/home/jvillanueva/projects/ovarian-tumor-ultrasound-classification/data/processed/MMOTU_OTU_2D_roi_gt/train/images/250.png
251,train,C,/home/jvillanueva/projects/ovarian-tumor-ultrasound-classification/data/processed/MMOTU_OTU_2D_experimental/train/images/251.JPG,/home/jvillanueva/projects/ovarian-tumor-ultrasound-classification/data/processed/MMOTU_OTU_2D_experimental/train/masks/251_binary.PNG,322,364,0.45614,False,,/home/jvillanueva/projects/ovarian-tumor-ultrasound-classification/data/processed/MMOTU_OTU_2D_roi_gt/train/images/251.png
252,train,C,/home/jvillanueva/projects/ovarian-tumor-ultrasound-classification/data/processed/MMOTU_OTU_2D_experimental/train/images/252.JPG,/home/jvillanueva/projects/ovarian-tumor-ultrasound-classification/data/processed/MMOTU_OTU_2D_experimental/train/masks/252_binary.PNG,360,380,0.268136,False,,/home/jvillanueva/projects/ovarian-tumor-ultrasound-classification/data/processed/MMOTU_OTU_2D_roi_gt/train/images/252.png
256,train,C,/home/jvillanueva/projects/ovarian-tumor-ultrasound-classification/data/processed/MMOTU_OTU_2D_experimental/train/images/256.JPG,/home/jvillanueva/projects/ovarian-tumor-ultrasound-classification/data/processed/MMOTU_OTU_2D_experimental/train/masks/256_binary.PNG,116,101,0.023304,False,,/home/jvillanueva/projects/ovarian-tumor-ultrasound-classification/data/processed/MMOTU_OTU_2D_roi_gt/train/images/256.png
257,train,C,/home/jvillanueva/projects/ovarian-tumor-ultrasound-classification/data/processed/MMOTU_OTU_2D_experimental/train/images/257.JPG,/home/jvillanueva/projects/ovarian-tumor-ultrasound-classification/data/processed/MMOTU_OTU_2D_experimental/train/masks/257_binary.PNG,116,101,0.023031,False,,/home/jvillanueva/projects/ovarian-tumor-ultrasound-classification/data/processed/MMOTU_OTU_2D_roi_gt/train/images/257.png
259,train,C,/home/jvillanueva/projects/ovarian-tumor-ultrasound-classification/data/processed/MMOTU_OTU_2D_experimental/train/images/259.JPG,/home/jvillanueva/projects/ovarian-tumor-ultrasound-classification/data/processed/MMOTU_OTU_2D_experimental/train/masks/259_binary.PNG,406,323,0.452133,False,,/home/jvillanueva/projects/ovarian-tumor-ultrasound-classification/data/processed/MMOTU_OTU_2D_roi_gt/train/images/259.png
260,train,C,/home/jvillanueva/projects/ovarian-tumor-ultrasound-classification/data/processed/MMOTU_OTU_2D_experimental/train/images/260.JPG,/home/jvillanueva/projects/ovarian-tumor-ultrasound-classification/data/processed/MMOTU_OTU_2D_experimental/train/masks/260_binary.PNG,371,335,0.425682,False,,/home/jvillanueva/projects/ovarian-tumor-ultrasound-classification/data/processed/MMOTU_OTU_2D_roi_gt/train/images/260.png
262,train,C,/home/jvillanueva/projects/ovarian-tumor-ultrasound-classification/data/processed/MMOTU_OTU_2D_experimental/train/images/262.JPG,/home/jvillanueva/projects/ovarian-tumor-ultrasound-classification/data/processed/MMOTU_OTU_2D_experimental/train/masks/262_binary.PNG,444,351,0.611321,False,,/home/jvillanueva/projects/ovarian-tumor-ultrasound-classification/data/processed/MMOTU_OTU_2D_roi_gt/train/images/262.png
263,train,C,/home/jvillanueva/projects/ovarian-tumor-ultrasound-classification/data/processed/MMOTU_OTU_2D_experimental/train/images/263.JPG,/home/jvillanueva/projects/ovarian-tumor-ultrasound-classification/data/processed/MMOTU_OTU_2D_experimental/train/masks/263_binary.PNG,455,336,0.598684,False,,/home/jvillanueva/projects/ovarian-tumor-ultrasound-classification/data/processed/MMOTU_OTU_2D_roi_gt/train/images/263.png
265,train,C,/home/jvillanueva/projects/ovarian-tumor-ultrasound-classification/data/processed/MMOTU_OTU_2D_experimental/train/images/265.JPG,/home/jvillanueva/projects/ovarian-tumor-ultrasound-classification/data/processed/MMOTU_OTU_2D_experimental/train/masks/265_binary.PNG,192,193,0.145994,False,,/home/jvillanueva/projects/ovarian-tumor-ultrasound-classification/data/processed/MMOTU_OTU_2D_roi_gt/train/images/265.png
270,train,C,/home/jvillanueva/projects/ovarian-tumor-ultrasound-classification/data/processed/MMOTU_OTU_2D_experimental/train/images/270.JPG,/home/jvillanueva/projects/ovarian-tumor-ultrasound-classification/data/processed/MMOTU_OTU_2D_experimental/train/masks/270_binary.PNG,184,228,0.124552,False,,/home/jvillanueva/projects/ovarian-tumor-ultrasound-classification/data/processed/MMOTU_OTU_2D_roi_gt/train/images/270.png
272,train,C,/home/jvillanueva/projects/ovarian-tumor-ultrasound-classification/data/processed/MMOTU_OTU_2D_experimental/train/images/272.JPG,/home/jvillanueva/projects/ovarian-tumor-ultrasound-classification/data/processed/MMOTU_OTU_2D_experimental/train/masks/272_binary.PNG,385,359,0.269895,False,,/home/jvillanueva/projects/ovarian-tumor-ultrasound-classification/data/processed/MMOTU_OTU_2D_roi_gt/train/images/272.png
273,train,C,/home/jvillanueva/projects/ovarian-tumor-ultrasound-classification/data/processed/MMOTU_OTU_2D_experimental/train/images/273.JPG,/home/jvillanueva/projects/ovarian-tumor-ultrasound-classification/data/processed/MMOTU_OTU_2D_experimental/train/masks/273_binary.PNG,392,291,0.222751,False,,/home/jvillanueva/projects/ovarian-tumor-ultrasound-classification/data/processed/MMOTU_OTU_2D_roi_gt/train/images/273.png
274,train,C,/home/jvillanueva/projects/ovarian-tumor-ultrasound-classification/data/processed/MMOTU_OTU_2D_experimental/train/images/274.JPG,/home/jvillanueva/projects/ovarian-tumor-ultrasound-classification/data/processed/MMOTU_OTU_2D_experimental/train/masks/274_binary.PNG,216,169,0.071282,False,,/home/jvillanueva/projects/ovarian-tumor-ultrasound-classification/data/processed/MMOTU_OTU_2D_roi_gt/train/images/274.png
275,train,C,/home/jvillanueva/projects/ovarian-tumor-ultrasound-classification/data/processed/MMOTU_OTU_2D_experimental/train/images/275.JPG,/home/jvillanueva/projects/ovarian-tumor-ultrasound-classification/data/processed/MMOTU_OTU_2D_experimental/train/masks/275_binary.PNG,178,118,0.041092,False,,/home/jvillanueva/projects/ovarian-tumor-ultrasound-classification/data/processed/MMOTU_OTU_2D_roi_gt/train/images/275.png
276,train,C,/home/jvillanueva/projects/ovarian-tumor-ultrasound-classification/data/processed/MMOTU_OTU_2D_experimental/train/images/276.JPG,/home/jvillanueva/projects/ovarian-tumor-ultrasound-classification/data/processed/MMOTU_OTU_2D_experimental/train/masks/276_binary.PNG,585,447,0.512119,False,,/home/jvillanueva/projects/ovarian-tumor-ultrasound-classification/data/processed/MMOTU_OTU_2D_roi_gt/train/images/276.png
277,train,C,/home/jvillanueva/projects/ovarian-tumor-ultrasound-classification/data/processed/MMOTU_OTU_2D_experimental/train/images/277.JPG,/home/jvillanueva/projects/ovarian-tumor-ultrasound-classification/data/processed/MMOTU_OTU_2D_experimental/train/masks/277_binary.PNG,725,474,0.671052,False,,/home/jvillanueva/projects/ovarian-tumor-ultrasound-classification/data/processed/MMOTU_OTU_2D_roi_gt/train/images/277.png
278,train,C,/home/jvillanueva/projects/ovarian-tumor-ultrasound-classification/data/processed/MMOTU_OTU_2D_experimental/train/images/278.JPG,/home/jvillanueva/projects/ovarian-tumor-ultrasound-classification/data/processed/MMOTU_OTU_2D_experimental/train/masks/278_binary.PNG,717,464,0.652089,False,,/home/jvillanueva/projects/ovarian-tumor-ultrasound-classification/data/processed/MMOTU_OTU_2D_roi_gt/train/images/278.png
279,train,C,/home/jvillanueva/projects/ovarian-tumor-ultrasound-classification/data/processed/MMOTU_OTU_2D_experimental/train/images/279.JPG,/home/jvillanueva/projects/ovarian-tumor-ultrasound-classification/data/processed/MMOTU_OTU_2D_experimental/train/masks/279_binary.PNG,611,427,0.509038,False,,/home/jvillanueva/projects/ovarian-tumor-ultrasound-classification/data/processed/MMOTU_OTU_2D_roi_gt/train/images/279.png
28,train,C,/home/jvillanueva/projects/ovarian-tumor-ultrasound-classification/data/processed/MMOTU_OTU_2D_experimental/train/images/28.JPG,/home/jvillanueva/projects/ovarian-tumor-ultrasound-classification/data/processed/MMOTU_OTU_2D_experimental/train/masks/28_binary.PNG,673,409,0.5375,False,,/home/jvillanueva/projects/ovarian-tumor-ultrasound-classification/data/processed/MMOTU_OTU_2D_roi_gt/train/images/28.png
282,train,C,/home/jvillanueva/projects/ovarian-tumor-ultrasound-classification/data/processed/MMOTU_OTU_2D_experimental/train/images/282.JPG,/home/jvillanueva/projects/ovarian-tumor-ultrasound-classification/data/processed/MMOTU_OTU_2D_experimental/train/masks/282_binary.PNG,285,291,0.324844,False,,/home/jvillanueva/projects/ovarian-tumor-ultrasound-classification/data/processed/MMOTU_OTU_2D_roi_gt/train/images/282.png
283,train,C,/home/jvillanueva/projects/ovarian-tumor-ultrasound-classification/data/processed/MMOTU_OTU_2D_experimental/train/images/283.JPG,/home/jvillanueva/projects/ovarian-tumor-ultrasound-classification/data/processed/MMOTU_OTU_2D_experimental/train/masks/283_binary.PNG,705,397,0.547108,False,,/home/jvillanueva/projects/ovarian-tumor-ultrasound-classification/data/processed/MMOTU_OTU_2D_roi_gt/train/images/283.png
284,train,C,/home/jvillanueva/projects/ovarian-tumor-ultrasound-classification/data/processed/MMOTU_OTU_2D_experimental/train/images/284.JPG,/home/jvillanueva/projects/ovarian-tumor-ultrasound-classification/data/processed/MMOTU_OTU_2D_experimental/train/masks/284_binary.PNG,206,217,0.175055,False,,/home/jvillanueva/projects/ovarian-tumor-ultrasound-classification/data/processed/MMOTU_OTU_2D_roi_gt/train/images/284.png
285,train,C,/home/jvillanueva/projects/ovarian-tumor-ultrasound-classification/data/processed/MMOTU_OTU_2D_experimental/train/images/285.JPG,/home/jvillanueva/projects/ovarian-tumor-ultrasound-classification/data/processed/MMOTU_OTU_2D_experimental/train/masks/285_binary.PNG,178,263,0.183788,False,,/home/jvillanueva/projects/ovarian-tumor-ultrasound-classification/data/processed/MMOTU_OTU_2D_roi_gt/train/images/285.png
286,train,C,/home/jvillanueva/projects/ovarian-tumor-ultrasound-classification/data/processed/MMOTU_OTU_2D_experimental/train/images/286.JPG,/home/jvillanueva/projects/ovarian-tumor-ultrasound-classification/data/processed/MMOTU_OTU_2D_experimental/train/masks/286_binary.PNG,454,317,0.281853,False,,/home/jvillanueva/projects/ovarian-tumor-ultrasound-classification/data/processed/MMOTU_OTU_2D_roi_gt/train/images/286.png
287,train,C,/home/jvillanueva/projects/ovarian-tumor-ultrasound-classification/data/processed/MMOTU_OTU_2D_experimental/train/images/287.JPG,/home/jvillanueva/projects/ovarian-tumor-ultrasound-classification/data/processed/MMOTU_OTU_2D_experimental/train/masks/287_binary.PNG,419,293,0.24043,False,,/home/jvillanueva/projects/ovarian-tumor-ultrasound-classification/data/processed/MMOTU_OTU_2D_roi_gt/train/images/287.png
289,train,C,/home/jvillanueva/projects/ovarian-tumor-ultrasound-classification/data/processed/MMOTU_OTU_2D_experimental/train/images/289.JPG,/home/jvillanueva/projects/ovarian-tumor-ultrasound-classification/data/processed/MMOTU_OTU_2D_experimental/train/masks/289_binary.PNG,717,532,0.746098,False,,/home/jvillanueva/projects/ovarian-tumor-ultrasound-classification/data/processed/MMOTU_OTU_2D_roi_gt/train/images/289.png
290,train,C,/home/jvillanueva/projects/ovarian-tumor-ultrasound-classification/data/processed/MMOTU_OTU_2D_experimental/train/images/290.JPG,/home/jvillanueva/projects/ovarian-tumor-ultrasound-classification/data/processed/MMOTU_OTU_2D_experimental/train/masks/290_binary.PNG,302,200,0.233568,False,,/home/jvillanueva/projects/ovarian-tumor-ultrasound-classification/data/processed/MMOTU_OTU_2D_roi_gt/train/images/290.png
291,train,C,/home/jvillanueva/projects/ovarian-tumor-ultrasound-classification/data/processed/MMOTU_OTU_2D_experimental/train/images/291.JPG,/home/jvillanueva/projects/ovarian-tumor-ultrasound-classification/data/processed/MMOTU_OTU_2D_experimental/train/masks/291_binary.PNG,313,197,0.234591,False,,/home/jvillanueva/projects/ovarian-tumor-ultrasound-classification/data/processed/MMOTU_OTU_2D_roi_gt/train/images/291.png
293,train,C,/home/jvillanueva/projects/ovarian-tumor-ultrasound-classification/data/processed/MMOTU_OTU_2D_experimental/train/images/293.JPG,/home/jvillanueva/projects/ovarian-tumor-ultrasound-classification/data/processed/MMOTU_OTU_2D_experimental/train/masks/293_binary.PNG,500,316,0.308724,False,,/home/jvillanueva/projects/ovarian-tumor-ultrasound-classification/data/processed/MMOTU_OTU_2D_roi_gt/train/images/293.png
294,train,C,/home/jvillanueva/projects/ovarian-tumor-ultrasound-classification/data/processed/MMOTU_OTU_2D_experimental/train/images/294.JPG,/home/jvillanueva/projects/ovarian-tumor-ultrasound-classification/data/processed/MMOTU_OTU_2D_experimental/train/masks/294_binary.PNG,509,266,0.26655,False,,/home/jvillanueva/projects/ovarian-tumor-ultrasound-classification/data/processed/MMOTU_OTU_2D_roi_gt/train/images/294.png
297,train,C,/home/jvillanueva/projects/ovarian-tumor-ultrasound-classification/data/processed/MMOTU_OTU_2D_experimental/train/images/297.JPG,/home/jvillanueva/projects/ovarian-tumor-ultrasound-classification/data/processed/MMOTU_OTU_2D_experimental/train/masks/297_binary.PNG,456,422,0.378283,False,,/home/jvillanueva/projects/ovarian-tumor-ultrasound-classification/data/processed/MMOTU_OTU_2D_roi_gt/train/images/297.png
298,train,C,/home/jvillanueva/projects/ovarian-tumor-ultrasound-classification/data/processed/MMOTU_OTU_2D_experimental/train/images/298.JPG,/home/jvillanueva/projects/ovarian-tumor-ultrasound-classification/data/processed/MMOTU_OTU_2D_experimental/train/masks/298_binary.PNG,443,474,0.817865,False,,/home/jvillanueva/projects/ovarian-tumor-ultrasound-classification/data/processed/MMOTU_OTU_2D_roi_gt/train/images/298.png
30,train,C,/home/jvillanueva/projects/ovarian-tumor-ultrasound-classification/data/processed/MMOTU_OTU_2D_experimental/train/images/30.JPG,/home/jvillanueva/projects/ovarian-tumor-ultrasound-classification/data/processed/MMOTU_OTU_2D_experimental/train/masks/30_binary.PNG,651,398,0.507848,False,,/home/jvillanueva/projects/ovarian-tumor-ultrasound-classification/data/processed/MMOTU_OTU_2D_roi_gt/train/images/30.png
300,train,C,/home/jvillanueva/projects/ovarian-tumor-ultrasound-classification/data/processed/MMOTU_OTU_2D_experimental/train/images/300.JPG,/home/jvillanueva/projects/ovarian-tumor-ultrasound-classification/data/processed/MMOTU_OTU_2D_experimental/train/masks/300_binary.PNG,425,508,0.854001,False,,/home/jvillanueva/projects/ovarian-tumor-ultrasound-classification/data/processed/MMOTU_OTU_2D_roi_gt/train/images/300.png
304,train,C,/home/jvillanueva/projects/ovarian-tumor-ultrasound-classification/data/processed/MMOTU_OTU_2D_experimental/train/images/304.JPG,/home/jvillanueva/projects/ovarian-tumor-ultrasound-classification/data/processed/MMOTU_OTU_2D_experimental/train/masks/304_binary.PNG,218,177,0.151485,False,,/home/jvillanueva/projects/ovarian-tumor-ultrasound-classification/data/processed/MMOTU_OTU_2D_roi_gt/train/images/304.png
305,train,C,/home/jvillanueva/projects/ovarian-tumor-ultrasound-classification/data/processed/MMOTU_OTU_2D_experimental/train/images/305.JPG,/home/jvillanueva/projects/ovarian-tumor-ultrasound-classification/data/processed/MMOTU_OTU_2D_experimental/train/masks/305_binary.PNG,304,261,0.313257,False,,/home/jvillanueva/projects/ovarian-tumor-ultrasound-classification/data/processed/MMOTU_OTU_2D_roi_gt/train/images/305.png
307,train,C,/home/jvillanueva/projects/ovarian-tumor-ultrasound-classification/data/processed/MMOTU_OTU_2D_experimental/train/images/307.JPG,/home/jvillanueva/projects/ovarian-tumor-ultrasound-classification/data/processed/MMOTU_OTU_2D_experimental/train/masks/307_binary.PNG,326,224,0.287587,False,,/home/jvillanueva/projects/ovarian-tumor-ultrasound-classification/data/processed/MMOTU_OTU_2D_roi_gt/train/images/307.png
308,train,C,/home/jvillanueva/projects/ovarian-tumor-ultrasound-classification/data/processed/MMOTU_OTU_2D_experimental/train/images/308.JPG,/home/jvillanueva/projects/ovarian-tumor-ultrasound-classification/data/processed/MMOTU_OTU_2D_experimental/train/masks/308_binary.PNG,296,265,0.153109,False,,/home/jvillanueva/projects/ovarian-tumor-ultrasound-classification/data/processed/MMOTU_OTU_2D_roi_gt/train/images/308.png
31,train,C,/home/jvillanueva/projects/ovarian-tumor-ultrasound-classification/data/processed/MMOTU_OTU_2D_experimental/train/images/31.JPG,/home/jvillanueva/projects/ovarian-tumor-ultrasound-classification/data/processed/MMOTU_OTU_2D_experimental/train/masks/31_binary.PNG,372,289,0.421885,False,,/home/jvillanueva/projects/ovarian-tumor-ultrasound-classification/data/processed/MMOTU_OTU_2D_roi_gt/train/images/31.png
310,train,C,/home/jvillanueva/projects/ovarian-tumor-ultrasound-classification/data/processed/MMOTU_OTU_2D_experimental/train/images/310.JPG,/home/jvillanueva/projects/ovarian-tumor-ultrasound-classification/data/processed/MMOTU_OTU_2D_experimental/train/masks/310_binary.PNG,346,328,0.22799,False,,/home/jvillanueva/projects/ovarian-tumor-ultrasound-classification/data/processed/MMOTU_OTU_2D_roi_gt/train/images/310.png
311,train,C,/home/jvillanueva/projects/ovarian-tumor-ultrasound-classification/data/processed/MMOTU_OTU_2D_experimental/train/images/311.JPG,/home/jvillanueva/projects/ovarian-tumor-ultrasound-classification/data/processed/MMOTU_OTU_2D_experimental/train/masks/311_binary.PNG,215,183,0.154109,False,,/home/jvillanueva/projects/ovarian-tumor-ultrasound-classification/data/processed/MMOTU_OTU_2D_roi_gt/train/images/311.png
312,train,C,/home/jvillanueva/projects/ovarian-tumor-ultrasound-classification/data/processed/MMOTU_OTU_2D_experimental/train/images/312.JPG,/home/jvillanueva/projects/ovarian-tumor-ultrasound-classification/data/processed/MMOTU_OTU_2D_experimental/train/masks/312_binary.PNG,278,157,0.171276,False,,/home/jvillanueva/projects/ovarian-tumor-ultrasound-classification/data/processed/MMOTU_OTU_2D_roi_gt/train/images/312.png
314,train,C,/home/jvillanueva/projects/ovarian-tumor-ultrasound-classification/data/processed/MMOTU_OTU_2D_experimental/train/images/314.JPG,/home/jvillanueva/projects/ovarian-tumor-ultrasound-classification/data/processed/MMOTU_OTU_2D_experimental/train/masks/314_binary.PNG,480,351,0.658537,False,,/home/jvillanueva/projects/ovarian-tumor-ultrasound-classification/data/processed/MMOTU_OTU_2D_roi_gt/train/images/314.png
317,train,C,/home/jvillanueva/projects/ovarian-tumor-ultrasound-classification/data/processed/MMOTU_OTU_2D_experimental/train/images/317.JPG,/home/jvillanueva/projects/ovarian-tumor-ultrasound-classification/data/processed/MMOTU_OTU_2D_experimental/train/masks/317_binary.PNG,422,488,0.809828,False,,/home/jvillanueva/projects/ovarian-tumor-ultrasound-classification/data/processed/MMOTU_OTU_2D_roi_gt/train/images/317.png
318,train,C,/home/jvillanueva/projects/ovarian-tumor-ultrasound-classification/data/processed/MMOTU_OTU_2D_experimental/train/images/318.JPG,/home/jvillanueva/projects/ovarian-tumor-ultrasound-classification/data/processed/MMOTU_OTU_2D_experimental/train/masks/318_binary.PNG,469,534,0.971625,False,,/home/jvillanueva/projects/ovarian-tumor-ultrasound-classification/data/processed/MMOTU_OTU_2D_roi_gt/train/images/318.png
319,train,C,/home/jvillanueva/projects/ovarian-tumor-ultrasound-classification/data/processed/MMOTU_OTU_2D_experimental/train/images/319.JPG,/home/jvillanueva/projects/ovarian-tumor-ultrasound-classification/data/processed/MMOTU_OTU_2D_experimental/train/masks/319_binary.PNG,457,275,0.488271,False,,/home/jvillanueva/projects/ovarian-tumor-ultrasound-classification/data/processed/MMOTU_OTU_2D_roi_gt/train/images/319.png
32,train,C,/home/jvillanueva/projects/ovarian-tumor-ultrasound-classification/data/processed/MMOTU_OTU_2D_experimental/train/images/32.JPG,/home/jvillanueva/projects/ovarian-tumor-ultrasound-classification/data/processed/MMOTU_OTU_2D_experimental/train/masks/32_binary.PNG,289,383,0.433545,False,,/home/jvillanueva/projects/ovarian-tumor-ultrasound-classification/data/processed/MMOTU_OTU_2D_roi_gt/train/images/32.png
320,train,C,/home/jvillanueva/projects/ovarian-tumor-ultrasound-classification/data/processed/MMOTU_OTU_2D_experimental/train/images/320.JPG,/home/jvillanueva/projects/ovarian-tumor-ultrasound-classification/data/processed/MMOTU_OTU_2D_experimental/train/masks/320_binary.PNG,468,296,0.54023,False,,/home/jvillanueva/projects/ovarian-tumor-ultrasound-classification/data/processed/MMOTU_OTU_2D_roi_gt/train/images/320.png
321,train,C,/home/jvillanueva/projects/ovarian-tumor-ultrasound-classification/data/processed/MMOTU_OTU_2D_experimental/train/images/321.JPG,/home/jvillanueva/projects/ovarian-tumor-ultrasound-classification/data/processed/MMOTU_OTU_2D_experimental/train/masks/321_binary.PNG,429,416,0.351784,False,,/home/jvillanueva/projects/ovarian-tumor-ultrasound-classification/data/processed/MMOTU_OTU_2D_roi_gt/train/images/321.png
327,train,C,/home/jvillanueva/projects/ovarian-tumor-ultrasound-classification/data/processed/MMOTU_OTU_2D_experimental/train/images/327.JPG,/home/jvillanueva/projects/ovarian-tumor-ultrasound-classification/data/processed/MMOTU_OTU_2D_experimental/train/masks/327_binary.PNG,446,344,0.300156,False,,/home/jvillanueva/projects/ovarian-tumor-ultrasound-classification/data/processed/MMOTU_OTU_2D_roi_gt/train/images/327.png
328,train,C,/home/jvillanueva/projects/ovarian-tumor-ultrasound-classification/data/processed/MMOTU_OTU_2D_experimental/train/images/328.JPG,/home/jvillanueva/projects/ovarian-tumor-ultrasound-classification/data/processed/MMOTU_OTU_2D_experimental/train/masks/328_binary.PNG,134,122,0.026001,False,,/home/jvillanueva/projects/ovarian-tumor-ultrasound-classification/data/processed/MMOTU_OTU_2D_roi_gt/train/images/328.png
33,train,C,/home/jvillanueva/projects/ovarian-tumor-ultrasound-classification/data/processed/MMOTU_OTU_2D_experimental/train/images/33.JPG,/home/jvillanueva/projects/ovarian-tumor-ultrasound-classification/data/processed/MMOTU_OTU_2D_experimental/train/masks/33_binary.PNG,515,375,0.377119,False,,/home/jvillanueva/projects/ovarian-tumor-ultrasound-classification/data/processed/MMOTU_OTU_2D_roi_gt/train/images/33.png
335,train,C,/home/jvillanueva/projects/ovarian-tumor-ultrasound-classification/data/processed/MMOTU_OTU_2D_experimental/train/images/335.JPG,/home/jvillanueva/projects/ovarian-tumor-ultrasound-classification/data/processed/MMOTU_OTU_2D_experimental/train/masks/335_binary.PNG,548,454,0.371525,False,,/home/jvillanueva/projects/ovarian-tumor-ultrasound-classification/data/processed/MMOTU_OTU_2D_roi_gt/train/images/335.png
337,train,C,/home/jvillanueva/projects/ovarian-tumor-ultrasound-classification/data/processed/MMOTU_OTU_2D_experimental/train/images/337.JPG,/home/jvillanueva/projects/ovarian-tumor-ultrasound-classification/data/processed/MMOTU_OTU_2D_experimental/train/masks/337_binary.PNG,416,488,0.40944,False,,/home/jvillanueva/projects/ovarian-tumor-ultrasound-classification/data/processed/MMOTU_OTU_2D_roi_gt/train/images/337.png
338,train,C,/home/jvillanueva/projects/ovarian-tumor-ultrasound-classification/data/processed/MMOTU_OTU_2D_experimental/train/images/338.JPG,/home/jvillanueva/projects/ovarian-tumor-ultrasound-classification/data/processed/MMOTU_OTU_2D_experimental/train/masks/338_binary.PNG,451,383,0.516345,False,,/home/jvillanueva/projects/ovarian-tumor-ultrasound-classification/data/processed/MMOTU_OTU_2D_roi_gt/train/images/338.png
34,train,C,/home/jvillanueva/projects/ovarian-tumor-ultrasound-classification/data/processed/MMOTU_OTU_2D_experimental/train/images/34.JPG,/home/jvillanueva/projects/ovarian-tumor-ultrasound-classification/data/processed/MMOTU_OTU_2D_experimental/train/masks/34_binary.PNG,479,500,0.93985,False,,/home/jvillanueva/projects/ovarian-tumor-ultrasound-classification/data/processed/MMOTU_OTU_2D_roi_gt/train/images/34.png
340,train,C,/home/jvillanueva/projects/ovarian-tumor-ultrasound-classification/data/processed/MMOTU_OTU_2D_experimental/train/images/340.JPG,/home/jvillanueva/projects/ovarian-tumor-ultrasound-classification/data/processed/MMOTU_OTU_2D_experimental/train/masks/340_binary.PNG,370,276,0.305746,False,,/home/jvillanueva/projects/ovarian-tumor-ultrasound-classification/data/processed/MMOTU_OTU_2D_roi_gt/train/images/340.png
341,train,C,/home/jvillanueva/projects/ovarian-tumor-ultrasound-classification/data/processed/MMOTU_OTU_2D_experimental/train/images/341.JPG,/home/jvillanueva/projects/ovarian-tumor-ultrasound-classification/data/processed/MMOTU_OTU_2D_experimental/train/masks/341_binary.PNG,165,166,0.081744,False,,/home/jvillanueva/projects/ovarian-tumor-ultrasound-classification/data/processed/MMOTU_OTU_2D_roi_gt/train/images/341.png
342,train,C,/home/jvillanueva/projects/ovarian-tumor-ultrasound-classification/data/processed/MMOTU_OTU_2D_experimental/train/images/342.JPG,/home/jvillanueva/projects/ovarian-tumor-ultrasound-classification/data/processed/MMOTU_OTU_2D_experimental/train/masks/342_binary.PNG,226,201,0.135313,False,,/home/jvillanueva/projects/ovarian-tumor-ultrasound-classification/data/processed/MMOTU_OTU_2D_roi_gt/train/images/342.png
343,train,C,/home/jvillanueva/projects/ovarian-tumor-ultrasound-classification/data/processed/MMOTU_OTU_2D_experimental/train/images/343.JPG,/home/jvillanueva/projects/ovarian-tumor-ultrasound-classification/data/processed/MMOTU_OTU_2D_experimental/train/masks/343_binary.PNG,447,295,0.259221,False,,/home/jvillanueva/projects/ovarian-tumor-ultrasound-classification/data/processed/MMOTU_OTU_2D_roi_gt/train/images/343.png
346,train,C,/home/jvillanueva/projects/ovarian-tumor-ultrasound-classification/data/processed/MMOTU_OTU_2D_experimental/train/images/346.JPG,/home/jvillanueva/projects/ovarian-tumor-ultrasound-classification/data/processed/MMOTU_OTU_2D_experimental/train/masks/346_binary.PNG,491,450,0.431097,False,,/home/jvillanueva/projects/ovarian-tumor-ultrasound-classification/data/processed/MMOTU_OTU_2D_roi_gt/train/images/346.png
348,train,C,/home/jvillanueva/projects/ovarian-tumor-ultrasound-classification/data/processed/MMOTU_OTU_2D_experimental/train/images/348.JPG,/home/jvillanueva/projects/ovarian-tumor-ultrasound-classification/data/processed/MMOTU_OTU_2D_experimental/train/masks/348_binary.PNG,173,178,0.10666,False,,/home/jvillanueva/projects/ovarian-tumor-ultrasound-classification/data/processed/MMOTU_OTU_2D_roi_gt/train/images/348.png
35,train,C,/home/jvillanueva/projects/ovarian-tumor-ultrasound-classification/data/processed/MMOTU_OTU_2D_experimental/train/images/35.JPG,/home/jvillanueva/projects/ovarian-tumor-ultrasound-classification/data/processed/MMOTU_OTU_2D_experimental/train/masks/35_binary.PNG,463,372,0.670701,False,,/home/jvillanueva/projects/ovarian-tumor-ultrasound-classification/data/processed/MMOTU_OTU_2D_roi_gt/train/images/35.png
351,train,C,/home/jvillanueva/projects/ovarian-tumor-ultrasound-classification/data/processed/MMOTU_OTU_2D_experimental/train/images/351.JPG,/home/jvillanueva/projects/ovarian-tumor-ultrasound-classification/data/processed/MMOTU_OTU_2D_experimental/train/masks/351_binary.PNG,159,108,0.060407,False,,/home/jvillanueva/projects/ovarian-tumor-ultrasound-classification/data/processed/MMOTU_OTU_2D_roi_gt/train/images/351.png
357,train,C,/home/jvillanueva/projects/ovarian-tumor-ultrasound-classification/data/processed/MMOTU_OTU_2D_experimental/train/images/357.JPG,/home/jvillanueva/projects/ovarian-tumor-ultrasound-classification/data/processed/MMOTU_OTU_2D_experimental/train/masks/357_binary.PNG,172,167,0.112273,False,,/home/jvillanueva/projects/ovarian-tumor-ultrasound-classification/data/processed/MMOTU_OTU_2D_roi_gt/train/images/357.png
362,train,C,/home/jvillanueva/projects/ovarian-tumor-ultrasound-classification/data/processed/MMOTU_OTU_2D_experimental/train/images/362.JPG,/home/jvillanueva/projects/ovarian-tumor-ultrasound-classification/data/processed/MMOTU_OTU_2D_experimental/train/masks/362_binary.PNG,519,456,0.444316,False,,/home/jvillanueva/projects/ovarian-tumor-ultrasound-classification/data/processed/MMOTU_OTU_2D_roi_gt/train/images/362.png
364,train,C,/home/jvillanueva/projects/ovarian-tumor-ultrasound-classification/data/processed/MMOTU_OTU_2D_experimental/train/images/364.JPG,/home/jvillanueva/projects/ovarian-tumor-ultrasound-classification/data/processed/MMOTU_OTU_2D_experimental/train/masks/364_binary.PNG,464,368,0.317149,False,,/home/jvillanueva/projects/ovarian-tumor-ultrasound-classification/data/processed/MMOTU_OTU_2D_roi_gt/train/images/364.png
366,train,C,/home/jvillanueva/projects/ovarian-tumor-ultrasound-classification/data/processed/MMOTU_OTU_2D_experimental/train/images/366.JPG,/home/jvillanueva/projects/ovarian-tumor-ultrasound-classification/data/processed/MMOTU_OTU_2D_experimental/train/masks/366_binary.PNG,104,87,0.017635,False,,/home/jvillanueva/projects/ovarian-tumor-ultrasound-classification/data/processed/MMOTU_OTU_2D_roi_gt/train/images/366.png
367,train,C,/home/jvillanueva/projects/ovarian-tumor-ultrasound-classification/data/processed/MMOTU_OTU_2D_experimental/train/images/367.JPG,/home/jvillanueva/projects/ovarian-tumor-ultrasound-classification/data/processed/MMOTU_OTU_2D_experimental/train/masks/367_binary.PNG,94,104,0.01911,False,,/home/jvillanueva/projects/ovarian-tumor-ultrasound-classification/data/processed/MMOTU_OTU_2D_roi_gt/train/images/367.png
368,train,C,/home/jvillanueva/projects/ovarian-tumor-ultrasound-classification/data/processed/MMOTU_OTU_2D_experimental/train/images/368.JPG,/home/jvillanueva/projects/ovarian-tumor-ultrasound-classification/data/processed/MMOTU_OTU_2D_experimental/train/masks/368_binary.PNG,100,86,0.016811,False,,/home/jvillanueva/projects/ovarian-tumor-ultrasound-classification/data/processed/MMOTU_OTU_2D_roi_gt/train/images/368.png
369,train,C,/home/jvillanueva/projects/ovarian-tumor-ultrasound-classification/data/processed/MMOTU_OTU_2D_experimental/train/images/369.JPG,/home/jvillanueva/projects/ovarian-tumor-ultrasound-classification/data/processed/MMOTU_OTU_2D_experimental/train/masks/369_binary.PNG,533,506,0.403428,False,,/home/jvillanueva/projects/ovarian-tumor-ultrasound-classification/data/processed/MMOTU_OTU_2D_roi_gt/train/images/369.png
37,train,C,/home/jvillanueva/projects/ovarian-tumor-ultrasound-classification/data/processed/MMOTU_OTU_2D_experimental/train/images/37.JPG,/home/jvillanueva/projects/ovarian-tumor-ultrasound-classification/data/processed/MMOTU_OTU_2D_experimental/train/masks/37_binary.PNG,242,277,0.131035,False,,/home/jvillanueva/projects/ovarian-tumor-ultrasound-classification/data/processed/MMOTU_OTU_2D_roi_gt/train/images/37.png
372,train,C,/home/jvillanueva/projects/ovarian-tumor-ultrasound-classification/data/processed/MMOTU_OTU_2D_experimental/train/images/372.JPG,/home/jvillanueva/projects/ovarian-tumor-ultrasound-classification/data/processed/MMOTU_OTU_2D_experimental/train/masks/372_binary.PNG,458,373,0.31682,False,,/home/jvillanueva/projects/ovarian-tumor-ultrasound-classification/data/processed/MMOTU_OTU_2D_roi_gt/train/images/372.png
373,train,C,/home/jvillanueva/projects/ovarian-tumor-ultrasound-classification/data/processed/MMOTU_OTU_2D_experimental/train/images/373.JPG,/home/jvillanueva/projects/ovarian-tumor-ultrasound-classification/data/processed/MMOTU_OTU_2D_experimental/train/masks/373_binary.PNG,372,328,0.474254,False,,/home/jvillanueva/projects/ovarian-tumor-ultrasound-classification/data/processed/MMOTU_OTU_2D_roi_gt/train/images/373.png
374,train,C,/home/jvillanueva/projects/ovarian-tumor-ultrasound-classification/data/processed/MMOTU_OTU_2D_experimental/train/images/374.JPG,/home/jvillanueva/projects/ovarian-tumor-ultrasound-classification/data/processed/MMOTU_OTU_2D_experimental/train/masks/374_binary.PNG,309,310,0.373014,False,,/home/jvillanueva/projects/ovarian-tumor-ultrasound-classification/data/processed/MMOTU_OTU_2D_roi_gt/train/images/374.png
376,train,C,/home/jvillanueva/projects/ovarian-tumor-ultrasound-classification/data/processed/MMOTU_OTU_2D_experimental/train/images/376.JPG,/home/jvillanueva/projects/ovarian-tumor-ultrasound-classification/data/processed/MMOTU_OTU_2D_experimental/train/masks/376_binary.PNG,174,300,0.203271,False,,/home/jvillanueva/projects/ovarian-tumor-ultrasound-classification/data/processed/MMOTU_OTU_2D_roi_gt/train/images/376.png
378,train,C,/home/jvillanueva/projects/ovarian-tumor-ultrasound-classification/data/processed/MMOTU_OTU_2D_experimental/train/images/378.JPG,/home/jvillanueva/projects/ovarian-tumor-ultrasound-classification/data/processed/MMOTU_OTU_2D_experimental/train/masks/378_binary.PNG,389,328,0.495115,False,,/home/jvillanueva/projects/ovarian-tumor-ultrasound-classification/data/processed/MMOTU_OTU_2D_roi_gt/train/images/378.png
38,train,C,/home/jvillanueva/projects/ovarian-tumor-ultrasound-classification/data/processed/MMOTU_OTU_2D_experimental/train/images/38.JPG,/home/jvillanueva/projects/ovarian-tumor-ultrasound-classification/data/processed/MMOTU_OTU_2D_experimental/train/masks/38_binary.PNG,196,171,0.130243,False,,/home/jvillanueva/projects/ovarian-tumor-ultrasound-classification/data/processed/MMOTU_OTU_2D_roi_gt/train/images/38.png
381,train,C,/home/jvillanueva/projects/ovarian-tumor-ultrasound-classification/data/processed/MMOTU_OTU_2D_experimental/train/images/381.JPG,/home/jvillanueva/projects/ovarian-tumor-ultrasound-classification/data/processed/MMOTU_OTU_2D_experimental/train/masks/381_binary.PNG,345,348,0.468302,False,,/home/jvillanueva/projects/ovarian-tumor-ultrasound-classification/data/processed/MMOTU_OTU_2D_roi_gt/train/images/381.png
389,train,C,/home/jvillanueva/projects/ovarian-tumor-ultrasound-classification/data/processed/MMOTU_OTU_2D_experimental/train/images/389.JPG,/home/jvillanueva/projects/ovarian-tumor-ultrasound-classification/data/processed/MMOTU_OTU_2D_experimental/train/masks/389_binary.PNG,392,345,0.26849,False,,/home/jvillanueva/projects/ovarian-tumor-ultrasound-classification/data/processed/MMOTU_OTU_2D_roi_gt/train/images/389.png
395,train,C,/home/jvillanueva/projects/ovarian-tumor-ultrasound-classification/data/processed/MMOTU_OTU_2D_experimental/train/images/395.JPG,/home/jvillanueva/projects/ovarian-tumor-ultrasound-classification/data/processed/MMOTU_OTU_2D_experimental/train/masks/395_binary.PNG,452,237,0.210365,False,,/home/jvillanueva/projects/ovarian-tumor-ultrasound-classification/data/processed/MMOTU_OTU_2D_roi_gt/train/images/395.png
396,train,C,/home/jvillanueva/projects/ovarian-tumor-ultrasound-classification/data/processed/MMOTU_OTU_2D_experimental/train/images/396.JPG,/home/jvillanueva/projects/ovarian-tumor-ultrasound-classification/data/processed/MMOTU_OTU_2D_experimental/train/masks/396_binary.PNG,448,268,0.235333,False,,/home/jvillanueva/projects/ovarian-tumor-ultrasound-classification/data/processed/MMOTU_OTU_2D_roi_gt/train/images/396.png
397,train,C,/home/jvillanueva/projects/ovarian-tumor-ultrasound-classification/data/processed/MMOTU_OTU_2D_experimental/train/images/397.JPG,/home/jvillanueva/projects/ovarian-tumor-ultrasound-classification/data/processed/MMOTU_OTU_2D_experimental/train/masks/397_binary.PNG,404,287,0.453301,False,,/home/jvillanueva/projects/ovarian-tumor-ultrasound-classification/data/processed/MMOTU_OTU_2D_roi_gt/train/images/397.png
398,train,C,/home/jvillanueva/projects/ovarian-tumor-ultrasound-classification/data/processed/MMOTU_OTU_2D_experimental/train/images/398.JPG,/home/jvillanueva/projects/ovarian-tumor-ultrasound-classification/data/processed/MMOTU_OTU_2D_experimental/train/masks/398_binary.PNG,496,364,0.352552,False,,/home/jvillanueva/projects/ovarian-tumor-ultrasound-classification/data/processed/MMOTU_OTU_2D_roi_gt/train/images/398.png
4,train,C,/home/jvillanueva/projects/ovarian-tumor-ultrasound-classification/data/processed/MMOTU_OTU_2D_experimental/train/images/4.JPG,/home/jvillanueva/projects/ovarian-tumor-ultrasound-classification/data/processed/MMOTU_OTU_2D_experimental/train/masks/4_binary.PNG,165,248,0.160013,False,,/home/jvillanueva/projects/ovarian-tumor-ultrasound-classification/data/processed/MMOTU_OTU_2D_roi_gt/train/images/4.png
40,train,C,/home/jvillanueva/projects/ovarian-tumor-ultrasound-classification/data/processed/MMOTU_OTU_2D_experimental/train/images/40.JPG,/home/jvillanueva/projects/ovarian-tumor-ultrasound-classification/data/processed/MMOTU_OTU_2D_experimental/train/masks/40_binary.PNG,201,169,0.13333,False,,/home/jvillanueva/projects/ovarian-tumor-ultrasound-classification/data/processed/MMOTU_OTU_2D_roi_gt/train/images/40.png
405,train,C,/home/jvillanueva/projects/ovarian-tumor-ultrasound-classification/data/processed/MMOTU_OTU_2D_experimental/train/images/405.JPG,/home/jvillanueva/projects/ovarian-tumor-ultrasound-classification/data/processed/MMOTU_OTU_2D_experimental/train/masks/405_binary.PNG,615,489,0.588967,False,,/home/jvillanueva/projects/ovarian-tumor-ultrasound-classification/data/processed/MMOTU_OTU_2D_roi_gt/train/images/405.png
406,train,C,/home/jvillanueva/projects/ovarian-tumor-ultrasound-classification/data/processed/MMOTU_OTU_2D_experimental/train/images/406.JPG,/home/jvillanueva/projects/ovarian-tumor-ultrasound-classification/data/processed/MMOTU_OTU_2D_experimental/train/masks/406_binary.PNG,465,417,0.3815,False,,/home/jvillanueva/projects/ovarian-tumor-ultrasound-classification/data/processed/MMOTU_OTU_2D_roi_gt/train/images/406.png
407,train,C,/home/jvillanueva/projects/ovarian-tumor-ultrasound-classification/data/processed/MMOTU_OTU_2D_experimental/train/images/407.JPG,/home/jvillanueva/projects/ovarian-tumor-ultrasound-classification/data/processed/MMOTU_OTU_2D_experimental/train/masks/407_binary.PNG,442,421,0.365801,False,,/home/jvillanueva/projects/ovarian-tumor-ultrasound-classification/data/processed/MMOTU_OTU_2D_roi_gt/train/images/407.png
409,train,C,/home/jvillanueva/projects/ovarian-tumor-ultrasound-classification/data/processed/MMOTU_OTU_2D_experimental/train/images/409.JPG,/home/jvillanueva/projects/ovarian-tumor-ultrasound-classification/data/processed/MMOTU_OTU_2D_experimental/train/masks/409_binary.PNG,432,418,0.35431,False,,/home/jvillanueva/projects/ovarian-tumor-ultrasound-classification/data/processed/MMOTU_OTU_2D_roi_gt/train/images/409.png
41,train,C,/home/jvillanueva/projects/ovarian-tumor-ultrasound-classification/data/processed/MMOTU_OTU_2D_experimental/train/images/41.JPG,/home/jvillanueva/projects/ovarian-tumor-ultrasound-classification/data/processed/MMOTU_OTU_2D_experimental/train/masks/41_binary.PNG,179,165,0.115203,False,,/home/jvillanueva/projects/ovarian-tumor-ultrasound-classification/data/processed/MMOTU_OTU_2D_roi_gt/train/images/41.png
410,train,C,/home/jvillanueva/projects/ovarian-tumor-ultrasound-classification/data/processed/MMOTU_OTU_2D_experimental/train/images/410.JPG,/home/jvillanueva/projects/ovarian-tumor-ultrasound-classification/data/processed/MMOTU_OTU_2D_experimental/train/masks/410_binary.PNG,495,416,0.409276,False,,/home/jvillanueva/projects/ovarian-tumor-ultrasound-classification/data/processed/MMOTU_OTU_2D_roi_gt/train/images/410.png
411,train,C,/home/jvillanueva/projects/ovarian-tumor-ultrasound-classification/data/processed/MMOTU_OTU_2D_experimental/train/images/411.JPG,/home/jvillanueva/projects/ovarian-tumor-ultrasound-classification/data/processed/MMOTU_OTU_2D_experimental/train/masks/411_binary.PNG,400,370,0.288462,False,,/home/jvillanueva/projects/ovarian-tumor-ultrasound-classification/data/processed/MMOTU_OTU_2D_roi_gt/train/images/411.png
414,train,C,/home/jvillanueva/projects/ovarian-tumor-ultrasound-classification/data/processed/MMOTU_OTU_2D_experimental/train/images/414.JPG,/home/jvillanueva/projects/ovarian-tumor-ultrasound-classification/data/processed/MMOTU_OTU_2D_experimental/train/masks/414_binary.PNG,262,182,0.295583,False,,/home/jvillanueva/projects/ovarian-tumor-ultrasound-classification/data/processed/MMOTU_OTU_2D_roi_gt/train/images/414.png
417,train,C,/home/jvillanueva/projects/ovarian-tumor-ultrasound-classification/data/processed/MMOTU_OTU_2D_experimental/train/images/417.JPG,/home/jvillanueva/projects/ovarian-tumor-ultrasound-classification/data/processed/MMOTU_OTU_2D_experimental/train/masks/417_binary.PNG,327,197,0.126055,False,,/home/jvillanueva/projects/ovarian-tumor-ultrasound-classification/data/processed/MMOTU_OTU_2D_roi_gt/train/images/417.png
419,train,C,/home/jvillanueva/projects/ovarian-tumor-ultrasound-classification/data/processed/MMOTU_OTU_2D_experimental/train/images/419.JPG,/home/jvillanueva/projects/ovarian-tumor-ultrasound-classification/data/processed/MMOTU_OTU_2D_experimental/train/masks/419_binary.PNG,346,187,0.126109,False,,/home/jvillanueva/projects/ovarian-tumor-ultrasound-classification/data/processed/MMOTU_OTU_2D_roi_gt/train/images/419.png
420,train,C,/home/jvillanueva/projects/ovarian-tumor-ultrasound-classification/data/processed/MMOTU_OTU_2D_experimental/train/images/420.JPG,/home/jvillanueva/projects/ovarian-tumor-ultrasound-classification/data/processed/MMOTU_OTU_2D_experimental/train/masks/420_binary.PNG,590,274,0.316269,False,,/home/jvillanueva/projects/ovarian-tumor-ultrasound-classification/data/processed/MMOTU_OTU_2D_roi_gt/train/images/420.png
421,train,C,/home/jvillanueva/projects/ovarian-tumor-ultrasound-classification/data/processed/MMOTU_OTU_2D_experimental/train/images/421.JPG,/home/jvillanueva/projects/ovarian-tumor-ultrasound-classification/data/processed/MMOTU_OTU_2D_experimental/train/masks/421_binary.PNG,216,108,0.045906,False,,/home/jvillanueva/projects/ovarian-tumor-ultrasound-classification/data/processed/MMOTU_OTU_2D_roi_gt/train/images/421.png
422,train,C,/home/jvillanueva/projects/ovarian-tumor-ultrasound-classification/data/processed/MMOTU_OTU_2D_experimental/train/images/422.JPG,/home/jvillanueva/projects/ovarian-tumor-ultrasound-classification/data/processed/MMOTU_OTU_2D_experimental/train/masks/422_binary.PNG,206,115,0.046434,False,,/home/jvillanueva/projects/ovarian-tumor-ultrasound-classification/data/processed/MMOTU_OTU_2D_roi_gt/train/images/422.png
423,train,C,/home/jvillanueva/projects/ovarian-tumor-ultrasound-classification/data/processed/MMOTU_OTU_2D_experimental/train/images/423.JPG,/home/jvillanueva/projects/ovarian-tumor-ultrasound-classification/data/processed/MMOTU_OTU_2D_experimental/train/masks/423_binary.PNG,369,307,0.22075,False,,/home/jvillanueva/projects/ovarian-tumor-ultrasound-classification/data/processed/MMOTU_OTU_2D_roi_gt/train/images/423.png
424,train,C,/home/jvillanueva/projects/ovarian-tumor-ultrasound-classification/data/processed/MMOTU_OTU_2D_experimental/train/images/424.JPG,/home/jvillanueva/projects/ovarian-tumor-ultrasound-classification/data/processed/MMOTU_OTU_2D_experimental/train/masks/424_binary.PNG,539,422,0.427158,False,,/home/jvillanueva/projects/ovarian-tumor-ultrasound-classification/data/processed/MMOTU_OTU_2D_roi_gt/train/images/424.png
425,train,C,/home/jvillanueva/projects/ovarian-tumor-ultrasound-classification/data/processed/MMOTU_OTU_2D_experimental/train/images/425.JPG,/home/jvillanueva/projects/ovarian-tumor-ultrasound-classification/data/processed/MMOTU_OTU_2D_experimental/train/masks/425_binary.PNG,515,360,0.370606,False,,/home/jvillanueva/projects/ovarian-tumor-ultrasound-classification/data/processed/MMOTU_OTU_2D_roi_gt/train/images/425.png
426,train,C,/home/jvillanueva/projects/ovarian-tumor-ultrasound-classification/data/processed/MMOTU_OTU_2D_experimental/train/images/426.JPG,/home/jvillanueva/projects/ovarian-tumor-ultrasound-classification/data/processed/MMOTU_OTU_2D_experimental/train/masks/426_binary.PNG,348,258,0.349051,False,,/home/jvillanueva/projects/ovarian-tumor-ultrasound-classification/data/processed/MMOTU_OTU_2D_roi_gt/train/images/426.png
427,train,C,/home/jvillanueva/projects/ovarian-tumor-ultrasound-classification/data/processed/MMOTU_OTU_2D_experimental/train/images/427.JPG,/home/jvillanueva/projects/ovarian-tumor-ultrasound-classification/data/processed/MMOTU_OTU_2D_experimental/train/masks/427_binary.PNG,361,251,0.352924,False,,/home/jvillanueva/projects/ovarian-tumor-ultrasound-classification/data/processed/MMOTU_OTU_2D_roi_gt/train/images/427.png
428,train,C,/home/jvillanueva/projects/ovarian-tumor-ultrasound-classification/data/processed/MMOTU_OTU_2D_experimental/train/images/428.JPG,/home/jvillanueva/projects/ovarian-tumor-ultrasound-classification/data/processed/MMOTU_OTU_2D_experimental/train/masks/428_binary.PNG,197,120,0.181651,False,,/home/jvillanueva/projects/ovarian-tumor-ultrasound-classification/data/processed/MMOTU_OTU_2D_roi_gt/train/images/428.png
43,train,C,/home/jvillanueva/projects/ovarian-tumor-ultrasound-classification/data/processed/MMOTU_OTU_2D_experimental/train/images/43.JPG,/home/jvillanueva/projects/ovarian-tumor-ultrasound-classification/data/processed/MMOTU_OTU_2D_experimental/train/masks/43_binary.PNG,441,364,0.624962,False,,/home/jvillanueva/projects/ovarian-tumor-ultrasound-classification/data/processed/MMOTU_OTU_2D_roi_gt/train/images/43.png
432,train,C,/home/jvillanueva/projects/ovarian-tumor-ultrasound-classification/data/processed/MMOTU_OTU_2D_experimental/train/images/432.JPG,/home/jvillanueva/projects/ovarian-tumor-ultrasound-classification/data/processed/MMOTU_OTU_2D_experimental/train/masks/432_binary.PNG,418,292,0.486771,False,,/home/jvillanueva/projects/ovarian-tumor-ultrasound-classification/data/processed/MMOTU_OTU_2D_roi_gt/train/images/432.png
433,train,C,/home/jvillanueva/projects/ovarian-tumor-ultrasound-classification/data/processed/MMOTU_OTU_2D_experimental/train/images/433.JPG,/home/jvillanueva/projects/ovarian-tumor-ultrasound-classification/data/processed/MMOTU_OTU_2D_experimental/train/masks/433_binary.PNG,286,262,0.147025,False,,/home/jvillanueva/projects/ovarian-tumor-ultrasound-classification/data/processed/MMOTU_OTU_2D_roi_gt/train/images/433.png
435,train,C,/home/jvillanueva/projects/ovarian-tumor-ultrasound-classification/data/processed/MMOTU_OTU_2D_experimental/train/images/435.JPG,/home/jvillanueva/projects/ovarian-tumor-ultrasound-classification/data/processed/MMOTU_OTU_2D_experimental/train/masks/435_binary.PNG,220,201,0.396059,False,,/home/jvillanueva/projects/ovarian-tumor-ultrasound-classification/data/processed/MMOTU_OTU_2D_roi_gt/train/images/435.png
438,train,C,/home/jvillanueva/projects/ovarian-tumor-ultrasound-classification/data/processed/MMOTU_OTU_2D_experimental/train/images/438.JPG,/home/jvillanueva/projects/ovarian-tumor-ultrasound-classification/data/processed/MMOTU_OTU_2D_experimental/train/masks/438_binary.PNG,552,316,0.341256,False,,/home/jvillanueva/projects/ovarian-tumor-ultrasound-classification/data/processed/MMOTU_OTU_2D_roi_gt/train/images/438.png
439,train,C,/home/jvillanueva/projects/ovarian-tumor-ultrasound-classification/data/processed/MMOTU_OTU_2D_experimental/train/images/439.JPG,/home/jvillanueva/projects/ovarian-tumor-ultrasound-classification/data/processed/MMOTU_OTU_2D_experimental/train/masks/439_binary.PNG,285,267,0.149744,False,,/home/jvillanueva/projects/ovarian-tumor-ultrasound-classification/data/processed/MMOTU_OTU_2D_roi_gt/train/images/439.png
444,train,C,/home/jvillanueva/projects/ovarian-tumor-ultrasound-classification/data/processed/MMOTU_OTU_2D_experimental/train/images/444.JPG,/home/jvillanueva/projects/ovarian-tumor-ultrasound-classification/data/processed/MMOTU_OTU_2D_experimental/train/masks/444_binary.PNG,465,375,0.3425,False,,/home/jvillanueva/projects/ovarian-tumor-ultrasound-classification/data/processed/MMOTU_OTU_2D_roi_gt/train/images/444.png
446,train,C,/home/jvillanueva/projects/ovarian-tumor-ultrasound-classification/data/processed/MMOTU_OTU_2D_experimental/train/images/446.JPG,/home/jvillanueva/projects/ovarian-tumor-ultrasound-classification/data/processed/MMOTU_OTU_2D_experimental/train/masks/446_binary.PNG,478,413,0.774859,False,,/home/jvillanueva/projects/ovarian-tumor-ultrasound-classification/data/processed/MMOTU_OTU_2D_roi_gt/train/images/446.png
447,train,C,/home/jvillanueva/projects/ovarian-tumor-ultrasound-classification/data/processed/MMOTU_OTU_2D_experimental/train/images/447.JPG,/home/jvillanueva/projects/ovarian-tumor-ultrasound-classification/data/processed/MMOTU_OTU_2D_experimental/train/masks/447_binary.PNG,480,396,0.740187,False,,/home/jvillanueva/projects/ovarian-tumor-ultrasound-classification/data/processed/MMOTU_OTU_2D_roi_gt/train/images/447.png
449,train,C,/home/jvillanueva/projects/ovarian-tumor-ultrasound-classification/data/processed/MMOTU_OTU_2D_experimental/train/images/449.JPG,/home/jvillanueva/projects/ovarian-tumor-ultrasound-classification/data/processed/MMOTU_OTU_2D_experimental/train/masks/449_binary.PNG,85,53,0.033954,False,,/home/jvillanueva/projects/ovarian-tumor-ultrasound-classification/data/processed/MMOTU_OTU_2D_roi_gt/train/images/449.png
45,train,C,/home/jvillanueva/projects/ovarian-tumor-ultrasound-classification/data/processed/MMOTU_OTU_2D_experimental/train/images/45.JPG,/home/jvillanueva/projects/ovarian-tumor-ultrasound-classification/data/processed/MMOTU_OTU_2D_experimental/train/masks/45_binary.PNG,424,376,0.316082,False,,/home/jvillanueva/projects/ovarian-tumor-ultrasound-classification/data/processed/MMOTU_OTU_2D_roi_gt/train/images/45.png
450,train,C,/home/jvillanueva/projects/ovarian-tumor-ultrasound-classification/data/processed/MMOTU_OTU_2D_experimental/train/images/450.JPG,/home/jvillanueva/projects/ovarian-tumor-ultrasound-classification/data/processed/MMOTU_OTU_2D_experimental/train/masks/450_binary.PNG,260,169,0.086486,False,,/home/jvillanueva/projects/ovarian-tumor-ultrasound-classification/data/processed/MMOTU_OTU_2D_roi_gt/train/images/450.png
454,train,C,/home/jvillanueva/projects/ovarian-tumor-ultrasound-classification/data/processed/MMOTU_OTU_2D_experimental/train/images/454.JPG,/home/jvillanueva/projects/ovarian-tumor-ultrasound-classification/data/processed/MMOTU_OTU_2D_experimental/train/masks/454_binary.PNG,453,396,0.696685,False,,/home/jvillanueva/projects/ovarian-tumor-ultrasound-classification/data/processed/MMOTU_OTU_2D_roi_gt/train/images/454.png
456,train,C,/home/jvillanueva/projects/ovarian-tumor-ultrasound-classification/data/processed/MMOTU_OTU_2D_experimental/train/images/456.JPG,/home/jvillanueva/projects/ovarian-tumor-ultrasound-classification/data/processed/MMOTU_OTU_2D_experimental/train/masks/456_binary.PNG,432,389,0.264702,False,,/home/jvillanueva/projects/ovarian-tumor-ultrasound-classification/data/processed/MMOTU_OTU_2D_roi_gt/train/images/456.png
458,train,C,/home/jvillanueva/projects/ovarian-tumor-ultrasound-classification/data/processed/MMOTU_OTU_2D_experimental/train/images/458.JPG,/home/jvillanueva/projects/ovarian-tumor-ultrasound-classification/data/processed/MMOTU_OTU_2D_experimental/train/masks/458_binary.PNG,259,261,0.132998,False,,/home/jvillanueva/projects/ovarian-tumor-ultrasound-classification/data/processed/MMOTU_OTU_2D_roi_gt/train/images/458.png
459,train,C,/home/jvillanueva/projects/ovarian-tumor-ultrasound-classification/data/processed/MMOTU_OTU_2D_experimental/train/images/459.JPG,/home/jvillanueva/projects/ovarian-tumor-ultrasound-classification/data/processed/MMOTU_OTU_2D_experimental/train/masks/459_binary.PNG,446,427,0.300743,False,,/home/jvillanueva/projects/ovarian-tumor-ultrasound-classification/data/processed/MMOTU_OTU_2D_roi_gt/train/images/459.png
46,train,C,/home/jvillanueva/projects/ovarian-tumor-ultrasound-classification/data/processed/MMOTU_OTU_2D_experimental/train/images/46.JPG,/home/jvillanueva/projects/ovarian-tumor-ultrasound-classification/data/processed/MMOTU_OTU_2D_experimental/train/masks/46_binary.PNG,409,400,0.638265,False,,/home/jvillanueva/projects/ovarian-tumor-ultrasound-classification/data/processed/MMOTU_OTU_2D_roi_gt/train/images/46.png
460,train,C,/home/jvillanueva/projects/ovarian-tumor-ultrasound-classification/data/processed/MMOTU_OTU_2D_experimental/train/images/460.JPG,/home/jvillanueva/projects/ovarian-tumor-ultrasound-classification/data/processed/MMOTU_OTU_2D_experimental/train/masks/460_binary.PNG,398,453,0.283991,False,,/home/jvillanueva/projects/ovarian-tumor-ultrasound-classification/data/processed/MMOTU_OTU_2D_roi_gt/train/images/460.png
461,train,C,/home/jvillanueva/projects/ovarian-tumor-ultrasound-classification/data/processed/MMOTU_OTU_2D_experimental/train/images/461.JPG,/home/jvillanueva/projects/ovarian-tumor-ultrasound-classification/data/processed/MMOTU_OTU_2D_experimental/train/masks/461_binary.PNG,393,303,0.234971,False,,/home/jvillanueva/projects/ovarian-tumor-ultrasound-classification/data/processed/MMOTU_OTU_2D_roi_gt/train/images/461.png
462,train,C,/home/jvillanueva/projects/ovarian-tumor-ultrasound-classification/data/processed/MMOTU_OTU_2D_experimental/train/images/462.JPG,/home/jvillanueva/projects/ovarian-tumor-ultrasound-classification/data/processed/MMOTU_OTU_2D_experimental/train/masks/462_binary.PNG,470,322,0.297256,False,,/home/jvillanueva/projects/ovarian-tumor-ultrasound-classification/data/processed/MMOTU_OTU_2D_roi_gt/train/images/462.png
463,train,C,/home/jvillanueva/projects/ovarian-tumor-ultrasound-classification/data/processed/MMOTU_OTU_2D_experimental/train/images/463.JPG,/home/jvillanueva/projects/ovarian-tumor-ultrasound-classification/data/processed/MMOTU_OTU_2D_experimental/train/masks/463_binary.PNG,451,305,0.270916,False,,/home/jvillanueva/projects/ovarian-tumor-ultrasound-classification/data/processed/MMOTU_OTU_2D_roi_gt/train/images/463.png
465,train,C,/home/jvillanueva/projects/ovarian-tumor-ultrasound-classification/data/processed/MMOTU_OTU_2D_experimental/train/images/465.JPG,/home/jvillanueva/projects/ovarian-tumor-ultrasound-classification/data/processed/MMOTU_OTU_2D_experimental/train/masks/465_binary.PNG,227,205,0.069318,False,,/home/jvillanueva/projects/ovarian-tumor-ultrasound-classification/data/processed/MMOTU_OTU_2D_roi_gt/train/images/465.png
466,train,C,/home/jvillanueva/projects/ovarian-tumor-ultrasound-classification/data/processed/MMOTU_OTU_2D_experimental/train/images/466.JPG,/home/jvillanueva/projects/ovarian-tumor-ultrasound-classification/data/processed/MMOTU_OTU_2D_experimental/train/masks/466_binary.PNG,434,316,0.268586,False,,/home/jvillanueva/projects/ovarian-tumor-ultrasound-classification/data/processed/MMOTU_OTU_2D_roi_gt/train/images/466.png
467,train,C,/home/jvillanueva/projects/ovarian-tumor-ultrasound-classification/data/processed/MMOTU_OTU_2D_experimental/train/images/467.JPG,/home/jvillanueva/projects/ovarian-tumor-ultrasound-classification/data/processed/MMOTU_OTU_2D_experimental/train/masks/467_binary.PNG,705,415,0.573465,False,,/home/jvillanueva/projects/ovarian-tumor-ultrasound-classification/data/processed/MMOTU_OTU_2D_roi_gt/train/images/467.png
469,train,C,/home/jvillanueva/projects/ovarian-tumor-ultrasound-classification/data/processed/MMOTU_OTU_2D_experimental/train/images/469.JPG,/home/jvillanueva/projects/ovarian-tumor-ultrasound-classification/data/processed/MMOTU_OTU_2D_experimental/train/masks/469_binary.PNG,442,323,0.558028,False,,/home/jvillanueva/projects/ovarian-tumor-ultrasound-classification/data/processed/MMOTU_OTU_2D_roi_gt/train/images/469.png
470,train,C,/home/jvillanueva/projects/ovarian-tumor-ultrasound-classification/data/processed/MMOTU_OTU_2D_experimental/train/images/470.JPG,/home/jvillanueva/projects/ovarian-tumor-ultrasound-classification/data/processed/MMOTU_OTU_2D_experimental/train/masks/470_binary.PNG,206,192,0.07674,False,,/home/jvillanueva/projects/ovarian-tumor-ultrasound-classification/data/processed/MMOTU_OTU_2D_roi_gt/train/images/470.png
478,train,C,/home/jvillanueva/projects/ovarian-tumor-ultrasound-classification/data/processed/MMOTU_OTU_2D_experimental/train/images/478.JPG,/home/jvillanueva/projects/ovarian-tumor-ultrasound-classification/data/processed/MMOTU_OTU_2D_experimental/train/masks/478_binary.PNG,287,226,0.472566,False,,/home/jvillanueva/projects/ovarian-tumor-ultrasound-classification/data/processed/MMOTU_OTU_2D_roi_gt/train/images/478.png
479,train,C,/home/jvillanueva/projects/ovarian-tumor-ultrasound-classification/data/processed/MMOTU_OTU_2D_experimental/train/images/479.JPG,/home/jvillanueva/projects/ovarian-tumor-ultrasound-classification/data/processed/MMOTU_OTU_2D_experimental/train/masks/479_binary.PNG,609,532,0.633715,False,,/home/jvillanueva/projects/ovarian-tumor-ultrasound-classification/data/processed/MMOTU_OTU_2D_roi_gt/train/images/479.png
481,train,C,/home/jvillanueva/projects/ovarian-tumor-ultrasound-classification/data/processed/MMOTU_OTU_2D_experimental/train/images/481.JPG,/home/jvillanueva/projects/ovarian-tumor-ultrasound-classification/data/processed/MMOTU_OTU_2D_experimental/train/masks/481_binary.PNG,362,357,0.263999,False,,/home/jvillanueva/projects/ovarian-tumor-ultrasound-classification/data/processed/MMOTU_OTU_2D_roi_gt/train/images/481.png
483,train,C,/home/jvillanueva/projects/ovarian-tumor-ultrasound-classification/data/processed/MMOTU_OTU_2D_experimental/train/images/483.JPG,/home/jvillanueva/projects/ovarian-tumor-ultrasound-classification/data/processed/MMOTU_OTU_2D_experimental/train/masks/483_binary.PNG,507,291,0.364303,False,,/home/jvillanueva/projects/ovarian-tumor-ultrasound-classification/data/processed/MMOTU_OTU_2D_roi_gt/train/images/483.png
484,train,C,/home/jvillanueva/projects/ovarian-tumor-ultrasound-classification/data/processed/MMOTU_OTU_2D_experimental/train/images/484.JPG,/home/jvillanueva/projects/ovarian-tumor-ultrasound-classification/data/processed/MMOTU_OTU_2D_experimental/train/masks/484_binary.PNG,106,91,0.023818,False,,/home/jvillanueva/projects/ovarian-tumor-ultrasound-classification/data/processed/MMOTU_OTU_2D_roi_gt/train/images/484.png
485,train,C,/home/jvillanueva/projects/ovarian-tumor-ultrasound-classification/data/processed/MMOTU_OTU_2D_experimental/train/images/485.JPG,/home/jvillanueva/projects/ovarian-tumor-ultrasound-classification/data/processed/MMOTU_OTU_2D_experimental/train/masks/485_binary.PNG,336,267,0.22806,False,,/home/jvillanueva/projects/ovarian-tumor-ultrasound-classification/data/processed/MMOTU_OTU_2D_roi_gt/train/images/485.png
486,train,C,/home/jvillanueva/projects/ovarian-tumor-ultrasound-classification/data/processed/MMOTU_OTU_2D_experimental/train/images/486.JPG,/home/jvillanueva/projects/ovarian-tumor-ultrasound-classification/data/processed/MMOTU_OTU_2D_experimental/train/masks/486_binary.PNG,307,252,0.193958,False,,/home/jvillanueva/projects/ovarian-tumor-ultrasound-classification/data/processed/MMOTU_OTU_2D_roi_gt/train/images/486.png
49,train,C,/home/jvillanueva/projects/ovarian-tumor-ultrasound-classification/data/processed/MMOTU_OTU_2D_experimental/train/images/49.JPG,/home/jvillanueva/projects/ovarian-tumor-ultrasound-classification/data/processed/MMOTU_OTU_2D_experimental/train/masks/49_binary.PNG,388,356,0.265915,False,,/home/jvillanueva/projects/ovarian-tumor-ultrasound-classification/data/processed/MMOTU_OTU_2D_roi_gt/train/images/49.png
490,train,C,/home/jvillanueva/projects/ovarian-tumor-ultrasound-classification/data/processed/MMOTU_OTU_2D_experimental/train/images/490.JPG,/home/jvillanueva/projects/ovarian-tumor-ultrasound-classification/data/processed/MMOTU_OTU_2D_experimental/train/masks/490_binary.PNG,293,283,0.16105,False,,/home/jvillanueva/projects/ovarian-tumor-ultrasound-classification/data/processed/MMOTU_OTU_2D_roi_gt/train/images/490.png
491,train,C,/home/jvillanueva/projects/ovarian-tumor-ultrasound-classification/data/processed/MMOTU_OTU_2D_experimental/train/images/491.JPG,/home/jvillanueva/projects/ovarian-tumor-ultrasound-classification/data/processed/MMOTU_OTU_2D_experimental/train/masks/491_binary.PNG,307,243,0.141843,False,,/home/jvillanueva/projects/ovarian-tumor-ultrasound-classification/data/processed/MMOTU_OTU_2D_roi_gt/train/images/491.png
492,train,C,/home/jvillanueva/projects/ovarian-tumor-ultrasound-classification/data/processed/MMOTU_OTU_2D_experimental/train/images/492.JPG,/home/jvillanueva/projects/ovarian-tumor-ultrasound-classification/data/processed/MMOTU_OTU_2D_experimental/train/masks/492_binary.PNG,309,307,0.179388,False,,/home/jvillanueva/projects/ovarian-tumor-ultrasound-classification/data/processed/MMOTU_OTU_2D_roi_gt/train/images/492.png
497,train,C,/home/jvillanueva/projects/ovarian-tumor-ultrasound-classification/data/processed/MMOTU_OTU_2D_experimental/train/images/497.JPG,/home/jvillanueva/projects/ovarian-tumor-ultrasound-classification/data/processed/MMOTU_OTU_2D_experimental/train/masks/497_binary.PNG,110,95,0.039216,False,,/home/jvillanueva/projects/ovarian-tumor-ultrasound-classification/data/processed/MMOTU_OTU_2D_roi_gt/train/images/497.png
498,train,C,/home/jvillanueva/projects/ovarian-tumor-ultrasound-classification/data/processed/MMOTU_OTU_2D_experimental/train/images/498.JPG,/home/jvillanueva/projects/ovarian-tumor-ultrasound-classification/data/processed/MMOTU_OTU_2D_experimental/train/masks/498_binary.PNG,108,95,0.039457,False,,/home/jvillanueva/projects/ovarian-tumor-ultrasound-classification/data/processed/MMOTU_OTU_2D_roi_gt/train/images/498.png
499,train,C,/home/jvillanueva/projects/ovarian-tumor-ultrasound-classification/data/processed/MMOTU_OTU_2D_experimental/train/images/499.JPG,/home/jvillanueva/projects/ovarian-tumor-ultrasound-classification/data/processed/MMOTU_OTU_2D_experimental/train/masks/499_binary.PNG,101,92,0.035042,False,,/home/jvillanueva/projects/ovarian-tumor-ultrasound-classification/data/processed/MMOTU_OTU_2D_roi_gt/train/images/499.png
50,train,C,/home/jvillanueva/projects/ovarian-tumor-ultrasound-classification/data/processed/MMOTU_OTU_2D_experimental/train/images/50.JPG,/home/jvillanueva/projects/ovarian-tumor-ultrasound-classification/data/processed/MMOTU_OTU_2D_experimental/train/masks/50_binary.PNG,400,301,0.231513,False,,/home/jvillanueva/projects/ovarian-tumor-ultrasound-classification/data/processed/MMOTU_OTU_2D_roi_gt/train/images/50.png
500,train,C,/home/jvillanueva/projects/ovarian-tumor-ultrasound-classification/data/processed/MMOTU_OTU_2D_experimental/train/images/500.JPG,/home/jvillanueva/projects/ovarian-tumor-ultrasound-classification/data/processed/MMOTU_OTU_2D_experimental/train/masks/500_binary.PNG,111,94,0.038326,False,,/home/jvillanueva/projects/ovarian-tumor-ultrasound-classification/data/processed/MMOTU_OTU_2D_roi_gt/train/images/500.png
502,train,C,/home/jvillanueva/projects/ovarian-tumor-ultrasound-classification/data/processed/MMOTU_OTU_2D_experimental/train/images/502.JPG,/home/jvillanueva/projects/ovarian-tumor-ultrasound-classification/data/processed/MMOTU_OTU_2D_experimental/train/masks/502_binary.PNG,183,135,0.095358,False,,/home/jvillanueva/projects/ovarian-tumor-ultrasound-classification/data/processed/MMOTU_OTU_2D_roi_gt/train/images/502.png
503,train,C,/home/jvillanueva/projects/ovarian-tumor-ultrasound-classification/data/processed/MMOTU_OTU_2D_experimental/train/images/503.JPG,/home/jvillanueva/projects/ovarian-tumor-ultrasound-classification/data/processed/MMOTU_OTU_2D_experimental/train/masks/503_binary.PNG,183,164,0.114249,False,,/home/jvillanueva/projects/ovarian-tumor-ultrasound-classification/data/processed/MMOTU_OTU_2D_roi_gt/train/images/503.png
505,train,C,/home/jvillanueva/projects/ovarian-tumor-ultrasound-classification/data/processed/MMOTU_OTU_2D_experimental/train/images/505.JPG,/home/jvillanueva/projects/ovarian-tumor-ultrasound-classification/data/processed/MMOTU_OTU_2D_experimental/train/masks/505_binary.PNG,207,207,0.162602,False,,/home/jvillanueva/projects/ovarian-tumor-ultrasound-classification/data/processed/MMOTU_OTU_2D_roi_gt/train/images/505.png
507,train,C,/home/jvillanueva/projects/ovarian-tumor-ultrasound-classification/data/processed/MMOTU_OTU_2D_experimental/train/images/507.JPG,/home/jvillanueva/projects/ovarian-tumor-ultrasound-classification/data/processed/MMOTU_OTU_2D_experimental/train/masks/507_binary.PNG,169,142,0.091927,False,,/home/jvillanueva/projects/ovarian-tumor-ultrasound-classification/data/processed/MMOTU_OTU_2D_roi_gt/train/images/507.png
509,train,C,/home/jvillanueva/projects/ovarian-tumor-ultrasound-classification/data/processed/MMOTU_OTU_2D_experimental/train/images/509.JPG,/home/jvillanueva/projects/ovarian-tumor-ultrasound-classification/data/processed/MMOTU_OTU_2D_experimental/train/masks/509_binary.PNG,105,104,0.084259,False,,/home/jvillanueva/projects/ovarian-tumor-ultrasound-classification/data/processed/MMOTU_OTU_2D_roi_gt/train/images/509.png
513,train,C,/home/jvillanueva/projects/ovarian-tumor-ultrasound-classification/data/processed/MMOTU_OTU_2D_experimental/train/images/513.JPG,/home/jvillanueva/projects/ovarian-tumor-ultrasound-classification/data/processed/MMOTU_OTU_2D_experimental/train/masks/513_binary.PNG,293,204,0.227295,False,,/home/jvillanueva/projects/ovarian-tumor-ultrasound-classification/data/processed/MMOTU_OTU_2D_roi_gt/train/images/513.png
516,train,C,/home/jvillanueva/projects/ovarian-tumor-ultrasound-classification/data/processed/MMOTU_OTU_2D_experimental/train/images/516.JPG,/home/jvillanueva/projects/ovarian-tumor-ultrasound-classification/data/processed/MMOTU_OTU_2D_experimental/train/masks/516_binary.PNG,216,214,0.171914,False,,/home/jvillanueva/projects/ovarian-tumor-ultrasound-classification/data/processed/MMOTU_OTU_2D_roi_gt/train/images/516.png
518,train,C,/home/jvillanueva/projects/ovarian-tumor-ultrasound-classification/data/processed/MMOTU_OTU_2D_experimental/train/images/518.JPG,/home/jvillanueva/projects/ovarian-tumor-ultrasound-classification/data/processed/MMOTU_OTU_2D_experimental/train/masks/518_binary.PNG,454,344,0.288235,False,,/home/jvillanueva/projects/ovarian-tumor-ultrasound-classification/data/processed/MMOTU_OTU_2D_roi_gt/train/images/518.png
519,train,C,/home/jvillanueva/projects/ovarian-tumor-ultrasound-classification/data/processed/MMOTU_OTU_2D_experimental/train/images/519.JPG,/home/jvillanueva/projects/ovarian-tumor-ultrasound-classification/data/processed/MMOTU_OTU_2D_experimental/train/masks/519_binary.PNG,445,448,0.789754,False,,/home/jvillanueva/projects/ovarian-tumor-ultrasound-classification/data/processed/MMOTU_OTU_2D_roi_gt/train/images/519.png
52,train,C,/home/jvillanueva/projects/ovarian-tumor-ultrasound-classification/data/processed/MMOTU_OTU_2D_experimental/train/images/52.JPG,/home/jvillanueva/projects/ovarian-tumor-ultrasound-classification/data/processed/MMOTU_OTU_2D_experimental/train/masks/52_binary.PNG,485,403,0.229846,False,,/home/jvillanueva/projects/ovarian-tumor-ultrasound-classification/data/processed/MMOTU_OTU_2D_roi_gt/train/images/52.png
522,train,C,/home/jvillanueva/projects/ovarian-tumor-ultrasound-classification/data/processed/MMOTU_OTU_2D_experimental/train/images/522.JPG,/home/jvillanueva/projects/ovarian-tumor-ultrasound-classification/data/processed/MMOTU_OTU_2D_experimental/train/masks/522_binary.PNG,226,194,0.083887,False,,/home/jvillanueva/projects/ovarian-tumor-ultrasound-classification/data/processed/MMOTU_OTU_2D_roi_gt/train/images/522.png
525,train,C,/home/jvillanueva/projects/ovarian-tumor-ultrasound-classification/data/processed/MMOTU_OTU_2D_experimental/train/images/525.JPG,/home/jvillanueva/projects/ovarian-tumor-ultrasound-classification/data/processed/MMOTU_OTU_2D_experimental/train/masks/525_binary.PNG,429,256,0.206185,False,,/home/jvillanueva/projects/ovarian-tumor-ultrasound-classification/data/processed/MMOTU_OTU_2D_roi_gt/train/images/525.png
526,train,C,/home/jvillanueva/projects/ovarian-tumor-ultrasound-classification/data/processed/MMOTU_OTU_2D_experimental/train/images/526.JPG,/home/jvillanueva/projects/ovarian-tumor-ultrasound-classification/data/processed/MMOTU_OTU_2D_experimental/train/masks/526_binary.PNG,508,314,0.300865,False,,/home/jvillanueva/projects/ovarian-tumor-ultrasound-classification/data/processed/MMOTU_OTU_2D_roi_gt/train/images/526.png
527,train,C,/home/jvillanueva/projects/ovarian-tumor-ultrasound-classification/data/processed/MMOTU_OTU_2D_experimental/train/images/527.JPG,/home/jvillanueva/projects/ovarian-tumor-ultrasound-classification/data/processed/MMOTU_OTU_2D_experimental/train/masks/527_binary.PNG,480,338,0.605735,False,,/home/jvillanueva/projects/ovarian-tumor-ultrasound-classification/data/processed/MMOTU_OTU_2D_roi_gt/train/images/527.png
528,train,C,/home/jvillanueva/projects/ovarian-tumor-ultrasound-classification/data/processed/MMOTU_OTU_2D_experimental/train/images/528.JPG,/home/jvillanueva/projects/ovarian-tumor-ultrasound-classification/data/processed/MMOTU_OTU_2D_experimental/train/masks/528_binary.PNG,362,232,0.154393,False,,/home/jvillanueva/projects/ovarian-tumor-ultrasound-classification/data/processed/MMOTU_OTU_2D_roi_gt/train/images/528.png
529,train,C,/home/jvillanueva/projects/ovarian-tumor-ultrasound-classification/data/processed/MMOTU_OTU_2D_experimental/train/images/529.JPG,/home/jvillanueva/projects/ovarian-tumor-ultrasound-classification/data/processed/MMOTU_OTU_2D_experimental/train/masks/529_binary.PNG,358,195,0.130223,False,,/home/jvillanueva/projects/ovarian-tumor-ultrasound-classification/data/processed/MMOTU_OTU_2D_roi_gt/train/images/529.png
53,train,C,/home/jvillanueva/projects/ovarian-tumor-ultrasound-classification/data/processed/MMOTU_OTU_2D_experimental/train/images/53.JPG,/home/jvillanueva/projects/ovarian-tumor-ultrasound-classification/data/processed/MMOTU_OTU_2D_experimental/train/masks/53_binary.PNG,634,417,0.417133,False,,/home/jvillanueva/projects/ovarian-tumor-ultrasound-classification/data/processed/MMOTU_OTU_2D_roi_gt/train/images/53.png
530,train,C,/home/jvillanueva/projects/ovarian-tumor-ultrasound-classification/data/processed/MMOTU_OTU_2D_experimental/train/images/530.JPG,/home/jvillanueva/projects/ovarian-tumor-ultrasound-classification/data/processed/MMOTU_OTU_2D_experimental/train/masks/530_binary.PNG,201,194,0.073073,False,,/home/jvillanueva/projects/ovarian-tumor-ultrasound-classification/data/processed/MMOTU_OTU_2D_roi_gt/train/images/530.png
531,train,C,/home/jvillanueva/projects/ovarian-tumor-ultrasound-classification/data/processed/MMOTU_OTU_2D_experimental/train/images/531.JPG,/home/jvillanueva/projects/ovarian-tumor-ultrasound-classification/data/processed/MMOTU_OTU_2D_experimental/train/masks/531_binary.PNG,204,194,0.073628,False,,/home/jvillanueva/projects/ovarian-tumor-ultrasound-classification/data/processed/MMOTU_OTU_2D_roi_gt/train/images/531.png
537,train,C,/home/jvillanueva/projects/ovarian-tumor-ultrasound-classification/data/processed/MMOTU_OTU_2D_experimental/train/images/537.JPG,/home/jvillanueva/projects/ovarian-tumor-ultrasound-classification/data/processed/MMOTU_OTU_2D_experimental/train/masks/537_binary.PNG,261,267,0.264589,False,,/home/jvillanueva/projects/ovarian-tumor-ultrasound-classification/data/processed/MMOTU_OTU_2D_roi_gt/train/images/537.png
538,train,C,/home/jvillanueva/projects/ovarian-tumor-ultrasound-classification/data/processed/MMOTU_OTU_2D_experimental/train/images/538.JPG,/home/jvillanueva/projects/ovarian-tumor-ultrasound-classification/data/processed/MMOTU_OTU_2D_experimental/train/masks/538_binary.PNG,437,323,0.535637,False,,/home/jvillanueva/projects/ovarian-tumor-ultrasound-classification/data/processed/MMOTU_OTU_2D_roi_gt/train/images/538.png
54,train,C,/home/jvillanueva/projects/ovarian-tumor-ultrasound-classification/data/processed/MMOTU_OTU_2D_experimental/train/images/54.JPG,/home/jvillanueva/projects/ovarian-tumor-ultrasound-classification/data/processed/MMOTU_OTU_2D_experimental/train/masks/54_binary.PNG,646,376,0.359522,False,,/home/jvillanueva/projects/ovarian-tumor-ultrasound-classification/data/processed/MMOTU_OTU_2D_roi_gt/train/images/54.png
540,train,C,/home/jvillanueva/projects/ovarian-tumor-ultrasound-classification/data/processed/MMOTU_OTU_2D_experimental/train/images/540.JPG,/home/jvillanueva/projects/ovarian-tumor-ultrasound-classification/data/processed/MMOTU_OTU_2D_experimental/train/masks/540_binary.PNG,424,355,0.574627,False,,/home/jvillanueva/projects/ovarian-tumor-ultrasound-classification/data/processed/MMOTU_OTU_2D_roi_gt/train/images/540.png
541,train,C,/home/jvillanueva/projects/ovarian-tumor-ultrasound-classification/data/processed/MMOTU_OTU_2D_experimental/train/images/541.JPG,/home/jvillanueva/projects/ovarian-tumor-ultrasound-classification/data/processed/MMOTU_OTU_2D_experimental/train/masks/541_binary.PNG,427,340,0.27938,False,,/home/jvillanueva/projects/ovarian-tumor-ultrasound-classification/data/processed/MMOTU_OTU_2D_roi_gt/train/images/541.png
542,train,C,/home/jvillanueva/projects/ovarian-tumor-ultrasound-classification/data/processed/MMOTU_OTU_2D_experimental/train/images/542.JPG,/home/jvillanueva/projects/ovarian-tumor-ultrasound-classification/data/processed/MMOTU_OTU_2D_experimental/train/masks/542_binary.PNG,192,201,0.145126,False,,/home/jvillanueva/projects/ovarian-tumor-ultrasound-classification/data/processed/MMOTU_OTU_2D_roi_gt/train/images/542.png
543,train,C,/home/jvillanueva/projects/ovarian-tumor-ultrasound-classification/data/processed/MMOTU_OTU_2D_experimental/train/images/543.JPG,/home/jvillanueva/projects/ovarian-tumor-ultrasound-classification/data/processed/MMOTU_OTU_2D_experimental/train/masks/543_binary.PNG,207,206,0.159873,False,,/home/jvillanueva/projects/ovarian-tumor-ultrasound-classification/data/processed/MMOTU_OTU_2D_roi_gt/train/images/543.png
544,train,C,/home/jvillanueva/projects/ovarian-tumor-ultrasound-classification/data/processed/MMOTU_OTU_2D_experimental/train/images/544.JPG,/home/jvillanueva/projects/ovarian-tumor-ultrasound-classification/data/processed/MMOTU_OTU_2D_experimental/train/masks/544_binary.PNG,362,238,0.164843,False,,/home/jvillanueva/projects/ovarian-tumor-ultrasound-classification/data/processed/MMOTU_OTU_2D_roi_gt/train/images/544.png
545,train,C,/home/jvillanueva/projects/ovarian-tumor-ultrasound-classification/data/processed/MMOTU_OTU_2D_experimental/train/images/545.JPG,/home/jvillanueva/projects/ovarian-tumor-ultrasound-classification/data/processed/MMOTU_OTU_2D_experimental/train/masks/545_binary.PNG,264,211,0.104579,False,,/home/jvillanueva/projects/ovarian-tumor-ultrasound-classification/data/processed/MMOTU_OTU_2D_roi_gt/train/images/545.png
547,train,C,/home/jvillanueva/projects/ovarian-tumor-ultrasound-classification/data/processed/MMOTU_OTU_2D_experimental/train/images/547.JPG,/home/jvillanueva/projects/ovarian-tumor-ultrasound-classification/data/processed/MMOTU_OTU_2D_experimental/train/masks/547_binary.PNG,331,311,0.222587,False,,/home/jvillanueva/projects/ovarian-tumor-ultrasound-classification/data/processed/MMOTU_OTU_2D_roi_gt/train/images/547.png
549,train,C,/home/jvillanueva/projects/ovarian-tumor-ultrasound-classification/data/processed/MMOTU_OTU_2D_experimental/train/images/549.JPG,/home/jvillanueva/projects/ovarian-tumor-ultrasound-classification/data/processed/MMOTU_OTU_2D_experimental/train/masks/549_binary.PNG,100,154,0.05772,False,,/home/jvillanueva/projects/ovarian-tumor-ultrasound-classification/data/processed/MMOTU_OTU_2D_roi_gt/train/images/549.png
55,train,C,/home/jvillanueva/projects/ovarian-tumor-ultrasound-classification/data/processed/MMOTU_OTU_2D_experimental/train/images/55.JPG,/home/jvillanueva/projects/ovarian-tumor-ultrasound-classification/data/processed/MMOTU_OTU_2D_experimental/train/masks/55_binary.PNG,548,349,0.559295,False,,/home/jvillanueva/projects/ovarian-tumor-ultrasound-classification/data/processed/MMOTU_OTU_2D_roi_gt/train/images/55.png
550,train,C,/home/jvillanueva/projects/ovarian-tumor-ultrasound-classification/data/processed/MMOTU_OTU_2D_experimental/train/images/550.JPG,/home/jvillanueva/projects/ovarian-tumor-ultrasound-classification/data/processed/MMOTU_OTU_2D_experimental/train/masks/550_binary.PNG,139,135,0.071714,False,,/home/jvillanueva/projects/ovarian-tumor-ultrasound-classification/data/processed/MMOTU_OTU_2D_roi_gt/train/images/550.png
552,train,C,/home/jvillanueva/projects/ovarian-tumor-ultrasound-classification/data/processed/MMOTU_OTU_2D_experimental/train/images/552.JPG,/home/jvillanueva/projects/ovarian-tumor-ultrasound-classification/data/processed/MMOTU_OTU_2D_experimental/train/masks/552_binary.PNG,105,141,0.057357,False,,/home/jvillanueva/projects/ovarian-tumor-ultrasound-classification/data/processed/MMOTU_OTU_2D_roi_gt/train/images/552.png
555,train,C,/home/jvillanueva/projects/ovarian-tumor-ultrasound-classification/data/processed/MMOTU_OTU_2D_experimental/train/images/555.JPG,/home/jvillanueva/projects/ovarian-tumor-ultrasound-classification/data/processed/MMOTU_OTU_2D_experimental/train/masks/555_binary.PNG,112,125,0.053615,False,,/home/jvillanueva/projects/ovarian-tumor-ultrasound-classification/data/processed/MMOTU_OTU_2D_roi_gt/train/images/555.png
556,train,C,/home/jvillanueva/projects/ovarian-tumor-ultrasound-classification/data/processed/MMOTU_OTU_2D_experimental/train/images/556.JPG,/home/jvillanueva/projects/ovarian-tumor-ultrasound-classification/data/processed/MMOTU_OTU_2D_experimental/train/masks/556_binary.PNG,154,110,0.06405,False,,/home/jvillanueva/projects/ovarian-tumor-ultrasound-classification/data/processed/MMOTU_OTU_2D_roi_gt/train/images/556.png
557,train,C,/home/jvillanueva/projects/ovarian-tumor-ultrasound-classification/data/processed/MMOTU_OTU_2D_experimental/train/images/557.JPG,/home/jvillanueva/projects/ovarian-tumor-ultrasound-classification/data/processed/MMOTU_OTU_2D_experimental/train/masks/557_binary.PNG,226,245,0.157357,False,,/home/jvillanueva/projects/ovarian-tumor-ultrasound-classification/data/processed/MMOTU_OTU_2D_roi_gt/train/images/557.png
559,train,C,/home/jvillanueva/projects/ovarian-tumor-ultrasound-classification/data/processed/MMOTU_OTU_2D_experimental/train/images/559.JPG,/home/jvillanueva/projects/ovarian-tumor-ultrasound-classification/data/processed/MMOTU_OTU_2D_experimental/train/masks/559_binary.PNG,446,458,0.598503,False,,/home/jvillanueva/projects/ovarian-tumor-ultrasound-classification/data/processed/MMOTU_OTU_2D_roi_gt/train/images/559.png
56,train,C,/home/jvillanueva/projects/ovarian-tumor-ultrasound-classification/data/processed/MMOTU_OTU_2D_experimental/train/images/56.JPG,/home/jvillanueva/projects/ovarian-tumor-ultrasound-classification/data/processed/MMOTU_OTU_2D_experimental/train/masks/56_binary.PNG,368,396,0.292052,False,,/home/jvillanueva/projects/ovarian-tumor-ultrasound-classification/data/processed/MMOTU_OTU_2D_roi_gt/train/images/56.png
561,train,C,/home/jvillanueva/projects/ovarian-tumor-ultrasound-classification/data/processed/MMOTU_OTU_2D_experimental/train/images/561.JPG,/home/jvillanueva/projects/ovarian-tumor-ultrasound-classification/data/processed/MMOTU_OTU_2D_experimental/train/masks/561_binary.PNG,527,605,0.931095,False,,/home/jvillanueva/projects/ovarian-tumor-ultrasound-classification/data/processed/MMOTU_OTU_2D_roi_gt/train/images/561.png
562,train,C,/home/jvillanueva/projects/ovarian-tumor-ultrasound-classification/data/processed/MMOTU_OTU_2D_experimental/train/images/562.JPG,/home/jvillanueva/projects/ovarian-tumor-ultrasound-classification/data/processed/MMOTU_OTU_2D_experimental/train/masks/562_binary.PNG,499,598,0.843267,False,,/home/jvillanueva/projects/ovarian-tumor-ultrasound-classification/data/processed/MMOTU_OTU_2D_roi_gt/train/images/562.png
564,train,C,/home/jvillanueva/projects/ovarian-tumor-ultrasound-classification/data/processed/MMOTU_OTU_2D_experimental/train/images/564.JPG,/home/jvillanueva/projects/ovarian-tumor-ultrasound-classification/data/processed/MMOTU_OTU_2D_experimental/train/masks/564_binary.PNG,263,228,0.229164,False,,/home/jvillanueva/projects/ovarian-tumor-ultrasound-classification/data/processed/MMOTU_OTU_2D_roi_gt/train/images/564.png
565,train,C,/home/jvillanueva/projects/ovarian-tumor-ultrasound-classification/data/processed/MMOTU_OTU_2D_experimental/train/images/565.JPG,/home/jvillanueva/projects/ovarian-tumor-ultrasound-classification/data/processed/MMOTU_OTU_2D_experimental/train/masks/565_binary.PNG,191,200,0.144097,False,,/home/jvillanueva/projects/ovarian-tumor-ultrasound-classification/data/processed/MMOTU_OTU_2D_roi_gt/train/images/565.png
566,train,C,/home/jvillanueva/projects/ovarian-tumor-ultrasound-classification/data/processed/MMOTU_OTU_2D_experimental/train/images/566.JPG,/home/jvillanueva/projects/ovarian-tumor-ultrasound-classification/data/processed/MMOTU_OTU_2D_experimental/train/masks/566_binary.PNG,201,109,0.082019,False,,/home/jvillanueva/projects/ovarian-tumor-ultrasound-classification/data/processed/MMOTU_OTU_2D_roi_gt/train/images/566.png
567,train,C,/home/jvillanueva/projects/ovarian-tumor-ultrasound-classification/data/processed/MMOTU_OTU_2D_experimental/train/images/567.JPG,/home/jvillanueva/projects/ovarian-tumor-ultrasound-classification/data/processed/MMOTU_OTU_2D_experimental/train/masks/567_binary.PNG,197,81,0.056677,False,,/home/jvillanueva/projects/ovarian-tumor-ultrasound-classification/data/processed/MMOTU_OTU_2D_roi_gt/train/images/567.png
569,train,C,/home/jvillanueva/projects/ovarian-tumor-ultrasound-classification/data/processed/MMOTU_OTU_2D_experimental/train/images/569.JPG,/home/jvillanueva/projects/ovarian-tumor-ultrasound-classification/data/processed/MMOTU_OTU_2D_experimental/train/masks/569_binary.PNG,422,310,0.374055,False,,/home/jvillanueva/projects/ovarian-tumor-ultrasound-classification/data/processed/MMOTU_OTU_2D_roi_gt/train/images/569.png
57,train,C,/home/jvillanueva/projects/ovarian-tumor-ultrasound-classification/data/processed/MMOTU_OTU_2D_experimental/train/images/57.JPG,/home/jvillanueva/projects/ovarian-tumor-ultrasound-classification/data/processed/MMOTU_OTU_2D_experimental/train/masks/57_binary.PNG,356,355,0.145013,False,,/home/jvillanueva/projects/ovarian-tumor-ultrasound-classification/data/processed/MMOTU_OTU_2D_roi_gt/train/images/57.png
570,train,C,/home/jvillanueva/projects/ovarian-tumor-ultrasound-classification/data/processed/MMOTU_OTU_2D_experimental/train/images/570.JPG,/home/jvillanueva/projects/ovarian-tumor-ultrasound-classification/data/processed/MMOTU_OTU_2D_experimental/train/masks/570_binary.PNG,345,292,0.289293,False,,/home/jvillanueva/projects/ovarian-tumor-ultrasound-classification/data/processed/MMOTU_OTU_2D_roi_gt/train/images/570.png
571,train,C,/home/jvillanueva/projects/ovarian-tumor-ultrasound-classification/data/processed/MMOTU_OTU_2D_experimental/train/images/571.JPG,/home/jvillanueva/projects/ovarian-tumor-ultrasound-classification/data/processed/MMOTU_OTU_2D_experimental/train/masks/571_binary.PNG,419,315,0.371977,False,,/home/jvillanueva/projects/ovarian-tumor-ultrasound-classification/data/processed/MMOTU_OTU_2D_roi_gt/train/images/571.png
572,train,C,/home/jvillanueva/projects/ovarian-tumor-ultrasound-classification/data/processed/MMOTU_OTU_2D_experimental/train/images/572.JPG,/home/jvillanueva/projects/ovarian-tumor-ultrasound-classification/data/processed/MMOTU_OTU_2D_experimental/train/masks/572_binary.PNG,309,218,0.195701,False,,/home/jvillanueva/projects/ovarian-tumor-ultrasound-classification/data/processed/MMOTU_OTU_2D_roi_gt/train/images/572.png
575,train,C,/home/jvillanueva/projects/ovarian-tumor-ultrasound-classification/data/processed/MMOTU_OTU_2D_experimental/train/images/575.JPG,/home/jvillanueva/projects/ovarian-tumor-ultrasound-classification/data/processed/MMOTU_OTU_2D_experimental/train/masks/575_binary.PNG,196,75,0.056207,False,,/home/jvillanueva/projects/ovarian-tumor-ultrasound-classification/data/processed/MMOTU_OTU_2D_roi_gt/train/images/575.png
576,train,C,/home/jvillanueva/projects/ovarian-tumor-ultrasound-classification/data/processed/MMOTU_OTU_2D_experimental/train/images/576.JPG,/home/jvillanueva/projects/ovarian-tumor-ultrasound-classification/data/processed/MMOTU_OTU_2D_experimental/train/masks/576_binary.PNG,148,88,0.049333,False,,/home/jvillanueva/projects/ovarian-tumor-ultrasound-classification/data/processed/MMOTU_OTU_2D_roi_gt/train/images/576.png
577,train,C,/home/jvillanueva/projects/ovarian-tumor-ultrasound-classification/data/processed/MMOTU_OTU_2D_experimental/train/images/577.JPG,/home/jvillanueva/projects/ovarian-tumor-ultrasound-classification/data/processed/MMOTU_OTU_2D_experimental/train/masks/577_binary.PNG,381,283,0.402684,False,,/home/jvillanueva/projects/ovarian-tumor-ultrasound-classification/data/processed/MMOTU_OTU_2D_roi_gt/train/images/577.png
578,train,C,/home/jvillanueva/projects/ovarian-tumor-ultrasound-classification/data/processed/MMOTU_OTU_2D_experimental/train/images/578.JPG,/home/jvillanueva/projects/ovarian-tumor-ultrasound-classification/data/processed/MMOTU_OTU_2D_experimental/train/masks/578_binary.PNG,435,365,0.59493,False,,/home/jvillanueva/projects/ovarian-tumor-ultrasound-classification/data/processed/MMOTU_OTU_2D_roi_gt/train/images/578.png
579,train,C,/home/jvillanueva/projects/ovarian-tumor-ultrasound-classification/data/processed/MMOTU_OTU_2D_experimental/train/images/579.JPG,/home/jvillanueva/projects/ovarian-tumor-ultrasound-classification/data/processed/MMOTU_OTU_2D_experimental/train/masks/579_binary.PNG,350,280,0.372301,False,,/home/jvillanueva/projects/ovarian-tumor-ultrasound-classification/data/processed/MMOTU_OTU_2D_roi_gt/train/images/579.png
58,train,C,/home/jvillanueva/projects/ovarian-tumor-ultrasound-classification/data/processed/MMOTU_OTU_2D_experimental/train/images/58.JPG,/home/jvillanueva/projects/ovarian-tumor-ultrasound-classification/data/processed/MMOTU_OTU_2D_experimental/train/masks/58_binary.PNG,504,530,0.525547,False,,/home/jvillanueva/projects/ovarian-tumor-ultrasound-classification/data/processed/MMOTU_OTU_2D_roi_gt/train/images/58.png
583,train,C,/home/jvillanueva/projects/ovarian-tumor-ultrasound-classification/data/processed/MMOTU_OTU_2D_experimental/train/images/583.JPG,/home/jvillanueva/projects/ovarian-tumor-ultrasound-classification/data/processed/MMOTU_OTU_2D_experimental/train/masks/583_binary.PNG,149,157,0.087629,False,,/home/jvillanueva/projects/ovarian-tumor-ultrasound-classification/data/processed/MMOTU_OTU_2D_roi_gt/train/images/583.png
587,train,C,/home/jvillanueva/projects/ovarian-tumor-ultrasound-classification/data/processed/MMOTU_OTU_2D_experimental/train/images/587.JPG,/home/jvillanueva/projects/ovarian-tumor-ultrasound-classification/data/processed/MMOTU_OTU_2D_experimental/train/masks/587_binary.PNG,143,72,0.039245,False,,/home/jvillanueva/projects/ovarian-tumor-ultrasound-classification/data/processed/MMOTU_OTU_2D_roi_gt/train/images/587.png
588,train,C,/home/jvillanueva/projects/ovarian-tumor-ultrasound-classification/data/processed/MMOTU_OTU_2D_experimental/train/images/588.JPG,/home/jvillanueva/projects/ovarian-tumor-ultrasound-classification/data/processed/MMOTU_OTU_2D_experimental/train/masks/588_binary.PNG,149,77,0.044181,False,,/home/jvillanueva/projects/ovarian-tumor-ultrasound-classification/data/processed/MMOTU_OTU_2D_roi_gt/train/images/588.png
589,train,C,/home/jvillanueva/projects/ovarian-tumor-ultrasound-classification/data/processed/MMOTU_OTU_2D_experimental/train/images/589.JPG,/home/jvillanueva/projects/ovarian-tumor-ultrasound-classification/data/processed/MMOTU_OTU_2D_experimental/train/masks/589_binary.PNG,196,200,0.121504,False,,/home/jvillanueva/projects/ovarian-tumor-ultrasound-classification/data/processed/MMOTU_OTU_2D_roi_gt/train/images/589.png
59,train,C,/home/jvillanueva/projects/ovarian-tumor-ultrasound-classification/data/processed/MMOTU_OTU_2D_experimental/train/images/59.JPG,/home/jvillanueva/projects/ovarian-tumor-ultrasound-classification/data/processed/MMOTU_OTU_2D_experimental/train/masks/59_binary.PNG,700,482,0.579869,False,,/home/jvillanueva/projects/ovarian-tumor-ultrasound-classification/data/processed/MMOTU_OTU_2D_roi_gt/train/images/59.png
590,train,C,/home/jvillanueva/projects/ovarian-tumor-ultrasound-classification/data/processed/MMOTU_OTU_2D_experimental/train/images/590.JPG,/home/jvillanueva/projects/ovarian-tumor-ultrasound-classification/data/processed/MMOTU_OTU_2D_experimental/train/masks/590_binary.PNG,216,192,0.130382,False,,/home/jvillanueva/projects/ovarian-tumor-ultrasound-classification/data/processed/MMOTU_OTU_2D_roi_gt/train/images/590.png
591,train,C,/home/jvillanueva/projects/ovarian-tumor-ultrasound-classification/data/processed/MMOTU_OTU_2D_experimental/train/images/591.JPG,/home/jvillanueva/projects/ovarian-tumor-ultrasound-classification/data/processed/MMOTU_OTU_2D_experimental/train/masks/591_binary.PNG,200,211,0.122398,False,,/home/jvillanueva/projects/ovarian-tumor-ultrasound-classification/data/processed/MMOTU_OTU_2D_roi_gt/train/images/591.png
593,train,C,/home/jvillanueva/projects/ovarian-tumor-ultrasound-classification/data/processed/MMOTU_OTU_2D_experimental/train/images/593.JPG,/home/jvillanueva/projects/ovarian-tumor-ultrasound-classification/data/processed/MMOTU_OTU_2D_experimental/train/masks/593_binary.PNG,218,192,0.161261,False,,/home/jvillanueva/projects/ovarian-tumor-ultrasound-classification/data/processed/MMOTU_OTU_2D_roi_gt/train/images/593.png
596,train,C,/home/jvillanueva/projects/ovarian-tumor-ultrasound-classification/data/processed/MMOTU_OTU_2D_experimental/train/images/596.JPG,/home/jvillanueva/projects/ovarian-tumor-ultrasound-classification/data/processed/MMOTU_OTU_2D_experimental/train/masks/596_binary.PNG,243,221,0.20244,False,,/home/jvillanueva/projects/ovarian-tumor-ultrasound-classification/data/processed/MMOTU_OTU_2D_roi_gt/train/images/596.png
597,train,C,/home/jvillanueva/projects/ovarian-tumor-ultrasound-classification/data/processed/MMOTU_OTU_2D_experimental/train/images/597.JPG,/home/jvillanueva/projects/ovarian-tumor-ultrasound-classification/data/processed/MMOTU_OTU_2D_experimental/train/masks/597_binary.PNG,459,370,0.492638,False,,/home/jvillanueva/projects/ovarian-tumor-ultrasound-classification/data/processed/MMOTU_OTU_2D_roi_gt/train/images/597.png
598,train,C,/home/jvillanueva/projects/ovarian-tumor-ultrasound-classification/data/processed/MMOTU_OTU_2D_experimental/train/images/598.JPG,/home/jvillanueva/projects/ovarian-tumor-ultrasound-classification/data/processed/MMOTU_OTU_2D_experimental/train/masks/598_binary.PNG,489,382,0.54641,False,,/home/jvillanueva/projects/ovarian-tumor-ultrasound-classification/data/processed/MMOTU_OTU_2D_roi_gt/train/images/598.png
601,train,C,/home/jvillanueva/projects/ovarian-tumor-ultrasound-classification/data/processed/MMOTU_OTU_2D_experimental/train/images/601.JPG,/home/jvillanueva/projects/ovarian-tumor-ultrasound-classification/data/processed/MMOTU_OTU_2D_experimental/train/masks/601_binary.PNG,206,194,0.115722,False,,/home/jvillanueva/projects/ovarian-tumor-ultrasound-classification/data/processed/MMOTU_OTU_2D_roi_gt/train/images/601.png
603,train,C,/home/jvillanueva/projects/ovarian-tumor-ultrasound-classification/data/processed/MMOTU_OTU_2D_experimental/train/images/603.JPG,/home/jvillanueva/projects/ovarian-tumor-ultrasound-classification/data/processed/MMOTU_OTU_2D_experimental/train/masks/603_binary.PNG,328,241,0.15208,False,,/home/jvillanueva/projects/ovarian-tumor-ultrasound-classification/data/processed/MMOTU_OTU_2D_roi_gt/train/images/603.png
604,train,C,/home/jvillanueva/projects/ovarian-tumor-ultrasound-classification/data/processed/MMOTU_OTU_2D_experimental/train/images/604.JPG,/home/jvillanueva/projects/ovarian-tumor-ultrasound-classification/data/processed/MMOTU_OTU_2D_experimental/train/masks/604_binary.PNG,255,182,0.088564,False,,/home/jvillanueva/projects/ovarian-tumor-ultrasound-classification/data/processed/MMOTU_OTU_2D_roi_gt/train/images/604.png
607,train,C,/home/jvillanueva/projects/ovarian-tumor-ultrasound-classification/data/processed/MMOTU_OTU_2D_experimental/train/images/607.JPG,/home/jvillanueva/projects/ovarian-tumor-ultrasound-classification/data/processed/MMOTU_OTU_2D_experimental/train/masks/607_binary.PNG,513,316,0.301631,False,,/home/jvillanueva/projects/ovarian-tumor-ultrasound-classification/data/processed/MMOTU_OTU_2D_roi_gt/train/images/607.png
61,train,C,/home/jvillanueva/projects/ovarian-tumor-ultrasound-classification/data/processed/MMOTU_OTU_2D_experimental/train/images/61.JPG,/home/jvillanueva/projects/ovarian-tumor-ultrasound-classification/data/processed/MMOTU_OTU_2D_experimental/train/masks/61_binary.PNG,626,370,0.398552,False,,/home/jvillanueva/projects/ovarian-tumor-ultrasound-classification/data/processed/MMOTU_OTU_2D_roi_gt/train/images/61.png
611,train,C,/home/jvillanueva/projects/ovarian-tumor-ultrasound-classification/data/processed/MMOTU_OTU_2D_experimental/train/images/611.JPG,/home/jvillanueva/projects/ovarian-tumor-ultrasound-classification/data/processed/MMOTU_OTU_2D_experimental/train/masks/611_binary.PNG,512,349,0.405655,False,,/home/jvillanueva/projects/ovarian-tumor-ultrasound-classification/data/processed/MMOTU_OTU_2D_roi_gt/train/images/611.png
612,train,C,/home/jvillanueva/projects/ovarian-tumor-ultrasound-classification/data/processed/MMOTU_OTU_2D_experimental/train/images/612.JPG,/home/jvillanueva/projects/ovarian-tumor-ultrasound-classification/data/processed/MMOTU_OTU_2D_experimental/train/masks/612_binary.PNG,493,379,0.353695,False,,/home/jvillanueva/projects/ovarian-tumor-ultrasound-classification/data/processed/MMOTU_OTU_2D_roi_gt/train/images/612.png
613,train,C,/home/jvillanueva/projects/ovarian-tumor-ultrasound-classification/data/processed/MMOTU_OTU_2D_experimental/train/images/613.JPG,/home/jvillanueva/projects/ovarian-tumor-ultrasound-classification/data/processed/MMOTU_OTU_2D_experimental/train/masks/613_binary.PNG,434,400,0.333772,False,,/home/jvillanueva/projects/ovarian-tumor-ultrasound-classification/data/processed/MMOTU_OTU_2D_roi_gt/train/images/613.png
615,train,C,/home/jvillanueva/projects/ovarian-tumor-ultrasound-classification/data/processed/MMOTU_OTU_2D_experimental/train/images/615.JPG,/home/jvillanueva/projects/ovarian-tumor-ultrasound-classification/data/processed/MMOTU_OTU_2D_experimental/train/masks/615_binary.PNG,479,420,0.384394,False,,/home/jvillanueva/projects/ovarian-tumor-ultrasound-classification/data/processed/MMOTU_OTU_2D_roi_gt/train/images/615.png
617,train,C,/home/jvillanueva/projects/ovarian-tumor-ultrasound-classification/data/processed/MMOTU_OTU_2D_experimental/train/images/617.JPG,/home/jvillanueva/projects/ovarian-tumor-ultrasound-classification/data/processed/MMOTU_OTU_2D_experimental/train/masks/617_binary.PNG,496,381,0.696398,False,,/home/jvillanueva/projects/ovarian-tumor-ultrasound-classification/data/processed/MMOTU_OTU_2D_roi_gt/train/images/617.png
618,train,C,/home/jvillanueva/projects/ovarian-tumor-ultrasound-classification/data/processed/MMOTU_OTU_2D_experimental/train/images/618.JPG,/home/jvillanueva/projects/ovarian-tumor-ultrasound-classification/data/processed/MMOTU_OTU_2D_experimental/train/masks/618_binary.PNG,201,176,0.067136,False,,/home/jvillanueva/projects/ovarian-tumor-ultrasound-classification/data/processed/MMOTU_OTU_2D_roi_gt/train/images/618.png
62,train,C,/home/jvillanueva/projects/ovarian-tumor-ultrasound-classification/data/processed/MMOTU_OTU_2D_experimental/train/images/62.JPG,/home/jvillanueva/projects/ovarian-tumor-ultrasound-classification/data/processed/MMOTU_OTU_2D_experimental/train/masks/62_binary.PNG,368,296,0.210973,False,,/home/jvillanueva/projects/ovarian-tumor-ultrasound-classification/data/processed/MMOTU_OTU_2D_roi_gt/train/images/62.png
622,train,C,/home/jvillanueva/projects/ovarian-tumor-ultrasound-classification/data/processed/MMOTU_OTU_2D_experimental/train/images/622.JPG,/home/jvillanueva/projects/ovarian-tumor-ultrasound-classification/data/processed/MMOTU_OTU_2D_experimental/train/masks/622_binary.PNG,531,400,0.437669,False,,/home/jvillanueva/projects/ovarian-tumor-ultrasound-classification/data/processed/MMOTU_OTU_2D_roi_gt/train/images/622.png
624,train,C,/home/jvillanueva/projects/ovarian-tumor-ultrasound-classification/data/processed/MMOTU_OTU_2D_experimental/train/images/624.JPG,/home/jvillanueva/projects/ovarian-tumor-ultrasound-classification/data/processed/MMOTU_OTU_2D_experimental/train/masks/624_binary.PNG,321,491,0.609337,False,,/home/jvillanueva/projects/ovarian-tumor-ultrasound-classification/data/processed/MMOTU_OTU_2D_roi_gt/train/images/624.png
625,train,C,/home/jvillanueva/projects/ovarian-tumor-ultrasound-classification/data/processed/MMOTU_OTU_2D_experimental/train/images/625.JPG,/home/jvillanueva/projects/ovarian-tumor-ultrasound-classification/data/processed/MMOTU_OTU_2D_experimental/train/masks/625_binary.PNG,431,519,0.434362,False,,/home/jvillanueva/projects/ovarian-tumor-ultrasound-classification/data/processed/MMOTU_OTU_2D_roi_gt/train/images/625.png
628,train,C,/home/jvillanueva/projects/ovarian-tumor-ultrasound-classification/data/processed/MMOTU_OTU_2D_experimental/train/images/628.JPG,/home/jvillanueva/projects/ovarian-tumor-ultrasound-classification/data/processed/MMOTU_OTU_2D_experimental/train/masks/628_binary.PNG,466,469,0.819733,False,,/home/jvillanueva/projects/ovarian-tumor-ultrasound-classification/data/processed/MMOTU_OTU_2D_roi_gt/train/images/628.png
630,train,C,/home/jvillanueva/projects/ovarian-tumor-ultrasound-classification/data/processed/MMOTU_OTU_2D_experimental/train/images/630.JPG,/home/jvillanueva/projects/ovarian-tumor-ultrasound-classification/data/processed/MMOTU_OTU_2D_experimental/train/masks/630_binary.PNG,532,304,0.275236,False,,/home/jvillanueva/projects/ovarian-tumor-ultrasound-classification/data/processed/MMOTU_OTU_2D_roi_gt/train/images/630.png
634,train,C,/home/jvillanueva/projects/ovarian-tumor-ultrasound-classification/data/processed/MMOTU_OTU_2D_experimental/train/images/634.JPG,/home/jvillanueva/projects/ovarian-tumor-ultrasound-classification/data/processed/MMOTU_OTU_2D_experimental/train/masks/634_binary.PNG,140,115,0.045798,False,,/home/jvillanueva/projects/ovarian-tumor-ultrasound-classification/data/processed/MMOTU_OTU_2D_roi_gt/train/images/634.png
637,train,C,/home/jvillanueva/projects/ovarian-tumor-ultrasound-classification/data/processed/MMOTU_OTU_2D_experimental/train/images/637.JPG,/home/jvillanueva/projects/ovarian-tumor-ultrasound-classification/data/processed/MMOTU_OTU_2D_experimental/train/masks/637_binary.PNG,148,160,0.066303,False,,/home/jvillanueva/projects/ovarian-tumor-ultrasound-classification/data/processed/MMOTU_OTU_2D_roi_gt/train/images/637.png
641,train,C,/home/jvillanueva/projects/ovarian-tumor-ultrasound-classification/data/processed/MMOTU_OTU_2D_experimental/train/images/641.JPG,/home/jvillanueva/projects/ovarian-tumor-ultrasound-classification/data/processed/MMOTU_OTU_2D_experimental/train/masks/641_binary.PNG,382,406,0.233565,False,,/home/jvillanueva/projects/ovarian-tumor-ultrasound-classification/data/processed/MMOTU_OTU_2D_roi_gt/train/images/641.png
642,train,C,/home/jvillanueva/projects/ovarian-tumor-ultrasound-classification/data/processed/MMOTU_OTU_2D_experimental/train/images/642.JPG,/home/jvillanueva/projects/ovarian-tumor-ultrasound-classification/data/processed/MMOTU_OTU_2D_experimental/train/masks/642_binary.PNG,296,293,0.161769,False,,/home/jvillanueva/projects/ovarian-tumor-ultrasound-classification/data/processed/MMOTU_OTU_2D_roi_gt/train/images/642.png
643,train,C,/home/jvillanueva/projects/ovarian-tumor-ultrasound-classification/data/processed/MMOTU_OTU_2D_experimental/train/images/643.JPG,/home/jvillanueva/projects/ovarian-tumor-ultrasound-classification/data/processed/MMOTU_OTU_2D_experimental/train/masks/643_binary.PNG,444,385,0.248967,False,,/home/jvillanueva/projects/ovarian-tumor-ultrasound-classification/data/processed/MMOTU_OTU_2D_roi_gt/train/images/643.png
645,train,C,/home/jvillanueva/projects/ovarian-tumor-ultrasound-classification/data/processed/MMOTU_OTU_2D_experimental/train/images/645.JPG,/home/jvillanueva/projects/ovarian-tumor-ultrasound-classification/data/processed/MMOTU_OTU_2D_experimental/train/masks/645_binary.PNG,256,267,0.126347,False,,/home/jvillanueva/projects/ovarian-tumor-ultrasound-classification/data/processed/MMOTU_OTU_2D_roi_gt/train/images/645.png
646,train,C,/home/jvillanueva/projects/ovarian-tumor-ultrasound-classification/data/processed/MMOTU_OTU_2D_experimental/train/images/646.JPG,/home/jvillanueva/projects/ovarian-tumor-ultrasound-classification/data/processed/MMOTU_OTU_2D_experimental/train/masks/646_binary.PNG,308,314,0.179,False,,/home/jvillanueva/projects/ovarian-tumor-ultrasound-classification/data/processed/MMOTU_OTU_2D_roi_gt/train/images/646.png
647,train,C,/home/jvillanueva/projects/ovarian-tumor-ultrasound-classification/data/processed/MMOTU_OTU_2D_experimental/train/images/647.JPG,/home/jvillanueva/projects/ovarian-tumor-ultrasound-classification/data/processed/MMOTU_OTU_2D_experimental/train/masks/647_binary.PNG,328,320,0.197772,False,,/home/jvillanueva/projects/ovarian-tumor-ultrasound-classification/data/processed/MMOTU_OTU_2D_roi_gt/train/images/647.png
648,train,C,/home/jvillanueva/projects/ovarian-tumor-ultrasound-classification/data/processed/MMOTU_OTU_2D_experimental/train/images/648.JPG,/home/jvillanueva/projects/ovarian-tumor-ultrasound-classification/data/processed/MMOTU_OTU_2D_experimental/train/masks/648_binary.PNG,133,120,0.029404,False,,/home/jvillanueva/projects/ovarian-tumor-ultrasound-classification/data/processed/MMOTU_OTU_2D_roi_gt/train/images/648.png
65,train,C,/home/jvillanueva/projects/ovarian-tumor-ultrasound-classification/data/processed/MMOTU_OTU_2D_experimental/train/images/65.JPG,/home/jvillanueva/projects/ovarian-tumor-ultrasound-classification/data/processed/MMOTU_OTU_2D_experimental/train/masks/65_binary.PNG,400,383,0.293422,False,,/home/jvillanueva/projects/ovarian-tumor-ultrasound-classification/data/processed/MMOTU_OTU_2D_roi_gt/train/images/65.png
654,train,C,/home/jvillanueva/projects/ovarian-tumor-ultrasound-classification/data/processed/MMOTU_OTU_2D_experimental/train/images/654.JPG,/home/jvillanueva/projects/ovarian-tumor-ultrasound-classification/data/processed/MMOTU_OTU_2D_experimental/train/masks/654_binary.PNG,387,375,0.532202,False,,/home/jvillanueva/projects/ovarian-tumor-ultrasound-classification/data/processed/MMOTU_OTU_2D_roi_gt/train/images/654.png
655,train,C,/home/jvillanueva/projects/ovarian-tumor-ultrasound-classification/data/processed/MMOTU_OTU_2D_experimental/train/images/655.JPG,/home/jvillanueva/projects/ovarian-tumor-ultrasound-classification/data/processed/MMOTU_OTU_2D_experimental/train/masks/655_binary.PNG,465,388,0.660589,False,,/home/jvillanueva/projects/ovarian-tumor-ultrasound-classification/data/processed/MMOTU_OTU_2D_roi_gt/train/images/655.png
657,train,C,/home/jvillanueva/projects/ovarian-tumor-ultrasound-classification/data/processed/MMOTU_OTU_2D_experimental/train/images/657.JPG,/home/jvillanueva/projects/ovarian-tumor-ultrasound-classification/data/processed/MMOTU_OTU_2D_experimental/train/masks/657_binary.PNG,226,255,0.2137,False,,/home/jvillanueva/projects/ovarian-tumor-ultrasound-classification/data/processed/MMOTU_OTU_2D_roi_gt/train/images/657.png
658,train,C,/home/jvillanueva/projects/ovarian-tumor-ultrasound-classification/data/processed/MMOTU_OTU_2D_experimental/train/images/658.JPG,/home/jvillanueva/projects/ovarian-tumor-ultrasound-classification/data/processed/MMOTU_OTU_2D_experimental/train/masks/658_binary.PNG,249,124,0.115072,False,,/home/jvillanueva/projects/ovarian-tumor-ultrasound-classification/data/processed/MMOTU_OTU_2D_roi_gt/train/images/658.png
659,train,C,/home/jvillanueva/projects/ovarian-tumor-ultrasound-classification/data/processed/MMOTU_OTU_2D_experimental/train/images/659.JPG,/home/jvillanueva/projects/ovarian-tumor-ultrasound-classification/data/processed/MMOTU_OTU_2D_experimental/train/masks/659_binary.PNG,235,240,0.213428,False,,/home/jvillanueva/projects/ovarian-tumor-ultrasound-classification/data/processed/MMOTU_OTU_2D_roi_gt/train/images/659.png
66,train,C,/home/jvillanueva/projects/ovarian-tumor-ultrasound-classification/data/processed/MMOTU_OTU_2D_experimental/train/images/66.JPG,/home/jvillanueva/projects/ovarian-tumor-ultrasound-classification/data/processed/MMOTU_OTU_2D_experimental/train/masks/66_binary.PNG,297,285,0.133873,False,,/home/jvillanueva/projects/ovarian-tumor-ultrasound-classification/data/processed/MMOTU_OTU_2D_roi_gt/train/images/66.png
660,train,C,/home/jvillanueva/projects/ovarian-tumor-ultrasound-classification/data/processed/MMOTU_OTU_2D_experimental/train/images/660.JPG,/home/jvillanueva/projects/ovarian-tumor-ultrasound-classification/data/processed/MMOTU_OTU_2D_experimental/train/masks/660_binary.PNG,220,206,0.157361,False,,/home/jvillanueva/projects/ovarian-tumor-ultrasound-classification/data/processed/MMOTU_OTU_2D_roi_gt/train/images/660.png
663,train,C,/home/jvillanueva/projects/ovarian-tumor-ultrasound-classification/data/processed/MMOTU_OTU_2D_experimental/train/images/663.JPG,/home/jvillanueva/projects/ovarian-tumor-ultrasound-classification/data/processed/MMOTU_OTU_2D_experimental/train/masks/663_binary.PNG,178,153,0.103,False,,/home/jvillanueva/projects/ovarian-tumor-ultrasound-classification/data/processed/MMOTU_OTU_2D_roi_gt/train/images/663.png
664,train,C,/home/jvillanueva/projects/ovarian-tumor-ultrasound-classification/data/processed/MMOTU_OTU_2D_experimental/train/images/664.JPG,/home/jvillanueva/projects/ovarian-tumor-ultrasound-classification/data/processed/MMOTU_OTU_2D_experimental/train/masks/664_binary.PNG,158,115,0.067497,False,,/home/jvillanueva/projects/ovarian-tumor-ultrasound-classification/data/processed/MMOTU_OTU_2D_roi_gt/train/images/664.png
665,train,C,/home/jvillanueva/projects/ovarian-tumor-ultrasound-classification/data/processed/MMOTU_OTU_2D_experimental/train/images/665.JPG,/home/jvillanueva/projects/ovarian-tumor-ultrasound-classification/data/processed/MMOTU_OTU_2D_experimental/train/masks/665_binary.PNG,158,115,0.068187,False,,/home/jvillanueva/projects/ovarian-tumor-ultrasound-classification/data/processed/MMOTU_OTU_2D_roi_gt/train/images/665.png
666,train,C,/home/jvillanueva/projects/ovarian-tumor-ultrasound-classification/data/processed/MMOTU_OTU_2D_experimental/train/images/666.JPG,/home/jvillanueva/projects/ovarian-tumor-ultrasound-classification/data/processed/MMOTU_OTU_2D_experimental/train/masks/666_binary.PNG,288,355,0.194041,False,,/home/jvillanueva/projects/ovarian-tumor-ultrasound-classification/data/processed/MMOTU_OTU_2D_roi_gt/train/images/666.png
668,train,C,/home/jvillanueva/projects/ovarian-tumor-ultrasound-classification/data/processed/MMOTU_OTU_2D_experimental/train/images/668.JPG,/home/jvillanueva/projects/ovarian-tumor-ultrasound-classification/data/processed/MMOTU_OTU_2D_experimental/train/masks/668_binary.PNG,385,347,0.513274,False,,/home/jvillanueva/projects/ovarian-tumor-ultrasound-classification/data/processed/MMOTU_OTU_2D_roi_gt/train/images/668.png
670,train,C,/home/jvillanueva/projects/ovarian-tumor-ultrasound-classification/data/processed/MMOTU_OTU_2D_experimental/train/images/670.JPG,/home/jvillanueva/projects/ovarian-tumor-ultrasound-classification/data/processed/MMOTU_OTU_2D_experimental/train/masks/670_binary.PNG,683,624,0.478954,False,,/home/jvillanueva/projects/ovarian-tumor-ultrasound-classification/data/processed/MMOTU_OTU_2D_roi_gt/train/images/670.png
674,train,C,/home/jvillanueva/projects/ovarian-tumor-ultrasound-classification/data/processed/MMOTU_OTU_2D_experimental/train/images/674.JPG,/home/jvillanueva/projects/ovarian-tumor-ultrasound-classification/data/processed/MMOTU_OTU_2D_experimental/train/masks/674_binary.PNG,118,116,0.024645,False,,/home/jvillanueva/projects/ovarian-tumor-ultrasound-classification/data/processed/MMOTU_OTU_2D_roi_gt/train/images/674.png
675,train,C,/home/jvillanueva/projects/ovarian-tumor-ultrasound-classification/data/processed/MMOTU_OTU_2D_experimental/train/images/675.JPG,/home/jvillanueva/projects/ovarian-tumor-ultrasound-classification/data/processed/MMOTU_OTU_2D_experimental/train/masks/675_binary.PNG,159,121,0.029914,False,,/home/jvillanueva/projects/ovarian-tumor-ultrasound-classification/data/processed/MMOTU_OTU_2D_roi_gt/train/images/675.png
676,train,C,/home/jvillanueva/projects/ovarian-tumor-ultrasound-classification/data/processed/MMOTU_OTU_2D_experimental/train/images/676.JPG,/home/jvillanueva/projects/ovarian-tumor-ultrasound-classification/data/processed/MMOTU_OTU_2D_experimental/train/masks/676_binary.PNG,589,508,0.464047,False,,/home/jvillanueva/projects/ovarian-tumor-ultrasound-classification/data/processed/MMOTU_OTU_2D_roi_gt/train/images/676.png
677,train,C,/home/jvillanueva/projects/ovarian-tumor-ultrasound-classification/data/processed/MMOTU_OTU_2D_experimental/train/images/677.JPG,/home/jvillanueva/projects/ovarian-tumor-ultrasound-classification/data/processed/MMOTU_OTU_2D_experimental/train/masks/677_binary.PNG,599,508,0.47264,False,,/home/jvillanueva/projects/ovarian-tumor-ultrasound-classification/data/processed/MMOTU_OTU_2D_roi_gt/train/images/677.png
678,train,C,/home/jvillanueva/projects/ovarian-tumor-ultrasound-classification/data/processed/MMOTU_OTU_2D_experimental/train/images/678.JPG,/home/jvillanueva/projects/ovarian-tumor-ultrasound-classification/data/processed/MMOTU_OTU_2D_experimental/train/masks/678_binary.PNG,347,359,0.474109,False,,/home/jvillanueva/projects/ovarian-tumor-ultrasound-classification/data/processed/MMOTU_OTU_2D_roi_gt/train/images/678.png
68,train,C,/home/jvillanueva/projects/ovarian-tumor-ultrasound-classification/data/processed/MMOTU_OTU_2D_experimental/train/images/68.JPG,/home/jvillanueva/projects/ovarian-tumor-ultrasound-classification/data/processed/MMOTU_OTU_2D_experimental/train/masks/68_binary.PNG,338,288,0.153332,False,,/home/jvillanueva/projects/ovarian-tumor-ultrasound-classification/data/processed/MMOTU_OTU_2D_roi_gt/train/images/68.png
681,train,C,/home/jvillanueva/projects/ovarian-tumor-ultrasound-classification/data/processed/MMOTU_OTU_2D_experimental/train/images/681.JPG,/home/jvillanueva/projects/ovarian-tumor-ultrasound-classification/data/processed/MMOTU_OTU_2D_experimental/train/masks/681_binary.PNG,478,466,0.872659,False,,/home/jvillanueva/projects/ovarian-tumor-ultrasound-classification/data/processed/MMOTU_OTU_2D_roi_gt/train/images/681.png
684,train,C,/home/jvillanueva/projects/ovarian-tumor-ultrasound-classification/data/processed/MMOTU_OTU_2D_experimental/train/images/684.JPG,/home/jvillanueva/projects/ovarian-tumor-ultrasound-classification/data/processed/MMOTU_OTU_2D_experimental/train/masks/684_binary.PNG,341,409,0.510427,False,,/home/jvillanueva/projects/ovarian-tumor-ultrasound-classification/data/processed/MMOTU_OTU_2D_roi_gt/train/images/684.png
686,train,C,/home/jvillanueva/projects/ovarian-tumor-ultrasound-classification/data/processed/MMOTU_OTU_2D_experimental/train/images/686.JPG,/home/jvillanueva/projects/ovarian-tumor-ultrasound-classification/data/processed/MMOTU_OTU_2D_experimental/train/masks/686_binary.PNG,67,43,0.010758,False,,/home/jvillanueva/projects/ovarian-tumor-ultrasound-classification/data/processed/MMOTU_OTU_2D_roi_gt/train/images/686.png
688,train,C,/home/jvillanueva/projects/ovarian-tumor-ultrasound-classification/data/processed/MMOTU_OTU_2D_experimental/train/images/688.JPG,/home/jvillanueva/projects/ovarian-tumor-ultrasound-classification/data/processed/MMOTU_OTU_2D_experimental/train/masks/688_binary.PNG,179,217,0.149378,False,,/home/jvillanueva/projects/ovarian-tumor-ultrasound-classification/data/processed/MMOTU_OTU_2D_roi_gt/train/images/688.png
69,train,C,/home/jvillanueva/projects/ovarian-tumor-ultrasound-classification/data/processed/MMOTU_OTU_2D_experimental/train/images/69.JPG,/home/jvillanueva/projects/ovarian-tumor-ultrasound-classification/data/processed/MMOTU_OTU_2D_experimental/train/masks/69_binary.PNG,335,274,0.145022,False,,/home/jvillanueva/projects/ovarian-tumor-ultrasound-classification/data/processed/MMOTU_OTU_2D_roi_gt/train/images/69.png
692,train,C,/home/jvillanueva/projects/ovarian-tumor-ultrasound-classification/data/processed/MMOTU_OTU_2D_experimental/train/images/692.JPG,/home/jvillanueva/projects/ovarian-tumor-ultrasound-classification/data/processed/MMOTU_OTU_2D_experimental/train/masks/692_binary.PNG,349,307,0.208829,False,,/home/jvillanueva/projects/ovarian-tumor-ultrasound-classification/data/processed/MMOTU_OTU_2D_roi_gt/train/images/692.png
695,train,C,/home/jvillanueva/projects/ovarian-tumor-ultrasound-classification/data/processed/MMOTU_OTU_2D_experimental/train/images/695.JPG,/home/jvillanueva/projects/ovarian-tumor-ultrasound-classification/data/processed/MMOTU_OTU_2D_experimental/train/masks/695_binary.PNG,329,499,0.616086,False,,/home/jvillanueva/projects/ovarian-tumor-ultrasound-classification/data/processed/MMOTU_OTU_2D_roi_gt/train/images/695.png
696,train,C,/home/jvillanueva/projects/ovarian-tumor-ultrasound-classification/data/processed/MMOTU_OTU_2D_experimental/train/images/696.JPG,/home/jvillanueva/projects/ovarian-tumor-ultrasound-classification/data/processed/MMOTU_OTU_2D_experimental/train/masks/696_binary.PNG,430,423,0.340413,False,,/home/jvillanueva/projects/ovarian-tumor-ultrasound-classification/data/processed/MMOTU_OTU_2D_roi_gt/train/images/696.png
698,train,C,/home/jvillanueva/projects/ovarian-tumor-ultrasound-classification/data/processed/MMOTU_OTU_2D_experimental/train/images/698.JPG,/home/jvillanueva/projects/ovarian-tumor-ultrasound-classification/data/processed/MMOTU_OTU_2D_experimental/train/masks/698_binary.PNG,399,388,0.296418,False,,/home/jvillanueva/projects/ovarian-tumor-ultrasound-classification/data/processed/MMOTU_OTU_2D_roi_gt/train/images/698.png
7,train,C,/home/jvillanueva/projects/ovarian-tumor-ultrasound-classification/data/processed/MMOTU_OTU_2D_experimental/train/images/7.JPG,/home/jvillanueva/projects/ovarian-tumor-ultrasound-classification/data/processed/MMOTU_OTU_2D_experimental/train/masks/7_binary.PNG,480,310,0.292817,False,,/home/jvillanueva/projects/ovarian-tumor-ultrasound-classification/data/processed/MMOTU_OTU_2D_roi_gt/train/images/7.png
705,train,C,/home/jvillanueva/projects/ovarian-tumor-ultrasound-classification/data/processed/MMOTU_OTU_2D_experimental/train/images/705.JPG,/home/jvillanueva/projects/ovarian-tumor-ultrasound-classification/data/processed/MMOTU_OTU_2D_experimental/train/masks/705_binary.PNG,154,97,0.056658,False,,/home/jvillanueva/projects/ovarian-tumor-ultrasound-classification/data/processed/MMOTU_OTU_2D_roi_gt/train/images/705.png
706,train,C,/home/jvillanueva/projects/ovarian-tumor-ultrasound-classification/data/processed/MMOTU_OTU_2D_experimental/train/images/706.JPG,/home/jvillanueva/projects/ovarian-tumor-ultrasound-classification/data/processed/MMOTU_OTU_2D_experimental/train/masks/706_binary.PNG,272,262,0.271637,False,,/home/jvillanueva/projects/ovarian-tumor-ultrasound-classification/data/processed/MMOTU_OTU_2D_roi_gt/train/images/706.png
708,train,C,/home/jvillanueva/projects/ovarian-tumor-ultrasound-classification/data/processed/MMOTU_OTU_2D_experimental/train/images/708.JPG,/home/jvillanueva/projects/ovarian-tumor-ultrasound-classification/data/processed/MMOTU_OTU_2D_experimental/train/masks/708_binary.PNG,255,277,0.267557,False,,/home/jvillanueva/projects/ovarian-tumor-ultrasound-classification/data/processed/MMOTU_OTU_2D_roi_gt/train/images/708.png
709,train,C,/home/jvillanueva/projects/ovarian-tumor-ultrasound-classification/data/processed/MMOTU_OTU_2D_experimental/train/images/709.JPG,/home/jvillanueva/projects/ovarian-tumor-ultrasound-classification/data/processed/MMOTU_OTU_2D_experimental/train/masks/709_binary.PNG,264,252,0.250112,False,,/home/jvillanueva/projects/ovarian-tumor-ultrasound-classification/data/processed/MMOTU_OTU_2D_roi_gt/train/images/709.png
710,train,C,/home/jvillanueva/projects/ovarian-tumor-ultrasound-classification/data/processed/MMOTU_OTU_2D_experimental/train/images/710.JPG,/home/jvillanueva/projects/ovarian-tumor-ultrasound-classification/data/processed/MMOTU_OTU_2D_experimental/train/masks/710_binary.PNG,253,259,0.247309,False,,/home/jvillanueva/projects/ovarian-tumor-ultrasound-classification/data/processed/MMOTU_OTU_2D_roi_gt/train/images/710.png
713,train,C,/home/jvillanueva/projects/ovarian-tumor-ultrasound-classification/data/processed/MMOTU_OTU_2D_experimental/train/images/713.JPG,/home/jvillanueva/projects/ovarian-tumor-ultrasound-classification/data/processed/MMOTU_OTU_2D_experimental/train/masks/713_binary.PNG,392,269,0.764382,False,,/home/jvillanueva/projects/ovarian-tumor-ultrasound-classification/data/processed/MMOTU_OTU_2D_roi_gt/train/images/713.png
715,train,C,/home/jvillanueva/projects/ovarian-tumor-ultrasound-classification/data/processed/MMOTU_OTU_2D_experimental/train/images/715.JPG,/home/jvillanueva/projects/ovarian-tumor-ultrasound-classification/data/processed/MMOTU_OTU_2D_experimental/train/masks/715_binary.PNG,170,131,0.085622,False,,/home/jvillanueva/projects/ovarian-tumor-ultrasound-classification/data/processed/MMOTU_OTU_2D_roi_gt/train/images/715.png
717,train,C,/home/jvillanueva/projects/ovarian-tumor-ultrasound-classification/data/processed/MMOTU_OTU_2D_experimental/train/images/717.JPG,/home/jvillanueva/projects/ovarian-tumor-ultrasound-classification/data/processed/MMOTU_OTU_2D_experimental/train/masks/717_binary.PNG,170,131,0.084356,False,,/home/jvillanueva/projects/ovarian-tumor-ultrasound-classification/data/processed/MMOTU_OTU_2D_roi_gt/train/images/717.png
719,train,C,/home/jvillanueva/projects/ovarian-tumor-ultrasound-classification/data/processed/MMOTU_OTU_2D_experimental/train/images/719.JPG,/home/jvillanueva/projects/ovarian-tumor-ultrasound-classification/data/processed/MMOTU_OTU_2D_experimental/train/masks/719_binary.PNG,245,201,0.184629,False,,/home/jvillanueva/projects/ovarian-tumor-ultrasound-classification/data/processed/MMOTU_OTU_2D_roi_gt/train/images/719.png
72,train,C,/home/jvillanueva/projects/ovarian-tumor-ultrasound-classification/data/processed/MMOTU_OTU_2D_experimental/train/images/72.JPG,/home/jvillanueva/projects/ovarian-tumor-ultrasound-classification/data/processed/MMOTU_OTU_2D_experimental/train/masks/72_binary.PNG,446,369,0.320766,False,,/home/jvillanueva/projects/ovarian-tumor-ultrasound-classification/data/processed/MMOTU_OTU_2D_roi_gt/train/images/72.png
720,train,C,/home/jvillanueva/projects/ovarian-tumor-ultrasound-classification/data/processed/MMOTU_OTU_2D_experimental/train/images/720.JPG,/home/jvillanueva/projects/ovarian-tumor-ultrasound-classification/data/processed/MMOTU_OTU_2D_experimental/train/masks/720_binary.PNG,245,201,0.188985,False,,/home/jvillanueva/projects/ovarian-tumor-ultrasound-classification/data/processed/MMOTU_OTU_2D_roi_gt/train/images/720.png
721,train,C,/home/jvillanueva/projects/ovarian-tumor-ultrasound-classification/data/processed/MMOTU_OTU_2D_experimental/train/images/721.JPG,/home/jvillanueva/projects/ovarian-tumor-ultrasound-classification/data/processed/MMOTU_OTU_2D_experimental/train/masks/721_binary.PNG,249,201,0.185422,False,,/home/jvillanueva/projects/ovarian-tumor-ultrasound-classification/data/processed/MMOTU_OTU_2D_roi_gt/train/images/721.png
722,train,C,/home/jvillanueva/projects/ovarian-tumor-ultrasound-classification/data/processed/MMOTU_OTU_2D_experimental/train/images/722.JPG,/home/jvillanueva/projects/ovarian-tumor-ultrasound-classification/data/processed/MMOTU_OTU_2D_experimental/train/masks/722_binary.PNG,122,117,0.053485,False,,/home/jvillanueva/projects/ovarian-tumor-ultrasound-classification/data/processed/MMOTU_OTU_2D_roi_gt/train/images/722.png
723,train,C,/home/jvillanueva/projects/ovarian-tumor-ultrasound-classification/data/processed/MMOTU_OTU_2D_experimental/train/images/723.JPG,/home/jvillanueva/projects/ovarian-tumor-ultrasound-classification/data/processed/MMOTU_OTU_2D_experimental/train/masks/723_binary.PNG,147,140,0.077553,False,,/home/jvillanueva/projects/ovarian-tumor-ultrasound-classification/data/processed/MMOTU_OTU_2D_roi_gt/train/images/723.png
724,train,C,/home/jvillanueva/projects/ovarian-tumor-ultrasound-classification/data/processed/MMOTU_OTU_2D_experimental/train/images/724.JPG,/home/jvillanueva/projects/ovarian-tumor-ultrasound-classification/data/processed/MMOTU_OTU_2D_experimental/train/masks/724_binary.PNG,141,129,0.067167,False,,/home/jvillanueva/projects/ovarian-tumor-ultrasound-classification/data/processed/MMOTU_OTU_2D_roi_gt/train/images/724.png
725,train,C,/home/jvillanueva/projects/ovarian-tumor-ultrasound-classification/data/processed/MMOTU_OTU_2D_experimental/train/images/725.JPG,/home/jvillanueva/projects/ovarian-tumor-ultrasound-classification/data/processed/MMOTU_OTU_2D_experimental/train/masks/725_binary.PNG,476,381,0.684022,False,,/home/jvillanueva/projects/ovarian-tumor-ultrasound-classification/data/processed/MMOTU_OTU_2D_roi_gt/train/images/725.png
726,train,C,/home/jvillanueva/projects/ovarian-tumor-ultrasound-classification/data/processed/MMOTU_OTU_2D_experimental/train/images/726.JPG,/home/jvillanueva/projects/ovarian-tumor-ultrasound-classification/data/processed/MMOTU_OTU_2D_experimental/train/masks/726_binary.PNG,608,517,0.598257,False,,/home/jvillanueva/projects/ovarian-tumor-ultrasound-classification/data/processed/MMOTU_OTU_2D_roi_gt/train/images/726.png
727,train,C,/home/jvillanueva/projects/ovarian-tumor-ultrasound-classification/data/processed/MMOTU_OTU_2D_experimental/train/images/727.JPG,/home/jvillanueva/projects/ovarian-tumor-ultrasound-classification/data/processed/MMOTU_OTU_2D_experimental/train/masks/727_binary.PNG,540,464,0.456114,False,,/home/jvillanueva/projects/ovarian-tumor-ultrasound-classification/data/processed/MMOTU_OTU_2D_roi_gt/train/images/727.png
728,train,C,/home/jvillanueva/projects/ovarian-tumor-ultrasound-classification/data/processed/MMOTU_OTU_2D_experimental/train/images/728.JPG,/home/jvillanueva/projects/ovarian-tumor-ultrasound-classification/data/processed/MMOTU_OTU_2D_experimental/train/masks/728_binary.PNG,651,406,0.507218,False,,/home/jvillanueva/projects/ovarian-tumor-ultrasound-classification/data/processed/MMOTU_OTU_2D_roi_gt/train/images/728.png
729,train,C,/home/jvillanueva/projects/ovarian-tumor-ultrasound-classification/data/processed/MMOTU_OTU_2D_experimental/train/images/729.JPG,/home/jvillanueva/projects/ovarian-tumor-ultrasound-classification/data/processed/MMOTU_OTU_2D_experimental/train/masks/729_binary.PNG,339,280,0.183028,False,,/home/jvillanueva/projects/ovarian-tumor-ultrasound-classification/data/processed/MMOTU_OTU_2D_roi_gt/train/images/729.png
730,train,C,/home/jvillanueva/projects/ovarian-tumor-ultrasound-classification/data/processed/MMOTU_OTU_2D_experimental/train/images/730.JPG,/home/jvillanueva/projects/ovarian-tumor-ultrasound-classification/data/processed/MMOTU_OTU_2D_experimental/train/masks/730_binary.PNG,577,383,0.415216,False,,/home/jvillanueva/projects/ovarian-tumor-ultrasound-classification/data/processed/MMOTU_OTU_2D_roi_gt/train/images/730.png
731,train,C,/home/jvillanueva/projects/ovarian-tumor-ultrasound-classification/data/processed/MMOTU_OTU_2D_experimental/train/images/731.JPG,/home/jvillanueva/projects/ovarian-tumor-ultrasound-classification/data/processed/MMOTU_OTU_2D_experimental/train/masks/731_binary.PNG,325,297,0.377287,False,,/home/jvillanueva/projects/ovarian-tumor-ultrasound-classification/data/processed/MMOTU_OTU_2D_roi_gt/train/images/731.png
733,train,C,/home/jvillanueva/projects/ovarian-tumor-ultrasound-classification/data/processed/MMOTU_OTU_2D_experimental/train/images/733.JPG,/home/jvillanueva/projects/ovarian-tumor-ultrasound-classification/data/processed/MMOTU_OTU_2D_experimental/train/masks/733_binary.PNG,287,280,0.301109,False,,/home/jvillanueva/projects/ovarian-tumor-ultrasound-classification/data/processed/MMOTU_OTU_2D_roi_gt/train/images/733.png
734,train,C,/home/jvillanueva/projects/ovarian-tumor-ultrasound-classification/data/processed/MMOTU_OTU_2D_experimental/train/images/734.JPG,/home/jvillanueva/projects/ovarian-tumor-ultrasound-classification/data/processed/MMOTU_OTU_2D_experimental/train/masks/734_binary.PNG,327,263,0.319213,False,,/home/jvillanueva/projects/ovarian-tumor-ultrasound-classification/data/processed/MMOTU_OTU_2D_roi_gt/train/images/734.png
736,train,C,/home/jvillanueva/projects/ovarian-tumor-ultrasound-classification/data/processed/MMOTU_OTU_2D_experimental/train/images/736.JPG,/home/jvillanueva/projects/ovarian-tumor-ultrasound-classification/data/processed/MMOTU_OTU_2D_experimental/train/masks/736_binary.PNG,134,140,0.068994,False,,/home/jvillanueva/projects/ovarian-tumor-ultrasound-classification/data/processed/MMOTU_OTU_2D_roi_gt/train/images/736.png
737,train,C,/home/jvillanueva/projects/ovarian-tumor-ultrasound-classification/data/processed/MMOTU_OTU_2D_experimental/train/images/737.JPG,/home/jvillanueva/projects/ovarian-tumor-ultrasound-classification/data/processed/MMOTU_OTU_2D_experimental/train/masks/737_binary.PNG,148,112,0.062389,False,,/home/jvillanueva/projects/ovarian-tumor-ultrasound-classification/data/processed/MMOTU_OTU_2D_roi_gt/train/images/737.png
738,train,C,/home/jvillanueva/projects/ovarian-tumor-ultrasound-classification/data/processed/MMOTU_OTU_2D_experimental/train/images/738.JPG,/home/jvillanueva/projects/ovarian-tumor-ultrasound-classification/data/processed/MMOTU_OTU_2D_experimental/train/masks/738_binary.PNG,105,109,0.04203,False,,/home/jvillanueva/projects/ovarian-tumor-ultrasound-classification/data/processed/MMOTU_OTU_2D_roi_gt/train/images/738.png
739,train,C,/home/jvillanueva/projects/ovarian-tumor-ultrasound-classification/data/processed/MMOTU_OTU_2D_experimental/train/images/739.JPG,/home/jvillanueva/projects/ovarian-tumor-ultrasound-classification/data/processed/MMOTU_OTU_2D_experimental/train/masks/739_binary.PNG,149,111,0.062119,False,,/home/jvillanueva/projects/ovarian-tumor-ultrasound-classification/data/processed/MMOTU_OTU_2D_roi_gt/train/images/739.png
74,train,C,/home/jvillanueva/projects/ovarian-tumor-ultrasound-classification/data/processed/MMOTU_OTU_2D_experimental/train/images/74.JPG,/home/jvillanueva/projects/ovarian-tumor-ultrasound-classification/data/processed/MMOTU_OTU_2D_experimental/train/masks/74_binary.PNG,284,296,0.132815,False,,/home/jvillanueva/projects/ovarian-tumor-ultrasound-classification/data/processed/MMOTU_OTU_2D_roi_gt/train/images/74.png
742,train,C,/home/jvillanueva/projects/ovarian-tumor-ultrasound-classification/data/processed/MMOTU_OTU_2D_experimental/train/images/742.JPG,/home/jvillanueva/projects/ovarian-tumor-ultrasound-classification/data/processed/MMOTU_OTU_2D_experimental/train/masks/742_binary.PNG,549,335,0.289997,False,,/home/jvillanueva/projects/ovarian-tumor-ultrasound-classification/data/processed/MMOTU_OTU_2D_roi_gt/train/images/742.png
744,train,C,/home/jvillanueva/projects/ovarian-tumor-ultrasound-classification/data/processed/MMOTU_OTU_2D_experimental/train/images/744.JPG,/home/jvillanueva/projects/ovarian-tumor-ultrasound-classification/data/processed/MMOTU_OTU_2D_experimental/train/masks/744_binary.PNG,417,291,0.233273,False,,/home/jvillanueva/projects/ovarian-tumor-ultrasound-classification/data/processed/MMOTU_OTU_2D_roi_gt/train/images/744.png
745,train,C,/home/jvillanueva/projects/ovarian-tumor-ultrasound-classification/data/processed/MMOTU_OTU_2D_experimental/train/images/745.JPG,/home/jvillanueva/projects/ovarian-tumor-ultrasound-classification/data/processed/MMOTU_OTU_2D_experimental/train/masks/745_binary.PNG,427,376,0.312343,False,,/home/jvillanueva/projects/ovarian-tumor-ultrasound-classification/data/processed/MMOTU_OTU_2D_roi_gt/train/images/745.png
746,train,C,/home/jvillanueva/projects/ovarian-tumor-ultrasound-classification/data/processed/MMOTU_OTU_2D_experimental/train/images/746.JPG,/home/jvillanueva/projects/ovarian-tumor-ultrasound-classification/data/processed/MMOTU_OTU_2D_experimental/train/masks/746_binary.PNG,456,262,0.22636,False,,/home/jvillanueva/projects/ovarian-tumor-ultrasound-classification/data/processed/MMOTU_OTU_2D_roi_gt/train/images/746.png
749,train,C,/home/jvillanueva/projects/ovarian-tumor-ultrasound-classification/data/processed/MMOTU_OTU_2D_experimental/train/images/749.JPG,/home/jvillanueva/projects/ovarian-tumor-ultrasound-classification/data/processed/MMOTU_OTU_2D_experimental/train/masks/749_binary.PNG,220,203,0.165765,False,,/home/jvillanueva/projects/ovarian-tumor-ultrasound-classification/data/processed/MMOTU_OTU_2D_roi_gt/train/images/749.png
75,train,C,/home/jvillanueva/projects/ovarian-tumor-ultrasound-classification/data/processed/MMOTU_OTU_2D_experimental/train/images/75.JPG,/home/jvillanueva/projects/ovarian-tumor-ultrasound-classification/data/processed/MMOTU_OTU_2D_experimental/train/masks/75_binary.PNG,235,190,0.070437,False,,/home/jvillanueva/projects/ovarian-tumor-ultrasound-classification/data/processed/MMOTU_OTU_2D_roi_gt/train/images/75.png
750,train,C,/home/jvillanueva/projects/ovarian-tumor-ultrasound-classification/data/processed/MMOTU_OTU_2D_experimental/train/images/750.JPG,/home/jvillanueva/projects/ovarian-tumor-ultrasound-classification/data/processed/MMOTU_OTU_2D_experimental/train/masks/750_binary.PNG,290,228,0.26713,False,,/home/jvillanueva/projects/ovarian-tumor-ultrasound-classification/data/processed/MMOTU_OTU_2D_roi_gt/train/images/750.png
753,train,C,/home/jvillanueva/projects/ovarian-tumor-ultrasound-classification/data/processed/MMOTU_OTU_2D_experimental/train/images/753.JPG,/home/jvillanueva/projects/ovarian-tumor-ultrasound-classification/data/processed/MMOTU_OTU_2D_experimental/train/masks/753_binary.PNG,518,290,0.286891,False,,/home/jvillanueva/projects/ovarian-tumor-ultrasound-classification/data/processed/MMOTU_OTU_2D_roi_gt/train/images/753.png
757,train,C,/home/jvillanueva/projects/ovarian-tumor-ultrasound-classification/data/processed/MMOTU_OTU_2D_experimental/train/images/757.JPG,/home/jvillanueva/projects/ovarian-tumor-ultrasound-classification/data/processed/MMOTU_OTU_2D_experimental/train/masks/757_binary.PNG,280,229,0.095869,False,,/home/jvillanueva/projects/ovarian-tumor-ultrasound-classification/data/processed/MMOTU_OTU_2D_roi_gt/train/images/757.png
758,train,C,/home/jvillanueva/projects/ovarian-tumor-ultrasound-classification/data/processed/MMOTU_OTU_2D_experimental/train/images/758.JPG,/home/jvillanueva/projects/ovarian-tumor-ultrasound-classification/data/processed/MMOTU_OTU_2D_experimental/train/masks/758_binary.PNG,280,229,0.095283,False,,/home/jvillanueva/projects/ovarian-tumor-ultrasound-classification/data/processed/MMOTU_OTU_2D_roi_gt/train/images/758.png
759,train,C,/home/jvillanueva/projects/ovarian-tumor-ultrasound-classification/data/processed/MMOTU_OTU_2D_experimental/train/images/759.JPG,/home/jvillanueva/projects/ovarian-tumor-ultrasound-classification/data/processed/MMOTU_OTU_2D_experimental/train/masks/759_binary.PNG,265,228,0.086989,False,,/home/jvillanueva/projects/ovarian-tumor-ultrasound-classification/data/processed/MMOTU_OTU_2D_roi_gt/train/images/759.png
760,train,C,/home/jvillanueva/projects/ovarian-tumor-ultrasound-classification/data/processed/MMOTU_OTU_2D_experimental/train/images/760.JPG,/home/jvillanueva/projects/ovarian-tumor-ultrasound-classification/data/processed/MMOTU_OTU_2D_experimental/train/masks/760_binary.PNG,241,255,0.08711,False,,/home/jvillanueva/projects/ovarian-tumor-ultrasound-classification/data/processed/MMOTU_OTU_2D_roi_gt/train/images/760.png
761,train,C,/home/jvillanueva/projects/ovarian-tumor-ultrasound-classification/data/processed/MMOTU_OTU_2D_experimental/train/images/761.JPG,/home/jvillanueva/projects/ovarian-tumor-ultrasound-classification/data/processed/MMOTU_OTU_2D_experimental/train/masks/761_binary.PNG,519,358,0.265334,False,,/home/jvillanueva/projects/ovarian-tumor-ultrasound-classification/data/processed/MMOTU_OTU_2D_roi_gt/train/images/761.png
764,train,C,/home/jvillanueva/projects/ovarian-tumor-ultrasound-classification/data/processed/MMOTU_OTU_2D_experimental/train/images/764.JPG,/home/jvillanueva/projects/ovarian-tumor-ultrasound-classification/data/processed/MMOTU_OTU_2D_experimental/train/masks/764_binary.PNG,283,242,0.200569,False,,/home/jvillanueva/projects/ovarian-tumor-ultrasound-classification/data/processed/MMOTU_OTU_2D_roi_gt/train/images/764.png
765,train,C,/home/jvillanueva/projects/ovarian-tumor-ultrasound-classification/data/processed/MMOTU_OTU_2D_experimental/train/images/765.JPG,/home/jvillanueva/projects/ovarian-tumor-ultrasound-classification/data/processed/MMOTU_OTU_2D_experimental/train/masks/765_binary.PNG,284,241,0.204361,False,,/home/jvillanueva/projects/ovarian-tumor-ultrasound-classification/data/processed/MMOTU_OTU_2D_roi_gt/train/images/765.png
766,train,C,/home/jvillanueva/projects/ovarian-tumor-ultrasound-classification/data/processed/MMOTU_OTU_2D_experimental/train/images/766.JPG,/home/jvillanueva/projects/ovarian-tumor-ultrasound-classification/data/processed/MMOTU_OTU_2D_experimental/train/masks/766_binary.PNG,296,245,0.209701,False,,/home/jvillanueva/projects/ovarian-tumor-ultrasound-classification/data/processed/MMOTU_OTU_2D_roi_gt/train/images/766.png
767,train,C,/home/jvillanueva/projects/ovarian-tumor-ultrasound-classification/data/processed/MMOTU_OTU_2D_experimental/train/images/767.JPG,/home/jvillanueva/projects/ovarian-tumor-ultrasound-classification/data/processed/MMOTU_OTU_2D_experimental/train/masks/767_binary.PNG,206,276,0.162648,False,,/home/jvillanueva/projects/ovarian-tumor-ultrasound-classification/data/processed/MMOTU_OTU_2D_roi_gt/train/images/767.png
769,train,C,/home/jvillanueva/projects/ovarian-tumor-ultrasound-classification/data/processed/MMOTU_OTU_2D_experimental/train/images/769.JPG,/home/jvillanueva/projects/ovarian-tumor-ultrasound-classification/data/processed/MMOTU_OTU_2D_experimental/train/masks/769_binary.PNG,356,285,0.499036,False,,/home/jvillanueva/projects/ovarian-tumor-ultrasound-classification/data/processed/MMOTU_OTU_2D_roi_gt/train/images/769.png
77,train,C,/home/jvillanueva/projects/ovarian-tumor-ultrasound-classification/data/processed/MMOTU_OTU_2D_experimental/train/images/77.JPG,/home/jvillanueva/projects/ovarian-tumor-ultrasound-classification/data/processed/MMOTU_OTU_2D_experimental/train/masks/77_binary.PNG,728,575,0.656995,False,,/home/jvillanueva/projects/ovarian-tumor-ultrasound-classification/data/processed/MMOTU_OTU_2D_roi_gt/train/images/77.png
772,train,C,/home/jvillanueva/projects/ovarian-tumor-ultrasound-classification/data/processed/MMOTU_OTU_2D_experimental/train/images/772.JPG,/home/jvillanueva/projects/ovarian-tumor-ultrasound-classification/data/processed/MMOTU_OTU_2D_experimental/train/masks/772_binary.PNG,317,242,0.295336,False,,/home/jvillanueva/projects/ovarian-tumor-ultrasound-classification/data/processed/MMOTU_OTU_2D_roi_gt/train/images/772.png
774,train,C,/home/jvillanueva/projects/ovarian-tumor-ultrasound-classification/data/processed/MMOTU_OTU_2D_experimental/train/images/774.JPG,/home/jvillanueva/projects/ovarian-tumor-ultrasound-classification/data/processed/MMOTU_OTU_2D_experimental/train/masks/774_binary.PNG,179,132,0.103963,False,,/home/jvillanueva/projects/ovarian-tumor-ultrasound-classification/data/processed/MMOTU_OTU_2D_roi_gt/train/images/774.png
777,train,C,/home/jvillanueva/projects/ovarian-tumor-ultrasound-classification/data/processed/MMOTU_OTU_2D_experimental/train/images/777.JPG,/home/jvillanueva/projects/ovarian-tumor-ultrasound-classification/data/processed/MMOTU_OTU_2D_experimental/train/masks/777_binary.PNG,648,486,0.602732,False,,/home/jvillanueva/projects/ovarian-tumor-ultrasound-classification/data/processed/MMOTU_OTU_2D_roi_gt/train/images/777.png
78,train,C,/home/jvillanueva/projects/ovarian-tumor-ultrasound-classification/data/processed/MMOTU_OTU_2D_experimental/train/images/78.JPG,/home/jvillanueva/projects/ovarian-tumor-ultrasound-classification/data/processed/MMOTU_OTU_2D_experimental/train/masks/78_binary.PNG,563,541,0.478993,False,,/home/jvillanueva/projects/ovarian-tumor-ultrasound-classification/data/processed/MMOTU_OTU_2D_roi_gt/train/images/78.png
780,train,C,/home/jvillanueva/projects/ovarian-tumor-ultrasound-classification/data/processed/MMOTU_OTU_2D_experimental/train/images/780.JPG,/home/jvillanueva/projects/ovarian-tumor-ultrasound-classification/data/processed/MMOTU_OTU_2D_experimental/train/masks/780_binary.PNG,321,230,0.283197,False,,/home/jvillanueva/projects/ovarian-tumor-ultrasound-classification/data/processed/MMOTU_OTU_2D_roi_gt/train/images/780.png
781,train,C,/home/jvillanueva/projects/ovarian-tumor-ultrasound-classification/data/processed/MMOTU_OTU_2D_experimental/train/images/781.JPG,/home/jvillanueva/projects/ovarian-tumor-ultrasound-classification/data/processed/MMOTU_OTU_2D_experimental/train/masks/781_binary.PNG,379,249,0.362163,False,,/home/jvillanueva/projects/ovarian-tumor-ultrasound-classification/data/processed/MMOTU_OTU_2D_roi_gt/train/images/781.png
782,train,C,/home/jvillanueva/projects/ovarian-tumor-ultrasound-classification/data/processed/MMOTU_OTU_2D_experimental/train/images/782.JPG,/home/jvillanueva/projects/ovarian-tumor-ultrasound-classification/data/processed/MMOTU_OTU_2D_experimental/train/masks/782_binary.PNG,215,200,0.162923,False,,/home/jvillanueva/projects/ovarian-tumor-ultrasound-classification/data/processed/MMOTU_OTU_2D_roi_gt/train/images/782.png
783,train,C,/home/jvillanueva/projects/ovarian-tumor-ultrasound-classification/data/processed/MMOTU_OTU_2D_experimental/train/images/783.JPG,/home/jvillanueva/projects/ovarian-tumor-ultrasound-classification/data/processed/MMOTU_OTU_2D_experimental/train/masks/783_binary.PNG,176,176,0.117674,False,,/home/jvillanueva/projects/ovarian-tumor-ultrasound-classification/data/processed/MMOTU_OTU_2D_roi_gt/train/images/783.png
785,train,C,/home/jvillanueva/projects/ovarian-tumor-ultrasound-classification/data/processed/MMOTU_OTU_2D_experimental/train/images/785.JPG,/home/jvillanueva/projects/ovarian-tumor-ultrasound-classification/data/processed/MMOTU_OTU_2D_experimental/train/masks/785_binary.PNG,779,457,0.63784,False,,/home/jvillanueva/projects/ovarian-tumor-ultrasound-classification/data/processed/MMOTU_OTU_2D_roi_gt/train/images/785.png
786,train,C,/home/jvillanueva/projects/ovarian-tumor-ultrasound-classification/data/processed/MMOTU_OTU_2D_experimental/train/images/786.JPG,/home/jvillanueva/projects/ovarian-tumor-ultrasound-classification/data/processed/MMOTU_OTU_2D_experimental/train/masks/786_binary.PNG,634,609,0.71974,False,,/home/jvillanueva/projects/ovarian-tumor-ultrasound-classification/data/processed/MMOTU_OTU_2D_roi_gt/train/images/786.png
787,train,C,/home/jvillanueva/projects/ovarian-tumor-ultrasound-classification/data/processed/MMOTU_OTU_2D_experimental/train/images/787.JPG,/home/jvillanueva/projects/ovarian-tumor-ultrasound-classification/data/processed/MMOTU_OTU_2D_experimental/train/masks/787_binary.PNG,694,664,0.91155,False,,/home/jvillanueva/projects/ovarian-tumor-ultrasound-classification/data/processed/MMOTU_OTU_2D_roi_gt/train/images/787.png
788,train,C,/home/jvillanueva/projects/ovarian-tumor-ultrasound-classification/data/processed/MMOTU_OTU_2D_experimental/train/images/788.JPG,/home/jvillanueva/projects/ovarian-tumor-ultrasound-classification/data/processed/MMOTU_OTU_2D_experimental/train/masks/788_binary.PNG,670,662,0.848382,False,,/home/jvillanueva/projects/ovarian-tumor-ultrasound-classification/data/processed/MMOTU_OTU_2D_roi_gt/train/images/788.png
789,train,C,/home/jvillanueva/projects/ovarian-tumor-ultrasound-classification/data/processed/MMOTU_OTU_2D_experimental/train/images/789.JPG,/home/jvillanueva/projects/ovarian-tumor-ultrasound-classification/data/processed/MMOTU_OTU_2D_experimental/train/masks/789_binary.PNG,134,128,0.032065,False,,/home/jvillanueva/projects/ovarian-tumor-ultrasound-classification/data/processed/MMOTU_OTU_2D_roi_gt/train/images/789.png
79,train,C,/home/jvillanueva/projects/ovarian-tumor-ultrasound-classification/data/processed/MMOTU_OTU_2D_experimental/train/images/79.JPG,/home/jvillanueva/projects/ovarian-tumor-ultrasound-classification/data/processed/MMOTU_OTU_2D_experimental/train/masks/79_binary.PNG,275,243,0.131613,False,,/home/jvillanueva/projects/ovarian-tumor-ultrasound-classification/data/processed/MMOTU_OTU_2D_roi_gt/train/images/79.png
790,train,C,/home/jvillanueva/projects/ovarian-tumor-ultrasound-classification/data/processed/MMOTU_OTU_2D_experimental/train/images/790.JPG,/home/jvillanueva/projects/ovarian-tumor-ultrasound-classification/data/processed/MMOTU_OTU_2D_experimental/train/masks/790_binary.PNG,101,100,0.018973,False,,/home/jvillanueva/projects/ovarian-tumor-ultrasound-classification/data/processed/MMOTU_OTU_2D_roi_gt/train/images/790.png
794,train,C,/home/jvillanueva/projects/ovarian-tumor-ultrasound-classification/data/processed/MMOTU_OTU_2D_experimental/train/images/794.JPG,/home/jvillanueva/projects/ovarian-tumor-ultrasound-classification/data/processed/MMOTU_OTU_2D_experimental/train/masks/794_binary.PNG,219,154,0.06348,False,,/home/jvillanueva/projects/ovarian-tumor-ultrasound-classification/data/processed/MMOTU_OTU_2D_roi_gt/train/images/794.png
795,train,C,/home/jvillanueva/projects/ovarian-tumor-ultrasound-classification/data/processed/MMOTU_OTU_2D_experimental/train/images/795.JPG,/home/jvillanueva/projects/ovarian-tumor-ultrasound-classification/data/processed/MMOTU_OTU_2D_experimental/train/masks/795_binary.PNG,152,135,0.039261,False,,/home/jvillanueva/projects/ovarian-tumor-ultrasound-classification/data/processed/MMOTU_OTU_2D_roi_gt/train/images/795.png
796,train,C,/home/jvillanueva/projects/ovarian-tumor-ultrasound-classification/data/processed/MMOTU_OTU_2D_experimental/train/images/796.JPG,/home/jvillanueva/projects/ovarian-tumor-ultrasound-classification/data/processed/MMOTU_OTU_2D_experimental/train/masks/796_binary.PNG,280,237,0.127906,False,,/home/jvillanueva/projects/ovarian-tumor-ultrasound-classification/data/processed/MMOTU_OTU_2D_roi_gt/train/images/796.png
798,train,C,/home/jvillanueva/projects/ovarian-tumor-ultrasound-classification/data/processed/MMOTU_OTU_2D_experimental/train/images/798.JPG,/home/jvillanueva/projects/ovarian-tumor-ultrasound-classification/data/processed/MMOTU_OTU_2D_experimental/train/masks/798_binary.PNG,398,252,0.195323,False,,/home/jvillanueva/projects/ovarian-tumor-ultrasound-classification/data/processed/MMOTU_OTU_2D_roi_gt/train/images/798.png
799,train,C,/home/jvillanueva/projects/ovarian-tumor-ultrasound-classification/data/processed/MMOTU_OTU_2D_experimental/train/images/799.JPG,/home/jvillanueva/projects/ovarian-tumor-ultrasound-classification/data/processed/MMOTU_OTU_2D_experimental/train/masks/799_binary.PNG,279,244,0.131488,False,,/home/jvillanueva/projects/ovarian-tumor-ultrasound-classification/data/processed/MMOTU_OTU_2D_roi_gt/train/images/799.png
80,train,C,/home/jvillanueva/projects/ovarian-tumor-ultrasound-classification/data/processed/MMOTU_OTU_2D_experimental/train/images/80.JPG,/home/jvillanueva/projects/ovarian-tumor-ultrasound-classification/data/processed/MMOTU_OTU_2D_experimental/train/masks/80_binary.PNG,344,251,0.169735,False,,/home/jvillanueva/projects/ovarian-tumor-ultrasound-classification/data/processed/MMOTU_OTU_2D_roi_gt/train/images/80.png
801,train,C,/home/jvillanueva/projects/ovarian-tumor-ultrasound-classification/data/processed/MMOTU_OTU_2D_experimental/train/images/801.JPG,/home/jvillanueva/projects/ovarian-tumor-ultrasound-classification/data/processed/MMOTU_OTU_2D_experimental/train/masks/801_binary.PNG,264,254,0.128906,False,,/home/jvillanueva/projects/ovarian-tumor-ultrasound-classification/data/processed/MMOTU_OTU_2D_roi_gt/train/images/801.png
803,train,C,/home/jvillanueva/projects/ovarian-tumor-ultrasound-classification/data/processed/MMOTU_OTU_2D_experimental/train/images/803.JPG,/home/jvillanueva/projects/ovarian-tumor-ultrasound-classification/data/processed/MMOTU_OTU_2D_experimental/train/masks/803_binary.PNG,538,437,0.453265,False,,/home/jvillanueva/projects/ovarian-tumor-ultrasound-classification/data/processed/MMOTU_OTU_2D_roi_gt/train/images/803.png
805,train,C,/home/jvillanueva/projects/ovarian-tumor-ultrasound-classification/data/processed/MMOTU_OTU_2D_experimental/train/images/805.JPG,/home/jvillanueva/projects/ovarian-tumor-ultrasound-classification/data/processed/MMOTU_OTU_2D_experimental/train/masks/805_binary.PNG,480,435,0.801105,False,,/home/jvillanueva/projects/ovarian-tumor-ultrasound-classification/data/processed/MMOTU_OTU_2D_roi_gt/train/images/805.png
808,train,C,/home/jvillanueva/projects/ovarian-tumor-ultrasound-classification/data/processed/MMOTU_OTU_2D_experimental/train/images/808.JPG,/home/jvillanueva/projects/ovarian-tumor-ultrasound-classification/data/processed/MMOTU_OTU_2D_experimental/train/masks/808_binary.PNG,91,182,0.031923,False,,/home/jvillanueva/projects/ovarian-tumor-ultrasound-classification/data/processed/MMOTU_OTU_2D_roi_gt/train/images/808.png
809,train,C,/home/jvillanueva/projects/ovarian-tumor-ultrasound-classification/data/processed/MMOTU_OTU_2D_experimental/train/images/809.JPG,/home/jvillanueva/projects/ovarian-tumor-ultrasound-classification/data/processed/MMOTU_OTU_2D_experimental/train/masks/809_binary.PNG,119,154,0.067856,False,,/home/jvillanueva/projects/ovarian-tumor-ultrasound-classification/data/processed/MMOTU_OTU_2D_roi_gt/train/images/809.png
81,train,C,/home/jvillanueva/projects/ovarian-tumor-ultrasound-classification/data/processed/MMOTU_OTU_2D_experimental/train/images/81.JPG,/home/jvillanueva/projects/ovarian-tumor-ultrasound-classification/data/processed/MMOTU_OTU_2D_experimental/train/masks/81_binary.PNG,349,248,0.170322,False,,/home/jvillanueva/projects/ovarian-tumor-ultrasound-classification/data/processed/MMOTU_OTU_2D_roi_gt/train/images/81.png
811,train,C,/home/jvillanueva/projects/ovarian-tumor-ultrasound-classification/data/processed/MMOTU_OTU_2D_experimental/train/images/811.JPG,/home/jvillanueva/projects/ovarian-tumor-ultrasound-classification/data/processed/MMOTU_OTU_2D_experimental/train/masks/811_binary.PNG,284,238,0.197327,False,,/home/jvillanueva/projects/ovarian-tumor-ultrasound-classification/data/processed/MMOTU_OTU_2D_roi_gt/train/images/811.png
812,train,C,/home/jvillanueva/projects/ovarian-tumor-ultrasound-classification/data/processed/MMOTU_OTU_2D_experimental/train/images/812.JPG,/home/jvillanueva/projects/ovarian-tumor-ultrasound-classification/data/processed/MMOTU_OTU_2D_experimental/train/masks/812_binary.PNG,704,395,0.347524,False,,/home/jvillanueva/projects/ovarian-tumor-ultrasound-classification/data/processed/MMOTU_OTU_2D_roi_gt/train/images/812.png
813,train,C,/home/jvillanueva/projects/ovarian-tumor-ultrasound-classification/data/processed/MMOTU_OTU_2D_experimental/train/images/813.JPG,/home/jvillanueva/projects/ovarian-tumor-ultrasound-classification/data/processed/MMOTU_OTU_2D_experimental/train/masks/813_binary.PNG,157,134,0.15727,False,,/home/jvillanueva/projects/ovarian-tumor-ultrasound-classification/data/processed/MMOTU_OTU_2D_roi_gt/train/images/813.png
818,train,C,/home/jvillanueva/projects/ovarian-tumor-ultrasound-classification/data/processed/MMOTU_OTU_2D_experimental/train/images/818.JPG,/home/jvillanueva/projects/ovarian-tumor-ultrasound-classification/data/processed/MMOTU_OTU_2D_experimental/train/masks/818_binary.PNG,541,313,0.326238,False,,/home/jvillanueva/projects/ovarian-tumor-ultrasound-classification/data/processed/MMOTU_OTU_2D_roi_gt/train/images/818.png
819,train,C,/home/jvillanueva/projects/ovarian-tumor-ultrasound-classification/data/processed/MMOTU_OTU_2D_experimental/train/images/819.JPG,/home/jvillanueva/projects/ovarian-tumor-ultrasound-classification/data/processed/MMOTU_OTU_2D_experimental/train/masks/819_binary.PNG,523,307,0.301435,False,,/home/jvillanueva/projects/ovarian-tumor-ultrasound-classification/data/processed/MMOTU_OTU_2D_roi_gt/train/images/819.png
82,train,C,/home/jvillanueva/projects/ovarian-tumor-ultrasound-classification/data/processed/MMOTU_OTU_2D_experimental/train/images/82.JPG,/home/jvillanueva/projects/ovarian-tumor-ultrasound-classification/data/processed/MMOTU_OTU_2D_experimental/train/masks/82_binary.PNG,376,251,0.185176,False,,/home/jvillanueva/projects/ovarian-tumor-ultrasound-classification/data/processed/MMOTU_OTU_2D_roi_gt/train/images/82.png
822,train,C,/home/jvillanueva/projects/ovarian-tumor-ultrasound-classification/data/processed/MMOTU_OTU_2D_experimental/train/images/822.JPG,/home/jvillanueva/projects/ovarian-tumor-ultrasound-classification/data/processed/MMOTU_OTU_2D_experimental/train/masks/822_binary.PNG,475,584,0.401322,False,,/home/jvillanueva/projects/ovarian-tumor-ultrasound-classification/data/processed/MMOTU_OTU_2D_roi_gt/train/images/822.png
823,train,C,/home/jvillanueva/projects/ovarian-tumor-ultrasound-classification/data/processed/MMOTU_OTU_2D_experimental/train/images/823.JPG,/home/jvillanueva/projects/ovarian-tumor-ultrasound-classification/data/processed/MMOTU_OTU_2D_experimental/train/masks/823_binary.PNG,263,266,0.132154,False,,/home/jvillanueva/projects/ovarian-tumor-ultrasound-classification/data/processed/MMOTU_OTU_2D_roi_gt/train/images/823.png
824,train,C,/home/jvillanueva/projects/ovarian-tumor-ultrasound-classification/data/processed/MMOTU_OTU_2D_experimental/train/images/824.JPG,/home/jvillanueva/projects/ovarian-tumor-ultrasound-classification/data/processed/MMOTU_OTU_2D_experimental/train/masks/824_binary.PNG,166,83,0.026313,False,,/home/jvillanueva/projects/ovarian-tumor-ultrasound-classification/data/processed/MMOTU_OTU_2D_roi_gt/train/images/824.png
827,train,C,/home/jvillanueva/projects/ovarian-tumor-ultrasound-classification/data/processed/MMOTU_OTU_2D_experimental/train/images/827.JPG,/home/jvillanueva/projects/ovarian-tumor-ultrasound-classification/data/processed/MMOTU_OTU_2D_experimental/train/masks/827_binary.PNG,154,144,0.041073,False,,/home/jvillanueva/projects/ovarian-tumor-ultrasound-classification/data/processed/MMOTU_OTU_2D_roi_gt/train/images/827.png
828,train,C,/home/jvillanueva/projects/ovarian-tumor-ultrasound-classification/data/processed/MMOTU_OTU_2D_experimental/train/images/828.JPG,/home/jvillanueva/projects/ovarian-tumor-ultrasound-classification/data/processed/MMOTU_OTU_2D_experimental/train/masks/828_binary.PNG,221,200,0.085725,False,,/home/jvillanueva/projects/ovarian-tumor-ultrasound-classification/data/processed/MMOTU_OTU_2D_roi_gt/train/images/828.png
829,train,C,/home/jvillanueva/projects/ovarian-tumor-ultrasound-classification/data/processed/MMOTU_OTU_2D_experimental/train/images/829.JPG,/home/jvillanueva/projects/ovarian-tumor-ultrasound-classification/data/processed/MMOTU_OTU_2D_experimental/train/masks/829_binary.PNG,279,272,0.117622,False,,/home/jvillanueva/projects/ovarian-tumor-ultrasound-classification/data/processed/MMOTU_OTU_2D_roi_gt/train/images/829.png
830,train,C,/home/jvillanueva/projects/ovarian-tumor-ultrasound-classification/data/processed/MMOTU_OTU_2D_experimental/train/images/830.JPG,/home/jvillanueva/projects/ovarian-tumor-ultrasound-classification/data/processed/MMOTU_OTU_2D_experimental/train/masks/830_binary.PNG,341,256,0.167198,False,,/home/jvillanueva/projects/ovarian-tumor-ultrasound-classification/data/processed/MMOTU_OTU_2D_roi_gt/train/images/830.png
831,train,C,/home/jvillanueva/projects/ovarian-tumor-ultrasound-classification/data/processed/MMOTU_OTU_2D_experimental/train/images/831.JPG,/home/jvillanueva/projects/ovarian-tumor-ultrasound-classification/data/processed/MMOTU_OTU_2D_experimental/train/masks/831_binary.PNG,217,157,0.065857,False,,/home/jvillanueva/projects/ovarian-tumor-ultrasound-classification/data/processed/MMOTU_OTU_2D_roi_gt/train/images/831.png
833,train,C,/home/jvillanueva/projects/ovarian-tumor-ultrasound-classification/data/processed/MMOTU_OTU_2D_experimental/train/images/833.JPG,/home/jvillanueva/projects/ovarian-tumor-ultrasound-classification/data/processed/MMOTU_OTU_2D_experimental/train/masks/833_binary.PNG,242,124,0.217386,False,,/home/jvillanueva/projects/ovarian-tumor-ultrasound-classification/data/processed/MMOTU_OTU_2D_roi_gt/train/images/833.png
834,train,C,/home/jvillanueva/projects/ovarian-tumor-ultrasound-classification/data/processed/MMOTU_OTU_2D_experimental/train/images/834.JPG,/home/jvillanueva/projects/ovarian-tumor-ultrasound-classification/data/processed/MMOTU_OTU_2D_experimental/train/masks/834_binary.PNG,507,380,0.371014,False,,/home/jvillanueva/projects/ovarian-tumor-ultrasound-classification/data/processed/MMOTU_OTU_2D_roi_gt/train/images/834.png
835,train,C,/home/jvillanueva/projects/ovarian-tumor-ultrasound-classification/data/processed/MMOTU_OTU_2D_experimental/train/images/835.JPG,/home/jvillanueva/projects/ovarian-tumor-ultrasound-classification/data/processed/MMOTU_OTU_2D_experimental/train/masks/835_binary.PNG,648,303,0.335087,False,,/home/jvillanueva/projects/ovarian-tumor-ultrasound-classification/data/processed/MMOTU_OTU_2D_roi_gt/train/images/835.png
836,train,C,/home/jvillanueva/projects/ovarian-tumor-ultrasound-classification/data/processed/MMOTU_OTU_2D_experimental/train/images/836.JPG,/home/jvillanueva/projects/ovarian-tumor-ultrasound-classification/data/processed/MMOTU_OTU_2D_experimental/train/masks/836_binary.PNG,591,327,0.32928,False,,/home/jvillanueva/projects/ovarian-tumor-ultrasound-classification/data/processed/MMOTU_OTU_2D_roi_gt/train/images/836.png
838,train,C,/home/jvillanueva/projects/ovarian-tumor-ultrasound-classification/data/processed/MMOTU_OTU_2D_experimental/train/images/838.JPG,/home/jvillanueva/projects/ovarian-tumor-ultrasound-classification/data/processed/MMOTU_OTU_2D_experimental/train/masks/838_binary.PNG,476,435,0.406024,False,,/home/jvillanueva/projects/ovarian-tumor-ultrasound-classification/data/processed/MMOTU_OTU_2D_roi_gt/train/images/838.png
839,train,C,/home/jvillanueva/projects/ovarian-tumor-ultrasound-classification/data/processed/MMOTU_OTU_2D_experimental/train/images/839.JPG,/home/jvillanueva/projects/ovarian-tumor-ultrasound-classification/data/processed/MMOTU_OTU_2D_experimental/train/masks/839_binary.PNG,614,385,0.405178,False,,/home/jvillanueva/projects/ovarian-tumor-ultrasound-classification/data/processed/MMOTU_OTU_2D_roi_gt/train/images/839.png
840,train,C,/home/jvillanueva/projects/ovarian-tumor-ultrasound-classification/data/processed/MMOTU_OTU_2D_experimental/train/images/840.JPG,/home/jvillanueva/projects/ovarian-tumor-ultrasound-classification/data/processed/MMOTU_OTU_2D_experimental/train/masks/840_binary.PNG,177,141,0.06999,False,,/home/jvillanueva/projects/ovarian-tumor-ultrasound-classification/data/processed/MMOTU_OTU_2D_roi_gt/train/images/840.png
841,train,C,/home/jvillanueva/projects/ovarian-tumor-ultrasound-classification/data/processed/MMOTU_OTU_2D_experimental/train/images/841.JPG,/home/jvillanueva/projects/ovarian-tumor-ultrasound-classification/data/processed/MMOTU_OTU_2D_experimental/train/masks/841_binary.PNG,145,153,0.062075,False,,/home/jvillanueva/projects/ovarian-tumor-ultrasound-classification/data/processed/MMOTU_OTU_2D_roi_gt/train/images/841.png
845,train,C,/home/jvillanueva/projects/ovarian-tumor-ultrasound-classification/data/processed/MMOTU_OTU_2D_experimental/train/images/845.JPG,/home/jvillanueva/projects/ovarian-tumor-ultrasound-classification/data/processed/MMOTU_OTU_2D_experimental/train/masks/845_binary.PNG,344,320,0.204214,False,,/home/jvillanueva/projects/ovarian-tumor-ultrasound-classification/data/processed/MMOTU_OTU_2D_roi_gt/train/images/845.png
846,train,C,/home/jvillanueva/projects/ovarian-tumor-ultrasound-classification/data/processed/MMOTU_OTU_2D_experimental/train/images/846.JPG,/home/jvillanueva/projects/ovarian-tumor-ultrasound-classification/data/processed/MMOTU_OTU_2D_experimental/train/masks/846_binary.PNG,346,315,0.2024,False,,/home/jvillanueva/projects/ovarian-tumor-ultrasound-classification/data/processed/MMOTU_OTU_2D_roi_gt/train/images/846.png
850,train,C,/home/jvillanueva/projects/ovarian-tumor-ultrasound-classification/data/processed/MMOTU_OTU_2D_experimental/train/images/850.JPG,/home/jvillanueva/projects/ovarian-tumor-ultrasound-classification/data/processed/MMOTU_OTU_2D_experimental/train/masks/850_binary.PNG,423,382,0.299999,False,,/home/jvillanueva/projects/ovarian-tumor-ultrasound-classification/data/processed/MMOTU_OTU_2D_roi_gt/train/images/850.png
851,train,C,/home/jvillanueva/projects/ovarian-tumor-ultrasound-classification/data/processed/MMOTU_OTU_2D_experimental/train/images/851.JPG,/home/jvillanueva/projects/ovarian-tumor-ultrasound-classification/data/processed/MMOTU_OTU_2D_experimental/train/masks/851_binary.PNG,442,375,0.319663,False,,/home/jvillanueva/projects/ovarian-tumor-ultrasound-classification/data/processed/MMOTU_OTU_2D_roi_gt/train/images/851.png
852,train,C,/home/jvillanueva/projects/ovarian-tumor-ultrasound-classification/data/processed/MMOTU_OTU_2D_experimental/train/images/852.JPG,/home/jvillanueva/projects/ovarian-tumor-ultrasound-classification/data/processed/MMOTU_OTU_2D_experimental/train/masks/852_binary.PNG,216,187,0.305842,False,,/home/jvillanueva/projects/ovarian-tumor-ultrasound-classification/data/processed/MMOTU_OTU_2D_roi_gt/train/images/852.png
853,train,C,/home/jvillanueva/projects/ovarian-tumor-ultrasound-classification/data/processed/MMOTU_OTU_2D_experimental/train/images/853.JPG,/home/jvillanueva/projects/ovarian-tumor-ultrasound-classification/data/processed/MMOTU_OTU_2D_experimental/train/masks/853_binary.PNG,355,279,0.189354,False,,/home/jvillanueva/projects/ovarian-tumor-ultrasound-classification/data/processed/MMOTU_OTU_2D_roi_gt/train/images/853.png
855,train,C,/home/jvillanueva/projects/ovarian-tumor-ultrasound-classification/data/processed/MMOTU_OTU_2D_experimental/train/images/855.JPG,/home/jvillanueva/projects/ovarian-tumor-ultrasound-classification/data/processed/MMOTU_OTU_2D_experimental/train/masks/855_binary.PNG,460,539,0.480167,False,,/home/jvillanueva/projects/ovarian-tumor-ultrasound-classification/data/processed/MMOTU_OTU_2D_roi_gt/train/images/855.png
858,train,C,/home/jvillanueva/projects/ovarian-tumor-ultrasound-classification/data/processed/MMOTU_OTU_2D_experimental/train/images/858.JPG,/home/jvillanueva/projects/ovarian-tumor-ultrasound-classification/data/processed/MMOTU_OTU_2D_experimental/train/masks/858_binary.PNG,241,215,0.098698,False,,/home/jvillanueva/projects/ovarian-tumor-ultrasound-classification/data/processed/MMOTU_OTU_2D_roi_gt/train/images/858.png
859,train,C,/home/jvillanueva/projects/ovarian-tumor-ultrasound-classification/data/processed/MMOTU_OTU_2D_experimental/train/images/859.JPG,/home/jvillanueva/projects/ovarian-tumor-ultrasound-classification/data/processed/MMOTU_OTU_2D_experimental/train/masks/859_binary.PNG,562,311,0.340459,False,,/home/jvillanueva/projects/ovarian-tumor-ultrasound-classification/data/processed/MMOTU_OTU_2D_roi_gt/train/images/859.png
86,train,C,/home/jvillanueva/projects/ovarian-tumor-ultrasound-classification/data/processed/MMOTU_OTU_2D_experimental/train/images/86.JPG,/home/jvillanueva/projects/ovarian-tumor-ultrasound-classification/data/processed/MMOTU_OTU_2D_experimental/train/masks/86_binary.PNG,492,316,0.23127,False,,/home/jvillanueva/projects/ovarian-tumor-ultrasound-classification/data/processed/MMOTU_OTU_2D_roi_gt/train/images/86.png
860,train,C,/home/jvillanueva/projects/ovarian-tumor-ultrasound-classification/data/processed/MMOTU_OTU_2D_experimental/train/images/860.JPG,/home/jvillanueva/projects/ovarian-tumor-ultrasound-classification/data/processed/MMOTU_OTU_2D_experimental/train/masks/860_binary.PNG,429,388,0.320829,False,,/home/jvillanueva/projects/ovarian-tumor-ultrasound-classification/data/processed/MMOTU_OTU_2D_roi_gt/train/images/860.png
861,train,C,/home/jvillanueva/projects/ovarian-tumor-ultrasound-classification/data/processed/MMOTU_OTU_2D_experimental/train/images/861.JPG,/home/jvillanueva/projects/ovarian-tumor-ultrasound-classification/data/processed/MMOTU_OTU_2D_experimental/train/masks/861_binary.PNG,696,420,0.566575,False,,/home/jvillanueva/projects/ovarian-tumor-ultrasound-classification/data/processed/MMOTU_OTU_2D_roi_gt/train/images/861.png
865,train,C,/home/jvillanueva/projects/ovarian-tumor-ultrasound-classification/data/processed/MMOTU_OTU_2D_experimental/train/images/865.JPG,/home/jvillanueva/projects/ovarian-tumor-ultrasound-classification/data/processed/MMOTU_OTU_2D_experimental/train/masks/865_binary.PNG,587,450,0.496818,False,,/home/jvillanueva/projects/ovarian-tumor-ultrasound-classification/data/processed/MMOTU_OTU_2D_roi_gt/train/images/865.png
866,train,C,/home/jvillanueva/projects/ovarian-tumor-ultrasound-classification/data/processed/MMOTU_OTU_2D_experimental/train/images/866.JPG,/home/jvillanueva/projects/ovarian-tumor-ultrasound-classification/data/processed/MMOTU_OTU_2D_experimental/train/masks/866_binary.PNG,526,358,0.347724,False,,/home/jvillanueva/projects/ovarian-tumor-ultrasound-classification/data/processed/MMOTU_OTU_2D_roi_gt/train/images/866.png
867,train,C,/home/jvillanueva/projects/ovarian-tumor-ultrasound-classification/data/processed/MMOTU_OTU_2D_experimental/train/images/867.JPG,/home/jvillanueva/projects/ovarian-tumor-ultrasound-classification/data/processed/MMOTU_OTU_2D_experimental/train/masks/867_binary.PNG,277,210,0.411992,False,,/home/jvillanueva/projects/ovarian-tumor-ultrasound-classification/data/processed/MMOTU_OTU_2D_roi_gt/train/images/867.png
87,train,C,/home/jvillanueva/projects/ovarian-tumor-ultrasound-classification/data/processed/MMOTU_OTU_2D_experimental/train/images/87.JPG,/home/jvillanueva/projects/ovarian-tumor-ultrasound-classification/data/processed/MMOTU_OTU_2D_experimental/train/masks/87_binary.PNG,320,200,0.125706,False,,/home/jvillanueva/projects/ovarian-tumor-ultrasound-classification/data/processed/MMOTU_OTU_2D_roi_gt/train/images/87.png
871,train,C,/home/jvillanueva/projects/ovarian-tumor-ultrasound-classification/data/processed/MMOTU_OTU_2D_experimental/train/images/871.JPG,/home/jvillanueva/projects/ovarian-tumor-ultrasound-classification/data/processed/MMOTU_OTU_2D_experimental/train/masks/871_binary.PNG,435,235,0.196562,False,,/home/jvillanueva/projects/ovarian-tumor-ultrasound-classification/data/processed/MMOTU_OTU_2D_roi_gt/train/images/871.png
874,train,C,/home/jvillanueva/projects/ovarian-tumor-ultrasound-classification/data/processed/MMOTU_OTU_2D_experimental/train/images/874.JPG,/home/jvillanueva/projects/ovarian-tumor-ultrasound-classification/data/processed/MMOTU_OTU_2D_experimental/train/masks/874_binary.PNG,395,345,0.261008,False,,/home/jvillanueva/projects/ovarian-tumor-ultrasound-classification/data/processed/MMOTU_OTU_2D_roi_gt/train/images/874.png
875,train,C,/home/jvillanueva/projects/ovarian-tumor-ultrasound-classification/data/processed/MMOTU_OTU_2D_experimental/train/images/875.JPG,/home/jvillanueva/projects/ovarian-tumor-ultrasound-classification/data/processed/MMOTU_OTU_2D_experimental/train/masks/875_binary.PNG,389,285,0.213231,False,,/home/jvillanueva/projects/ovarian-tumor-ultrasound-classification/data/processed/MMOTU_OTU_2D_roi_gt/train/images/875.png
879,train,C,/home/jvillanueva/projects/ovarian-tumor-ultrasound-classification/data/processed/MMOTU_OTU_2D_experimental/train/images/879.JPG,/home/jvillanueva/projects/ovarian-tumor-ultrasound-classification/data/processed/MMOTU_OTU_2D_experimental/train/masks/879_binary.PNG,663,428,0.504942,False,,/home/jvillanueva/projects/ovarian-tumor-ultrasound-classification/data/processed/MMOTU_OTU_2D_roi_gt/train/images/879.png
880,train,C,/home/jvillanueva/projects/ovarian-tumor-ultrasound-classification/data/processed/MMOTU_OTU_2D_experimental/train/images/880.JPG,/home/jvillanueva/projects/ovarian-tumor-ultrasound-classification/data/processed/MMOTU_OTU_2D_experimental/train/masks/880_binary.PNG,364,360,0.189268,False,,/home/jvillanueva/projects/ovarian-tumor-ultrasound-classification/data/processed/MMOTU_OTU_2D_roi_gt/train/images/880.png
886,train,C,/home/jvillanueva/projects/ovarian-tumor-ultrasound-classification/data/processed/MMOTU_OTU_2D_experimental/train/images/886.JPG,/home/jvillanueva/projects/ovarian-tumor-ultrasound-classification/data/processed/MMOTU_OTU_2D_experimental/train/masks/886_binary.PNG,267,280,0.225415,False,,/home/jvillanueva/projects/ovarian-tumor-ultrasound-classification/data/processed/MMOTU_OTU_2D_roi_gt/train/images/886.png
887,train,C,/home/jvillanueva/projects/ovarian-tumor-ultrasound-classification/data/processed/MMOTU_OTU_2D_experimental/train/images/887.JPG,/home/jvillanueva/projects/ovarian-tumor-ultrasound-classification/data/processed/MMOTU_OTU_2D_experimental/train/masks/887_binary.PNG,203,123,0.076064,False,,/home/jvillanueva/projects/ovarian-tumor-ultrasound-classification/data/processed/MMOTU_OTU_2D_roi_gt/train/images/887.png
888,train,C,/home/jvillanueva/projects/ovarian-tumor-ultrasound-classification/data/processed/MMOTU_OTU_2D_experimental/train/images/888.JPG,/home/jvillanueva/projects/ovarian-tumor-ultrasound-classification/data/processed/MMOTU_OTU_2D_experimental/train/masks/888_binary.PNG,212,208,0.174753,False,,/home/jvillanueva/projects/ovarian-tumor-ultrasound-classification/data/processed/MMOTU_OTU_2D_roi_gt/train/images/888.png
889,train,C,/home/jvillanueva/projects/ovarian-tumor-ultrasound-classification/data/processed/MMOTU_OTU_2D_experimental/train/images/889.JPG,/home/jvillanueva/projects/ovarian-tumor-ultrasound-classification/data/processed/MMOTU_OTU_2D_experimental/train/masks/889_binary.PNG,260,338,0.34551,False,,/home/jvillanueva/projects/ovarian-tumor-ultrasound-classification/data/processed/MMOTU_OTU_2D_roi_gt/train/images/889.png
891,train,C,/home/jvillanueva/projects/ovarian-tumor-ultrasound-classification/data/processed/MMOTU_OTU_2D_experimental/train/images/891.JPG,/home/jvillanueva/projects/ovarian-tumor-ultrasound-classification/data/processed/MMOTU_OTU_2D_experimental/train/masks/891_binary.PNG,359,331,0.469843,False,,/home/jvillanueva/projects/ovarian-tumor-ultrasound-classification/data/processed/MMOTU_OTU_2D_roi_gt/train/images/891.png
892,train,C,/home/jvillanueva/projects/ovarian-tumor-ultrasound-classification/data/processed/MMOTU_OTU_2D_experimental/train/images/892.JPG,/home/jvillanueva/projects/ovarian-tumor-ultrasound-classification/data/processed/MMOTU_OTU_2D_experimental/train/masks/892_binary.PNG,416,328,0.269473,False,,/home/jvillanueva/projects/ovarian-tumor-ultrasound-classification/data/processed/MMOTU_OTU_2D_roi_gt/train/images/892.png
893,train,C,/home/jvillanueva/projects/ovarian-tumor-ultrasound-classification/data/processed/MMOTU_OTU_2D_experimental/train/images/893.JPG,/home/jvillanueva/projects/ovarian-tumor-ultrasound-classification/data/processed/MMOTU_OTU_2D_experimental/train/masks/893_binary.PNG,458,317,0.287029,False,,/home/jvillanueva/projects/ovarian-tumor-ultrasound-classification/data/processed/MMOTU_OTU_2D_roi_gt/train/images/893.png
899,train,C,/home/jvillanueva/projects/ovarian-tumor-ultrasound-classification/data/processed/MMOTU_OTU_2D_experimental/train/images/899.JPG,/home/jvillanueva/projects/ovarian-tumor-ultrasound-classification/data/processed/MMOTU_OTU_2D_experimental/train/masks/899_binary.PNG,153,180,0.054909,False,,/home/jvillanueva/projects/ovarian-tumor-ultrasound-classification/data/processed/MMOTU_OTU_2D_roi_gt/train/images/899.png
9,train,C,/home/jvillanueva/projects/ovarian-tumor-ultrasound-classification/data/processed/MMOTU_OTU_2D_experimental/train/images/9.JPG,/home/jvillanueva/projects/ovarian-tumor-ultrasound-classification/data/processed/MMOTU_OTU_2D_experimental/train/masks/9_binary.PNG,429,302,0.503568,False,,/home/jvillanueva/projects/ovarian-tumor-ultrasound-classification/data/processed/MMOTU_OTU_2D_roi_gt/train/images/9.png
900,train,C,/home/jvillanueva/projects/ovarian-tumor-ultrasound-classification/data/processed/MMOTU_OTU_2D_experimental/train/images/900.JPG,/home/jvillanueva/projects/ovarian-tumor-ultrasound-classification/data/processed/MMOTU_OTU_2D_experimental/train/masks/900_binary.PNG,409,356,0.579108,False,,/home/jvillanueva/projects/ovarian-tumor-ultrasound-classification/data/processed/MMOTU_OTU_2D_roi_gt/train/images/900.png
901,train,C,/home/jvillanueva/projects/ovarian-tumor-ultrasound-classification/data/processed/MMOTU_OTU_2D_experimental/train/images/901.JPG,/home/jvillanueva/projects/ovarian-tumor-ultrasound-classification/data/processed/MMOTU_OTU_2D_experimental/train/masks/901_binary.PNG,425,352,0.590278,False,,/home/jvillanueva/projects/ovarian-tumor-ultrasound-classification/data/processed/MMOTU_OTU_2D_roi_gt/train/images/901.png
902,train,C,/home/jvillanueva/projects/ovarian-tumor-ultrasound-classification/data/processed/MMOTU_OTU_2D_experimental/train/images/902.JPG,/home/jvillanueva/projects/ovarian-tumor-ultrasound-classification/data/processed/MMOTU_OTU_2D_experimental/train/masks/902_binary.PNG,409,325,0.524585,False,,/home/jvillanueva/projects/ovarian-tumor-ultrasound-classification/data/processed/MMOTU_OTU_2D_roi_gt/train/images/902.png
903,train,C,/home/jvillanueva/projects/ovarian-tumor-ultrasound-classification/data/processed/MMOTU_OTU_2D_experimental/train/images/903.JPG,/home/jvillanueva/projects/ovarian-tumor-ultrasound-classification/data/processed/MMOTU_OTU_2D_experimental/train/masks/903_binary.PNG,564,443,0.754589,False,,/home/jvillanueva/projects/ovarian-tumor-ultrasound-classification/data/processed/MMOTU_OTU_2D_roi_gt/train/images/903.png
905,train,C,/home/jvillanueva/projects/ovarian-tumor-ultrasound-classification/data/processed/MMOTU_OTU_2D_experimental/train/images/905.JPG,/home/jvillanueva/projects/ovarian-tumor-ultrasound-classification/data/processed/MMOTU_OTU_2D_experimental/train/masks/905_binary.PNG,208,173,0.108666,False,,/home/jvillanueva/projects/ovarian-tumor-ultrasound-classification/data/processed/MMOTU_OTU_2D_roi_gt/train/images/905.png
907,train,C,/home/jvillanueva/projects/ovarian-tumor-ultrasound-classification/data/processed/MMOTU_OTU_2D_experimental/train/images/907.JPG,/home/jvillanueva/projects/ovarian-tumor-ultrasound-classification/data/processed/MMOTU_OTU_2D_experimental/train/masks/907_binary.PNG,533,452,0.478341,False,,/home/jvillanueva/projects/ovarian-tumor-ultrasound-classification/data/processed/MMOTU_OTU_2D_roi_gt/train/images/907.png
909,train,C,/home/jvillanueva/projects/ovarian-tumor-ultrasound-classification/data/processed/MMOTU_OTU_2D_experimental/train/images/909.JPG,/home/jvillanueva/projects/ovarian-tumor-ultrasound-classification/data/processed/MMOTU_OTU_2D_experimental/train/masks/909_binary.PNG,214,201,0.085484,False,,/home/jvillanueva/projects/ovarian-tumor-ultrasound-classification/data/processed/MMOTU_OTU_2D_roi_gt/train/images/909.png
913,train,C,/home/jvillanueva/projects/ovarian-tumor-ultrasound-classification/data/processed/MMOTU_OTU_2D_experimental/train/images/913.JPG,/home/jvillanueva/projects/ovarian-tumor-ultrasound-classification/data/processed/MMOTU_OTU_2D_experimental/train/masks/913_binary.PNG,188,117,0.044116,False,,/home/jvillanueva/projects/ovarian-tumor-ultrasound-classification/data/processed/MMOTU_OTU_2D_roi_gt/train/images/913.png
914,train,C,/home/jvillanueva/projects/ovarian-tumor-ultrasound-classification/data/processed/MMOTU_OTU_2D_experimental/train/images/914.JPG,/home/jvillanueva/projects/ovarian-tumor-ultrasound-classification/data/processed/MMOTU_OTU_2D_experimental/train/masks/914_binary.PNG,173,106,0.036117,False,,/home/jvillanueva/projects/ovarian-tumor-ultrasound-classification/data/processed/MMOTU_OTU_2D_roi_gt/train/images/914.png
915,train,C,/home/jvillanueva/projects/ovarian-tumor-ultrasound-classification/data/processed/MMOTU_OTU_2D_experimental/train/images/915.JPG,/home/jvillanueva/projects/ovarian-tumor-ultrasound-classification/data/processed/MMOTU_OTU_2D_experimental/train/masks/915_binary.PNG,451,268,0.238051,False,,/home/jvillanueva/projects/ovarian-tumor-ultrasound-classification/data/processed/MMOTU_OTU_2D_roi_gt/train/images/915.png
918,train,C,/home/jvillanueva/projects/ovarian-tumor-ultrasound-classification/data/processed/MMOTU_OTU_2D_experimental/train/images/918.JPG,/home/jvillanueva/projects/ovarian-tumor-ultrasound-classification/data/processed/MMOTU_OTU_2D_experimental/train/masks/918_binary.PNG,320,287,0.1821,False,,/home/jvillanueva/projects/ovarian-tumor-ultrasound-classification/data/processed/MMOTU_OTU_2D_roi_gt/train/images/918.png
92,train,C,/home/jvillanueva/projects/ovarian-tumor-ultrasound-classification/data/processed/MMOTU_OTU_2D_experimental/train/images/92.JPG,/home/jvillanueva/projects/ovarian-tumor-ultrasound-classification/data/processed/MMOTU_OTU_2D_experimental/train/masks/92_binary.PNG,563,410,0.450245,False,,/home/jvillanueva/projects/ovarian-tumor-ultrasound-classification/data/processed/MMOTU_OTU_2D_roi_gt/train/images/92.png
922,train,C,/home/jvillanueva/projects/ovarian-tumor-ultrasound-classification/data/processed/MMOTU_OTU_2D_experimental/train/images/922.JPG,/home/jvillanueva/projects/ovarian-tumor-ultrasound-classification/data/processed/MMOTU_OTU_2D_experimental/train/masks/922_binary.PNG,213,144,0.121506,False,,/home/jvillanueva/projects/ovarian-tumor-ultrasound-classification/data/processed/MMOTU_OTU_2D_roi_gt/train/images/922.png
924,train,C,/home/jvillanueva/projects/ovarian-tumor-ultrasound-classification/data/processed/MMOTU_OTU_2D_experimental/train/images/924.JPG,/home/jvillanueva/projects/ovarian-tumor-ultrasound-classification/data/processed/MMOTU_OTU_2D_experimental/train/masks/924_binary.PNG,145,145,0.082975,False,,/home/jvillanueva/projects/ovarian-tumor-ultrasound-classification/data/processed/MMOTU_OTU_2D_roi_gt/train/images/924.png
928,train,C,/home/jvillanueva/projects/ovarian-tumor-ultrasound-classification/data/processed/MMOTU_OTU_2D_experimental/train/images/928.JPG,/home/jvillanueva/projects/ovarian-tumor-ultrasound-classification/data/processed/MMOTU_OTU_2D_experimental/train/masks/928_binary.PNG,172,171,0.059299,False,,/home/jvillanueva/projects/ovarian-tumor-ultrasound-classification/data/processed/MMOTU_OTU_2D_roi_gt/train/images/928.png
929,train,C,/home/jvillanueva/projects/ovarian-tumor-ultrasound-classification/data/processed/MMOTU_OTU_2D_experimental/train/images/929.JPG,/home/jvillanueva/projects/ovarian-tumor-ultrasound-classification/data/processed/MMOTU_OTU_2D_experimental/train/masks/929_binary.PNG,197,165,0.128255,False,,/home/jvillanueva/projects/ovarian-tumor-ultrasound-classification/data/processed/MMOTU_OTU_2D_roi_gt/train/images/929.png
932,train,C,/home/jvillanueva/projects/ovarian-tumor-ultrasound-classification/data/processed/MMOTU_OTU_2D_experimental/train/images/932.JPG,/home/jvillanueva/projects/ovarian-tumor-ultrasound-classification/data/processed/MMOTU_OTU_2D_experimental/train/masks/932_binary.PNG,205,252,0.155471,False,,/home/jvillanueva/projects/ovarian-tumor-ultrasound-classification/data/processed/MMOTU_OTU_2D_roi_gt/train/images/932.png
933,train,C,/home/jvillanueva/projects/ovarian-tumor-ultrasound-classification/data/processed/MMOTU_OTU_2D_experimental/train/images/933.JPG,/home/jvillanueva/projects/ovarian-tumor-ultrasound-classification/data/processed/MMOTU_OTU_2D_experimental/train/masks/933_binary.PNG,326,230,0.227607,False,,/home/jvillanueva/projects/ovarian-tumor-ultrasound-classification/data/processed/MMOTU_OTU_2D_roi_gt/train/images/933.png
938,train,C,/home/jvillanueva/projects/ovarian-tumor-ultrasound-classification/data/processed/MMOTU_OTU_2D_experimental/train/images/938.JPG,/home/jvillanueva/projects/ovarian-tumor-ultrasound-classification/data/processed/MMOTU_OTU_2D_experimental/train/masks/938_binary.PNG,238,239,0.173579,False,,/home/jvillanueva/projects/ovarian-tumor-ultrasound-classification/data/processed/MMOTU_OTU_2D_roi_gt/train/images/938.png
939,train,C,/home/jvillanueva/projects/ovarian-tumor-ultrasound-classification/data/processed/MMOTU_OTU_2D_experimental/train/images/939.JPG,/home/jvillanueva/projects/ovarian-tumor-ultrasound-classification/data/processed/MMOTU_OTU_2D_experimental/train/masks/939_binary.PNG,168,188,0.095374,False,,/home/jvillanueva/projects/ovarian-tumor-ultrasound-classification/data/processed/MMOTU_OTU_2D_roi_gt/train/images/939.png
940,train,C,/home/jvillanueva/projects/ovarian-tumor-ultrasound-classification/data/processed/MMOTU_OTU_2D_experimental/train/images/940.JPG,/home/jvillanueva/projects/ovarian-tumor-ultrasound-classification/data/processed/MMOTU_OTU_2D_experimental/train/masks/940_binary.PNG,170,171,0.08704,False,,/home/jvillanueva/projects/ovarian-tumor-ultrasound-classification/data/processed/MMOTU_OTU_2D_roi_gt/train/images/940.png
941,train,C,/home/jvillanueva/projects/ovarian-tumor-ultrasound-classification/data/processed/MMOTU_OTU_2D_experimental/train/images/941.JPG,/home/jvillanueva/projects/ovarian-tumor-ultrasound-classification/data/processed/MMOTU_OTU_2D_experimental/train/masks/941_binary.PNG,300,200,0.178423,False,,/home/jvillanueva/projects/ovarian-tumor-ultrasound-classification/data/processed/MMOTU_OTU_2D_roi_gt/train/images/941.png
942,train,C,/home/jvillanueva/projects/ovarian-tumor-ultrasound-classification/data/processed/MMOTU_OTU_2D_experimental/train/images/942.JPG,/home/jvillanueva/projects/ovarian-tumor-ultrasound-classification/data/processed/MMOTU_OTU_2D_experimental/train/masks/942_binary.PNG,191,167,0.095673,False,,/home/jvillanueva/projects/ovarian-tumor-ultrasound-classification/data/processed/MMOTU_OTU_2D_roi_gt/train/images/942.png
943,train,C,/home/jvillanueva/projects/ovarian-tumor-ultrasound-classification/data/processed/MMOTU_OTU_2D_experimental/train/images/943.JPG,/home/jvillanueva/projects/ovarian-tumor-ultrasound-classification/data/processed/MMOTU_OTU_2D_experimental/train/masks/943_binary.PNG,197,120,0.071023,False,,/home/jvillanueva/projects/ovarian-tumor-ultrasound-classification/data/processed/MMOTU_OTU_2D_roi_gt/train/images/943.png
95,train,C,/home/jvillanueva/projects/ovarian-tumor-ultrasound-classification/data/processed/MMOTU_OTU_2D_experimental/train/images/95.JPG,/home/jvillanueva/projects/ovarian-tumor-ultrasound-classification/data/processed/MMOTU_OTU_2D_experimental/train/masks/95_binary.PNG,656,468,0.48336,False,,/home/jvillanueva/projects/ovarian-tumor-ultrasound-classification/data/processed/MMOTU_OTU_2D_roi_gt/train/images/95.png
950,train,C,/home/jvillanueva/projects/ovarian-tumor-ultrasound-classification/data/processed/MMOTU_OTU_2D_experimental/train/images/950.JPG,/home/jvillanueva/projects/ovarian-tumor-ultrasound-classification/data/processed/MMOTU_OTU_2D_experimental/train/masks/950_binary.PNG,157,153,0.071679,False,,/home/jvillanueva/projects/ovarian-tumor-ultrasound-classification/data/processed/MMOTU_OTU_2D_roi_gt/train/images/950.png
951,train,C,/home/jvillanueva/projects/ovarian-tumor-ultrasound-classification/data/processed/MMOTU_OTU_2D_experimental/train/images/951.JPG,/home/jvillanueva/projects/ovarian-tumor-ultrasound-classification/data/processed/MMOTU_OTU_2D_experimental/train/masks/951_binary.PNG,261,178,0.139577,False,,/home/jvillanueva/projects/ovarian-tumor-ultrasound-classification/data/processed/MMOTU_OTU_2D_roi_gt/train/images/951.png
955,train,C,/home/jvillanueva/projects/ovarian-tumor-ultrasound-classification/data/processed/MMOTU_OTU_2D_experimental/train/images/955.JPG,/home/jvillanueva/projects/ovarian-tumor-ultrasound-classification/data/processed/MMOTU_OTU_2D_experimental/train/masks/955_binary.PNG,156,95,0.056965,False,,/home/jvillanueva/projects/ovarian-tumor-ultrasound-classification/data/processed/MMOTU_OTU_2D_roi_gt/train/images/955.png
956,train,C,/home/jvillanueva/projects/ovarian-tumor-ultrasound-classification/data/processed/MMOTU_OTU_2D_experimental/train/images/956.JPG,/home/jvillanueva/projects/ovarian-tumor-ultrasound-classification/data/processed/MMOTU_OTU_2D_experimental/train/masks/956_binary.PNG,146,104,0.058408,False,,/home/jvillanueva/projects/ovarian-tumor-ultrasound-classification/data/processed/MMOTU_OTU_2D_roi_gt/train/images/956.png
958,train,C,/home/jvillanueva/projects/ovarian-tumor-ultrasound-classification/data/processed/MMOTU_OTU_2D_experimental/train/images/958.JPG,/home/jvillanueva/projects/ovarian-tumor-ultrasound-classification/data/processed/MMOTU_OTU_2D_experimental/train/masks/958_binary.PNG,98,95,0.036728,False,,/home/jvillanueva/projects/ovarian-tumor-ultrasound-classification/data/processed/MMOTU_OTU_2D_roi_gt/train/images/958.png
959,train,C,/home/jvillanueva/projects/ovarian-tumor-ultrasound-classification/data/processed/MMOTU_OTU_2D_experimental/train/images/959.JPG,/home/jvillanueva/projects/ovarian-tumor-ultrasound-classification/data/processed/MMOTU_OTU_2D_experimental/train/masks/959_binary.PNG,104,130,0.054603,False,,/home/jvillanueva/projects/ovarian-tumor-ultrasound-classification/data/processed/MMOTU_OTU_2D_roi_gt/train/images/959.png
961,train,C,/home/jvillanueva/projects/ovarian-tumor-ultrasound-classification/data/processed/MMOTU_OTU_2D_experimental/train/images/961.JPG,/home/jvillanueva/projects/ovarian-tumor-ultrasound-classification/data/processed/MMOTU_OTU_2D_experimental/train/masks/961_binary.PNG,182,193,0.070858,False,,/home/jvillanueva/projects/ovarian-tumor-ultrasound-classification/data/processed/MMOTU_OTU_2D_roi_gt/train/images/961.png
963,train,C,/home/jvillanueva/projects/ovarian-tumor-ultrasound-classification/data/processed/MMOTU_OTU_2D_experimental/train/images/963.JPG,/home/jvillanueva/projects/ovarian-tumor-ultrasound-classification/data/processed/MMOTU_OTU_2D_experimental/train/masks/963_binary.PNG,125,180,0.045119,False,,/home/jvillanueva/projects/ovarian-tumor-ultrasound-classification/data/processed/MMOTU_OTU_2D_roi_gt/train/images/963.png
964,train,C,/home/jvillanueva/projects/ovarian-tumor-ultrasound-classification/data/processed/MMOTU_OTU_2D_experimental/train/images/964.JPG,/home/jvillanueva/projects/ovarian-tumor-ultrasound-classification/data/processed/MMOTU_OTU_2D_experimental/train/masks/964_binary.PNG,125,165,0.041417,False,,/home/jvillanueva/projects/ovarian-tumor-ultrasound-classification/data/processed/MMOTU_OTU_2D_roi_gt/train/images/964.png
967,train,C,/home/jvillanueva/projects/ovarian-tumor-ultrasound-classification/data/processed/MMOTU_OTU_2D_experimental/train/images/967.JPG,/home/jvillanueva/projects/ovarian-tumor-ultrasound-classification/data/processed/MMOTU_OTU_2D_experimental/train/masks/967_binary.PNG,660,403,0.548859,False,,/home/jvillanueva/projects/ovarian-tumor-ultrasound-classification/data/processed/MMOTU_OTU_2D_roi_gt/train/images/967.png
968,train,C,/home/jvillanueva/projects/ovarian-tumor-ultrasound-classification/data/processed/MMOTU_OTU_2D_experimental/train/images/968.JPG,/home/jvillanueva/projects/ovarian-tumor-ultrasound-classification/data/processed/MMOTU_OTU_2D_experimental/train/masks/968_binary.PNG,729,556,0.611528,False,,/home/jvillanueva/projects/ovarian-tumor-ultrasound-classification/data/processed/MMOTU_OTU_2D_roi_gt/train/images/968.png
969,train,C,/home/jvillanueva/projects/ovarian-tumor-ultrasound-classification/data/processed/MMOTU_OTU_2D_experimental/train/images/969.JPG,/home/jvillanueva/projects/ovarian-tumor-ultrasound-classification/data/processed/MMOTU_OTU_2D_experimental/train/masks/969_binary.PNG,610,489,0.593701,False,,/home/jvillanueva/projects/ovarian-tumor-ultrasound-classification/data/processed/MMOTU_OTU_2D_roi_gt/train/images/969.png
97,train,C,/home/jvillanueva/projects/ovarian-tumor-ultrasound-classification/data/processed/MMOTU_OTU_2D_experimental/train/images/97.JPG,/home/jvillanueva/projects/ovarian-tumor-ultrasound-classification/data/processed/MMOTU_OTU_2D_experimental/train/masks/97_binary.PNG,132,100,0.02298,False,,/home/jvillanueva/projects/ovarian-tumor-ultrasound-classification/data/processed/MMOTU_OTU_2D_roi_gt/train/images/97.png
972,train,C,/home/jvillanueva/projects/ovarian-tumor-ultrasound-classification/data/processed/MMOTU_OTU_2D_experimental/train/images/972.JPG,/home/jvillanueva/projects/ovarian-tumor-ultrasound-classification/data/processed/MMOTU_OTU_2D_experimental/train/masks/972_binary.PNG,140,118,0.065692,False,,/home/jvillanueva/projects/ovarian-tumor-ultrasound-classification/data/processed/MMOTU_OTU_2D_roi_gt/train/images/972.png
974,train,C,/home/jvillanueva/projects/ovarian-tumor-ultrasound-classification/data/processed/MMOTU_OTU_2D_experimental/train/images/974.JPG,/home/jvillanueva/projects/ovarian-tumor-ultrasound-classification/data/processed/MMOTU_OTU_2D_experimental/train/masks/974_binary.PNG,124,111,0.053722,False,,/home/jvillanueva/projects/ovarian-tumor-ultrasound-classification/data/processed/MMOTU_OTU_2D_roi_gt/train/images/974.png
975,train,C,/home/jvillanueva/projects/ovarian-tumor-ultrasound-classification/data/processed/MMOTU_OTU_2D_experimental/train/images/975.JPG,/home/jvillanueva/projects/ovarian-tumor-ultrasound-classification/data/processed/MMOTU_OTU_2D_experimental/train/masks/975_binary.PNG,136,128,0.068714,False,,/home/jvillanueva/projects/ovarian-tumor-ultrasound-classification/data/processed/MMOTU_OTU_2D_roi_gt/train/images/975.png
976,train,C,/home/jvillanueva/projects/ovarian-tumor-ultrasound-classification/data/processed/MMOTU_OTU_2D_experimental/train/images/976.JPG,/home/jvillanueva/projects/ovarian-tumor-ultrasound-classification/data/processed/MMOTU_OTU_2D_experimental/train/masks/976_binary.PNG,479,435,0.823864,False,,/home/jvillanueva/projects/ovarian-tumor-ultrasound-classification/data/processed/MMOTU_OTU_2D_roi_gt/train/images/976.png
977,train,C,/home/jvillanueva/projects/ovarian-tumor-ultrasound-classification/data/processed/MMOTU_OTU_2D_experimental/train/images/977.JPG,/home/jvillanueva/projects/ovarian-tumor-ultrasound-classification/data/processed/MMOTU_OTU_2D_experimental/train/masks/977_binary.PNG,401,373,0.593652,False,,/home/jvillanueva/projects/ovarian-tumor-ultrasound-classification/data/processed/MMOTU_OTU_2D_roi_gt/train/images/977.png
980,train,C,/home/jvillanueva/projects/ovarian-tumor-ultrasound-classification/data/processed/MMOTU_OTU_2D_experimental/train/images/980.JPG,/home/jvillanueva/projects/ovarian-tumor-ultrasound-classification/data/processed/MMOTU_OTU_2D_experimental/train/masks/980_binary.PNG,135,115,0.061026,False,,/home/jvillanueva/projects/ovarian-tumor-ultrasound-classification/data/processed/MMOTU_OTU_2D_roi_gt/train/images/980.png
983,train,C,/home/jvillanueva/projects/ovarian-tumor-ultrasound-classification/data/processed/MMOTU_OTU_2D_experimental/train/images/983.JPG,/home/jvillanueva/projects/ovarian-tumor-ultrasound-classification/data/processed/MMOTU_OTU_2D_experimental/train/masks/983_binary.PNG,232,241,0.083921,False,,/home/jvillanueva/projects/ovarian-tumor-ultrasound-classification/data/processed/MMOTU_OTU_2D_roi_gt/train/images/983.png
984,train,C,/home/jvillanueva/projects/ovarian-tumor-ultrasound-classification/data/processed/MMOTU_OTU_2D_experimental/train/images/984.JPG,/home/jvillanueva/projects/ovarian-tumor-ultrasound-classification/data/processed/MMOTU_OTU_2D_experimental/train/masks/984_binary.PNG,183,109,0.059417,False,,/home/jvillanueva/projects/ovarian-tumor-ultrasound-classification/data/processed/MMOTU_OTU_2D_roi_gt/train/images/984.png
986,train,C,/home/jvillanueva/projects/ovarian-tumor-ultrasound-classification/data/processed/MMOTU_OTU_2D_experimental/train/images/986.JPG,/home/jvillanueva/projects/ovarian-tumor-ultrasound-classification/data/processed/MMOTU_OTU_2D_experimental/train/masks/986_binary.PNG,218,201,0.132103,False,,/home/jvillanueva/projects/ovarian-tumor-ultrasound-classification/data/processed/MMOTU_OTU_2D_roi_gt/train/images/986.png
987,train,C,/home/jvillanueva/projects/ovarian-tumor-ultrasound-classification/data/processed/MMOTU_OTU_2D_experimental/train/images/987.JPG,/home/jvillanueva/projects/ovarian-tumor-ultrasound-classification/data/processed/MMOTU_OTU_2D_experimental/train/masks/987_binary.PNG,149,207,0.093788,False,,/home/jvillanueva/projects/ovarian-tumor-ultrasound-classification/data/processed/MMOTU_OTU_2D_roi_gt/train/images/987.png
988,train,C,/home/jvillanueva/projects/ovarian-tumor-ultrasound-classification/data/processed/MMOTU_OTU_2D_experimental/train/images/988.JPG,/home/jvillanueva/projects/ovarian-tumor-ultrasound-classification/data/processed/MMOTU_OTU_2D_experimental/train/masks/988_binary.PNG,97,166,0.048965,False,,/home/jvillanueva/projects/ovarian-tumor-ultrasound-classification/data/processed/MMOTU_OTU_2D_roi_gt/train/images/988.png
989,train,C,/home/jvillanueva/projects/ovarian-tumor-ultrasound-classification/data/processed/MMOTU_OTU_2D_experimental/train/images/989.JPG,/home/jvillanueva/projects/ovarian-tumor-ultrasound-classification/data/processed/MMOTU_OTU_2D_experimental/train/masks/989_binary.PNG,94,215,0.060937,False,,/home/jvillanueva/projects/ovarian-tumor-ultrasound-classification/data/processed/MMOTU_OTU_2D_roi_gt/train/images/989.png
990,train,C,/home/jvillanueva/projects/ovarian-tumor-ultrasound-classification/data/processed/MMOTU_OTU_2D_experimental/train/images/990.JPG,/home/jvillanueva/projects/ovarian-tumor-ultrasound-classification/data/processed/MMOTU_OTU_2D_experimental/train/masks/990_binary.PNG,501,316,0.420997,False,,/home/jvillanueva/projects/ovarian-tumor-ultrasound-classification/data/processed/MMOTU_OTU_2D_roi_gt/train/images/990.png
992,train,C,/home/jvillanueva/projects/ovarian-tumor-ultrasound-classification/data/processed/MMOTU_OTU_2D_experimental/train/images/992.JPG,/home/jvillanueva/projects/ovarian-tumor-ultrasound-classification/data/processed/MMOTU_OTU_2D_experimental/train/masks/992_binary.PNG,504,276,0.354978,False,,/home/jvillanueva/projects/ovarian-tumor-ultrasound-classification/data/processed/MMOTU_OTU_2D_roi_gt/train/images/992.png
994,train,C,/home/jvillanueva/projects/ovarian-tumor-ultrasound-classification/data/processed/MMOTU_OTU_2D_experimental/train/images/994.JPG,/home/jvillanueva/projects/ovarian-tumor-ultrasound-classification/data/processed/MMOTU_OTU_2D_experimental/train/masks/994_binary.PNG,202,144,0.117952,False,,/home/jvillanueva/projects/ovarian-tumor-ultrasound-classification/data/processed/MMOTU_OTU_2D_roi_gt/train/images/994.png
995,train,C,/home/jvillanueva/projects/ovarian-tumor-ultrasound-classification/data/processed/MMOTU_OTU_2D_experimental/train/images/995.JPG,/home/jvillanueva/projects/ovarian-tumor-ultrasound-classification/data/processed/MMOTU_OTU_2D_experimental/train/masks/995_binary.PNG,211,184,0.162104,False,,/home/jvillanueva/projects/ovarian-tumor-ultrasound-classification/data/processed/MMOTU_OTU_2D_roi_gt/train/images/995.png
996,train,C,/home/jvillanueva/projects/ovarian-tumor-ultrasound-classification/data/processed/MMOTU_OTU_2D_experimental/train/images/996.JPG,/home/jvillanueva/projects/ovarian-tumor-ultrasound-classification/data/processed/MMOTU_OTU_2D_experimental/train/masks/996_binary.PNG,380,263,0.409859,False,,/home/jvillanueva/projects/ovarian-tumor-ultrasound-classification/data/processed/MMOTU_OTU_2D_roi_gt/train/images/996.png
997,train,C,/home/jvillanueva/projects/ovarian-tumor-ultrasound-classification/data/processed/MMOTU_OTU_2D_experimental/train/images/997.JPG,/home/jvillanueva/projects/ovarian-tumor-ultrasound-classification/data/processed/MMOTU_OTU_2D_experimental/train/masks/997_binary.PNG,425,336,0.586853,False,,/home/jvillanueva/projects/ovarian-tumor-ultrasound-classification/data/processed/MMOTU_OTU_2D_roi_gt/train/images/997.png
999,train,C,/home/jvillanueva/projects/ovarian-tumor-ultrasound-classification/data/processed/MMOTU_OTU_2D_experimental/train/images/999.JPG,/home/jvillanueva/projects/ovarian-tumor-ultrasound-classification/data/processed/MMOTU_OTU_2D_experimental/train/masks/999_binary.PNG,480,313,0.296459,False,,/home/jvillanueva/projects/ovarian-tumor-ultrasound-classification/data/processed/MMOTU_OTU_2D_roi_gt/train/images/999.png
1001,validation,C,/home/jvillanueva/projects/ovarian-tumor-ultrasound-classification/data/processed/MMOTU_OTU_2D_experimental/validation/images/1001.JPG,/home/jvillanueva/projects/ovarian-tumor-ultrasound-classification/data/processed/MMOTU_OTU_2D_experimental/validation/masks/1001_binary.PNG,480,393,0.741509,False,,/home/jvillanueva/projects/ovarian-tumor-ultrasound-classification/data/processed/MMOTU_OTU_2D_roi_gt/validation/images/1001.png
1005,validation,C,/home/jvillanueva/projects/ovarian-tumor-ultrasound-classification/data/processed/MMOTU_OTU_2D_experimental/validation/images/1005.JPG,/home/jvillanueva/projects/ovarian-tumor-ultrasound-classification/data/processed/MMOTU_OTU_2D_experimental/validation/masks/1005_binary.PNG,128,110,0.027702,False,,/home/jvillanueva/projects/ovarian-tumor-ultrasound-classification/data/processed/MMOTU_OTU_2D_roi_gt/validation/images/1005.png
1007,validation,C,/home/jvillanueva/projects/ovarian-tumor-ultrasound-classification/data/processed/MMOTU_OTU_2D_experimental/validation/images/1007.JPG,/home/jvillanueva/projects/ovarian-tumor-ultrasound-classification/data/processed/MMOTU_OTU_2D_experimental/validation/masks/1007_binary.PNG,191,179,0.067223,False,,/home/jvillanueva/projects/ovarian-tumor-ultrasound-classification/data/processed/MMOTU_OTU_2D_roi_gt/validation/images/1007.png
101,validation,C,/home/jvillanueva/projects/ovarian-tumor-ultrasound-classification/data/processed/MMOTU_OTU_2D_experimental/validation/images/101.JPG,/home/jvillanueva/projects/ovarian-tumor-ultrasound-classification/data/processed/MMOTU_OTU_2D_experimental/validation/masks/101_binary.PNG,523,488,0.498901,False,,/home/jvillanueva/projects/ovarian-tumor-ultrasound-classification/data/processed/MMOTU_OTU_2D_roi_gt/validation/images/101.png
1010,validation,C,/home/jvillanueva/projects/ovarian-tumor-ultrasound-classification/data/processed/MMOTU_OTU_2D_experimental/validation/images/1010.JPG,/home/jvillanueva/projects/ovarian-tumor-ultrasound-classification/data/processed/MMOTU_OTU_2D_experimental/validation/masks/1010_binary.PNG,412,320,0.520106,False,,/home/jvillanueva/projects/ovarian-tumor-ultrasound-classification/data/processed/MMOTU_OTU_2D_roi_gt/validation/images/1010.png
1011,validation,C,/home/jvillanueva/projects/ovarian-tumor-ultrasound-classification/data/processed/MMOTU_OTU_2D_experimental/validation/images/1011.JPG,/home/jvillanueva/projects/ovarian-tumor-ultrasound-classification/data/processed/MMOTU_OTU_2D_experimental/validation/masks/1011_binary.PNG,337,268,0.357715,False,,/home/jvillanueva/projects/ovarian-tumor-ultrasound-classification/data/processed/MMOTU_OTU_2D_roi_gt/validation/images/1011.png
1016,validation,C,/home/jvillanueva/projects/ovarian-tumor-ultrasound-classification/data/processed/MMOTU_OTU_2D_experimental/validation/images/1016.JPG,/home/jvillanueva/projects/ovarian-tumor-ultrasound-classification/data/processed/MMOTU_OTU_2D_experimental/validation/masks/1016_binary.PNG,235,232,0.164377,False,,/home/jvillanueva/projects/ovarian-tumor-ultrasound-classification/data/processed/MMOTU_OTU_2D_roi_gt/validation/images/1016.png
1022,validation,C,/home/jvillanueva/projects/ovarian-tumor-ultrasound-classification/data/processed/MMOTU_OTU_2D_experimental/validation/images/1022.JPG,/home/jvillanueva/projects/ovarian-tumor-ultrasound-classification/data/processed/MMOTU_OTU_2D_experimental/validation/masks/1022_binary.PNG,435,374,0.243592,False,,/home/jvillanueva/projects/ovarian-tumor-ultrasound-classification/data/processed/MMOTU_OTU_2D_roi_gt/validation/images/1022.png
1026,validation,C,/home/jvillanueva/projects/ovarian-tumor-ultrasound-classification/data/processed/MMOTU_OTU_2D_experimental/validation/images/1026.JPG,/home/jvillanueva/projects/ovarian-tumor-ultrasound-classification/data/processed/MMOTU_OTU_2D_experimental/validation/masks/1026_binary.PNG,217,187,0.161308,False,,/home/jvillanueva/projects/ovarian-tumor-ultrasound-classification/data/processed/MMOTU_OTU_2D_roi_gt/validation/images/1026.png
1035,validation,C,/home/jvillanueva/projects/ovarian-tumor-ultrasound-classification/data/processed/MMOTU_OTU_2D_experimental/validation/images/1035.JPG,/home/jvillanueva/projects/ovarian-tumor-ultrasound-classification/data/processed/MMOTU_OTU_2D_experimental/validation/masks/1035_binary.PNG,203,230,0.184575,False,,/home/jvillanueva/projects/ovarian-tumor-ultrasound-classification/data/processed/MMOTU_OTU_2D_roi_gt/validation/images/1035.png
1050,validation,C,/home/jvillanueva/projects/ovarian-tumor-ultrasound-classification/data/processed/MMOTU_OTU_2D_experimental/validation/images/1050.JPG,/home/jvillanueva/projects/ovarian-tumor-ultrasound-classification/data/processed/MMOTU_OTU_2D_experimental/validation/masks/1050_binary.PNG,418,392,0.322716,False,,/home/jvillanueva/projects/ovarian-tumor-ultrasound-classification/data/processed/MMOTU_OTU_2D_roi_gt/validation/images/1050.png
1056,validation,C,/home/jvillanueva/projects/ovarian-tumor-ultrasound-classification/data/processed/MMOTU_OTU_2D_experimental/validation/images/1056.JPG,/home/jvillanueva/projects/ovarian-tumor-ultrasound-classification/data/processed/MMOTU_OTU_2D_experimental/validation/masks/1056_binary.PNG,272,277,0.226375,False,,/home/jvillanueva/projects/ovarian-tumor-ultrasound-classification/data/processed/MMOTU_OTU_2D_roi_gt/validation/images/1056.png
1059,validation,C,/home/jvillanueva/projects/ovarian-tumor-ultrasound-classification/data/processed/MMOTU_OTU_2D_experimental/validation/images/1059.JPG,/home/jvillanueva/projects/ovarian-tumor-ultrasound-classification/data/processed/MMOTU_OTU_2D_experimental/validation/masks/1059_binary.PNG,568,506,0.866438,False,,/home/jvillanueva/projects/ovarian-tumor-ultrasound-classification/data/processed/MMOTU_OTU_2D_roi_gt/validation/images/1059.png
107,validation,C,/home/jvillanueva/projects/ovarian-tumor-ultrasound-classification/data/processed/MMOTU_OTU_2D_experimental/validation/images/107.JPG,/home/jvillanueva/projects/ovarian-tumor-ultrasound-classification/data/processed/MMOTU_OTU_2D_experimental/validation/masks/107_binary.PNG,97,59,0.011155,False,,/home/jvillanueva/projects/ovarian-tumor-ultrasound-classification/data/processed/MMOTU_OTU_2D_roi_gt/validation/images/107.png
1075,validation,C,/home/jvillanueva/projects/ovarian-tumor-ultrasound-classification/data/processed/MMOTU_OTU_2D_experimental/validation/images/1075.JPG,/home/jvillanueva/projects/ovarian-tumor-ultrasound-classification/data/processed/MMOTU_OTU_2D_experimental/validation/masks/1075_binary.PNG,140,93,0.051444,False,,/home/jvillanueva/projects/ovarian-tumor-ultrasound-classification/data/processed/MMOTU_OTU_2D_roi_gt/validation/images/1075.png
1077,validation,C,/home/jvillanueva/projects/ovarian-tumor-ultrasound-classification/data/processed/MMOTU_OTU_2D_experimental/validation/images/1077.JPG,/home/jvillanueva/projects/ovarian-tumor-ultrasound-classification/data/processed/MMOTU_OTU_2D_experimental/validation/masks/1077_binary.PNG,412,311,0.508553,False,,/home/jvillanueva/projects/ovarian-tumor-ultrasound-classification/data/processed/MMOTU_OTU_2D_roi_gt/validation/images/1077.png
1090,validation,C,/home/jvillanueva/projects/ovarian-tumor-ultrasound-classification/data/processed/MMOTU_OTU_2D_experimental/validation/images/1090.JPG,/home/jvillanueva/projects/ovarian-tumor-ultrasound-classification/data/processed/MMOTU_OTU_2D_experimental/validation/masks/1090_binary.PNG,254,249,0.250121,False,,/home/jvillanueva/projects/ovarian-tumor-ultrasound-classification/data/processed/MMOTU_OTU_2D_roi_gt/validation/images/1090.png
11,validation,C,/home/jvillanueva/projects/ovarian-tumor-ultrasound-classification/data/processed/MMOTU_OTU_2D_experimental/validation/images/11.JPG,/home/jvillanueva/projects/ovarian-tumor-ultrasound-classification/data/processed/MMOTU_OTU_2D_experimental/validation/masks/11_binary.PNG,436,300,0.514151,False,,/home/jvillanueva/projects/ovarian-tumor-ultrasound-classification/data/processed/MMOTU_OTU_2D_roi_gt/validation/images/11.png
1103,validation,C,/home/jvillanueva/projects/ovarian-tumor-ultrasound-classification/data/processed/MMOTU_OTU_2D_experimental/validation/images/1103.JPG,/home/jvillanueva/projects/ovarian-tumor-ultrasound-classification/data/processed/MMOTU_OTU_2D_experimental/validation/masks/1103_binary.PNG,163,231,0.075597,False,,/home/jvillanueva/projects/ovarian-tumor-ultrasound-classification/data/processed/MMOTU_OTU_2D_roi_gt/validation/images/1103.png
1109,validation,C,/home/jvillanueva/projects/ovarian-tumor-ultrasound-classification/data/processed/MMOTU_OTU_2D_experimental/validation/images/1109.JPG,/home/jvillanueva/projects/ovarian-tumor-ultrasound-classification/data/processed/MMOTU_OTU_2D_experimental/validation/masks/1109_binary.PNG,628,459,0.560775,False,,/home/jvillanueva/projects/ovarian-tumor-ultrasound-classification/data/processed/MMOTU_OTU_2D_roi_gt/validation/images/1109.png
111,validation,C,/home/jvillanueva/projects/ovarian-tumor-ultrasound-classification/data/processed/MMOTU_OTU_2D_experimental/validation/images/111.JPG,/home/jvillanueva/projects/ovarian-tumor-ultrasound-classification/data/processed/MMOTU_OTU_2D_experimental/validation/masks/111_binary.PNG,273,118,0.062554,False,,/home/jvillanueva/projects/ovarian-tumor-ultrasound-classification/data/processed/MMOTU_OTU_2D_roi_gt/validation/images/111.png
1114,validation,C,/home/jvillanueva/projects/ovarian-tumor-ultrasound-classification/data/processed/MMOTU_OTU_2D_experimental/validation/images/1114.JPG,/home/jvillanueva/projects/ovarian-tumor-ultrasound-classification/data/processed/MMOTU_OTU_2D_experimental/validation/masks/1114_binary.PNG,181,194,0.136767,False,,/home/jvillanueva/projects/ovarian-tumor-ultrasound-classification/data/processed/MMOTU_OTU_2D_roi_gt/validation/images/1114.png
1117,validation,C,/home/jvillanueva/projects/ovarian-tumor-ultrasound-classification/data/processed/MMOTU_OTU_2D_experimental/validation/images/1117.JPG,/home/jvillanueva/projects/ovarian-tumor-ultrasound-classification/data/processed/MMOTU_OTU_2D_experimental/validation/masks/1117_binary.PNG,470,335,0.249516,False,,/home/jvillanueva/projects/ovarian-tumor-ultrasound-classification/data/processed/MMOTU_OTU_2D_roi_gt/validation/images/1117.png
1119,validation,C,/home/jvillanueva/projects/ovarian-tumor-ultrasound-classification/data/processed/MMOTU_OTU_2D_experimental/validation/images/1119.JPG,/home/jvillanueva/projects/ovarian-tumor-ultrasound-classification/data/processed/MMOTU_OTU_2D_experimental/validation/masks/1119_binary.PNG,515,334,0.334634,False,,/home/jvillanueva/projects/ovarian-tumor-ultrasound-classification/data/processed/MMOTU_OTU_2D_roi_gt/validation/images/1119.png
1129,validation,C,/home/jvillanueva/projects/ovarian-tumor-ultrasound-classification/data/processed/MMOTU_OTU_2D_experimental/validation/images/1129.JPG,/home/jvillanueva/projects/ovarian-tumor-ultrasound-classification/data/processed/MMOTU_OTU_2D_experimental/validation/masks/1129_binary.PNG,428,425,0.540886,False,,/home/jvillanueva/projects/ovarian-tumor-ultrasound-classification/data/processed/MMOTU_OTU_2D_roi_gt/validation/images/1129.png
1135,validation,C,/home/jvillanueva/projects/ovarian-tumor-ultrasound-classification/data/processed/MMOTU_OTU_2D_experimental/validation/images/1135.JPG,/home/jvillanueva/projects/ovarian-tumor-ultrasound-classification/data/processed/MMOTU_OTU_2D_experimental/validation/masks/1135_binary.PNG,553,387,0.641912,False,,/home/jvillanueva/projects/ovarian-tumor-ultrasound-classification/data/processed/MMOTU_OTU_2D_roi_gt/validation/images/1135.png
1137,validation,C,/home/jvillanueva/projects/ovarian-tumor-ultrasound-classification/data/processed/MMOTU_OTU_2D_experimental/validation/images/1137.JPG,/home/jvillanueva/projects/ovarian-tumor-ultrasound-classification/data/processed/MMOTU_OTU_2D_experimental/validation/masks/1137_binary.PNG,159,192,0.058547,False,,/home/jvillanueva/projects/ovarian-tumor-ultrasound-classification/data/processed/MMOTU_OTU_2D_roi_gt/validation/images/1137.png
1144,validation,C,/home/jvillanueva/projects/ovarian-tumor-ultrasound-classification/data/processed/MMOTU_OTU_2D_experimental/validation/images/1144.JPG,/home/jvillanueva/projects/ovarian-tumor-ultrasound-classification/data/processed/MMOTU_OTU_2D_experimental/validation/masks/1144_binary.PNG,225,227,0.100869,False,,/home/jvillanueva/projects/ovarian-tumor-ultrasound-classification/data/processed/MMOTU_OTU_2D_roi_gt/validation/images/1144.png
1160,validation,C,/home/jvillanueva/projects/ovarian-tumor-ultrasound-classification/data/processed/MMOTU_OTU_2D_experimental/validation/images/1160.JPG,/home/jvillanueva/projects/ovarian-tumor-ultrasound-classification/data/processed/MMOTU_OTU_2D_experimental/validation/masks/1160_binary.PNG,219,201,0.086769,False,,/home/jvillanueva/projects/ovarian-tumor-ultrasound-classification/data/processed/MMOTU_OTU_2D_roi_gt/validation/images/1160.png
117,validation,C,/home/jvillanueva/projects/ovarian-tumor-ultrasound-classification/data/processed/MMOTU_OTU_2D_experimental/validation/images/117.JPG,/home/jvillanueva/projects/ovarian-tumor-ultrasound-classification/data/processed/MMOTU_OTU_2D_experimental/validation/masks/117_binary.PNG,431,436,0.735887,False,,/home/jvillanueva/projects/ovarian-tumor-ultrasound-classification/data/processed/MMOTU_OTU_2D_roi_gt/validation/images/117.png
1172,validation,C,/home/jvillanueva/projects/ovarian-tumor-ultrasound-classification/data/processed/MMOTU_OTU_2D_experimental/validation/images/1172.JPG,/home/jvillanueva/projects/ovarian-tumor-ultrasound-classification/data/processed/MMOTU_OTU_2D_experimental/validation/masks/1172_binary.PNG,626,446,0.693689,False,,/home/jvillanueva/projects/ovarian-tumor-ultrasound-classification/data/processed/MMOTU_OTU_2D_roi_gt/validation/images/1172.png
1177,validation,C,/home/jvillanueva/projects/ovarian-tumor-ultrasound-classification/data/processed/MMOTU_OTU_2D_experimental/validation/images/1177.JPG,/home/jvillanueva/projects/ovarian-tumor-ultrasound-classification/data/processed/MMOTU_OTU_2D_experimental/validation/masks/1177_binary.PNG,331,252,0.16305,False,,/home/jvillanueva/projects/ovarian-tumor-ultrasound-classification/data/processed/MMOTU_OTU_2D_roi_gt/validation/images/1177.png
1178,validation,C,/home/jvillanueva/projects/ovarian-tumor-ultrasound-classification/data/processed/MMOTU_OTU_2D_experimental/validation/images/1178.JPG,/home/jvillanueva/projects/ovarian-tumor-ultrasound-classification/data/processed/MMOTU_OTU_2D_experimental/validation/masks/1178_binary.PNG,124,148,0.04599,False,,/home/jvillanueva/projects/ovarian-tumor-ultrasound-classification/data/processed/MMOTU_OTU_2D_roi_gt/validation/images/1178.png
1189,validation,C,/home/jvillanueva/projects/ovarian-tumor-ultrasound-classification/data/processed/MMOTU_OTU_2D_experimental/validation/images/1189.JPG,/home/jvillanueva/projects/ovarian-tumor-ultrasound-classification/data/processed/MMOTU_OTU_2D_experimental/validation/masks/1189_binary.PNG,248,191,0.094001,False,,/home/jvillanueva/projects/ovarian-tumor-ultrasound-classification/data/processed/MMOTU_OTU_2D_roi_gt/validation/images/1189.png
1198,validation,C,/home/jvillanueva/projects/ovarian-tumor-ultrasound-classification/data/processed/MMOTU_OTU_2D_experimental/validation/images/1198.JPG,/home/jvillanueva/projects/ovarian-tumor-ultrasound-classification/data/processed/MMOTU_OTU_2D_experimental/validation/masks/1198_binary.PNG,261,276,0.141757,False,,/home/jvillanueva/projects/ovarian-tumor-ultrasound-classification/data/processed/MMOTU_OTU_2D_roi_gt/validation/images/1198.png
120,validation,C,/home/jvillanueva/projects/ovarian-tumor-ultrasound-classification/data/processed/MMOTU_OTU_2D_experimental/validation/images/120.JPG,/home/jvillanueva/projects/ovarian-tumor-ultrasound-classification/data/processed/MMOTU_OTU_2D_experimental/validation/masks/120_binary.PNG,243,202,0.191823,False,,/home/jvillanueva/projects/ovarian-tumor-ultrasound-classification/data/processed/MMOTU_OTU_2D_roi_gt/validation/images/120.png
1211,validation,C,/home/jvillanueva/projects/ovarian-tumor-ultrasound-classification/data/processed/MMOTU_OTU_2D_experimental/validation/images/1211.JPG,/home/jvillanueva/projects/ovarian-tumor-ultrasound-classification/data/processed/MMOTU_OTU_2D_experimental/validation/masks/1211_binary.PNG,124,130,0.031829,False,,/home/jvillanueva/projects/ovarian-tumor-ultrasound-classification/data/processed/MMOTU_OTU_2D_roi_gt/validation/images/1211.png
1215,validation,C,/home/jvillanueva/projects/ovarian-tumor-ultrasound-classification/data/processed/MMOTU_OTU_2D_experimental/validation/images/1215.JPG,/home/jvillanueva/projects/ovarian-tumor-ultrasound-classification/data/processed/MMOTU_OTU_2D_experimental/validation/masks/1215_binary.PNG,508,405,0.40377,False,,/home/jvillanueva/projects/ovarian-tumor-ultrasound-classification/data/processed/MMOTU_OTU_2D_roi_gt/validation/images/1215.png
1222,validation,C,/home/jvillanueva/projects/ovarian-tumor-ultrasound-classification/data/processed/MMOTU_OTU_2D_experimental/validation/images/1222.JPG,/home/jvillanueva/projects/ovarian-tumor-ultrasound-classification/data/processed/MMOTU_OTU_2D_experimental/validation/masks/1222_binary.PNG,446,389,0.25975,False,,/home/jvillanueva/projects/ovarian-tumor-ultrasound-classification/data/processed/MMOTU_OTU_2D_roi_gt/validation/images/1222.png
123,validation,C,/home/jvillanueva/projects/ovarian-tumor-ultrasound-classification/data/processed/MMOTU_OTU_2D_experimental/validation/images/123.JPG,/home/jvillanueva/projects/ovarian-tumor-ultrasound-classification/data/processed/MMOTU_OTU_2D_experimental/validation/masks/123_binary.PNG,267,232,0.241617,False,,/home/jvillanueva/projects/ovarian-tumor-ultrasound-classification/data/processed/MMOTU_OTU_2D_roi_gt/validation/images/123.png
1242,validation,C,/home/jvillanueva/projects/ovarian-tumor-ultrasound-classification/data/processed/MMOTU_OTU_2D_experimental/validation/images/1242.JPG,/home/jvillanueva/projects/ovarian-tumor-ultrasound-classification/data/processed/MMOTU_OTU_2D_experimental/validation/masks/1242_binary.PNG,483,485,0.460019,False,,/home/jvillanueva/projects/ovarian-tumor-ultrasound-classification/data/processed/MMOTU_OTU_2D_roi_gt/validation/images/1242.png
1245,validation,C,/home/jvillanueva/projects/ovarian-tumor-ultrasound-classification/data/processed/MMOTU_OTU_2D_experimental/validation/images/1245.JPG,/home/jvillanueva/projects/ovarian-tumor-ultrasound-classification/data/processed/MMOTU_OTU_2D_experimental/validation/masks/1245_binary.PNG,382,316,0.235276,False,,/home/jvillanueva/projects/ovarian-tumor-ultrasound-classification/data/processed/MMOTU_OTU_2D_roi_gt/validation/images/1245.png
1256,validation,C,/home/jvillanueva/projects/ovarian-tumor-ultrasound-classification/data/processed/MMOTU_OTU_2D_experimental/validation/images/1256.JPG,/home/jvillanueva/projects/ovarian-tumor-ultrasound-classification/data/processed/MMOTU_OTU_2D_experimental/validation/masks/1256_binary.PNG,364,456,0.320519,False,,/home/jvillanueva/projects/ovarian-tumor-ultrasound-classification/data/processed/MMOTU_OTU_2D_roi_gt/validation/images/1256.png
1258,validation,C,/home/jvillanueva/projects/ovarian-tumor-ultrasound-classification/data/processed/MMOTU_OTU_2D_experimental/validation/images/1258.JPG,/home/jvillanueva/projects/ovarian-tumor-ultrasound-classification/data/processed/MMOTU_OTU_2D_experimental/validation/masks/1258_binary.PNG,215,179,0.150596,False,,/home/jvillanueva/projects/ovarian-tumor-ultrasound-classification/data/processed/MMOTU_OTU_2D_roi_gt/validation/images/1258.png
1262,validation,C,/home/jvillanueva/projects/ovarian-tumor-ultrasound-classification/data/processed/MMOTU_OTU_2D_experimental/validation/images/1262.JPG,/home/jvillanueva/projects/ovarian-tumor-ultrasound-classification/data/processed/MMOTU_OTU_2D_experimental/validation/masks/1262_binary.PNG,621,455,0.554983,False,,/home/jvillanueva/projects/ovarian-tumor-ultrasound-classification/data/processed/MMOTU_OTU_2D_roi_gt/validation/images/1262.png
1265,validation,C,/home/jvillanueva/projects/ovarian-tumor-ultrasound-classification/data/processed/MMOTU_OTU_2D_experimental/validation/images/1265.JPG,/home/jvillanueva/projects/ovarian-tumor-ultrasound-classification/data/processed/MMOTU_OTU_2D_experimental/validation/masks/1265_binary.PNG,324,274,0.349181,False,,/home/jvillanueva/projects/ovarian-tumor-ultrasound-classification/data/processed/MMOTU_OTU_2D_roi_gt/validation/images/1265.png
1278,validation,C,/home/jvillanueva/projects/ovarian-tumor-ultrasound-classification/data/processed/MMOTU_OTU_2D_experimental/validation/images/1278.JPG,/home/jvillanueva/projects/ovarian-tumor-ultrasound-classification/data/processed/MMOTU_OTU_2D_experimental/validation/masks/1278_binary.PNG,317,256,0.131262,False,,/home/jvillanueva/projects/ovarian-tumor-ultrasound-classification/data/processed/MMOTU_OTU_2D_roi_gt/validation/images/1278.png
1284,validation,C,/home/jvillanueva/projects/ovarian-tumor-ultrasound-classification/data/processed/MMOTU_OTU_2D_experimental/validation/images/1284.JPG,/home/jvillanueva/projects/ovarian-tumor-ultrasound-classification/data/processed/MMOTU_OTU_2D_experimental/validation/masks/1284_binary.PNG,458,327,0.22552,False,,/home/jvillanueva/projects/ovarian-tumor-ultrasound-classification/data/processed/MMOTU_OTU_2D_roi_gt/validation/images/1284.png
1296,validation,C,/home/jvillanueva/projects/ovarian-tumor-ultrasound-classification/data/processed/MMOTU_OTU_2D_experimental/validation/images/1296.JPG,/home/jvillanueva/projects/ovarian-tumor-ultrasound-classification/data/processed/MMOTU_OTU_2D_experimental/validation/masks/1296_binary.PNG,540,399,0.639636,False,,/home/jvillanueva/projects/ovarian-tumor-ultrasound-classification/data/processed/MMOTU_OTU_2D_roi_gt/validation/images/1296.png
13,validation,C,/home/jvillanueva/projects/ovarian-tumor-ultrasound-classification/data/processed/MMOTU_OTU_2D_experimental/validation/images/13.JPG,/home/jvillanueva/projects/ovarian-tumor-ultrasound-classification/data/processed/MMOTU_OTU_2D_experimental/validation/masks/13_binary.PNG,475,320,0.299366,False,,/home/jvillanueva/projects/ovarian-tumor-ultrasound-classification/data/processed/MMOTU_OTU_2D_roi_gt/validation/images/13.png
1322,validation,C,/home/jvillanueva/projects/ovarian-tumor-ultrasound-classification/data/processed/MMOTU_OTU_2D_experimental/validation/images/1322.JPG,/home/jvillanueva/projects/ovarian-tumor-ultrasound-classification/data/processed/MMOTU_OTU_2D_experimental/validation/masks/1322_binary.PNG,146,132,0.073634,False,,/home/jvillanueva/projects/ovarian-tumor-ultrasound-classification/data/processed/MMOTU_OTU_2D_roi_gt/validation/images/1322.png
1327,validation,C,/home/jvillanueva/projects/ovarian-tumor-ultrasound-classification/data/processed/MMOTU_OTU_2D_experimental/validation/images/1327.JPG,/home/jvillanueva/projects/ovarian-tumor-ultrasound-classification/data/processed/MMOTU_OTU_2D_experimental/validation/masks/1327_binary.PNG,581,476,0.539027,False,,/home/jvillanueva/projects/ovarian-tumor-ultrasound-classification/data/processed/MMOTU_OTU_2D_roi_gt/validation/images/1327.png
1333,validation,C,/home/jvillanueva/projects/ovarian-tumor-ultrasound-classification/data/processed/MMOTU_OTU_2D_experimental/validation/images/1333.JPG,/home/jvillanueva/projects/ovarian-tumor-ultrasound-classification/data/processed/MMOTU_OTU_2D_experimental/validation/masks/1333_binary.PNG,392,313,0.249146,False,,/home/jvillanueva/projects/ovarian-tumor-ultrasound-classification/data/processed/MMOTU_OTU_2D_roi_gt/validation/images/1333.png
1334,validation,C,/home/jvillanueva/projects/ovarian-tumor-ultrasound-classification/data/processed/MMOTU_OTU_2D_experimental/validation/images/1334.JPG,/home/jvillanueva/projects/ovarian-tumor-ultrasound-classification/data/processed/MMOTU_OTU_2D_experimental/validation/masks/1334_binary.PNG,433,384,0.250972,False,,/home/jvillanueva/projects/ovarian-tumor-ultrasound-classification/data/processed/MMOTU_OTU_2D_roi_gt/validation/images/1334.png
135,validation,C,/home/jvillanueva/projects/ovarian-tumor-ultrasound-classification/data/processed/MMOTU_OTU_2D_experimental/validation/images/135.JPG,/home/jvillanueva/projects/ovarian-tumor-ultrasound-classification/data/processed/MMOTU_OTU_2D_experimental/validation/masks/135_binary.PNG,132,131,0.06783,False,,/home/jvillanueva/projects/ovarian-tumor-ultrasound-classification/data/processed/MMOTU_OTU_2D_roi_gt/validation/images/135.png
1353,validation,C,/home/jvillanueva/projects/ovarian-tumor-ultrasound-classification/data/processed/MMOTU_OTU_2D_experimental/validation/images/1353.JPG,/home/jvillanueva/projects/ovarian-tumor-ultrasound-classification/data/processed/MMOTU_OTU_2D_experimental/validation/masks/1353_binary.PNG,405,331,0.264246,False,,/home/jvillanueva/projects/ovarian-tumor-ultrasound-classification/data/processed/MMOTU_OTU_2D_roi_gt/validation/images/1353.png
1355,validation,C,/home/jvillanueva/projects/ovarian-tumor-ultrasound-classification/data/processed/MMOTU_OTU_2D_experimental/validation/images/1355.JPG,/home/jvillanueva/projects/ovarian-tumor-ultrasound-classification/data/processed/MMOTU_OTU_2D_experimental/validation/masks/1355_binary.PNG,508,414,0.409317,False,,/home/jvillanueva/projects/ovarian-tumor-ultrasound-classification/data/processed/MMOTU_OTU_2D_roi_gt/validation/images/1355.png
1389,validation,C,/home/jvillanueva/projects/ovarian-tumor-ultrasound-classification/data/processed/MMOTU_OTU_2D_experimental/validation/images/1389.JPG,/home/jvillanueva/projects/ovarian-tumor-ultrasound-classification/data/processed/MMOTU_OTU_2D_experimental/validation/masks/1389_binary.PNG,231,191,0.170461,False,,/home/jvillanueva/projects/ovarian-tumor-ultrasound-classification/data/processed/MMOTU_OTU_2D_roi_gt/validation/images/1389.png
1391,validation,C,/home/jvillanueva/projects/ovarian-tumor-ultrasound-classification/data/processed/MMOTU_OTU_2D_experimental/validation/images/1391.JPG,/home/jvillanueva/projects/ovarian-tumor-ultrasound-classification/data/processed/MMOTU_OTU_2D_experimental/validation/masks/1391_binary.PNG,206,197,0.15949,False,,/home/jvillanueva/projects/ovarian-tumor-ultrasound-classification/data/processed/MMOTU_OTU_2D_roi_gt/validation/images/1391.png
1407,validation,C,/home/jvillanueva/projects/ovarian-tumor-ultrasound-classification/data/processed/MMOTU_OTU_2D_experimental/validation/images/1407.JPG,/home/jvillanueva/projects/ovarian-tumor-ultrasound-classification/data/processed/MMOTU_OTU_2D_experimental/validation/masks/1407_binary.PNG,132,171,0.087407,False,,/home/jvillanueva/projects/ovarian-tumor-ultrasound-classification/data/processed/MMOTU_OTU_2D_roi_gt/validation/images/1407.png
1428,validation,C,/home/jvillanueva/projects/ovarian-tumor-ultrasound-classification/data/processed/MMOTU_OTU_2D_experimental/validation/images/1428.JPG,/home/jvillanueva/projects/ovarian-tumor-ultrasound-classification/data/processed/MMOTU_OTU_2D_experimental/validation/masks/1428_binary.PNG,446,313,0.271579,False,,/home/jvillanueva/projects/ovarian-tumor-ultrasound-classification/data/processed/MMOTU_OTU_2D_roi_gt/validation/images/1428.png
1429,validation,C,/home/jvillanueva/projects/ovarian-tumor-ultrasound-classification/data/processed/MMOTU_OTU_2D_experimental/validation/images/1429.JPG,/home/jvillanueva/projects/ovarian-tumor-ultrasound-classification/data/processed/MMOTU_OTU_2D_experimental/validation/masks/1429_binary.PNG,248,178,0.070774,False,,/home/jvillanueva/projects/ovarian-tumor-ultrasound-classification/data/processed/MMOTU_OTU_2D_roi_gt/validation/images/1429.png
143,validation,C,/home/jvillanueva/projects/ovarian-tumor-ultrasound-classification/data/processed/MMOTU_OTU_2D_experimental/validation/images/143.JPG,/home/jvillanueva/projects/ovarian-tumor-ultrasound-classification/data/processed/MMOTU_OTU_2D_experimental/validation/masks/143_binary.PNG,193,87,0.058352,False,,/home/jvillanueva/projects/ovarian-tumor-ultrasound-classification/data/processed/MMOTU_OTU_2D_roi_gt/validation/images/143.png
1436,validation,C,/home/jvillanueva/projects/ovarian-tumor-ultrasound-classification/data/processed/MMOTU_OTU_2D_experimental/validation/images/1436.JPG,/home/jvillanueva/projects/ovarian-tumor-ultrasound-classification/data/processed/MMOTU_OTU_2D_experimental/validation/masks/1436_binary.PNG,124,125,0.059428,False,,/home/jvillanueva/projects/ovarian-tumor-ultrasound-classification/data/processed/MMOTU_OTU_2D_roi_gt/validation/images/1436.png
1439,validation,C,/home/jvillanueva/projects/ovarian-tumor-ultrasound-classification/data/processed/MMOTU_OTU_2D_experimental/validation/images/1439.JPG,/home/jvillanueva/projects/ovarian-tumor-ultrasound-classification/data/processed/MMOTU_OTU_2D_experimental/validation/masks/1439_binary.PNG,350,310,0.210124,False,,/home/jvillanueva/projects/ovarian-tumor-ultrasound-classification/data/processed/MMOTU_OTU_2D_roi_gt/validation/images/1439.png
1443,validation,C,/home/jvillanueva/projects/ovarian-tumor-ultrasound-classification/data/processed/MMOTU_OTU_2D_experimental/validation/images/1443.JPG,/home/jvillanueva/projects/ovarian-tumor-ultrasound-classification/data/processed/MMOTU_OTU_2D_experimental/validation/masks/1443_binary.PNG,361,333,0.23827,False,,/home/jvillanueva/projects/ovarian-tumor-ultrasound-classification/data/processed/MMOTU_OTU_2D_roi_gt/validation/images/1443.png
1445,validation,C,/home/jvillanueva/projects/ovarian-tumor-ultrasound-classification/data/processed/MMOTU_OTU_2D_experimental/validation/images/1445.JPG,/home/jvillanueva/projects/ovarian-tumor-ultrasound-classification/data/processed/MMOTU_OTU_2D_experimental/validation/masks/1445_binary.PNG,406,362,0.222503,False,,/home/jvillanueva/projects/ovarian-tumor-ultrasound-classification/data/processed/MMOTU_OTU_2D_roi_gt/validation/images/1445.png
1452,validation,C,/home/jvillanueva/projects/ovarian-tumor-ultrasound-classification/data/processed/MMOTU_OTU_2D_experimental/validation/images/1452.JPG,/home/jvillanueva/projects/ovarian-tumor-ultrasound-classification/data/processed/MMOTU_OTU_2D_experimental/validation/masks/1452_binary.PNG,307,327,0.198843,False,,/home/jvillanueva/projects/ovarian-tumor-ultrasound-classification/data/processed/MMOTU_OTU_2D_roi_gt/validation/images/1452.png
151,validation,C,/home/jvillanueva/projects/ovarian-tumor-ultrasound-classification/data/processed/MMOTU_OTU_2D_experimental/validation/images/151.JPG,/home/jvillanueva/projects/ovarian-tumor-ultrasound-classification/data/processed/MMOTU_OTU_2D_experimental/validation/masks/151_binary.PNG,256,212,0.106688,False,,/home/jvillanueva/projects/ovarian-tumor-ultrasound-classification/data/processed/MMOTU_OTU_2D_roi_gt/validation/images/151.png
169,validation,C,/home/jvillanueva/projects/ovarian-tumor-ultrasound-classification/data/processed/MMOTU_OTU_2D_experimental/validation/images/169.JPG,/home/jvillanueva/projects/ovarian-tumor-ultrasound-classification/data/processed/MMOTU_OTU_2D_experimental/validation/masks/169_binary.PNG,160,154,0.09613,False,,/home/jvillanueva/projects/ovarian-tumor-ultrasound-classification/data/processed/MMOTU_OTU_2D_roi_gt/validation/images/169.png
17,validation,C,/home/jvillanueva/projects/ovarian-tumor-ultrasound-classification/data/processed/MMOTU_OTU_2D_experimental/validation/images/17.JPG,/home/jvillanueva/projects/ovarian-tumor-ultrasound-classification/data/processed/MMOTU_OTU_2D_experimental/validation/masks/17_binary.PNG,350,219,0.149118,False,,/home/jvillanueva/projects/ovarian-tumor-ultrasound-classification/data/processed/MMOTU_OTU_2D_roi_gt/validation/images/17.png
19,validation,C,/home/jvillanueva/projects/ovarian-tumor-ultrasound-classification/data/processed/MMOTU_OTU_2D_experimental/validation/images/19.JPG,/home/jvillanueva/projects/ovarian-tumor-ultrasound-classification/data/processed/MMOTU_OTU_2D_experimental/validation/masks/19_binary.PNG,481,331,0.311219,False,,/home/jvillanueva/projects/ovarian-tumor-ultrasound-classification/data/processed/MMOTU_OTU_2D_roi_gt/validation/images/19.png
190,validation,C,/home/jvillanueva/projects/ovarian-tumor-ultrasound-classification/data/processed/MMOTU_OTU_2D_experimental/validation/images/190.JPG,/home/jvillanueva/projects/ovarian-tumor-ultrasound-classification/data/processed/MMOTU_OTU_2D_experimental/validation/masks/190_binary.PNG,471,339,0.624229,False,,/home/jvillanueva/projects/ovarian-tumor-ultrasound-classification/data/processed/MMOTU_OTU_2D_roi_gt/validation/images/190.png
194,validation,C,/home/jvillanueva/projects/ovarian-tumor-ultrasound-classification/data/processed/MMOTU_OTU_2D_experimental/validation/images/194.JPG,/home/jvillanueva/projects/ovarian-tumor-ultrasound-classification/data/processed/MMOTU_OTU_2D_experimental/validation/masks/194_binary.PNG,479,407,0.766478,False,,/home/jvillanueva/projects/ovarian-tumor-ultrasound-classification/data/processed/MMOTU_OTU_2D_roi_gt/validation/images/194.png
196,validation,C,/home/jvillanueva/projects/ovarian-tumor-ultrasound-classification/data/processed/MMOTU_OTU_2D_experimental/validation/images/196.JPG,/home/jvillanueva/projects/ovarian-tumor-ultrasound-classification/data/processed/MMOTU_OTU_2D_experimental/validation/masks/196_binary.PNG,476,362,0.672398,False,,/home/jvillanueva/projects/ovarian-tumor-ultrasound-classification/data/processed/MMOTU_OTU_2D_roi_gt/validation/images/196.png
215,validation,C,/home/jvillanueva/projects/ovarian-tumor-ultrasound-classification/data/processed/MMOTU_OTU_2D_experimental/validation/images/215.JPG,/home/jvillanueva/projects/ovarian-tumor-ultrasound-classification/data/processed/MMOTU_OTU_2D_experimental/validation/masks/215_binary.PNG,275,221,0.119123,False,,/home/jvillanueva/projects/ovarian-tumor-ultrasound-classification/data/processed/MMOTU_OTU_2D_roi_gt/validation/images/215.png
216,validation,C,/home/jvillanueva/projects/ovarian-tumor-ultrasound-classification/data/processed/MMOTU_OTU_2D_experimental/validation/images/216.JPG,/home/jvillanueva/projects/ovarian-tumor-ultrasound-classification/data/processed/MMOTU_OTU_2D_experimental/validation/masks/216_binary.PNG,95,149,0.02789,False,,/home/jvillanueva/projects/ovarian-tumor-ultrasound-classification/data/processed/MMOTU_OTU_2D_roi_gt/validation/images/216.png
219,validation,C,/home/jvillanueva/projects/ovarian-tumor-ultrasound-classification/data/processed/MMOTU_OTU_2D_experimental/validation/images/219.JPG,/home/jvillanueva/projects/ovarian-tumor-ultrasound-classification/data/processed/MMOTU_OTU_2D_experimental/validation/masks/219_binary.PNG,375,489,0.719315,False,,/home/jvillanueva/projects/ovarian-tumor-ultrasound-classification/data/processed/MMOTU_OTU_2D_roi_gt/validation/images/219.png
22,validation,C,/home/jvillanueva/projects/ovarian-tumor-ultrasound-classification/data/processed/MMOTU_OTU_2D_experimental/validation/images/22.JPG,/home/jvillanueva/projects/ovarian-tumor-ultrasound-classification/data/processed/MMOTU_OTU_2D_experimental/validation/masks/22_binary.PNG,480,315,0.589888,False,,/home/jvillanueva/projects/ovarian-tumor-ultrasound-classification/data/processed/MMOTU_OTU_2D_roi_gt/validation/images/22.png
223,validation,C,/home/jvillanueva/projects/ovarian-tumor-ultrasound-classification/data/processed/MMOTU_OTU_2D_experimental/validation/images/223.JPG,/home/jvillanueva/projects/ovarian-tumor-ultrasound-classification/data/processed/MMOTU_OTU_2D_experimental/validation/masks/223_binary.PNG,484,310,0.384884,False,,/home/jvillanueva/projects/ovarian-tumor-ultrasound-classification/data/processed/MMOTU_OTU_2D_roi_gt/validation/images/223.png
231,validation,C,/home/jvillanueva/projects/ovarian-tumor-ultrasound-classification/data/processed/MMOTU_OTU_2D_experimental/validation/images/231.JPG,/home/jvillanueva/projects/ovarian-tumor-ultrasound-classification/data/processed/MMOTU_OTU_2D_experimental/validation/masks/231_binary.PNG,105,112,0.04642,False,,/home/jvillanueva/projects/ovarian-tumor-ultrasound-classification/data/processed/MMOTU_OTU_2D_roi_gt/validation/images/231.png
232,validation,C,/home/jvillanueva/projects/ovarian-tumor-ultrasound-classification/data/processed/MMOTU_OTU_2D_experimental/validation/images/232.JPG,/home/jvillanueva/projects/ovarian-tumor-ultrasound-classification/data/processed/MMOTU_OTU_2D_experimental/validation/masks/232_binary.PNG,323,206,0.260132,False,,/home/jvillanueva/projects/ovarian-tumor-ultrasound-classification/data/processed/MMOTU_OTU_2D_roi_gt/validation/images/232.png
239,validation,C,/home/jvillanueva/projects/ovarian-tumor-ultrasound-classification/data/processed/MMOTU_OTU_2D_experimental/validation/images/239.JPG,/home/jvillanueva/projects/ovarian-tumor-ultrasound-classification/data/processed/MMOTU_OTU_2D_experimental/validation/masks/239_binary.PNG,460,403,0.724593,False,,/home/jvillanueva/projects/ovarian-tumor-ultrasound-classification/data/processed/MMOTU_OTU_2D_roi_gt/validation/images/239.png
242,validation,C,/home/jvillanueva/projects/ovarian-tumor-ultrasound-classification/data/processed/MMOTU_OTU_2D_experimental/validation/images/242.JPG,/home/jvillanueva/projects/ovarian-tumor-ultrasound-classification/data/processed/MMOTU_OTU_2D_experimental/validation/masks/242_binary.PNG,244,143,0.136072,False,,/home/jvillanueva/projects/ovarian-tumor-ultrasound-classification/data/processed/MMOTU_OTU_2D_roi_gt/validation/images/242.png
280,validation,C,/home/jvillanueva/projects/ovarian-tumor-ultrasound-classification/data/processed/MMOTU_OTU_2D_experimental/validation/images/280.JPG,/home/jvillanueva/projects/ovarian-tumor-ultrasound-classification/data/processed/MMOTU_OTU_2D_experimental/validation/masks/280_binary.PNG,605,400,0.47483,False,,/home/jvillanueva/projects/ovarian-tumor-ultrasound-classification/data/processed/MMOTU_OTU_2D_roi_gt/validation/images/280.png
29,validation,C,/home/jvillanueva/projects/ovarian-tumor-ultrasound-classification/data/processed/MMOTU_OTU_2D_experimental/validation/images/29.JPG,/home/jvillanueva/projects/ovarian-tumor-ultrasound-classification/data/processed/MMOTU_OTU_2D_experimental/validation/masks/29_binary.PNG,352,300,0.207372,False,,/home/jvillanueva/projects/ovarian-tumor-ultrasound-classification/data/processed/MMOTU_OTU_2D_roi_gt/validation/images/29.png
302,validation,C,/home/jvillanueva/projects/ovarian-tumor-ultrasound-classification/data/processed/MMOTU_OTU_2D_experimental/validation/images/302.JPG,/home/jvillanueva/projects/ovarian-tumor-ultrasound-classification/data/processed/MMOTU_OTU_2D_experimental/validation/masks/302_binary.PNG,218,200,0.085227,False,,/home/jvillanueva/projects/ovarian-tumor-ultrasound-classification/data/processed/MMOTU_OTU_2D_roi_gt/validation/images/302.png
303,validation,C,/home/jvillanueva/projects/ovarian-tumor-ultrasound-classification/data/processed/MMOTU_OTU_2D_experimental/validation/images/303.JPG,/home/jvillanueva/projects/ovarian-tumor-ultrasound-classification/data/processed/MMOTU_OTU_2D_experimental/validation/masks/303_binary.PNG,216,183,0.153605,False,,/home/jvillanueva/projects/ovarian-tumor-ultrasound-classification/data/processed/MMOTU_OTU_2D_roi_gt/validation/images/303.png
309,validation,C,/home/jvillanueva/projects/ovarian-tumor-ultrasound-classification/data/processed/MMOTU_OTU_2D_experimental/validation/images/309.JPG,/home/jvillanueva/projects/ovarian-tumor-ultrasound-classification/data/processed/MMOTU_OTU_2D_experimental/validation/masks/309_binary.PNG,482,297,0.297026,False,,/home/jvillanueva/projects/ovarian-tumor-ultrasound-classification/data/processed/MMOTU_OTU_2D_roi_gt/validation/images/309.png
324,validation,C,/home/jvillanueva/projects/ovarian-tumor-ultrasound-classification/data/processed/MMOTU_OTU_2D_experimental/validation/images/324.JPG,/home/jvillanueva/projects/ovarian-tumor-ultrasound-classification/data/processed/MMOTU_OTU_2D_experimental/validation/masks/324_binary.PNG,445,418,0.364972,False,,/home/jvillanueva/projects/ovarian-tumor-ultrasound-classification/data/processed/MMOTU_OTU_2D_roi_gt/validation/images/324.png
329,validation,C,/home/jvillanueva/projects/ovarian-tumor-ultrasound-classification/data/processed/MMOTU_OTU_2D_experimental/validation/images/329.JPG,/home/jvillanueva/projects/ovarian-tumor-ultrasound-classification/data/processed/MMOTU_OTU_2D_experimental/validation/masks/329_binary.PNG,302,314,0.150958,False,,/home/jvillanueva/projects/ovarian-tumor-ultrasound-classification/data/processed/MMOTU_OTU_2D_roi_gt/validation/images/329.png
330,validation,C,/home/jvillanueva/projects/ovarian-tumor-ultrasound-classification/data/processed/MMOTU_OTU_2D_experimental/validation/images/330.JPG,/home/jvillanueva/projects/ovarian-tumor-ultrasound-classification/data/processed/MMOTU_OTU_2D_experimental/validation/masks/330_binary.PNG,265,212,0.089754,False,,/home/jvillanueva/projects/ovarian-tumor-ultrasound-classification/data/processed/MMOTU_OTU_2D_roi_gt/validation/images/330.png
332,validation,C,/home/jvillanueva/projects/ovarian-tumor-ultrasound-classification/data/processed/MMOTU_OTU_2D_experimental/validation/images/332.JPG,/home/jvillanueva/projects/ovarian-tumor-ultrasound-classification/data/processed/MMOTU_OTU_2D_experimental/validation/masks/332_binary.PNG,135,121,0.053611,False,,/home/jvillanueva/projects/ovarian-tumor-ultrasound-classification/data/processed/MMOTU_OTU_2D_roi_gt/validation/images/332.png
334,validation,C,/home/jvillanueva/projects/ovarian-tumor-ultrasound-classification/data/processed/MMOTU_OTU_2D_experimental/validation/images/334.JPG,/home/jvillanueva/projects/ovarian-tumor-ultrasound-classification/data/processed/MMOTU_OTU_2D_experimental/validation/masks/334_binary.PNG,178,167,0.047699,False,,/home/jvillanueva/projects/ovarian-tumor-ultrasound-classification/data/processed/MMOTU_OTU_2D_roi_gt/validation/images/334.png
347,validation,C,/home/jvillanueva/projects/ovarian-tumor-ultrasound-classification/data/processed/MMOTU_OTU_2D_experimental/validation/images/347.JPG,/home/jvillanueva/projects/ovarian-tumor-ultrasound-classification/data/processed/MMOTU_OTU_2D_experimental/validation/masks/347_binary.PNG,153,165,0.050064,False,,/home/jvillanueva/projects/ovarian-tumor-ultrasound-classification/data/processed/MMOTU_OTU_2D_roi_gt/validation/images/347.png
349,validation,C,/home/jvillanueva/projects/ovarian-tumor-ultrasound-classification/data/processed/MMOTU_OTU_2D_experimental/validation/images/349.JPG,/home/jvillanueva/projects/ovarian-tumor-ultrasound-classification/data/processed/MMOTU_OTU_2D_experimental/validation/masks/349_binary.PNG,168,156,0.091765,False,,/home/jvillanueva/projects/ovarian-tumor-ultrasound-classification/data/processed/MMOTU_OTU_2D_roi_gt/validation/images/349.png
353,validation,C,/home/jvillanueva/projects/ovarian-tumor-ultrasound-classification/data/processed/MMOTU_OTU_2D_experimental/validation/images/353.JPG,/home/jvillanueva/projects/ovarian-tumor-ultrasound-classification/data/processed/MMOTU_OTU_2D_experimental/validation/masks/353_binary.PNG,170,144,0.047585,False,,/home/jvillanueva/projects/ovarian-tumor-ultrasound-classification/data/processed/MMOTU_OTU_2D_roi_gt/validation/images/353.png
355,validation,C,/home/jvillanueva/projects/ovarian-tumor-ultrasound-classification/data/processed/MMOTU_OTU_2D_experimental/validation/images/355.JPG,/home/jvillanueva/projects/ovarian-tumor-ultrasound-classification/data/processed/MMOTU_OTU_2D_experimental/validation/masks/355_binary.PNG,143,131,0.036414,False,,/home/jvillanueva/projects/ovarian-tumor-ultrasound-classification/data/processed/MMOTU_OTU_2D_roi_gt/validation/images/355.png
360,validation,C,/home/jvillanueva/projects/ovarian-tumor-ultrasound-classification/data/processed/MMOTU_OTU_2D_experimental/validation/images/360.JPG,/home/jvillanueva/projects/ovarian-tumor-ultrasound-classification/data/processed/MMOTU_OTU_2D_experimental/validation/masks/360_binary.PNG,513,478,0.476351,False,,/home/jvillanueva/projects/ovarian-tumor-ultrasound-classification/data/processed/MMOTU_OTU_2D_roi_gt/validation/images/360.png
365,validation,C,/home/jvillanueva/projects/ovarian-tumor-ultrasound-classification/data/processed/MMOTU_OTU_2D_experimental/validation/images/365.JPG,/home/jvillanueva/projects/ovarian-tumor-ultrasound-classification/data/processed/MMOTU_OTU_2D_experimental/validation/masks/365_binary.PNG,816,470,0.722625,False,,/home/jvillanueva/projects/ovarian-tumor-ultrasound-classification/data/processed/MMOTU_OTU_2D_roi_gt/validation/images/365.png
375,validation,C,/home/jvillanueva/projects/ovarian-tumor-ultrasound-classification/data/processed/MMOTU_OTU_2D_experimental/validation/images/375.JPG,/home/jvillanueva/projects/ovarian-tumor-ultrasound-classification/data/processed/MMOTU_OTU_2D_experimental/validation/masks/375_binary.PNG,371,328,0.474852,False,,/home/jvillanueva/projects/ovarian-tumor-ultrasound-classification/data/processed/MMOTU_OTU_2D_roi_gt/validation/images/375.png
379,validation,C,/home/jvillanueva/projects/ovarian-tumor-ultrasound-classification/data/processed/MMOTU_OTU_2D_experimental/validation/images/379.JPG,/home/jvillanueva/projects/ovarian-tumor-ultrasound-classification/data/processed/MMOTU_OTU_2D_experimental/validation/masks/379_binary.PNG,359,317,0.444644,False,,/home/jvillanueva/projects/ovarian-tumor-ultrasound-classification/data/processed/MMOTU_OTU_2D_roi_gt/validation/images/379.png
380,validation,C,/home/jvillanueva/projects/ovarian-tumor-ultrasound-classification/data/processed/MMOTU_OTU_2D_experimental/validation/images/380.JPG,/home/jvillanueva/projects/ovarian-tumor-ultrasound-classification/data/processed/MMOTU_OTU_2D_experimental/validation/masks/380_binary.PNG,345,348,0.470464,False,,/home/jvillanueva/projects/ovarian-tumor-ultrasound-classification/data/processed/MMOTU_OTU_2D_roi_gt/validation/images/380.png
384,validation,C,/home/jvillanueva/projects/ovarian-tumor-ultrasound-classification/data/processed/MMOTU_OTU_2D_experimental/validation/images/384.JPG,/home/jvillanueva/projects/ovarian-tumor-ultrasound-classification/data/processed/MMOTU_OTU_2D_experimental/validation/masks/384_binary.PNG,492,402,0.60613,False,,/home/jvillanueva/projects/ovarian-tumor-ultrasound-classification/data/processed/MMOTU_OTU_2D_roi_gt/validation/images/384.png
390,validation,C,/home/jvillanueva/projects/ovarian-tumor-ultrasound-classification/data/processed/MMOTU_OTU_2D_experimental/validation/images/390.JPG,/home/jvillanueva/projects/ovarian-tumor-ultrasound-classification/data/processed/MMOTU_OTU_2D_experimental/validation/masks/390_binary.PNG,360,320,0.236472,False,,/home/jvillanueva/projects/ovarian-tumor-ultrasound-classification/data/processed/MMOTU_OTU_2D_roi_gt/validation/images/390.png
393,validation,C,/home/jvillanueva/projects/ovarian-tumor-ultrasound-classification/data/processed/MMOTU_OTU_2D_experimental/validation/images/393.JPG,/home/jvillanueva/projects/ovarian-tumor-ultrasound-classification/data/processed/MMOTU_OTU_2D_experimental/validation/masks/393_binary.PNG,493,360,0.348527,False,,/home/jvillanueva/projects/ovarian-tumor-ultrasound-classification/data/processed/MMOTU_OTU_2D_roi_gt/validation/images/393.png
400,validation,C,/home/jvillanueva/projects/ovarian-tumor-ultrasound-classification/data/processed/MMOTU_OTU_2D_experimental/validation/images/400.JPG,/home/jvillanueva/projects/ovarian-tumor-ultrasound-classification/data/processed/MMOTU_OTU_2D_experimental/validation/masks/400_binary.PNG,219,219,0.260397,False,,/home/jvillanueva/projects/ovarian-tumor-ultrasound-classification/data/processed/MMOTU_OTU_2D_roi_gt/validation/images/400.png
401,validation,C,/home/jvillanueva/projects/ovarian-tumor-ultrasound-classification/data/processed/MMOTU_OTU_2D_experimental/validation/images/401.JPG,/home/jvillanueva/projects/ovarian-tumor-ultrasound-classification/data/processed/MMOTU_OTU_2D_experimental/validation/masks/401_binary.PNG,219,225,0.216798,False,,/home/jvillanueva/projects/ovarian-tumor-ultrasound-classification/data/processed/MMOTU_OTU_2D_roi_gt/validation/images/401.png
402,validation,C,/home/jvillanueva/projects/ovarian-tumor-ultrasound-classification/data/processed/MMOTU_OTU_2D_experimental/validation/images/402.JPG,/home/jvillanueva/projects/ovarian-tumor-ultrasound-classification/data/processed/MMOTU_OTU_2D_experimental/validation/masks/402_binary.PNG,338,245,0.158903,False,,/home/jvillanueva/projects/ovarian-tumor-ultrasound-classification/data/processed/MMOTU_OTU_2D_roi_gt/validation/images/402.png
404,validation,C,/home/jvillanueva/projects/ovarian-tumor-ultrasound-classification/data/processed/MMOTU_OTU_2D_experimental/validation/images/404.JPG,/home/jvillanueva/projects/ovarian-tumor-ultrasound-classification/data/processed/MMOTU_OTU_2D_experimental/validation/masks/404_binary.PNG,604,532,0.63048,False,,/home/jvillanueva/projects/ovarian-tumor-ultrasound-classification/data/processed/MMOTU_OTU_2D_roi_gt/validation/images/404.png
408,validation,C,/home/jvillanueva/projects/ovarian-tumor-ultrasound-classification/data/processed/MMOTU_OTU_2D_experimental/validation/images/408.JPG,/home/jvillanueva/projects/ovarian-tumor-ultrasound-classification/data/processed/MMOTU_OTU_2D_experimental/validation/masks/408_binary.PNG,442,419,0.363758,False,,/home/jvillanueva/projects/ovarian-tumor-ultrasound-classification/data/processed/MMOTU_OTU_2D_roi_gt/validation/images/408.png
413,validation,C,/home/jvillanueva/projects/ovarian-tumor-ultrasound-classification/data/processed/MMOTU_OTU_2D_experimental/validation/images/413.JPG,/home/jvillanueva/projects/ovarian-tumor-ultrasound-classification/data/processed/MMOTU_OTU_2D_experimental/validation/masks/413_binary.PNG,525,368,0.305242,False,,/home/jvillanueva/projects/ovarian-tumor-ultrasound-classification/data/processed/MMOTU_OTU_2D_roi_gt/validation/images/413.png
415,validation,C,/home/jvillanueva/projects/ovarian-tumor-ultrasound-classification/data/processed/MMOTU_OTU_2D_experimental/validation/images/415.JPG,/home/jvillanueva/projects/ovarian-tumor-ultrasound-classification/data/processed/MMOTU_OTU_2D_experimental/validation/masks/415_binary.PNG,620,337,0.400867,False,,/home/jvillanueva/projects/ovarian-tumor-ultrasound-classification/data/processed/MMOTU_OTU_2D_roi_gt/validation/images/415.png
416,validation,C,/home/jvillanueva/projects/ovarian-tumor-ultrasound-classification/data/processed/MMOTU_OTU_2D_experimental/validation/images/416.JPG,/home/jvillanueva/projects/ovarian-tumor-ultrasound-classification/data/processed/MMOTU_OTU_2D_experimental/validation/masks/416_binary.PNG,446,504,0.44105,False,,/home/jvillanueva/projects/ovarian-tumor-ultrasound-classification/data/processed/MMOTU_OTU_2D_roi_gt/validation/images/416.png
418,validation,C,/home/jvillanueva/projects/ovarian-tumor-ultrasound-classification/data/processed/MMOTU_OTU_2D_experimental/validation/images/418.JPG,/home/jvillanueva/projects/ovarian-tumor-ultrasound-classification/data/processed/MMOTU_OTU_2D_experimental/validation/masks/418_binary.PNG,327,255,0.163748,False,,/home/jvillanueva/projects/ovarian-tumor-ultrasound-classification/data/processed/MMOTU_OTU_2D_roi_gt/validation/images/418.png
42,validation,C,/home/jvillanueva/projects/ovarian-tumor-ultrasound-classification/data/processed/MMOTU_OTU_2D_experimental/validation/images/42.JPG,/home/jvillanueva/projects/ovarian-tumor-ultrasound-classification/data/processed/MMOTU_OTU_2D_experimental/validation/masks/42_binary.PNG,435,339,0.575316,False,,/home/jvillanueva/projects/ovarian-tumor-ultrasound-classification/data/processed/MMOTU_OTU_2D_roi_gt/validation/images/42.png
434,validation,C,/home/jvillanueva/projects/ovarian-tumor-ultrasound-classification/data/processed/MMOTU_OTU_2D_experimental/validation/images/434.JPG,/home/jvillanueva/projects/ovarian-tumor-ultrasound-classification/data/processed/MMOTU_OTU_2D_experimental/validation/masks/434_binary.PNG,643,581,0.587905,False,,/home/jvillanueva/projects/ovarian-tumor-ultrasound-classification/data/processed/MMOTU_OTU_2D_roi_gt/validation/images/434.png
437,validation,C,/home/jvillanueva/projects/ovarian-tumor-ultrasound-classification/data/processed/MMOTU_OTU_2D_experimental/validation/images/437.JPG,/home/jvillanueva/projects/ovarian-tumor-ultrasound-classification/data/processed/MMOTU_OTU_2D_experimental/validation/masks/437_binary.PNG,212,135,0.216059,False,,/home/jvillanueva/projects/ovarian-tumor-ultrasound-classification/data/processed/MMOTU_OTU_2D_roi_gt/validation/images/437.png
44,validation,C,/home/jvillanueva/projects/ovarian-tumor-ultrasound-classification/data/processed/MMOTU_OTU_2D_experimental/validation/images/44.JPG,/home/jvillanueva/projects/ovarian-tumor-ultrasound-classification/data/processed/MMOTU_OTU_2D_experimental/validation/masks/44_binary.PNG,450,352,0.616822,False,,/home/jvillanueva/projects/ovarian-tumor-ultrasound-classification/data/processed/MMOTU_OTU_2D_roi_gt/validation/images/44.png
451,validation,C,/home/jvillanueva/projects/ovarian-tumor-ultrasound-classification/data/processed/MMOTU_OTU_2D_experimental/validation/images/451.JPG,/home/jvillanueva/projects/ovarian-tumor-ultrasound-classification/data/processed/MMOTU_OTU_2D_experimental/validation/masks/451_binary.PNG,336,461,0.303923,False,,/home/jvillanueva/projects/ovarian-tumor-ultrasound-classification/data/processed/MMOTU_OTU_2D_roi_gt/validation/images/451.png
455,validation,C,/home/jvillanueva/projects/ovarian-tumor-ultrasound-classification/data/processed/MMOTU_OTU_2D_experimental/validation/images/455.JPG,/home/jvillanueva/projects/ovarian-tumor-ultrasound-classification/data/processed/MMOTU_OTU_2D_experimental/validation/masks/455_binary.PNG,344,347,0.233921,False,,/home/jvillanueva/projects/ovarian-tumor-ultrasound-classification/data/processed/MMOTU_OTU_2D_roi_gt/validation/images/455.png
471,validation,C,/home/jvillanueva/projects/ovarian-tumor-ultrasound-classification/data/processed/MMOTU_OTU_2D_experimental/validation/images/471.JPG,/home/jvillanueva/projects/ovarian-tumor-ultrasound-classification/data/processed/MMOTU_OTU_2D_experimental/validation/masks/471_binary.PNG,506,381,0.378662,False,,/home/jvillanueva/projects/ovarian-tumor-ultrasound-classification/data/processed/MMOTU_OTU_2D_roi_gt/validation/images/471.png
480,validation,C,/home/jvillanueva/projects/ovarian-tumor-ultrasound-classification/data/processed/MMOTU_OTU_2D_experimental/validation/images/480.JPG,/home/jvillanueva/projects/ovarian-tumor-ultrasound-classification/data/processed/MMOTU_OTU_2D_experimental/validation/masks/480_binary.PNG,389,364,0.261749,False,,/home/jvillanueva/projects/ovarian-tumor-ultrasound-classification/data/processed/MMOTU_OTU_2D_roi_gt/validation/images/480.png
482,validation,C,/home/jvillanueva/projects/ovarian-tumor-ultrasound-classification/data/processed/MMOTU_OTU_2D_experimental/validation/images/482.JPG,/home/jvillanueva/projects/ovarian-tumor-ultrasound-classification/data/processed/MMOTU_OTU_2D_experimental/validation/masks/482_binary.PNG,362,371,0.335619,False,,/home/jvillanueva/projects/ovarian-tumor-ultrasound-classification/data/processed/MMOTU_OTU_2D_roi_gt/validation/images/482.png
489,validation,C,/home/jvillanueva/projects/ovarian-tumor-ultrasound-classification/data/processed/MMOTU_OTU_2D_experimental/validation/images/489.JPG,/home/jvillanueva/projects/ovarian-tumor-ultrasound-classification/data/processed/MMOTU_OTU_2D_experimental/validation/masks/489_binary.PNG,568,460,0.643125,False,,/home/jvillanueva/projects/ovarian-tumor-ultrasound-classification/data/processed/MMOTU_OTU_2D_roi_gt/validation/images/489.png
51,validation,C,/home/jvillanueva/projects/ovarian-tumor-ultrasound-classification/data/processed/MMOTU_OTU_2D_experimental/validation/images/51.JPG,/home/jvillanueva/projects/ovarian-tumor-ultrasound-classification/data/processed/MMOTU_OTU_2D_experimental/validation/masks/51_binary.PNG,388,365,0.271233,False,,/home/jvillanueva/projects/ovarian-tumor-ultrasound-classification/data/processed/MMOTU_OTU_2D_roi_gt/validation/images/51.png
510,validation,C,/home/jvillanueva/projects/ovarian-tumor-ultrasound-classification/data/processed/MMOTU_OTU_2D_experimental/validation/images/510.JPG,/home/jvillanueva/projects/ovarian-tumor-ultrasound-classification/data/processed/MMOTU_OTU_2D_experimental/validation/masks/510_binary.PNG,339,285,0.187259,False,,/home/jvillanueva/projects/ovarian-tumor-ultrasound-classification/data/processed/MMOTU_OTU_2D_roi_gt/validation/images/510.png
523,validation,C,/home/jvillanueva/projects/ovarian-tumor-ultrasound-classification/data/processed/MMOTU_OTU_2D_experimental/validation/images/523.JPG,/home/jvillanueva/projects/ovarian-tumor-ultrasound-classification/data/processed/MMOTU_OTU_2D_experimental/validation/masks/523_binary.PNG,299,252,0.139497,False,,/home/jvillanueva/projects/ovarian-tumor-ultrasound-classification/data/processed/MMOTU_OTU_2D_roi_gt/validation/images/523.png
533,validation,C,/home/jvillanueva/projects/ovarian-tumor-ultrasound-classification/data/processed/MMOTU_OTU_2D_experimental/validation/images/533.JPG,/home/jvillanueva/projects/ovarian-tumor-ultrasound-classification/data/processed/MMOTU_OTU_2D_experimental/validation/masks/533_binary.PNG,340,180,0.117249,False,,/home/jvillanueva/projects/ovarian-tumor-ultrasound-classification/data/processed/MMOTU_OTU_2D_roi_gt/validation/images/533.png
563,validation,C,/home/jvillanueva/projects/ovarian-tumor-ultrasound-classification/data/processed/MMOTU_OTU_2D_experimental/validation/images/563.JPG,/home/jvillanueva/projects/ovarian-tumor-ultrasound-classification/data/processed/MMOTU_OTU_2D_experimental/validation/masks/563_binary.PNG,265,218,0.215896,False,,/home/jvillanueva/projects/ovarian-tumor-ultrasound-classification/data/processed/MMOTU_OTU_2D_roi_gt/validation/images/563.png
568,validation,C,/home/jvillanueva/projects/ovarian-tumor-ultrasound-classification/data/processed/MMOTU_OTU_2D_experimental/validation/images/568.JPG,/home/jvillanueva/projects/ovarian-tumor-ultrasound-classification/data/processed/MMOTU_OTU_2D_experimental/validation/masks/568_binary.PNG,121,75,0.033473,False,,/home/jvillanueva/projects/ovarian-tumor-ultrasound-classification/data/processed/MMOTU_OTU_2D_roi_gt/validation/images/568.png
574,validation,C,/home/jvillanueva/projects/ovarian-tumor-ultrasound-classification/data/processed/MMOTU_OTU_2D_experimental/validation/images/574.JPG,/home/jvillanueva/projects/ovarian-tumor-ultrasound-classification/data/processed/MMOTU_OTU_2D_experimental/validation/masks/574_binary.PNG,208,241,0.144205,False,,/home/jvillanueva/projects/ovarian-tumor-ultrasound-classification/data/processed/MMOTU_OTU_2D_roi_gt/validation/images/574.png
584,validation,C,/home/jvillanueva/projects/ovarian-tumor-ultrasound-classification/data/processed/MMOTU_OTU_2D_experimental/validation/images/584.JPG,/home/jvillanueva/projects/ovarian-tumor-ultrasound-classification/data/processed/MMOTU_OTU_2D_experimental/validation/masks/584_binary.PNG,156,160,0.093552,False,,/home/jvillanueva/projects/ovarian-tumor-ultrasound-classification/data/processed/MMOTU_OTU_2D_roi_gt/validation/images/584.png
586,validation,C,/home/jvillanueva/projects/ovarian-tumor-ultrasound-classification/data/processed/MMOTU_OTU_2D_experimental/validation/images/586.JPG,/home/jvillanueva/projects/ovarian-tumor-ultrasound-classification/data/processed/MMOTU_OTU_2D_experimental/validation/masks/586_binary.PNG,155,140,0.040305,False,,/home/jvillanueva/projects/ovarian-tumor-ultrasound-classification/data/processed/MMOTU_OTU_2D_roi_gt/validation/images/586.png
599,validation,C,/home/jvillanueva/projects/ovarian-tumor-ultrasound-classification/data/processed/MMOTU_OTU_2D_experimental/validation/images/599.JPG,/home/jvillanueva/projects/ovarian-tumor-ultrasound-classification/data/processed/MMOTU_OTU_2D_experimental/validation/masks/599_binary.PNG,96,68,0.019417,False,,/home/jvillanueva/projects/ovarian-tumor-ultrasound-classification/data/processed/MMOTU_OTU_2D_roi_gt/validation/images/599.png
6,validation,C,/home/jvillanueva/projects/ovarian-tumor-ultrasound-classification/data/processed/MMOTU_OTU_2D_experimental/validation/images/6.JPG,/home/jvillanueva/projects/ovarian-tumor-ultrasound-classification/data/processed/MMOTU_OTU_2D_experimental/validation/masks/6_binary.PNG,485,292,0.276833,False,,/home/jvillanueva/projects/ovarian-tumor-ultrasound-classification/data/processed/MMOTU_OTU_2D_roi_gt/validation/images/6.png
60,validation,C,/home/jvillanueva/projects/ovarian-tumor-ultrasound-classification/data/processed/MMOTU_OTU_2D_experimental/validation/images/60.JPG,/home/jvillanueva/projects/ovarian-tumor-ultrasound-classification/data/processed/MMOTU_OTU_2D_experimental/validation/masks/60_binary.PNG,542,398,0.372415,False,,/home/jvillanueva/projects/ovarian-tumor-ultrasound-classification/data/processed/MMOTU_OTU_2D_roi_gt/validation/images/60.png
605,validation,C,/home/jvillanueva/projects/ovarian-tumor-ultrasound-classification/data/processed/MMOTU_OTU_2D_experimental/validation/images/605.JPG,/home/jvillanueva/projects/ovarian-tumor-ultrasound-classification/data/processed/MMOTU_OTU_2D_experimental/validation/masks/605_binary.PNG,316,265,0.155536,False,,/home/jvillanueva/projects/ovarian-tumor-ultrasound-classification/data/processed/MMOTU_OTU_2D_roi_gt/validation/images/605.png
608,validation,C,/home/jvillanueva/projects/ovarian-tumor-ultrasound-classification/data/processed/MMOTU_OTU_2D_experimental/validation/images/608.JPG,/home/jvillanueva/projects/ovarian-tumor-ultrasound-classification/data/processed/MMOTU_OTU_2D_experimental/validation/masks/608_binary.PNG,410,289,0.221824,False,,/home/jvillanueva/projects/ovarian-tumor-ultrasound-classification/data/processed/MMOTU_OTU_2D_roi_gt/validation/images/608.png
616,validation,C,/home/jvillanueva/projects/ovarian-tumor-ultrasound-classification/data/processed/MMOTU_OTU_2D_experimental/validation/images/616.JPG,/home/jvillanueva/projects/ovarian-tumor-ultrasound-classification/data/processed/MMOTU_OTU_2D_experimental/validation/masks/616_binary.PNG,181,172,0.059155,False,,/home/jvillanueva/projects/ovarian-tumor-ultrasound-classification/data/processed/MMOTU_OTU_2D_roi_gt/validation/images/616.png
619,validation,C,/home/jvillanueva/projects/ovarian-tumor-ultrasound-classification/data/processed/MMOTU_OTU_2D_experimental/validation/images/619.JPG,/home/jvillanueva/projects/ovarian-tumor-ultrasound-classification/data/processed/MMOTU_OTU_2D_experimental/validation/masks/619_binary.PNG,158,178,0.052404,False,,/home/jvillanueva/projects/ovarian-tumor-ultrasound-classification/data/processed/MMOTU_OTU_2D_roi_gt/validation/images/619.png
629,validation,C,/home/jvillanueva/projects/ovarian-tumor-ultrasound-classification/data/processed/MMOTU_OTU_2D_experimental/validation/images/629.JPG,/home/jvillanueva/projects/ovarian-tumor-ultrasound-classification/data/processed/MMOTU_OTU_2D_experimental/validation/masks/629_binary.PNG,815,458,0.628802,False,,/home/jvillanueva/projects/ovarian-tumor-ultrasound-classification/data/processed/MMOTU_OTU_2D_roi_gt/validation/images/629.png
633,validation,C,/home/jvillanueva/projects/ovarian-tumor-ultrasound-classification/data/processed/MMOTU_OTU_2D_experimental/validation/images/633.JPG,/home/jvillanueva/projects/ovarian-tumor-ultrasound-classification/data/processed/MMOTU_OTU_2D_experimental/validation/masks/633_binary.PNG,224,196,0.125092,False,,/home/jvillanueva/projects/ovarian-tumor-ultrasound-classification/data/processed/MMOTU_OTU_2D_roi_gt/validation/images/633.png
635,validation,C,/home/jvillanueva/projects/ovarian-tumor-ultrasound-classification/data/processed/MMOTU_OTU_2D_experimental/validation/images/635.JPG,/home/jvillanueva/projects/ovarian-tumor-ultrasound-classification/data/processed/MMOTU_OTU_2D_experimental/validation/masks/635_binary.PNG,135,88,0.033205,False,,/home/jvillanueva/projects/ovarian-tumor-ultrasound-classification/data/processed/MMOTU_OTU_2D_roi_gt/validation/images/635.png
650,validation,C,/home/jvillanueva/projects/ovarian-tumor-ultrasound-classification/data/processed/MMOTU_OTU_2D_experimental/validation/images/650.JPG,/home/jvillanueva/projects/ovarian-tumor-ultrasound-classification/data/processed/MMOTU_OTU_2D_experimental/validation/masks/650_binary.PNG,144,159,0.074494,False,,/home/jvillanueva/projects/ovarian-tumor-ultrasound-classification/data/processed/MMOTU_OTU_2D_roi_gt/validation/images/650.png
651,validation,C,/home/jvillanueva/projects/ovarian-tumor-ultrasound-classification/data/processed/MMOTU_OTU_2D_experimental/validation/images/651.JPG,/home/jvillanueva/projects/ovarian-tumor-ultrasound-classification/data/processed/MMOTU_OTU_2D_experimental/validation/masks/651_binary.PNG,200,205,0.075943,False,,/home/jvillanueva/projects/ovarian-tumor-ultrasound-classification/data/processed/MMOTU_OTU_2D_roi_gt/validation/images/651.png
662,validation,C,/home/jvillanueva/projects/ovarian-tumor-ultrasound-classification/data/processed/MMOTU_OTU_2D_experimental/validation/images/662.JPG,/home/jvillanueva/projects/ovarian-tumor-ultrasound-classification/data/processed/MMOTU_OTU_2D_experimental/validation/masks/662_binary.PNG,218,206,0.171396,False,,/home/jvillanueva/projects/ovarian-tumor-ultrasound-classification/data/processed/MMOTU_OTU_2D_roi_gt/validation/images/662.png
667,validation,C,/home/jvillanueva/projects/ovarian-tumor-ultrasound-classification/data/processed/MMOTU_OTU_2D_experimental/validation/images/667.JPG,/home/jvillanueva/projects/ovarian-tumor-ultrasound-classification/data/processed/MMOTU_OTU_2D_experimental/validation/masks/667_binary.PNG,479,357,0.650273,False,,/home/jvillanueva/projects/ovarian-tumor-ultrasound-classification/data/processed/MMOTU_OTU_2D_roi_gt/validation/images/667.png
669,validation,C,/home/jvillanueva/projects/ovarian-tumor-ultrasound-classification/data/processed/MMOTU_OTU_2D_experimental/validation/images/669.JPG,/home/jvillanueva/projects/ovarian-tumor-ultrasound-classification/data/processed/MMOTU_OTU_2D_experimental/validation/masks/669_binary.PNG,855,742,0.71204,False,,/home/jvillanueva/projects/ovarian-tumor-ultrasound-classification/data/processed/MMOTU_OTU_2D_roi_gt/validation/images/669.png
67,validation,C,/home/jvillanueva/projects/ovarian-tumor-ultrasound-classification/data/processed/MMOTU_OTU_2D_experimental/validation/images/67.JPG,/home/jvillanueva/projects/ovarian-tumor-ultrasound-classification/data/processed/MMOTU_OTU_2D_experimental/validation/masks/67_binary.PNG,308,324,0.156878,False,,/home/jvillanueva/projects/ovarian-tumor-ultrasound-classification/data/processed/MMOTU_OTU_2D_roi_gt/validation/images/67.png
671,validation,C,/home/jvillanueva/projects/ovarian-tumor-ultrasound-classification/data/processed/MMOTU_OTU_2D_experimental/validation/images/671.JPG,/home/jvillanueva/projects/ovarian-tumor-ultrasound-classification/data/processed/MMOTU_OTU_2D_experimental/validation/masks/671_binary.PNG,297,254,0.084852,False,,/home/jvillanueva/projects/ovarian-tumor-ultrasound-classification/data/processed/MMOTU_OTU_2D_roi_gt/validation/images/671.png
673,validation,C,/home/jvillanueva/projects/ovarian-tumor-ultrasound-classification/data/processed/MMOTU_OTU_2D_experimental/validation/images/673.JPG,/home/jvillanueva/projects/ovarian-tumor-ultrasound-classification/data/processed/MMOTU_OTU_2D_experimental/validation/masks/673_binary.PNG,99,93,0.016326,False,,/home/jvillanueva/projects/ovarian-tumor-ultrasound-classification/data/processed/MMOTU_OTU_2D_roi_gt/validation/images/673.png
680,validation,C,/home/jvillanueva/projects/ovarian-tumor-ultrasound-classification/data/processed/MMOTU_OTU_2D_experimental/validation/images/680.JPG,/home/jvillanueva/projects/ovarian-tumor-ultrasound-classification/data/processed/MMOTU_OTU_2D_experimental/validation/masks/680_binary.PNG,361,338,0.434868,False,,/home/jvillanueva/projects/ovarian-tumor-ultrasound-classification/data/processed/MMOTU_OTU_2D_roi_gt/validation/images/680.png
683,validation,C,/home/jvillanueva/projects/ovarian-tumor-ultrasound-classification/data/processed/MMOTU_OTU_2D_experimental/validation/images/683.JPG,/home/jvillanueva/projects/ovarian-tumor-ultrasound-classification/data/processed/MMOTU_OTU_2D_experimental/validation/masks/683_binary.PNG,335,283,0.363921,False,,/home/jvillanueva/projects/ovarian-tumor-ultrasound-classification/data/processed/MMOTU_OTU_2D_roi_gt/validation/images/683.png
697,validation,C,/home/jvillanueva/projects/ovarian-tumor-ultrasound-classification/data/processed/MMOTU_OTU_2D_experimental/validation/images/697.JPG,/home/jvillanueva/projects/ovarian-tumor-ultrasound-classification/data/processed/MMOTU_OTU_2D_experimental/validation/masks/697_binary.PNG,408,416,0.324012,False,,/home/jvillanueva/projects/ovarian-tumor-ultrasound-classification/data/processed/MMOTU_OTU_2D_roi_gt/validation/images/697.png
702,validation,C,/home/jvillanueva/projects/ovarian-tumor-ultrasound-classification/data/processed/MMOTU_OTU_2D_experimental/validation/images/702.JPG,/home/jvillanueva/projects/ovarian-tumor-ultrasound-classification/data/processed/MMOTU_OTU_2D_experimental/validation/masks/702_binary.PNG,448,517,0.453603,False,,/home/jvillanueva/projects/ovarian-tumor-ultrasound-classification/data/processed/MMOTU_OTU_2D_roi_gt/validation/images/702.png
704,validation,C,/home/jvillanueva/projects/ovarian-tumor-ultrasound-classification/data/processed/MMOTU_OTU_2D_experimental/validation/images/704.JPG,/home/jvillanueva/projects/ovarian-tumor-ultrasound-classification/data/processed/MMOTU_OTU_2D_experimental/validation/masks/704_binary.PNG,274,170,0.1775,False,,/home/jvillanueva/projects/ovarian-tumor-ultrasound-classification/data/processed/MMOTU_OTU_2D_roi_gt/validation/images/704.png
711,validation,C,/home/jvillanueva/projects/ovarian-tumor-ultrasound-classification/data/processed/MMOTU_OTU_2D_experimental/validation/images/711.JPG,/home/jvillanueva/projects/ovarian-tumor-ultrasound-classification/data/processed/MMOTU_OTU_2D_experimental/validation/masks/711_binary.PNG,770,493,0.731093,False,,/home/jvillanueva/projects/ovarian-tumor-ultrasound-classification/data/processed/MMOTU_OTU_2D_roi_gt/validation/images/711.png
712,validation,C,/home/jvillanueva/projects/ovarian-tumor-ultrasound-classification/data/processed/MMOTU_OTU_2D_experimental/validation/images/712.JPG,/home/jvillanueva/projects/ovarian-tumor-ultrasound-classification/data/processed/MMOTU_OTU_2D_experimental/validation/masks/712_binary.PNG,639,469,0.579784,False,,/home/jvillanueva/projects/ovarian-tumor-ultrasound-classification/data/processed/MMOTU_OTU_2D_roi_gt/validation/images/712.png
716,validation,C,/home/jvillanueva/projects/ovarian-tumor-ultrasound-classification/data/processed/MMOTU_OTU_2D_experimental/validation/images/716.JPG,/home/jvillanueva/projects/ovarian-tumor-ultrasound-classification/data/processed/MMOTU_OTU_2D_experimental/validation/masks/716_binary.PNG,180,109,0.074029,False,,/home/jvillanueva/projects/ovarian-tumor-ultrasound-classification/data/processed/MMOTU_OTU_2D_roi_gt/validation/images/716.png
754,validation,C,/home/jvillanueva/projects/ovarian-tumor-ultrasound-classification/data/processed/MMOTU_OTU_2D_experimental/validation/images/754.JPG,/home/jvillanueva/projects/ovarian-tumor-ultrasound-classification/data/processed/MMOTU_OTU_2D_experimental/validation/masks/754_binary.PNG,517,361,0.35644,False,,/home/jvillanueva/projects/ovarian-tumor-ultrasound-classification/data/processed/MMOTU_OTU_2D_roi_gt/validation/images/754.png
755,validation,C,/home/jvillanueva/projects/ovarian-tumor-ultrasound-classification/data/processed/MMOTU_OTU_2D_experimental/validation/images/755.JPG,/home/jvillanueva/projects/ovarian-tumor-ultrasound-classification/data/processed/MMOTU_OTU_2D_experimental/validation/masks/755_binary.PNG,417,311,0.246838,False,,/home/jvillanueva/projects/ovarian-tumor-ultrasound-classification/data/processed/MMOTU_OTU_2D_roi_gt/validation/images/755.png
756,validation,C,/home/jvillanueva/projects/ovarian-tumor-ultrasound-classification/data/processed/MMOTU_OTU_2D_experimental/validation/images/756.JPG,/home/jvillanueva/projects/ovarian-tumor-ultrasound-classification/data/processed/MMOTU_OTU_2D_experimental/validation/masks/756_binary.PNG,367,312,0.439015,False,,/home/jvillanueva/projects/ovarian-tumor-ultrasound-classification/data/processed/MMOTU_OTU_2D_roi_gt/validation/images/756.png
763,validation,C,/home/jvillanueva/projects/ovarian-tumor-ultrasound-classification/data/processed/MMOTU_OTU_2D_experimental/validation/images/763.JPG,/home/jvillanueva/projects/ovarian-tumor-ultrasound-classification/data/processed/MMOTU_OTU_2D_experimental/validation/masks/763_binary.PNG,263,227,0.18064,False,,/home/jvillanueva/projects/ovarian-tumor-ultrasound-classification/data/processed/MMOTU_OTU_2D_roi_gt/validation/images/763.png
768,validation,C,/home/jvillanueva/projects/ovarian-tumor-ultrasound-classification/data/processed/MMOTU_OTU_2D_experimental/validation/images/768.JPG,/home/jvillanueva/projects/ovarian-tumor-ultrasound-classification/data/processed/MMOTU_OTU_2D_experimental/validation/masks/768_binary.PNG,351,303,0.310485,False,,/home/jvillanueva/projects/ovarian-tumor-ultrasound-classification/data/processed/MMOTU_OTU_2D_roi_gt/validation/images/768.png
771,validation,C,/home/jvillanueva/projects/ovarian-tumor-ultrasound-classification/data/processed/MMOTU_OTU_2D_experimental/validation/images/771.JPG,/home/jvillanueva/projects/ovarian-tumor-ultrasound-classification/data/processed/MMOTU_OTU_2D_experimental/validation/masks/771_binary.PNG,261,279,0.277588,False,,/home/jvillanueva/projects/ovarian-tumor-ultrasound-classification/data/processed/MMOTU_OTU_2D_roi_gt/validation/images/771.png
775,validation,C,/home/jvillanueva/projects/ovarian-tumor-ultrasound-classification/data/processed/MMOTU_OTU_2D_experimental/validation/images/775.JPG,/home/jvillanueva/projects/ovarian-tumor-ultrasound-classification/data/processed/MMOTU_OTU_2D_experimental/validation/masks/775_binary.PNG,359,296,0.482205,False,,/home/jvillanueva/projects/ovarian-tumor-ultrasound-classification/data/processed/MMOTU_OTU_2D_roi_gt/validation/images/775.png
797,validation,C,/home/jvillanueva/projects/ovarian-tumor-ultrasound-classification/data/processed/MMOTU_OTU_2D_experimental/validation/images/797.JPG,/home/jvillanueva/projects/ovarian-tumor-ultrasound-classification/data/processed/MMOTU_OTU_2D_experimental/validation/masks/797_binary.PNG,328,244,0.15478,False,,/home/jvillanueva/projects/ovarian-tumor-ultrasound-classification/data/processed/MMOTU_OTU_2D_roi_gt/validation/images/797.png
807,validation,C,/home/jvillanueva/projects/ovarian-tumor-ultrasound-classification/data/processed/MMOTU_OTU_2D_experimental/validation/images/807.JPG,/home/jvillanueva/projects/ovarian-tumor-ultrasound-classification/data/processed/MMOTU_OTU_2D_experimental/validation/masks/807_binary.PNG,108,76,0.015733,False,,/home/jvillanueva/projects/ovarian-tumor-ultrasound-classification/data/processed/MMOTU_OTU_2D_roi_gt/validation/images/807.png
814,validation,C,/home/jvillanueva/projects/ovarian-tumor-ultrasound-classification/data/processed/MMOTU_OTU_2D_experimental/validation/images/814.JPG,/home/jvillanueva/projects/ovarian-tumor-ultrasound-classification/data/processed/MMOTU_OTU_2D_experimental/validation/masks/814_binary.PNG,435,265,0.237085,False,,/home/jvillanueva/projects/ovarian-tumor-ultrasound-classification/data/processed/MMOTU_OTU_2D_roi_gt/validation/images/814.png
815,validation,C,/home/jvillanueva/projects/ovarian-tumor-ultrasound-classification/data/processed/MMOTU_OTU_2D_experimental/validation/images/815.JPG,/home/jvillanueva/projects/ovarian-tumor-ultrasound-classification/data/processed/MMOTU_OTU_2D_experimental/validation/masks/815_binary.PNG,345,183,0.133548,False,,/home/jvillanueva/projects/ovarian-tumor-ultrasound-classification/data/processed/MMOTU_OTU_2D_roi_gt/validation/images/815.png
820,validation,C,/home/jvillanueva/projects/ovarian-tumor-ultrasound-classification/data/processed/MMOTU_OTU_2D_experimental/validation/images/820.JPG,/home/jvillanueva/projects/ovarian-tumor-ultrasound-classification/data/processed/MMOTU_OTU_2D_experimental/validation/masks/820_binary.PNG,436,386,0.322594,False,,/home/jvillanueva/projects/ovarian-tumor-ultrasound-classification/data/processed/MMOTU_OTU_2D_roi_gt/validation/images/820.png
832,validation,C,/home/jvillanueva/projects/ovarian-tumor-ultrasound-classification/data/processed/MMOTU_OTU_2D_experimental/validation/images/832.JPG,/home/jvillanueva/projects/ovarian-tumor-ultrasound-classification/data/processed/MMOTU_OTU_2D_experimental/validation/masks/832_binary.PNG,124,73,0.067641,False,,/home/jvillanueva/projects/ovarian-tumor-ultrasound-classification/data/processed/MMOTU_OTU_2D_roi_gt/validation/images/832.png
843,validation,C,/home/jvillanueva/projects/ovarian-tumor-ultrasound-classification/data/processed/MMOTU_OTU_2D_experimental/validation/images/843.JPG,/home/jvillanueva/projects/ovarian-tumor-ultrasound-classification/data/processed/MMOTU_OTU_2D_experimental/validation/masks/843_binary.PNG,370,339,0.194369,False,,/home/jvillanueva/projects/ovarian-tumor-ultrasound-classification/data/processed/MMOTU_OTU_2D_roi_gt/validation/images/843.png
848,validation,C,/home/jvillanueva/projects/ovarian-tumor-ultrasound-classification/data/processed/MMOTU_OTU_2D_experimental/validation/images/848.JPG,/home/jvillanueva/projects/ovarian-tumor-ultrasound-classification/data/processed/MMOTU_OTU_2D_experimental/validation/masks/848_binary.PNG,481,333,0.310195,False,,/home/jvillanueva/projects/ovarian-tumor-ultrasound-classification/data/processed/MMOTU_OTU_2D_roi_gt/validation/images/848.png
849,validation,C,/home/jvillanueva/projects/ovarian-tumor-ultrasound-classification/data/processed/MMOTU_OTU_2D_experimental/validation/images/849.JPG,/home/jvillanueva/projects/ovarian-tumor-ultrasound-classification/data/processed/MMOTU_OTU_2D_experimental/validation/masks/849_binary.PNG,516,532,0.426384,False,,/home/jvillanueva/projects/ovarian-tumor-ultrasound-classification/data/processed/MMOTU_OTU_2D_roi_gt/validation/images/849.png
85,validation,C,/home/jvillanueva/projects/ovarian-tumor-ultrasound-classification/data/processed/MMOTU_OTU_2D_experimental/validation/images/85.JPG,/home/jvillanueva/projects/ovarian-tumor-ultrasound-classification/data/processed/MMOTU_OTU_2D_experimental/validation/masks/85_binary.PNG,165,132,0.042699,False,,/home/jvillanueva/projects/ovarian-tumor-ultrasound-classification/data/processed/MMOTU_OTU_2D_roi_gt/validation/images/85.png
857,validation,C,/home/jvillanueva/projects/ovarian-tumor-ultrasound-classification/data/processed/MMOTU_OTU_2D_experimental/validation/images/857.JPG,/home/jvillanueva/projects/ovarian-tumor-ultrasound-classification/data/processed/MMOTU_OTU_2D_experimental/validation/masks/857_binary.PNG,140,118,0.124713,False,,/home/jvillanueva/projects/ovarian-tumor-ultrasound-classification/data/processed/MMOTU_OTU_2D_roi_gt/validation/images/857.png
869,validation,C,/home/jvillanueva/projects/ovarian-tumor-ultrasound-classification/data/processed/MMOTU_OTU_2D_experimental/validation/images/869.JPG,/home/jvillanueva/projects/ovarian-tumor-ultrasound-classification/data/processed/MMOTU_OTU_2D_experimental/validation/masks/869_binary.PNG,139,118,0.031249,False,,/home/jvillanueva/projects/ovarian-tumor-ultrasound-classification/data/processed/MMOTU_OTU_2D_roi_gt/validation/images/869.png
873,validation,C,/home/jvillanueva/projects/ovarian-tumor-ultrasound-classification/data/processed/MMOTU_OTU_2D_experimental/validation/images/873.JPG,/home/jvillanueva/projects/ovarian-tumor-ultrasound-classification/data/processed/MMOTU_OTU_2D_experimental/validation/masks/873_binary.PNG,331,310,0.148824,False,,/home/jvillanueva/projects/ovarian-tumor-ultrasound-classification/data/processed/MMOTU_OTU_2D_roi_gt/validation/images/873.png
876,validation,C,/home/jvillanueva/projects/ovarian-tumor-ultrasound-classification/data/processed/MMOTU_OTU_2D_experimental/validation/images/876.JPG,/home/jvillanueva/projects/ovarian-tumor-ultrasound-classification/data/processed/MMOTU_OTU_2D_experimental/validation/masks/876_binary.PNG,424,267,0.431282,False,,/home/jvillanueva/projects/ovarian-tumor-ultrasound-classification/data/processed/MMOTU_OTU_2D_roi_gt/validation/images/876.png
881,validation,C,/home/jvillanueva/projects/ovarian-tumor-ultrasound-classification/data/processed/MMOTU_OTU_2D_experimental/validation/images/881.JPG,/home/jvillanueva/projects/ovarian-tumor-ultrasound-classification/data/processed/MMOTU_OTU_2D_experimental/validation/masks/881_binary.PNG,412,262,0.209266,False,,/home/jvillanueva/projects/ovarian-tumor-ultrasound-classification/data/processed/MMOTU_OTU_2D_roi_gt/validation/images/881.png
885,validation,C,/home/jvillanueva/projects/ovarian-tumor-ultrasound-classification/data/processed/MMOTU_OTU_2D_experimental/validation/images/885.JPG,/home/jvillanueva/projects/ovarian-tumor-ultrasound-classification/data/processed/MMOTU_OTU_2D_experimental/validation/masks/885_binary.PNG,298,297,0.135401,False,,/home/jvillanueva/projects/ovarian-tumor-ultrasound-classification/data/processed/MMOTU_OTU_2D_roi_gt/validation/images/885.png
895,validation,C,/home/jvillanueva/projects/ovarian-tumor-ultrasound-classification/data/processed/MMOTU_OTU_2D_experimental/validation/images/895.JPG,/home/jvillanueva/projects/ovarian-tumor-ultrasound-classification/data/processed/MMOTU_OTU_2D_experimental/validation/masks/895_binary.PNG,446,383,0.673998,False,,/home/jvillanueva/projects/ovarian-tumor-ultrasound-classification/data/processed/MMOTU_OTU_2D_roi_gt/validation/images/895.png
898,validation,C,/home/jvillanueva/projects/ovarian-tumor-ultrasound-classification/data/processed/MMOTU_OTU_2D_experimental/validation/images/898.JPG,/home/jvillanueva/projects/ovarian-tumor-ultrasound-classification/data/processed/MMOTU_OTU_2D_experimental/validation/masks/898_binary.PNG,269,172,0.09103,False,,/home/jvillanueva/projects/ovarian-tumor-ultrasound-classification/data/processed/MMOTU_OTU_2D_roi_gt/validation/images/898.png
908,validation,C,/home/jvillanueva/projects/ovarian-tumor-ultrasound-classification/data/processed/MMOTU_OTU_2D_experimental/validation/images/908.JPG,/home/jvillanueva/projects/ovarian-tumor-ultrasound-classification/data/processed/MMOTU_OTU_2D_experimental/validation/masks/908_binary.PNG,403,427,0.680146,False,,/home/jvillanueva/projects/ovarian-tumor-ultrasound-classification/data/processed/MMOTU_OTU_2D_roi_gt/validation/images/908.png
91,validation,C,/home/jvillanueva/projects/ovarian-tumor-ultrasound-classification/data/processed/MMOTU_OTU_2D_experimental/validation/images/91.JPG,/home/jvillanueva/projects/ovarian-tumor-ultrasound-classification/data/processed/MMOTU_OTU_2D_experimental/validation/masks/91_binary.PNG,481,385,0.35492,False,,/home/jvillanueva/projects/ovarian-tumor-ultrasound-classification/data/processed/MMOTU_OTU_2D_roi_gt/validation/images/91.png
910,validation,C,/home/jvillanueva/projects/ovarian-tumor-ultrasound-classification/data/processed/MMOTU_OTU_2D_experimental/validation/images/910.JPG,/home/jvillanueva/projects/ovarian-tumor-ultrasound-classification/data/processed/MMOTU_OTU_2D_experimental/validation/masks/910_binary.PNG,225,218,0.098036,False,,/home/jvillanueva/projects/ovarian-tumor-ultrasound-classification/data/processed/MMOTU_OTU_2D_roi_gt/validation/images/910.png
920,validation,C,/home/jvillanueva/projects/ovarian-tumor-ultrasound-classification/data/processed/MMOTU_OTU_2D_experimental/validation/images/920.JPG,/home/jvillanueva/projects/ovarian-tumor-ultrasound-classification/data/processed/MMOTU_OTU_2D_experimental/validation/masks/920_binary.PNG,285,284,0.160487,False,,/home/jvillanueva/projects/ovarian-tumor-ultrasound-classification/data/processed/MMOTU_OTU_2D_roi_gt/validation/images/920.png
926,validation,C,/home/jvillanueva/projects/ovarian-tumor-ultrasound-classification/data/processed/MMOTU_OTU_2D_experimental/validation/images/926.JPG,/home/jvillanueva/projects/ovarian-tumor-ultrasound-classification/data/processed/MMOTU_OTU_2D_experimental/validation/masks/926_binary.PNG,159,148,0.046748,False,,/home/jvillanueva/projects/ovarian-tumor-ultrasound-classification/data/processed/MMOTU_OTU_2D_roi_gt/validation/images/926.png
927,validation,C,/home/jvillanueva/projects/ovarian-tumor-ultrasound-classification/data/processed/MMOTU_OTU_2D_experimental/validation/images/927.JPG,/home/jvillanueva/projects/ovarian-tumor-ultrasound-classification/data/processed/MMOTU_OTU_2D_experimental/validation/masks/927_binary.PNG,157,163,0.101517,False,,/home/jvillanueva/projects/ovarian-tumor-ultrasound-classification/data/processed/MMOTU_OTU_2D_roi_gt/validation/images/927.png
93,validation,C,/home/jvillanueva/projects/ovarian-tumor-ultrasound-classification/data/processed/MMOTU_OTU_2D_experimental/validation/images/93.JPG,/home/jvillanueva/projects/ovarian-tumor-ultrasound-classification/data/processed/MMOTU_OTU_2D_experimental/validation/masks/93_binary.PNG,530,431,0.360357,False,,/home/jvillanueva/projects/ovarian-tumor-ultrasound-classification/data/processed/MMOTU_OTU_2D_roi_gt/validation/images/93.png
931,validation,C,/home/jvillanueva/projects/ovarian-tumor-ultrasound-classification/data/processed/MMOTU_OTU_2D_experimental/validation/images/931.JPG,/home/jvillanueva/projects/ovarian-tumor-ultrasound-classification/data/processed/MMOTU_OTU_2D_experimental/validation/masks/931_binary.PNG,264,227,0.179434,False,,/home/jvillanueva/projects/ovarian-tumor-ultrasound-classification/data/processed/MMOTU_OTU_2D_roi_gt/validation/images/931.png
935,validation,C,/home/jvillanueva/projects/ovarian-tumor-ultrasound-classification/data/processed/MMOTU_OTU_2D_experimental/validation/images/935.JPG,/home/jvillanueva/projects/ovarian-tumor-ultrasound-classification/data/processed/MMOTU_OTU_2D_experimental/validation/masks/935_binary.PNG,290,208,0.181525,False,,/home/jvillanueva/projects/ovarian-tumor-ultrasound-classification/data/processed/MMOTU_OTU_2D_roi_gt/validation/images/935.png
946,validation,C,/home/jvillanueva/projects/ovarian-tumor-ultrasound-classification/data/processed/MMOTU_OTU_2D_experimental/validation/images/946.JPG,/home/jvillanueva/projects/ovarian-tumor-ultrasound-classification/data/processed/MMOTU_OTU_2D_experimental/validation/masks/946_binary.PNG,280,293,0.249478,False,,/home/jvillanueva/projects/ovarian-tumor-ultrasound-classification/data/processed/MMOTU_OTU_2D_roi_gt/validation/images/946.png
949,validation,C,/home/jvillanueva/projects/ovarian-tumor-ultrasound-classification/data/processed/MMOTU_OTU_2D_experimental/validation/images/949.JPG,/home/jvillanueva/projects/ovarian-tumor-ultrasound-classification/data/processed/MMOTU_OTU_2D_experimental/validation/masks/949_binary.PNG,234,359,0.2524,False,,/home/jvillanueva/projects/ovarian-tumor-ultrasound-classification/data/processed/MMOTU_OTU_2D_roi_gt/validation/images/949.png
954,validation,C,/home/jvillanueva/projects/ovarian-tumor-ultrasound-classification/data/processed/MMOTU_OTU_2D_experimental/validation/images/954.JPG,/home/jvillanueva/projects/ovarian-tumor-ultrasound-classification/data/processed/MMOTU_OTU_2D_experimental/validation/masks/954_binary.PNG,216,194,0.136116,False,,/home/jvillanueva/projects/ovarian-tumor-ultrasound-classification/data/processed/MMOTU_OTU_2D_roi_gt/validation/images/954.png
978,validation,C,/home/jvillanueva/projects/ovarian-tumor-ultrasound-classification/data/processed/MMOTU_OTU_2D_experimental/validation/images/978.JPG,/home/jvillanueva/projects/ovarian-tumor-ultrasound-classification/data/processed/MMOTU_OTU_2D_experimental/validation/masks/978_binary.PNG,471,423,0.790902,False,,/home/jvillanueva/projects/ovarian-tumor-ultrasound-classification/data/processed/MMOTU_OTU_2D_roi_gt/validation/images/978.png
982,validation,C,/home/jvillanueva/projects/ovarian-tumor-ultrasound-classification/data/processed/MMOTU_OTU_2D_experimental/validation/images/982.JPG,/home/jvillanueva/projects/ovarian-tumor-ultrasound-classification/data/processed/MMOTU_OTU_2D_experimental/validation/masks/982_binary.PNG,235,206,0.072537,False,,/home/jvillanueva/projects/ovarian-tumor-ultrasound-classification/data/processed/MMOTU_OTU_2D_roi_gt/validation/images/982.png
99,validation,C,/home/jvillanueva/projects/ovarian-tumor-ultrasound-classification/data/processed/MMOTU_OTU_2D_experimental/validation/images/99.JPG,/home/jvillanueva/projects/ovarian-tumor-ultrasound-classification/data/processed/MMOTU_OTU_2D_experimental/validation/masks/99_binary.PNG,448,402,0.701161,False,,/home/jvillanueva/projects/ovarian-tumor-ultrasound-classification/data/processed/MMOTU_OTU_2D_roi_gt/validation/images/99.png
