image_id,image_name,mask_name,original_split,original_class,binary_label,binary_class,experimental_split,legacy_split,experimental_image_path,experimental_mask_path
789,789.JPG,789_binary.PNG,train,5,0,benign,train,train_internal,data/processed/MMOTU_OTU_2D_experimental/train/images/789.JPG,data/processed/MMOTU_OTU_2D_experimental/train/masks/789_binary.PNG
312,312.JPG,312_binary.PNG,train,4,0,benign,train,train_internal,data/processed/MMOTU_OTU_2D_experimental/train/images/312.JPG,data/processed/MMOTU_OTU_2D_experimental/train/masks/312_binary.PNG
1196,1196.JPG,1196_binary.PNG,train,6,1,malignant,train,train_internal,data/processed/MMOTU_OTU_2D_experimental/train/images/1196.JPG,data/processed/MMOTU_OTU_2D_experimental/train/masks/1196_binary.PNG
297,297.JPG,297_binary.PNG,train,1,0,benign,train,train_internal,data/processed/MMOTU_OTU_2D_experimental/train/images/297.JPG,data/processed/MMOTU_OTU_2D_experimental/train/masks/297_binary.PNG
263,263.JPG,263_binary.PNG,train,2,0,benign,train,train_internal,data/processed/MMOTU_OTU_2D_experimental/train/images/263.JPG,data/processed/MMOTU_OTU_2D_experimental/train/masks/263_binary.PNG
1067,1067.JPG,1067_binary.PNG,train,5,0,benign,train,train_internal,data/processed/MMOTU_OTU_2D_experimental/train/images/1067.JPG,data/processed/MMOTU_OTU_2D_experimental/train/masks/1067_binary.PNG
222,222.JPG,222_binary.PNG,train,5,0,benign,train,train_internal,data/processed/MMOTU_OTU_2D_experimental/train/images/222.JPG,data/processed/MMOTU_OTU_2D_experimental/train/masks/222_binary.PNG
122,122.JPG,122_binary.PNG,train,5,0,benign,train,train_internal,data/processed/MMOTU_OTU_2D_experimental/train/images/122.JPG,data/processed/MMOTU_OTU_2D_experimental/train/masks/122_binary.PNG
1,1.JPG,1_binary.PNG,train,4,0,benign,train,train_internal,data/processed/MMOTU_OTU_2D_experimental/train/images/1.JPG,data/processed/MMOTU_OTU_2D_experimental/train/masks/1_binary.PNG
78,78.JPG,78_binary.PNG,train,6,1,malignant,train,train_internal,data/processed/MMOTU_OTU_2D_experimental/train/images/78.JPG,data/processed/MMOTU_OTU_2D_experimental/train/masks/78_binary.PNG
994,994.JPG,994_binary.PNG,train,5,0,benign,train,train_internal,data/processed/MMOTU_OTU_2D_experimental/train/images/994.JPG,data/processed/MMOTU_OTU_2D_experimental/train/masks/994_binary.PNG
1131,1131.JPG,1131_binary.PNG,train,5,0,benign,train,train_internal,data/processed/MMOTU_OTU_2D_experimental/train/images/1131.JPG,data/processed/MMOTU_OTU_2D_experimental/train/masks/1131_binary.PNG
1424,1424.JPG,1424_binary.PNG,train,7,1,malignant,train,train_internal,data/processed/MMOTU_OTU_2D_experimental/train/images/1424.JPG,data/processed/MMOTU_OTU_2D_experimental/train/masks/1424_binary.PNG
1309,1309.JPG,1309_binary.PNG,train,0,0,benign,train,train_internal,data/processed/MMOTU_OTU_2D_experimental/train/images/1309.JPG,data/processed/MMOTU_OTU_2D_experimental/train/masks/1309_binary.PNG
941,941.JPG,941_binary.PNG,train,2,0,benign,train,train_internal,data/processed/MMOTU_OTU_2D_experimental/train/images/941.JPG,data/processed/MMOTU_OTU_2D_experimental/train/masks/941_binary.PNG
1465,1465.JPG,1465_binary.PNG,train,7,1,malignant,train,train_internal,data/processed/MMOTU_OTU_2D_experimental/train/images/1465.JPG,data/processed/MMOTU_OTU_2D_experimental/train/masks/1465_binary.PNG
710,710.JPG,710_binary.PNG,train,2,0,benign,train,train_internal,data/processed/MMOTU_OTU_2D_experimental/train/images/710.JPG,data/processed/MMOTU_OTU_2D_experimental/train/masks/710_binary.PNG
507,507.JPG,507_binary.PNG,train,5,0,benign,train,train_internal,data/processed/MMOTU_OTU_2D_experimental/train/images/507.JPG,data/processed/MMOTU_OTU_2D_experimental/train/masks/507_binary.PNG
1126,1126.JPG,1126_binary.PNG,train,1,0,benign,train,train_internal,data/processed/MMOTU_OTU_2D_experimental/train/images/1126.JPG,data/processed/MMOTU_OTU_2D_experimental/train/masks/1126_binary.PNG
1237,1237.JPG,1237_binary.PNG,train,4,0,benign,train,train_internal,data/processed/MMOTU_OTU_2D_experimental/train/images/1237.JPG,data/processed/MMOTU_OTU_2D_experimental/train/masks/1237_binary.PNG
50,50.JPG,50_binary.PNG,train,2,0,benign,train,train_internal,data/processed/MMOTU_OTU_2D_experimental/train/images/50.JPG,data/processed/MMOTU_OTU_2D_experimental/train/masks/50_binary.PNG
766,766.JPG,766_binary.PNG,train,2,0,benign,train,train_internal,data/processed/MMOTU_OTU_2D_experimental/train/images/766.JPG,data/processed/MMOTU_OTU_2D_experimental/train/masks/766_binary.PNG
1093,1093.JPG,1093_binary.PNG,train,0,0,benign,train,train_internal,data/processed/MMOTU_OTU_2D_experimental/train/images/1093.JPG,data/processed/MMOTU_OTU_2D_experimental/train/masks/1093_binary.PNG
32,32.JPG,32_binary.PNG,train,0,0,benign,train,train_internal,data/processed/MMOTU_OTU_2D_experimental/train/images/32.JPG,data/processed/MMOTU_OTU_2D_experimental/train/masks/32_binary.PNG
211,211.JPG,211_binary.PNG,train,6,1,malignant,train,train_internal,data/processed/MMOTU_OTU_2D_experimental/train/images/211.JPG,data/processed/MMOTU_OTU_2D_experimental/train/masks/211_binary.PNG
859,859.JPG,859_binary.PNG,train,2,0,benign,train,train_internal,data/processed/MMOTU_OTU_2D_experimental/train/images/859.JPG,data/processed/MMOTU_OTU_2D_experimental/train/masks/859_binary.PNG
990,990.JPG,990_binary.PNG,train,2,0,benign,train,train_internal,data/processed/MMOTU_OTU_2D_experimental/train/images/990.JPG,data/processed/MMOTU_OTU_2D_experimental/train/masks/990_binary.PNG
828,828.JPG,828_binary.PNG,train,1,0,benign,train,train_internal,data/processed/MMOTU_OTU_2D_experimental/train/images/828.JPG,data/processed/MMOTU_OTU_2D_experimental/train/masks/828_binary.PNG
1318,1318.JPG,1318_binary.PNG,train,6,1,malignant,train,train_internal,data/processed/MMOTU_OTU_2D_experimental/train/images/1318.JPG,data/processed/MMOTU_OTU_2D_experimental/train/masks/1318_binary.PNG
373,373.JPG,373_binary.PNG,train,0,0,benign,train,train_internal,data/processed/MMOTU_OTU_2D_experimental/train/images/373.JPG,data/processed/MMOTU_OTU_2D_experimental/train/masks/373_binary.PNG
984,984.JPG,984_binary.PNG,train,3,0,benign,train,train_internal,data/processed/MMOTU_OTU_2D_experimental/train/images/984.JPG,data/processed/MMOTU_OTU_2D_experimental/train/masks/984_binary.PNG
578,578.JPG,578_binary.PNG,train,0,0,benign,train,train_internal,data/processed/MMOTU_OTU_2D_experimental/train/images/578.JPG,data/processed/MMOTU_OTU_2D_experimental/train/masks/578_binary.PNG
744,744.JPG,744_binary.PNG,train,2,0,benign,train,train_internal,data/processed/MMOTU_OTU_2D_experimental/train/images/744.JPG,data/processed/MMOTU_OTU_2D_experimental/train/masks/744_binary.PNG
1153,1153.JPG,1153_binary.PNG,train,2,0,benign,train,train_internal,data/processed/MMOTU_OTU_2D_experimental/train/images/1153.JPG,data/processed/MMOTU_OTU_2D_experimental/train/masks/1153_binary.PNG
157,157.JPG,157_binary.PNG,train,5,0,benign,train,train_internal,data/processed/MMOTU_OTU_2D_experimental/train/images/157.JPG,data/processed/MMOTU_OTU_2D_experimental/train/masks/157_binary.PNG
1226,1226.JPG,1226_binary.PNG,train,2,0,benign,train,train_internal,data/processed/MMOTU_OTU_2D_experimental/train/images/1226.JPG,data/processed/MMOTU_OTU_2D_experimental/train/masks/1226_binary.PNG
1326,1326.JPG,1326_binary.PNG,train,0,0,benign,train,train_internal,data/processed/MMOTU_OTU_2D_experimental/train/images/1326.JPG,data/processed/MMOTU_OTU_2D_experimental/train/masks/1326_binary.PNG
583,583.JPG,583_binary.PNG,train,2,0,benign,train,train_internal,data/processed/MMOTU_OTU_2D_experimental/train/images/583.JPG,data/processed/MMOTU_OTU_2D_experimental/train/masks/583_binary.PNG
1195,1195.JPG,1195_binary.PNG,train,6,1,malignant,train,train_internal,data/processed/MMOTU_OTU_2D_experimental/train/images/1195.JPG,data/processed/MMOTU_OTU_2D_experimental/train/masks/1195_binary.PNG
555,555.JPG,555_binary.PNG,train,2,0,benign,train,train_internal,data/processed/MMOTU_OTU_2D_experimental/train/images/555.JPG,data/processed/MMOTU_OTU_2D_experimental/train/masks/555_binary.PNG
1228,1228.JPG,1228_binary.PNG,train,2,0,benign,train,train_internal,data/processed/MMOTU_OTU_2D_experimental/train/images/1228.JPG,data/processed/MMOTU_OTU_2D_experimental/train/masks/1228_binary.PNG
45,45.JPG,45_binary.PNG,train,2,0,benign,train,train_internal,data/processed/MMOTU_OTU_2D_experimental/train/images/45.JPG,data/processed/MMOTU_OTU_2D_experimental/train/masks/45_binary.PNG
603,603.JPG,603_binary.PNG,train,6,1,malignant,train,train_internal,data/processed/MMOTU_OTU_2D_experimental/train/images/603.JPG,data/processed/MMOTU_OTU_2D_experimental/train/masks/603_binary.PNG
1118,1118.JPG,1118_binary.PNG,train,1,0,benign,train,train_internal,data/processed/MMOTU_OTU_2D_experimental/train/images/1118.JPG,data/processed/MMOTU_OTU_2D_experimental/train/masks/1118_binary.PNG
737,737.JPG,737_binary.PNG,train,2,0,benign,train,train_internal,data/processed/MMOTU_OTU_2D_experimental/train/images/737.JPG,data/processed/MMOTU_OTU_2D_experimental/train/masks/737_binary.PNG
1304,1304.JPG,1304_binary.PNG,train,2,0,benign,train,train_internal,data/processed/MMOTU_OTU_2D_experimental/train/images/1304.JPG,data/processed/MMOTU_OTU_2D_experimental/train/masks/1304_binary.PNG
769,769.JPG,769_binary.PNG,train,1,0,benign,train,train_internal,data/processed/MMOTU_OTU_2D_experimental/train/images/769.JPG,data/processed/MMOTU_OTU_2D_experimental/train/masks/769_binary.PNG
1182,1182.JPG,1182_binary.PNG,train,3,0,benign,train,train_internal,data/processed/MMOTU_OTU_2D_experimental/train/images/1182.JPG,data/processed/MMOTU_OTU_2D_experimental/train/masks/1182_binary.PNG
1301,1301.JPG,1301_binary.PNG,train,2,0,benign,train,train_internal,data/processed/MMOTU_OTU_2D_experimental/train/images/1301.JPG,data/processed/MMOTU_OTU_2D_experimental/train/masks/1301_binary.PNG
1394,1394.JPG,1394_binary.PNG,train,5,0,benign,train,train_internal,data/processed/MMOTU_OTU_2D_experimental/train/images/1394.JPG,data/processed/MMOTU_OTU_2D_experimental/train/masks/1394_binary.PNG
696,696.JPG,696_binary.PNG,train,6,1,malignant,train,train_internal,data/processed/MMOTU_OTU_2D_experimental/train/images/696.JPG,data/processed/MMOTU_OTU_2D_experimental/train/masks/696_binary.PNG
886,886.JPG,886_binary.PNG,train,0,0,benign,train,train_internal,data/processed/MMOTU_OTU_2D_experimental/train/images/886.JPG,data/processed/MMOTU_OTU_2D_experimental/train/masks/886_binary.PNG
65,65.JPG,65_binary.PNG,train,1,0,benign,train,train_internal,data/processed/MMOTU_OTU_2D_experimental/train/images/65.JPG,data/processed/MMOTU_OTU_2D_experimental/train/masks/65_binary.PNG
499,499.JPG,499_binary.PNG,train,4,0,benign,train,train_internal,data/processed/MMOTU_OTU_2D_experimental/train/images/499.JPG,data/processed/MMOTU_OTU_2D_experimental/train/masks/499_binary.PNG
105,105.JPG,105_binary.PNG,train,1,0,benign,train,train_internal,data/processed/MMOTU_OTU_2D_experimental/train/images/105.JPG,data/processed/MMOTU_OTU_2D_experimental/train/masks/105_binary.PNG
389,389.JPG,389_binary.PNG,train,0,0,benign,train,train_internal,data/processed/MMOTU_OTU_2D_experimental/train/images/389.JPG,data/processed/MMOTU_OTU_2D_experimental/train/masks/389_binary.PNG
72,72.JPG,72_binary.PNG,train,4,0,benign,train,train_internal,data/processed/MMOTU_OTU_2D_experimental/train/images/72.JPG,data/processed/MMOTU_OTU_2D_experimental/train/masks/72_binary.PNG
55,55.JPG,55_binary.PNG,train,2,0,benign,train,train_internal,data/processed/MMOTU_OTU_2D_experimental/train/images/55.JPG,data/processed/MMOTU_OTU_2D_experimental/train/masks/55_binary.PNG
262,262.JPG,262_binary.PNG,train,2,0,benign,train,train_internal,data/processed/MMOTU_OTU_2D_experimental/train/images/262.JPG,data/processed/MMOTU_OTU_2D_experimental/train/masks/262_binary.PNG
646,646.JPG,646_binary.PNG,train,0,0,benign,train,train_internal,data/processed/MMOTU_OTU_2D_experimental/train/images/646.JPG,data/processed/MMOTU_OTU_2D_experimental/train/masks/646_binary.PNG
513,513.JPG,513_binary.PNG,train,2,0,benign,train,train_internal,data/processed/MMOTU_OTU_2D_experimental/train/images/513.JPG,data/processed/MMOTU_OTU_2D_experimental/train/masks/513_binary.PNG
564,564.JPG,564_binary.PNG,train,1,0,benign,train,train_internal,data/processed/MMOTU_OTU_2D_experimental/train/images/564.JPG,data/processed/MMOTU_OTU_2D_experimental/train/masks/564_binary.PNG
142,142.JPG,142_binary.PNG,train,5,0,benign,train,train_internal,data/processed/MMOTU_OTU_2D_experimental/train/images/142.JPG,data/processed/MMOTU_OTU_2D_experimental/train/masks/142_binary.PNG
688,688.JPG,688_binary.PNG,train,5,0,benign,train,train_internal,data/processed/MMOTU_OTU_2D_experimental/train/images/688.JPG,data/processed/MMOTU_OTU_2D_experimental/train/masks/688_binary.PNG
286,286.JPG,286_binary.PNG,train,2,0,benign,train,train_internal,data/processed/MMOTU_OTU_2D_experimental/train/images/286.JPG,data/processed/MMOTU_OTU_2D_experimental/train/masks/286_binary.PNG
961,961.JPG,961_binary.PNG,train,5,0,benign,train,train_internal,data/processed/MMOTU_OTU_2D_experimental/train/images/961.JPG,data/processed/MMOTU_OTU_2D_experimental/train/masks/961_binary.PNG
721,721.JPG,721_binary.PNG,train,0,0,benign,train,train_internal,data/processed/MMOTU_OTU_2D_experimental/train/images/721.JPG,data/processed/MMOTU_OTU_2D_experimental/train/masks/721_binary.PNG
1040,1040.JPG,1040_binary.PNG,train,5,0,benign,train,train_internal,data/processed/MMOTU_OTU_2D_experimental/train/images/1040.JPG,data/processed/MMOTU_OTU_2D_experimental/train/masks/1040_binary.PNG
38,38.JPG,38_binary.PNG,train,0,0,benign,train,train_internal,data/processed/MMOTU_OTU_2D_experimental/train/images/38.JPG,data/processed/MMOTU_OTU_2D_experimental/train/masks/38_binary.PNG
681,681.JPG,681_binary.PNG,train,4,0,benign,train,train_internal,data/processed/MMOTU_OTU_2D_experimental/train/images/681.JPG,data/processed/MMOTU_OTU_2D_experimental/train/masks/681_binary.PNG
270,270.JPG,270_binary.PNG,train,5,0,benign,train,train_internal,data/processed/MMOTU_OTU_2D_experimental/train/images/270.JPG,data/processed/MMOTU_OTU_2D_experimental/train/masks/270_binary.PNG
518,518.JPG,518_binary.PNG,train,2,0,benign,train,train_internal,data/processed/MMOTU_OTU_2D_experimental/train/images/518.JPG,data/processed/MMOTU_OTU_2D_experimental/train/masks/518_binary.PNG
176,176.JPG,176_binary.PNG,train,5,0,benign,train,train_internal,data/processed/MMOTU_OTU_2D_experimental/train/images/176.JPG,data/processed/MMOTU_OTU_2D_experimental/train/masks/176_binary.PNG
343,343.JPG,343_binary.PNG,train,1,0,benign,train,train_internal,data/processed/MMOTU_OTU_2D_experimental/train/images/343.JPG,data/processed/MMOTU_OTU_2D_experimental/train/masks/343_binary.PNG
708,708.JPG,708_binary.PNG,train,2,0,benign,train,train_internal,data/processed/MMOTU_OTU_2D_experimental/train/images/708.JPG,data/processed/MMOTU_OTU_2D_experimental/train/masks/708_binary.PNG
612,612.JPG,612_binary.PNG,train,1,0,benign,train,train_internal,data/processed/MMOTU_OTU_2D_experimental/train/images/612.JPG,data/processed/MMOTU_OTU_2D_experimental/train/masks/612_binary.PNG
43,43.JPG,43_binary.PNG,train,4,0,benign,train,train_internal,data/processed/MMOTU_OTU_2D_experimental/train/images/43.JPG,data/processed/MMOTU_OTU_2D_experimental/train/masks/43_binary.PNG
1142,1142.JPG,1142_binary.PNG,train,0,0,benign,train,train_internal,data/processed/MMOTU_OTU_2D_experimental/train/images/1142.JPG,data/processed/MMOTU_OTU_2D_experimental/train/masks/1142_binary.PNG
115,115.JPG,115_binary.PNG,train,5,0,benign,train,train_internal,data/processed/MMOTU_OTU_2D_experimental/train/images/115.JPG,data/processed/MMOTU_OTU_2D_experimental/train/masks/115_binary.PNG
1239,1239.JPG,1239_binary.PNG,train,4,0,benign,train,train_internal,data/processed/MMOTU_OTU_2D_experimental/train/images/1239.JPG,data/processed/MMOTU_OTU_2D_experimental/train/masks/1239_binary.PNG
519,519.JPG,519_binary.PNG,train,2,0,benign,train,train_internal,data/processed/MMOTU_OTU_2D_experimental/train/images/519.JPG,data/processed/MMOTU_OTU_2D_experimental/train/masks/519_binary.PNG
570,570.JPG,570_binary.PNG,train,1,0,benign,train,train_internal,data/processed/MMOTU_OTU_2D_experimental/train/images/570.JPG,data/processed/MMOTU_OTU_2D_experimental/train/masks/570_binary.PNG
192,192.JPG,192_binary.PNG,train,0,0,benign,train,train_internal,data/processed/MMOTU_OTU_2D_experimental/train/images/192.JPG,data/processed/MMOTU_OTU_2D_experimental/train/masks/192_binary.PNG
852,852.JPG,852_binary.PNG,train,4,0,benign,train,train_internal,data/processed/MMOTU_OTU_2D_experimental/train/images/852.JPG,data/processed/MMOTU_OTU_2D_experimental/train/masks/852_binary.PNG
630,630.JPG,630_binary.PNG,train,3,0,benign,train,train_internal,data/processed/MMOTU_OTU_2D_experimental/train/images/630.JPG,data/processed/MMOTU_OTU_2D_experimental/train/masks/630_binary.PNG
942,942.JPG,942_binary.PNG,train,2,0,benign,train,train_internal,data/processed/MMOTU_OTU_2D_experimental/train/images/942.JPG,data/processed/MMOTU_OTU_2D_experimental/train/masks/942_binary.PNG
879,879.JPG,879_binary.PNG,train,4,0,benign,train,train_internal,data/processed/MMOTU_OTU_2D_experimental/train/images/879.JPG,data/processed/MMOTU_OTU_2D_experimental/train/masks/879_binary.PNG
1282,1282.JPG,1282_binary.PNG,train,0,0,benign,train,train_internal,data/processed/MMOTU_OTU_2D_experimental/train/images/1282.JPG,data/processed/MMOTU_OTU_2D_experimental/train/masks/1282_binary.PNG
903,903.JPG,903_binary.PNG,train,2,0,benign,train,train_internal,data/processed/MMOTU_OTU_2D_experimental/train/images/903.JPG,data/processed/MMOTU_OTU_2D_experimental/train/masks/903_binary.PNG
182,182.JPG,182_binary.PNG,train,2,0,benign,train,train_internal,data/processed/MMOTU_OTU_2D_experimental/train/images/182.JPG,data/processed/MMOTU_OTU_2D_experimental/train/masks/182_binary.PNG
407,407.JPG,407_binary.PNG,train,1,0,benign,train,train_internal,data/processed/MMOTU_OTU_2D_experimental/train/images/407.JPG,data/processed/MMOTU_OTU_2D_experimental/train/masks/407_binary.PNG
1159,1159.JPG,1159_binary.PNG,train,2,0,benign,train,train_internal,data/processed/MMOTU_OTU_2D_experimental/train/images/1159.JPG,data/processed/MMOTU_OTU_2D_experimental/train/masks/1159_binary.PNG
643,643.JPG,643_binary.PNG,train,0,0,benign,train,train_internal,data/processed/MMOTU_OTU_2D_experimental/train/images/643.JPG,data/processed/MMOTU_OTU_2D_experimental/train/masks/643_binary.PNG
525,525.JPG,525_binary.PNG,train,2,0,benign,train,train_internal,data/processed/MMOTU_OTU_2D_experimental/train/images/525.JPG,data/processed/MMOTU_OTU_2D_experimental/train/masks/525_binary.PNG
607,607.JPG,607_binary.PNG,train,3,0,benign,train,train_internal,data/processed/MMOTU_OTU_2D_experimental/train/images/607.JPG,data/processed/MMOTU_OTU_2D_experimental/train/masks/607_binary.PNG
492,492.JPG,492_binary.PNG,train,6,1,malignant,train,train_internal,data/processed/MMOTU_OTU_2D_experimental/train/images/492.JPG,data/processed/MMOTU_OTU_2D_experimental/train/masks/492_binary.PNG
140,140.JPG,140_binary.PNG,train,1,0,benign,train,train_internal,data/processed/MMOTU_OTU_2D_experimental/train/images/140.JPG,data/processed/MMOTU_OTU_2D_experimental/train/masks/140_binary.PNG
823,823.JPG,823_binary.PNG,train,1,0,benign,train,train_internal,data/processed/MMOTU_OTU_2D_experimental/train/images/823.JPG,data/processed/MMOTU_OTU_2D_experimental/train/masks/823_binary.PNG
596,596.JPG,596_binary.PNG,train,1,0,benign,train,train_internal,data/processed/MMOTU_OTU_2D_experimental/train/images/596.JPG,data/processed/MMOTU_OTU_2D_experimental/train/masks/596_binary.PNG
1231,1231.JPG,1231_binary.PNG,train,1,0,benign,train,train_internal,data/processed/MMOTU_OTU_2D_experimental/train/images/1231.JPG,data/processed/MMOTU_OTU_2D_experimental/train/masks/1231_binary.PNG
782,782.JPG,782_binary.PNG,train,5,0,benign,train,train_internal,data/processed/MMOTU_OTU_2D_experimental/train/images/782.JPG,data/processed/MMOTU_OTU_2D_experimental/train/masks/782_binary.PNG
230,230.JPG,230_binary.PNG,train,5,0,benign,train,train_internal,data/processed/MMOTU_OTU_2D_experimental/train/images/230.JPG,data/processed/MMOTU_OTU_2D_experimental/train/masks/230_binary.PNG
1289,1289.JPG,1289_binary.PNG,train,1,0,benign,train,train_internal,data/processed/MMOTU_OTU_2D_experimental/train/images/1289.JPG,data/processed/MMOTU_OTU_2D_experimental/train/masks/1289_binary.PNG
458,458.JPG,458_binary.PNG,train,1,0,benign,train,train_internal,data/processed/MMOTU_OTU_2D_experimental/train/images/458.JPG,data/processed/MMOTU_OTU_2D_experimental/train/masks/458_binary.PNG
444,444.JPG,444_binary.PNG,train,2,0,benign,train,train_internal,data/processed/MMOTU_OTU_2D_experimental/train/images/444.JPG,data/processed/MMOTU_OTU_2D_experimental/train/masks/444_binary.PNG
530,530.JPG,530_binary.PNG,train,5,0,benign,train,train_internal,data/processed/MMOTU_OTU_2D_experimental/train/images/530.JPG,data/processed/MMOTU_OTU_2D_experimental/train/masks/530_binary.PNG
932,932.JPG,932_binary.PNG,train,5,0,benign,train,train_internal,data/processed/MMOTU_OTU_2D_experimental/train/images/932.JPG,data/processed/MMOTU_OTU_2D_experimental/train/masks/932_binary.PNG
969,969.JPG,969_binary.PNG,train,2,0,benign,train,train_internal,data/processed/MMOTU_OTU_2D_experimental/train/images/969.JPG,data/processed/MMOTU_OTU_2D_experimental/train/masks/969_binary.PNG
1219,1219.JPG,1219_binary.PNG,train,4,0,benign,train,train_internal,data/processed/MMOTU_OTU_2D_experimental/train/images/1219.JPG,data/processed/MMOTU_OTU_2D_experimental/train/masks/1219_binary.PNG
1392,1392.JPG,1392_binary.PNG,train,2,0,benign,train,train_internal,data/processed/MMOTU_OTU_2D_experimental/train/images/1392.JPG,data/processed/MMOTU_OTU_2D_experimental/train/masks/1392_binary.PNG
556,556.JPG,556_binary.PNG,train,2,0,benign,train,train_internal,data/processed/MMOTU_OTU_2D_experimental/train/images/556.JPG,data/processed/MMOTU_OTU_2D_experimental/train/masks/556_binary.PNG
133,133.JPG,133_binary.PNG,train,1,0,benign,train,train_internal,data/processed/MMOTU_OTU_2D_experimental/train/images/133.JPG,data/processed/MMOTU_OTU_2D_experimental/train/masks/133_binary.PNG
307,307.JPG,307_binary.PNG,train,2,0,benign,train,train_internal,data/processed/MMOTU_OTU_2D_experimental/train/images/307.JPG,data/processed/MMOTU_OTU_2D_experimental/train/masks/307_binary.PNG
224,224.JPG,224_binary.PNG,train,6,1,malignant,train,train_internal,data/processed/MMOTU_OTU_2D_experimental/train/images/224.JPG,data/processed/MMOTU_OTU_2D_experimental/train/masks/224_binary.PNG
456,456.JPG,456_binary.PNG,train,1,0,benign,train,train_internal,data/processed/MMOTU_OTU_2D_experimental/train/images/456.JPG,data/processed/MMOTU_OTU_2D_experimental/train/masks/456_binary.PNG
33,33.JPG,33_binary.PNG,train,0,0,benign,train,train_internal,data/processed/MMOTU_OTU_2D_experimental/train/images/33.JPG,data/processed/MMOTU_OTU_2D_experimental/train/masks/33_binary.PNG
1166,1166.JPG,1166_binary.PNG,train,0,0,benign,train,train_internal,data/processed/MMOTU_OTU_2D_experimental/train/images/1166.JPG,data/processed/MMOTU_OTU_2D_experimental/train/masks/1166_binary.PNG
1084,1084.JPG,1084_binary.PNG,train,2,0,benign,train,train_internal,data/processed/MMOTU_OTU_2D_experimental/train/images/1084.JPG,data/processed/MMOTU_OTU_2D_experimental/train/masks/1084_binary.PNG
282,282.JPG,282_binary.PNG,train,6,1,malignant,train,train_internal,data/processed/MMOTU_OTU_2D_experimental/train/images/282.JPG,data/processed/MMOTU_OTU_2D_experimental/train/masks/282_binary.PNG
424,424.JPG,424_binary.PNG,train,1,0,benign,train,train_internal,data/processed/MMOTU_OTU_2D_experimental/train/images/424.JPG,data/processed/MMOTU_OTU_2D_experimental/train/masks/424_binary.PNG
527,527.JPG,527_binary.PNG,train,2,0,benign,train,train_internal,data/processed/MMOTU_OTU_2D_experimental/train/images/527.JPG,data/processed/MMOTU_OTU_2D_experimental/train/masks/527_binary.PNG
24,24.JPG,24_binary.PNG,train,6,1,malignant,train,train_internal,data/processed/MMOTU_OTU_2D_experimental/train/images/24.JPG,data/processed/MMOTU_OTU_2D_experimental/train/masks/24_binary.PNG
1186,1186.JPG,1186_binary.PNG,train,3,0,benign,train,train_internal,data/processed/MMOTU_OTU_2D_experimental/train/images/1186.JPG,data/processed/MMOTU_OTU_2D_experimental/train/masks/1186_binary.PNG
794,794.JPG,794_binary.PNG,train,6,1,malignant,train,train_internal,data/processed/MMOTU_OTU_2D_experimental/train/images/794.JPG,data/processed/MMOTU_OTU_2D_experimental/train/masks/794_binary.PNG
1422,1422.JPG,1422_binary.PNG,train,7,1,malignant,train,train_internal,data/processed/MMOTU_OTU_2D_experimental/train/images/1422.JPG,data/processed/MMOTU_OTU_2D_experimental/train/masks/1422_binary.PNG
1356,1356.JPG,1356_binary.PNG,train,1,0,benign,train,train_internal,data/processed/MMOTU_OTU_2D_experimental/train/images/1356.JPG,data/processed/MMOTU_OTU_2D_experimental/train/masks/1356_binary.PNG
351,351.JPG,351_binary.PNG,train,2,0,benign,train,train_internal,data/processed/MMOTU_OTU_2D_experimental/train/images/351.JPG,data/processed/MMOTU_OTU_2D_experimental/train/masks/351_binary.PNG
1433,1433.JPG,1433_binary.PNG,train,7,1,malignant,train,train_internal,data/processed/MMOTU_OTU_2D_experimental/train/images/1433.JPG,data/processed/MMOTU_OTU_2D_experimental/train/masks/1433_binary.PNG
1286,1286.JPG,1286_binary.PNG,train,0,0,benign,train,train_internal,data/processed/MMOTU_OTU_2D_experimental/train/images/1286.JPG,data/processed/MMOTU_OTU_2D_experimental/train/masks/1286_binary.PNG
1106,1106.JPG,1106_binary.PNG,train,2,0,benign,train,train_internal,data/processed/MMOTU_OTU_2D_experimental/train/images/1106.JPG,data/processed/MMOTU_OTU_2D_experimental/train/masks/1106_binary.PNG
865,865.JPG,865_binary.PNG,train,1,0,benign,train,train_internal,data/processed/MMOTU_OTU_2D_experimental/train/images/865.JPG,data/processed/MMOTU_OTU_2D_experimental/train/masks/865_binary.PNG
119,119.JPG,119_binary.PNG,train,1,0,benign,train,train_internal,data/processed/MMOTU_OTU_2D_experimental/train/images/119.JPG,data/processed/MMOTU_OTU_2D_experimental/train/masks/119_binary.PNG
278,278.JPG,278_binary.PNG,train,6,1,malignant,train,train_internal,data/processed/MMOTU_OTU_2D_experimental/train/images/278.JPG,data/processed/MMOTU_OTU_2D_experimental/train/masks/278_binary.PNG
340,340.JPG,340_binary.PNG,train,1,0,benign,train,train_internal,data/processed/MMOTU_OTU_2D_experimental/train/images/340.JPG,data/processed/MMOTU_OTU_2D_experimental/train/masks/340_binary.PNG
166,166.JPG,166_binary.PNG,train,2,0,benign,train,train_internal,data/processed/MMOTU_OTU_2D_experimental/train/images/166.JPG,data/processed/MMOTU_OTU_2D_experimental/train/masks/166_binary.PNG
1383,1383.JPG,1383_binary.PNG,train,5,0,benign,train,train_internal,data/processed/MMOTU_OTU_2D_experimental/train/images/1383.JPG,data/processed/MMOTU_OTU_2D_experimental/train/masks/1383_binary.PNG
749,749.JPG,749_binary.PNG,train,6,1,malignant,train,train_internal,data/processed/MMOTU_OTU_2D_experimental/train/images/749.JPG,data/processed/MMOTU_OTU_2D_experimental/train/masks/749_binary.PNG
1259,1259.JPG,1259_binary.PNG,train,2,0,benign,train,train_internal,data/processed/MMOTU_OTU_2D_experimental/train/images/1259.JPG,data/processed/MMOTU_OTU_2D_experimental/train/masks/1259_binary.PNG
577,577.JPG,577_binary.PNG,train,0,0,benign,train,train_internal,data/processed/MMOTU_OTU_2D_experimental/train/images/577.JPG,data/processed/MMOTU_OTU_2D_experimental/train/masks/577_binary.PNG
1180,1180.JPG,1180_binary.PNG,train,3,0,benign,train,train_internal,data/processed/MMOTU_OTU_2D_experimental/train/images/1180.JPG,data/processed/MMOTU_OTU_2D_experimental/train/masks/1180_binary.PNG
1193,1193.JPG,1193_binary.PNG,train,6,1,malignant,train,train_internal,data/processed/MMOTU_OTU_2D_experimental/train/images/1193.JPG,data/processed/MMOTU_OTU_2D_experimental/train/masks/1193_binary.PNG
497,497.JPG,497_binary.PNG,train,4,0,benign,train,train_internal,data/processed/MMOTU_OTU_2D_experimental/train/images/497.JPG,data/processed/MMOTU_OTU_2D_experimental/train/masks/497_binary.PNG
187,187.JPG,187_binary.PNG,train,5,0,benign,train,train_internal,data/processed/MMOTU_OTU_2D_experimental/train/images/187.JPG,data/processed/MMOTU_OTU_2D_experimental/train/masks/187_binary.PNG
951,951.JPG,951_binary.PNG,train,2,0,benign,train,train_internal,data/processed/MMOTU_OTU_2D_experimental/train/images/951.JPG,data/processed/MMOTU_OTU_2D_experimental/train/masks/951_binary.PNG
173,173.JPG,173_binary.PNG,train,2,0,benign,train,train_internal,data/processed/MMOTU_OTU_2D_experimental/train/images/173.JPG,data/processed/MMOTU_OTU_2D_experimental/train/masks/173_binary.PNG
543,543.JPG,543_binary.PNG,train,5,0,benign,train,train_internal,data/processed/MMOTU_OTU_2D_experimental/train/images/543.JPG,data/processed/MMOTU_OTU_2D_experimental/train/masks/543_binary.PNG
660,660.JPG,660_binary.PNG,train,5,0,benign,train,train_internal,data/processed/MMOTU_OTU_2D_experimental/train/images/660.JPG,data/processed/MMOTU_OTU_2D_experimental/train/masks/660_binary.PNG
1343,1343.JPG,1343_binary.PNG,train,0,0,benign,train,train_internal,data/processed/MMOTU_OTU_2D_experimental/train/images/1343.JPG,data/processed/MMOTU_OTU_2D_experimental/train/masks/1343_binary.PNG
172,172.JPG,172_binary.PNG,train,2,0,benign,train,train_internal,data/processed/MMOTU_OTU_2D_experimental/train/images/172.JPG,data/processed/MMOTU_OTU_2D_experimental/train/masks/172_binary.PNG
576,576.JPG,576_binary.PNG,train,0,0,benign,train,train_internal,data/processed/MMOTU_OTU_2D_experimental/train/images/576.JPG,data/processed/MMOTU_OTU_2D_experimental/train/masks/576_binary.PNG
183,183.JPG,183_binary.PNG,train,2,0,benign,train,train_internal,data/processed/MMOTU_OTU_2D_experimental/train/images/183.JPG,data/processed/MMOTU_OTU_2D_experimental/train/masks/183_binary.PNG
235,235.JPG,235_binary.PNG,train,2,0,benign,train,train_internal,data/processed/MMOTU_OTU_2D_experimental/train/images/235.JPG,data/processed/MMOTU_OTU_2D_experimental/train/masks/235_binary.PNG
575,575.JPG,575_binary.PNG,train,0,0,benign,train,train_internal,data/processed/MMOTU_OTU_2D_experimental/train/images/575.JPG,data/processed/MMOTU_OTU_2D_experimental/train/masks/575_binary.PNG
54,54.JPG,54_binary.PNG,train,2,0,benign,train,train_internal,data/processed/MMOTU_OTU_2D_experimental/train/images/54.JPG,data/processed/MMOTU_OTU_2D_experimental/train/masks/54_binary.PNG
829,829.JPG,829_binary.PNG,train,1,0,benign,train,train_internal,data/processed/MMOTU_OTU_2D_experimental/train/images/829.JPG,data/processed/MMOTU_OTU_2D_experimental/train/masks/829_binary.PNG
1206,1206.JPG,1206_binary.PNG,train,0,0,benign,train,train_internal,data/processed/MMOTU_OTU_2D_experimental/train/images/1206.JPG,data/processed/MMOTU_OTU_2D_experimental/train/masks/1206_binary.PNG
798,798.JPG,798_binary.PNG,train,0,0,benign,train,train_internal,data/processed/MMOTU_OTU_2D_experimental/train/images/798.JPG,data/processed/MMOTU_OTU_2D_experimental/train/masks/798_binary.PNG
1148,1148.JPG,1148_binary.PNG,train,3,0,benign,train,train_internal,data/processed/MMOTU_OTU_2D_experimental/train/images/1148.JPG,data/processed/MMOTU_OTU_2D_experimental/train/masks/1148_binary.PNG
214,214.JPG,214_binary.PNG,train,6,1,malignant,train,train_internal,data/processed/MMOTU_OTU_2D_experimental/train/images/214.JPG,data/processed/MMOTU_OTU_2D_experimental/train/masks/214_binary.PNG
1314,1314.JPG,1314_binary.PNG,train,5,0,benign,train,train_internal,data/processed/MMOTU_OTU_2D_experimental/train/images/1314.JPG,data/processed/MMOTU_OTU_2D_experimental/train/masks/1314_binary.PNG
410,410.JPG,410_binary.PNG,train,1,0,benign,train,train_internal,data/processed/MMOTU_OTU_2D_experimental/train/images/410.JPG,data/processed/MMOTU_OTU_2D_experimental/train/masks/410_binary.PNG
1113,1113.JPG,1113_binary.PNG,train,5,0,benign,train,train_internal,data/processed/MMOTU_OTU_2D_experimental/train/images/1113.JPG,data/processed/MMOTU_OTU_2D_experimental/train/masks/1113_binary.PNG
291,291.JPG,291_binary.PNG,train,0,0,benign,train,train_internal,data/processed/MMOTU_OTU_2D_experimental/train/images/291.JPG,data/processed/MMOTU_OTU_2D_experimental/train/masks/291_binary.PNG
968,968.JPG,968_binary.PNG,train,1,0,benign,train,train_internal,data/processed/MMOTU_OTU_2D_experimental/train/images/968.JPG,data/processed/MMOTU_OTU_2D_experimental/train/masks/968_binary.PNG
907,907.JPG,907_binary.PNG,train,0,0,benign,train,train_internal,data/processed/MMOTU_OTU_2D_experimental/train/images/907.JPG,data/processed/MMOTU_OTU_2D_experimental/train/masks/907_binary.PNG
665,665.JPG,665_binary.PNG,train,5,0,benign,train,train_internal,data/processed/MMOTU_OTU_2D_experimental/train/images/665.JPG,data/processed/MMOTU_OTU_2D_experimental/train/masks/665_binary.PNG
289,289.JPG,289_binary.PNG,train,0,0,benign,train,train_internal,data/processed/MMOTU_OTU_2D_experimental/train/images/289.JPG,data/processed/MMOTU_OTU_2D_experimental/train/masks/289_binary.PNG
666,666.JPG,666_binary.PNG,train,1,0,benign,train,train_internal,data/processed/MMOTU_OTU_2D_experimental/train/images/666.JPG,data/processed/MMOTU_OTU_2D_experimental/train/masks/666_binary.PNG
871,871.JPG,871_binary.PNG,train,2,0,benign,train,train_internal,data/processed/MMOTU_OTU_2D_experimental/train/images/871.JPG,data/processed/MMOTU_OTU_2D_experimental/train/masks/871_binary.PNG
174,174.JPG,174_binary.PNG,train,2,0,benign,train,train_internal,data/processed/MMOTU_OTU_2D_experimental/train/images/174.JPG,data/processed/MMOTU_OTU_2D_experimental/train/masks/174_binary.PNG
880,880.JPG,880_binary.PNG,train,0,0,benign,train,train_internal,data/processed/MMOTU_OTU_2D_experimental/train/images/880.JPG,data/processed/MMOTU_OTU_2D_experimental/train/masks/880_binary.PNG
485,485.JPG,485_binary.PNG,train,2,0,benign,train,train_internal,data/processed/MMOTU_OTU_2D_experimental/train/images/485.JPG,data/processed/MMOTU_OTU_2D_experimental/train/masks/485_binary.PNG
787,787.JPG,787_binary.PNG,train,6,1,malignant,train,train_internal,data/processed/MMOTU_OTU_2D_experimental/train/images/787.JPG,data/processed/MMOTU_OTU_2D_experimental/train/masks/787_binary.PNG
615,615.JPG,615_binary.PNG,train,1,0,benign,train,train_internal,data/processed/MMOTU_OTU_2D_experimental/train/images/615.JPG,data/processed/MMOTU_OTU_2D_experimental/train/masks/615_binary.PNG
720,720.JPG,720_binary.PNG,train,0,0,benign,train,train_internal,data/processed/MMOTU_OTU_2D_experimental/train/images/720.JPG,data/processed/MMOTU_OTU_2D_experimental/train/masks/720_binary.PNG
801,801.JPG,801_binary.PNG,train,0,0,benign,train,train_internal,data/processed/MMOTU_OTU_2D_experimental/train/images/801.JPG,data/processed/MMOTU_OTU_2D_experimental/train/masks/801_binary.PNG
1246,1246.JPG,1246_binary.PNG,train,0,0,benign,train,train_internal,data/processed/MMOTU_OTU_2D_experimental/train/images/1246.JPG,data/processed/MMOTU_OTU_2D_experimental/train/masks/1246_binary.PNG
796,796.JPG,796_binary.PNG,train,0,0,benign,train,train_internal,data/processed/MMOTU_OTU_2D_experimental/train/images/796.JPG,data/processed/MMOTU_OTU_2D_experimental/train/masks/796_binary.PNG
537,537.JPG,537_binary.PNG,train,2,0,benign,train,train_internal,data/processed/MMOTU_OTU_2D_experimental/train/images/537.JPG,data/processed/MMOTU_OTU_2D_experimental/train/masks/537_binary.PNG
598,598.JPG,598_binary.PNG,train,2,0,benign,train,train_internal,data/processed/MMOTU_OTU_2D_experimental/train/images/598.JPG,data/processed/MMOTU_OTU_2D_experimental/train/masks/598_binary.PNG
346,346.JPG,346_binary.PNG,train,1,0,benign,train,train_internal,data/processed/MMOTU_OTU_2D_experimental/train/images/346.JPG,data/processed/MMOTU_OTU_2D_experimental/train/masks/346_binary.PNG
724,724.JPG,724_binary.PNG,train,0,0,benign,train,train_internal,data/processed/MMOTU_OTU_2D_experimental/train/images/724.JPG,data/processed/MMOTU_OTU_2D_experimental/train/masks/724_binary.PNG
498,498.JPG,498_binary.PNG,train,4,0,benign,train,train_internal,data/processed/MMOTU_OTU_2D_experimental/train/images/498.JPG,data/processed/MMOTU_OTU_2D_experimental/train/masks/498_binary.PNG
813,813.JPG,813_binary.PNG,train,1,0,benign,train,train_internal,data/processed/MMOTU_OTU_2D_experimental/train/images/813.JPG,data/processed/MMOTU_OTU_2D_experimental/train/masks/813_binary.PNG
891,891.JPG,891_binary.PNG,train,1,0,benign,train,train_internal,data/processed/MMOTU_OTU_2D_experimental/train/images/891.JPG,data/processed/MMOTU_OTU_2D_experimental/train/masks/891_binary.PNG
915,915.JPG,915_binary.PNG,train,6,1,malignant,train,train_internal,data/processed/MMOTU_OTU_2D_experimental/train/images/915.JPG,data/processed/MMOTU_OTU_2D_experimental/train/masks/915_binary.PNG
1344,1344.JPG,1344_binary.PNG,train,0,0,benign,train,train_internal,data/processed/MMOTU_OTU_2D_experimental/train/images/1344.JPG,data/processed/MMOTU_OTU_2D_experimental/train/masks/1344_binary.PNG
597,597.JPG,597_binary.PNG,train,2,0,benign,train,train_internal,data/processed/MMOTU_OTU_2D_experimental/train/images/597.JPG,data/processed/MMOTU_OTU_2D_experimental/train/masks/597_binary.PNG
634,634.JPG,634_binary.PNG,train,2,0,benign,train,train_internal,data/processed/MMOTU_OTU_2D_experimental/train/images/634.JPG,data/processed/MMOTU_OTU_2D_experimental/train/masks/634_binary.PNG
1276,1276.JPG,1276_binary.PNG,train,5,0,benign,train,train_internal,data/processed/MMOTU_OTU_2D_experimental/train/images/1276.JPG,data/processed/MMOTU_OTU_2D_experimental/train/masks/1276_binary.PNG
454,454.JPG,454_binary.PNG,train,0,0,benign,train,train_internal,data/processed/MMOTU_OTU_2D_experimental/train/images/454.JPG,data/processed/MMOTU_OTU_2D_experimental/train/masks/454_binary.PNG
686,686.JPG,686_binary.PNG,train,5,0,benign,train,train_internal,data/processed/MMOTU_OTU_2D_experimental/train/images/686.JPG,data/processed/MMOTU_OTU_2D_experimental/train/masks/686_binary.PNG
729,729.JPG,729_binary.PNG,train,1,0,benign,train,train_internal,data/processed/MMOTU_OTU_2D_experimental/train/images/729.JPG,data/processed/MMOTU_OTU_2D_experimental/train/masks/729_binary.PNG
1248,1248.JPG,1248_binary.PNG,train,0,0,benign,train,train_internal,data/processed/MMOTU_OTU_2D_experimental/train/images/1248.JPG,data/processed/MMOTU_OTU_2D_experimental/train/masks/1248_binary.PNG
940,940.JPG,940_binary.PNG,train,2,0,benign,train,train_internal,data/processed/MMOTU_OTU_2D_experimental/train/images/940.JPG,data/processed/MMOTU_OTU_2D_experimental/train/masks/940_binary.PNG
226,226.JPG,226_binary.PNG,train,6,1,malignant,train,train_internal,data/processed/MMOTU_OTU_2D_experimental/train/images/226.JPG,data/processed/MMOTU_OTU_2D_experimental/train/masks/226_binary.PNG
1361,1361.JPG,1361_binary.PNG,train,0,0,benign,train,train_internal,data/processed/MMOTU_OTU_2D_experimental/train/images/1361.JPG,data/processed/MMOTU_OTU_2D_experimental/train/masks/1361_binary.PNG
357,357.JPG,357_binary.PNG,train,3,0,benign,train,train_internal,data/processed/MMOTU_OTU_2D_experimental/train/images/357.JPG,data/processed/MMOTU_OTU_2D_experimental/train/masks/357_binary.PNG
1225,1225.JPG,1225_binary.PNG,train,2,0,benign,train,train_internal,data/processed/MMOTU_OTU_2D_experimental/train/images/1225.JPG,data/processed/MMOTU_OTU_2D_experimental/train/masks/1225_binary.PNG
785,785.JPG,785_binary.PNG,train,4,0,benign,train,train_internal,data/processed/MMOTU_OTU_2D_experimental/train/images/785.JPG,data/processed/MMOTU_OTU_2D_experimental/train/masks/785_binary.PNG
450,450.JPG,450_binary.PNG,train,6,1,malignant,train,train_internal,data/processed/MMOTU_OTU_2D_experimental/train/images/450.JPG,data/processed/MMOTU_OTU_2D_experimental/train/masks/450_binary.PNG
516,516.JPG,516_binary.PNG,train,5,0,benign,train,train_internal,data/processed/MMOTU_OTU_2D_experimental/train/images/516.JPG,data/processed/MMOTU_OTU_2D_experimental/train/masks/516_binary.PNG
1146,1146.JPG,1146_binary.PNG,train,0,0,benign,train,train_internal,data/processed/MMOTU_OTU_2D_experimental/train/images/1146.JPG,data/processed/MMOTU_OTU_2D_experimental/train/masks/1146_binary.PNG
478,478.JPG,478_binary.PNG,train,3,0,benign,train,train_internal,data/processed/MMOTU_OTU_2D_experimental/train/images/478.JPG,data/processed/MMOTU_OTU_2D_experimental/train/masks/478_binary.PNG
367,367.JPG,367_binary.PNG,train,3,0,benign,train,train_internal,data/processed/MMOTU_OTU_2D_experimental/train/images/367.JPG,data/processed/MMOTU_OTU_2D_experimental/train/masks/367_binary.PNG
1164,1164.JPG,1164_binary.PNG,train,0,0,benign,train,train_internal,data/processed/MMOTU_OTU_2D_experimental/train/images/1164.JPG,data/processed/MMOTU_OTU_2D_experimental/train/masks/1164_binary.PNG
438,438.JPG,438_binary.PNG,train,2,0,benign,train,train_internal,data/processed/MMOTU_OTU_2D_experimental/train/images/438.JPG,data/processed/MMOTU_OTU_2D_experimental/train/masks/438_binary.PNG
875,875.JPG,875_binary.PNG,train,1,0,benign,train,train_internal,data/processed/MMOTU_OTU_2D_experimental/train/images/875.JPG,data/processed/MMOTU_OTU_2D_experimental/train/masks/875_binary.PNG
538,538.JPG,538_binary.PNG,train,0,0,benign,train,train_internal,data/processed/MMOTU_OTU_2D_experimental/train/images/538.JPG,data/processed/MMOTU_OTU_2D_experimental/train/masks/538_binary.PNG
812,812.JPG,812_binary.PNG,train,2,0,benign,train,train_internal,data/processed/MMOTU_OTU_2D_experimental/train/images/812.JPG,data/processed/MMOTU_OTU_2D_experimental/train/masks/812_binary.PNG
273,273.JPG,273_binary.PNG,train,2,0,benign,train,train_internal,data/processed/MMOTU_OTU_2D_experimental/train/images/273.JPG,data/processed/MMOTU_OTU_2D_experimental/train/masks/273_binary.PNG
118,118.JPG,118_binary.PNG,train,1,0,benign,train,train_internal,data/processed/MMOTU_OTU_2D_experimental/train/images/118.JPG,data/processed/MMOTU_OTU_2D_experimental/train/masks/118_binary.PNG
1041,1041.JPG,1041_binary.PNG,train,1,0,benign,train,train_internal,data/processed/MMOTU_OTU_2D_experimental/train/images/1041.JPG,data/processed/MMOTU_OTU_2D_experimental/train/masks/1041_binary.PNG
593,593.JPG,593_binary.PNG,train,1,0,benign,train,train_internal,data/processed/MMOTU_OTU_2D_experimental/train/images/593.JPG,data/processed/MMOTU_OTU_2D_experimental/train/masks/593_binary.PNG
888,888.JPG,888_binary.PNG,train,5,0,benign,train,train_internal,data/processed/MMOTU_OTU_2D_experimental/train/images/888.JPG,data/processed/MMOTU_OTU_2D_experimental/train/masks/888_binary.PNG
1003,1003.JPG,1003_binary.PNG,train,5,0,benign,train,train_internal,data/processed/MMOTU_OTU_2D_experimental/train/images/1003.JPG,data/processed/MMOTU_OTU_2D_experimental/train/masks/1003_binary.PNG
774,774.JPG,774_binary.PNG,train,1,0,benign,train,train_internal,data/processed/MMOTU_OTU_2D_experimental/train/images/774.JPG,data/processed/MMOTU_OTU_2D_experimental/train/masks/774_binary.PNG
913,913.JPG,913_binary.PNG,train,5,0,benign,train,train_internal,data/processed/MMOTU_OTU_2D_experimental/train/images/913.JPG,data/processed/MMOTU_OTU_2D_experimental/train/masks/913_binary.PNG
545,545.JPG,545_binary.PNG,train,5,0,benign,train,train_internal,data/processed/MMOTU_OTU_2D_experimental/train/images/545.JPG,data/processed/MMOTU_OTU_2D_experimental/train/masks/545_binary.PNG
1370,1370.JPG,1370_binary.PNG,train,0,0,benign,train,train_internal,data/processed/MMOTU_OTU_2D_experimental/train/images/1370.JPG,data/processed/MMOTU_OTU_2D_experimental/train/masks/1370_binary.PNG
579,579.JPG,579_binary.PNG,train,0,0,benign,train,train_internal,data/processed/MMOTU_OTU_2D_experimental/train/images/579.JPG,data/processed/MMOTU_OTU_2D_experimental/train/masks/579_binary.PNG
1243,1243.JPG,1243_binary.PNG,train,2,0,benign,train,train_internal,data/processed/MMOTU_OTU_2D_experimental/train/images/1243.JPG,data/processed/MMOTU_OTU_2D_experimental/train/masks/1243_binary.PNG
1150,1150.JPG,1150_binary.PNG,train,3,0,benign,train,train_internal,data/processed/MMOTU_OTU_2D_experimental/train/images/1150.JPG,data/processed/MMOTU_OTU_2D_experimental/train/masks/1150_binary.PNG
218,218.JPG,218_binary.PNG,train,0,0,benign,train,train_internal,data/processed/MMOTU_OTU_2D_experimental/train/images/218.JPG,data/processed/MMOTU_OTU_2D_experimental/train/masks/218_binary.PNG
1009,1009.JPG,1009_binary.PNG,train,5,0,benign,train,train_internal,data/processed/MMOTU_OTU_2D_experimental/train/images/1009.JPG,data/processed/MMOTU_OTU_2D_experimental/train/masks/1009_binary.PNG
799,799.JPG,799_binary.PNG,train,0,0,benign,train,train_internal,data/processed/MMOTU_OTU_2D_experimental/train/images/799.JPG,data/processed/MMOTU_OTU_2D_experimental/train/masks/799_binary.PNG
1212,1212.JPG,1212_binary.PNG,train,0,0,benign,train,train_internal,data/processed/MMOTU_OTU_2D_experimental/train/images/1212.JPG,data/processed/MMOTU_OTU_2D_experimental/train/masks/1212_binary.PNG
725,725.JPG,725_binary.PNG,train,2,0,benign,train,train_internal,data/processed/MMOTU_OTU_2D_experimental/train/images/725.JPG,data/processed/MMOTU_OTU_2D_experimental/train/masks/725_binary.PNG
1063,1063.JPG,1063_binary.PNG,train,0,0,benign,train,train_internal,data/processed/MMOTU_OTU_2D_experimental/train/images/1063.JPG,data/processed/MMOTU_OTU_2D_experimental/train/masks/1063_binary.PNG
321,321.JPG,321_binary.PNG,train,1,0,benign,train,train_internal,data/processed/MMOTU_OTU_2D_experimental/train/images/321.JPG,data/processed/MMOTU_OTU_2D_experimental/train/masks/321_binary.PNG
1210,1210.JPG,1210_binary.PNG,train,0,0,benign,train,train_internal,data/processed/MMOTU_OTU_2D_experimental/train/images/1210.JPG,data/processed/MMOTU_OTU_2D_experimental/train/masks/1210_binary.PNG
1348,1348.JPG,1348_binary.PNG,train,0,0,benign,train,train_internal,data/processed/MMOTU_OTU_2D_experimental/train/images/1348.JPG,data/processed/MMOTU_OTU_2D_experimental/train/masks/1348_binary.PNG
709,709.JPG,709_binary.PNG,train,2,0,benign,train,train_internal,data/processed/MMOTU_OTU_2D_experimental/train/images/709.JPG,data/processed/MMOTU_OTU_2D_experimental/train/masks/709_binary.PNG
1163,1163.JPG,1163_binary.PNG,train,0,0,benign,train,train_internal,data/processed/MMOTU_OTU_2D_experimental/train/images/1163.JPG,data/processed/MMOTU_OTU_2D_experimental/train/masks/1163_binary.PNG
59,59.JPG,59_binary.PNG,train,1,0,benign,train,train_internal,data/processed/MMOTU_OTU_2D_experimental/train/images/59.JPG,data/processed/MMOTU_OTU_2D_experimental/train/masks/59_binary.PNG
777,777.JPG,777_binary.PNG,train,2,0,benign,train,train_internal,data/processed/MMOTU_OTU_2D_experimental/train/images/777.JPG,data/processed/MMOTU_OTU_2D_experimental/train/masks/777_binary.PNG
198,198.JPG,198_binary.PNG,train,0,0,benign,train,train_internal,data/processed/MMOTU_OTU_2D_experimental/train/images/198.JPG,data/processed/MMOTU_OTU_2D_experimental/train/masks/198_binary.PNG
1375,1375.JPG,1375_binary.PNG,train,4,0,benign,train,train_internal,data/processed/MMOTU_OTU_2D_experimental/train/images/1375.JPG,data/processed/MMOTU_OTU_2D_experimental/train/masks/1375_binary.PNG
74,74.JPG,74_binary.PNG,train,5,0,benign,train,train_internal,data/processed/MMOTU_OTU_2D_experimental/train/images/74.JPG,data/processed/MMOTU_OTU_2D_experimental/train/masks/74_binary.PNG
293,293.JPG,293_binary.PNG,train,0,0,benign,train,train_internal,data/processed/MMOTU_OTU_2D_experimental/train/images/293.JPG,data/processed/MMOTU_OTU_2D_experimental/train/masks/293_binary.PNG
305,305.JPG,305_binary.PNG,train,2,0,benign,train,train_internal,data/processed/MMOTU_OTU_2D_experimental/train/images/305.JPG,data/processed/MMOTU_OTU_2D_experimental/train/masks/305_binary.PNG
836,836.JPG,836_binary.PNG,train,3,0,benign,train,train_internal,data/processed/MMOTU_OTU_2D_experimental/train/images/836.JPG,data/processed/MMOTU_OTU_2D_experimental/train/masks/836_binary.PNG
372,372.JPG,372_binary.PNG,train,3,0,benign,train,train_internal,data/processed/MMOTU_OTU_2D_experimental/train/images/372.JPG,data/processed/MMOTU_OTU_2D_experimental/train/masks/372_binary.PNG
1406,1406.JPG,1406_binary.PNG,train,5,0,benign,train,train_internal,data/processed/MMOTU_OTU_2D_experimental/train/images/1406.JPG,data/processed/MMOTU_OTU_2D_experimental/train/masks/1406_binary.PNG
1316,1316.JPG,1316_binary.PNG,train,5,0,benign,train,train_internal,data/processed/MMOTU_OTU_2D_experimental/train/images/1316.JPG,data/processed/MMOTU_OTU_2D_experimental/train/masks/1316_binary.PNG
835,835.JPG,835_binary.PNG,train,3,0,benign,train,train_internal,data/processed/MMOTU_OTU_2D_experimental/train/images/835.JPG,data/processed/MMOTU_OTU_2D_experimental/train/masks/835_binary.PNG
1396,1396.JPG,1396_binary.PNG,train,2,0,benign,train,train_internal,data/processed/MMOTU_OTU_2D_experimental/train/images/1396.JPG,data/processed/MMOTU_OTU_2D_experimental/train/masks/1396_binary.PNG
617,617.JPG,617_binary.PNG,train,1,0,benign,train,train_internal,data/processed/MMOTU_OTU_2D_experimental/train/images/617.JPG,data/processed/MMOTU_OTU_2D_experimental/train/masks/617_binary.PNG
1127,1127.JPG,1127_binary.PNG,train,5,0,benign,train,train_internal,data/processed/MMOTU_OTU_2D_experimental/train/images/1127.JPG,data/processed/MMOTU_OTU_2D_experimental/train/masks/1127_binary.PNG
1080,1080.JPG,1080_binary.PNG,train,2,0,benign,train,train_internal,data/processed/MMOTU_OTU_2D_experimental/train/images/1080.JPG,data/processed/MMOTU_OTU_2D_experimental/train/masks/1080_binary.PNG
899,899.JPG,899_binary.PNG,train,5,0,benign,train,train_internal,data/processed/MMOTU_OTU_2D_experimental/train/images/899.JPG,data/processed/MMOTU_OTU_2D_experimental/train/masks/899_binary.PNG
490,490.JPG,490_binary.PNG,train,1,0,benign,train,train_internal,data/processed/MMOTU_OTU_2D_experimental/train/images/490.JPG,data/processed/MMOTU_OTU_2D_experimental/train/masks/490_binary.PNG
165,165.JPG,165_binary.PNG,train,5,0,benign,train,train_internal,data/processed/MMOTU_OTU_2D_experimental/train/images/165.JPG,data/processed/MMOTU_OTU_2D_experimental/train/masks/165_binary.PNG
1020,1020.JPG,1020_binary.PNG,train,2,0,benign,train,train_internal,data/processed/MMOTU_OTU_2D_experimental/train/images/1020.JPG,data/processed/MMOTU_OTU_2D_experimental/train/masks/1020_binary.PNG
933,933.JPG,933_binary.PNG,train,2,0,benign,train,train_internal,data/processed/MMOTU_OTU_2D_experimental/train/images/933.JPG,data/processed/MMOTU_OTU_2D_experimental/train/masks/933_binary.PNG
901,901.JPG,901_binary.PNG,train,0,0,benign,train,train_internal,data/processed/MMOTU_OTU_2D_experimental/train/images/901.JPG,data/processed/MMOTU_OTU_2D_experimental/train/masks/901_binary.PNG
1451,1451.JPG,1451_binary.PNG,train,7,1,malignant,train,train_internal,data/processed/MMOTU_OTU_2D_experimental/train/images/1451.JPG,data/processed/MMOTU_OTU_2D_experimental/train/masks/1451_binary.PNG
1074,1074.JPG,1074_binary.PNG,train,5,0,benign,train,train_internal,data/processed/MMOTU_OTU_2D_experimental/train/images/1074.JPG,data/processed/MMOTU_OTU_2D_experimental/train/masks/1074_binary.PNG
655,655.JPG,655_binary.PNG,train,2,0,benign,train,train_internal,data/processed/MMOTU_OTU_2D_experimental/train/images/655.JPG,data/processed/MMOTU_OTU_2D_experimental/train/masks/655_binary.PNG
1072,1072.JPG,1072_binary.PNG,train,2,0,benign,train,train_internal,data/processed/MMOTU_OTU_2D_experimental/train/images/1072.JPG,data/processed/MMOTU_OTU_2D_experimental/train/masks/1072_binary.PNG
209,209.JPG,209_binary.PNG,train,0,0,benign,train,train_internal,data/processed/MMOTU_OTU_2D_experimental/train/images/209.JPG,data/processed/MMOTU_OTU_2D_experimental/train/masks/209_binary.PNG
1403,1403.JPG,1403_binary.PNG,train,5,0,benign,train,train_internal,data/processed/MMOTU_OTU_2D_experimental/train/images/1403.JPG,data/processed/MMOTU_OTU_2D_experimental/train/masks/1403_binary.PNG
423,423.JPG,423_binary.PNG,train,2,0,benign,train,train_internal,data/processed/MMOTU_OTU_2D_experimental/train/images/423.JPG,data/processed/MMOTU_OTU_2D_experimental/train/masks/423_binary.PNG
427,427.JPG,427_binary.PNG,train,3,0,benign,train,train_internal,data/processed/MMOTU_OTU_2D_experimental/train/images/427.JPG,data/processed/MMOTU_OTU_2D_experimental/train/masks/427_binary.PNG
335,335.JPG,335_binary.PNG,train,2,0,benign,train,train_internal,data/processed/MMOTU_OTU_2D_experimental/train/images/335.JPG,data/processed/MMOTU_OTU_2D_experimental/train/masks/335_binary.PNG
668,668.JPG,668_binary.PNG,train,1,0,benign,train,train_internal,data/processed/MMOTU_OTU_2D_experimental/train/images/668.JPG,data/processed/MMOTU_OTU_2D_experimental/train/masks/668_binary.PNG
200,200.JPG,200_binary.PNG,train,0,0,benign,train,train_internal,data/processed/MMOTU_OTU_2D_experimental/train/images/200.JPG,data/processed/MMOTU_OTU_2D_experimental/train/masks/200_binary.PNG
290,290.JPG,290_binary.PNG,train,0,0,benign,train,train_internal,data/processed/MMOTU_OTU_2D_experimental/train/images/290.JPG,data/processed/MMOTU_OTU_2D_experimental/train/masks/290_binary.PNG
1408,1408.JPG,1408_binary.PNG,train,2,0,benign,train,train_internal,data/processed/MMOTU_OTU_2D_experimental/train/images/1408.JPG,data/processed/MMOTU_OTU_2D_experimental/train/masks/1408_binary.PNG
692,692.JPG,692_binary.PNG,train,6,1,malignant,train,train_internal,data/processed/MMOTU_OTU_2D_experimental/train/images/692.JPG,data/processed/MMOTU_OTU_2D_experimental/train/masks/692_binary.PNG
1138,1138.JPG,1138_binary.PNG,train,0,0,benign,train,train_internal,data/processed/MMOTU_OTU_2D_experimental/train/images/1138.JPG,data/processed/MMOTU_OTU_2D_experimental/train/masks/1138_binary.PNG
1158,1158.JPG,1158_binary.PNG,train,2,0,benign,train,train_internal,data/processed/MMOTU_OTU_2D_experimental/train/images/1158.JPG,data/processed/MMOTU_OTU_2D_experimental/train/masks/1158_binary.PNG
1110,1110.JPG,1110_binary.PNG,train,5,0,benign,train,train_internal,data/processed/MMOTU_OTU_2D_experimental/train/images/1110.JPG,data/processed/MMOTU_OTU_2D_experimental/train/masks/1110_binary.PNG
526,526.JPG,526_binary.PNG,train,2,0,benign,train,train_internal,data/processed/MMOTU_OTU_2D_experimental/train/images/526.JPG,data/processed/MMOTU_OTU_2D_experimental/train/masks/526_binary.PNG
860,860.JPG,860_binary.PNG,train,2,0,benign,train,train_internal,data/processed/MMOTU_OTU_2D_experimental/train/images/860.JPG,data/processed/MMOTU_OTU_2D_experimental/train/masks/860_binary.PNG
46,46.JPG,46_binary.PNG,train,2,0,benign,train,train_internal,data/processed/MMOTU_OTU_2D_experimental/train/images/46.JPG,data/processed/MMOTU_OTU_2D_experimental/train/masks/46_binary.PNG
983,983.JPG,983_binary.PNG,train,3,0,benign,train,train_internal,data/processed/MMOTU_OTU_2D_experimental/train/images/983.JPG,data/processed/MMOTU_OTU_2D_experimental/train/masks/983_binary.PNG
1338,1338.JPG,1338_binary.PNG,train,5,0,benign,train,train_internal,data/processed/MMOTU_OTU_2D_experimental/train/images/1338.JPG,data/processed/MMOTU_OTU_2D_experimental/train/masks/1338_binary.PNG
808,808.JPG,808_binary.PNG,train,5,0,benign,train,train_internal,data/processed/MMOTU_OTU_2D_experimental/train/images/808.JPG,data/processed/MMOTU_OTU_2D_experimental/train/masks/808_binary.PNG
590,590.JPG,590_binary.PNG,train,4,0,benign,train,train_internal,data/processed/MMOTU_OTU_2D_experimental/train/images/590.JPG,data/processed/MMOTU_OTU_2D_experimental/train/masks/590_binary.PNG
422,422.JPG,422_binary.PNG,train,5,0,benign,train,train_internal,data/processed/MMOTU_OTU_2D_experimental/train/images/422.JPG,data/processed/MMOTU_OTU_2D_experimental/train/masks/422_binary.PNG
284,284.JPG,284_binary.PNG,train,5,0,benign,train,train_internal,data/processed/MMOTU_OTU_2D_experimental/train/images/284.JPG,data/processed/MMOTU_OTU_2D_experimental/train/masks/284_binary.PNG
780,780.JPG,780_binary.PNG,train,0,0,benign,train,train_internal,data/processed/MMOTU_OTU_2D_experimental/train/images/780.JPG,data/processed/MMOTU_OTU_2D_experimental/train/masks/780_binary.PNG
1223,1223.JPG,1223_binary.PNG,train,2,0,benign,train,train_internal,data/processed/MMOTU_OTU_2D_experimental/train/images/1223.JPG,data/processed/MMOTU_OTU_2D_experimental/train/masks/1223_binary.PNG
1446,1446.JPG,1446_binary.PNG,train,7,1,malignant,train,train_internal,data/processed/MMOTU_OTU_2D_experimental/train/images/1446.JPG,data/processed/MMOTU_OTU_2D_experimental/train/masks/1446_binary.PNG
625,625.JPG,625_binary.PNG,train,3,0,benign,train,train_internal,data/processed/MMOTU_OTU_2D_experimental/train/images/625.JPG,data/processed/MMOTU_OTU_2D_experimental/train/masks/625_binary.PNG
601,601.JPG,601_binary.PNG,train,4,0,benign,train,train_internal,data/processed/MMOTU_OTU_2D_experimental/train/images/601.JPG,data/processed/MMOTU_OTU_2D_experimental/train/masks/601_binary.PNG
1192,1192.JPG,1192_binary.PNG,train,3,0,benign,train,train_internal,data/processed/MMOTU_OTU_2D_experimental/train/images/1192.JPG,data/processed/MMOTU_OTU_2D_experimental/train/masks/1192_binary.PNG
1362,1362.JPG,1362_binary.PNG,train,0,0,benign,train,train_internal,data/processed/MMOTU_OTU_2D_experimental/train/images/1362.JPG,data/processed/MMOTU_OTU_2D_experimental/train/masks/1362_binary.PNG
1070,1070.JPG,1070_binary.PNG,train,2,0,benign,train,train_internal,data/processed/MMOTU_OTU_2D_experimental/train/images/1070.JPG,data/processed/MMOTU_OTU_2D_experimental/train/masks/1070_binary.PNG
834,834.JPG,834_binary.PNG,train,1,0,benign,train,train_internal,data/processed/MMOTU_OTU_2D_experimental/train/images/834.JPG,data/processed/MMOTU_OTU_2D_experimental/train/masks/834_binary.PNG
1183,1183.JPG,1183_binary.PNG,train,3,0,benign,train,train_internal,data/processed/MMOTU_OTU_2D_experimental/train/images/1183.JPG,data/processed/MMOTU_OTU_2D_experimental/train/masks/1183_binary.PNG
874,874.JPG,874_binary.PNG,train,1,0,benign,train,train_internal,data/processed/MMOTU_OTU_2D_experimental/train/images/874.JPG,data/processed/MMOTU_OTU_2D_experimental/train/masks/874_binary.PNG
761,761.JPG,761_binary.PNG,train,1,0,benign,train,train_internal,data/processed/MMOTU_OTU_2D_experimental/train/images/761.JPG,data/processed/MMOTU_OTU_2D_experimental/train/masks/761_binary.PNG
310,310.JPG,310_binary.PNG,train,2,0,benign,train,train_internal,data/processed/MMOTU_OTU_2D_experimental/train/images/310.JPG,data/processed/MMOTU_OTU_2D_experimental/train/masks/310_binary.PNG
900,900.JPG,900_binary.PNG,train,0,0,benign,train,train_internal,data/processed/MMOTU_OTU_2D_experimental/train/images/900.JPG,data/processed/MMOTU_OTU_2D_experimental/train/masks/900_binary.PNG
139,139.JPG,139_binary.PNG,train,1,0,benign,train,train_internal,data/processed/MMOTU_OTU_2D_experimental/train/images/139.JPG,data/processed/MMOTU_OTU_2D_experimental/train/masks/139_binary.PNG
82,82.JPG,82_binary.PNG,train,0,0,benign,train,train_internal,data/processed/MMOTU_OTU_2D_experimental/train/images/82.JPG,data/processed/MMOTU_OTU_2D_experimental/train/masks/82_binary.PNG
272,272.JPG,272_binary.PNG,train,2,0,benign,train,train_internal,data/processed/MMOTU_OTU_2D_experimental/train/images/272.JPG,data/processed/MMOTU_OTU_2D_experimental/train/masks/272_binary.PNG
818,818.JPG,818_binary.PNG,train,2,0,benign,train,train_internal,data/processed/MMOTU_OTU_2D_experimental/train/images/818.JPG,data/processed/MMOTU_OTU_2D_experimental/train/masks/818_binary.PNG
589,589.JPG,589_binary.PNG,train,4,0,benign,train,train_internal,data/processed/MMOTU_OTU_2D_experimental/train/images/589.JPG,data/processed/MMOTU_OTU_2D_experimental/train/masks/589_binary.PNG
276,276.JPG,276_binary.PNG,train,6,1,malignant,train,train_internal,data/processed/MMOTU_OTU_2D_experimental/train/images/276.JPG,data/processed/MMOTU_OTU_2D_experimental/train/masks/276_binary.PNG
767,767.JPG,767_binary.PNG,train,2,0,benign,train,train_internal,data/processed/MMOTU_OTU_2D_experimental/train/images/767.JPG,data/processed/MMOTU_OTU_2D_experimental/train/masks/767_binary.PNG
147,147.JPG,147_binary.PNG,train,3,0,benign,train,train_internal,data/processed/MMOTU_OTU_2D_experimental/train/images/147.JPG,data/processed/MMOTU_OTU_2D_experimental/train/masks/147_binary.PNG
1346,1346.JPG,1346_binary.PNG,train,0,0,benign,train,train_internal,data/processed/MMOTU_OTU_2D_experimental/train/images/1346.JPG,data/processed/MMOTU_OTU_2D_experimental/train/masks/1346_binary.PNG
974,974.JPG,974_binary.PNG,train,0,0,benign,train,train_internal,data/processed/MMOTU_OTU_2D_experimental/train/images/974.JPG,data/processed/MMOTU_OTU_2D_experimental/train/masks/974_binary.PNG
421,421.JPG,421_binary.PNG,train,5,0,benign,train,train_internal,data/processed/MMOTU_OTU_2D_experimental/train/images/421.JPG,data/processed/MMOTU_OTU_2D_experimental/train/masks/421_binary.PNG
244,244.JPG,244_binary.PNG,train,5,0,benign,train,train_internal,data/processed/MMOTU_OTU_2D_experimental/train/images/244.JPG,data/processed/MMOTU_OTU_2D_experimental/train/masks/244_binary.PNG
1310,1310.JPG,1310_binary.PNG,train,0,0,benign,train,train_internal,data/processed/MMOTU_OTU_2D_experimental/train/images/1310.JPG,data/processed/MMOTU_OTU_2D_experimental/train/masks/1310_binary.PNG
611,611.JPG,611_binary.PNG,train,3,0,benign,train,train_internal,data/processed/MMOTU_OTU_2D_experimental/train/images/611.JPG,data/processed/MMOTU_OTU_2D_experimental/train/masks/611_binary.PNG
69,69.JPG,69_binary.PNG,train,2,0,benign,train,train_internal,data/processed/MMOTU_OTU_2D_experimental/train/images/69.JPG,data/processed/MMOTU_OTU_2D_experimental/train/masks/69_binary.PNG
53,53.JPG,53_binary.PNG,train,2,0,benign,train,train_internal,data/processed/MMOTU_OTU_2D_experimental/train/images/53.JPG,data/processed/MMOTU_OTU_2D_experimental/train/masks/53_binary.PNG
604,604.JPG,604_binary.PNG,train,6,1,malignant,train,train_internal,data/processed/MMOTU_OTU_2D_experimental/train/images/604.JPG,data/processed/MMOTU_OTU_2D_experimental/train/masks/604_binary.PNG
587,587.JPG,587_binary.PNG,train,5,0,benign,train,train_internal,data/processed/MMOTU_OTU_2D_experimental/train/images/587.JPG,data/processed/MMOTU_OTU_2D_experimental/train/masks/587_binary.PNG
1459,1459.JPG,1459_binary.PNG,train,7,1,malignant,train,train_internal,data/processed/MMOTU_OTU_2D_experimental/train/images/1459.JPG,data/processed/MMOTU_OTU_2D_experimental/train/masks/1459_binary.PNG
676,676.JPG,676_binary.PNG,train,0,0,benign,train,train_internal,data/processed/MMOTU_OTU_2D_experimental/train/images/676.JPG,data/processed/MMOTU_OTU_2D_experimental/train/masks/676_binary.PNG
542,542.JPG,542_binary.PNG,train,5,0,benign,train,train_internal,data/processed/MMOTU_OTU_2D_experimental/train/images/542.JPG,data/processed/MMOTU_OTU_2D_experimental/train/masks/542_binary.PNG
759,759.JPG,759_binary.PNG,train,1,0,benign,train,train_internal,data/processed/MMOTU_OTU_2D_experimental/train/images/759.JPG,data/processed/MMOTU_OTU_2D_experimental/train/masks/759_binary.PNG
905,905.JPG,905_binary.PNG,train,5,0,benign,train,train_internal,data/processed/MMOTU_OTU_2D_experimental/train/images/905.JPG,data/processed/MMOTU_OTU_2D_experimental/train/masks/905_binary.PNG
20,20.JPG,20_binary.PNG,train,6,1,malignant,train,train_internal,data/processed/MMOTU_OTU_2D_experimental/train/images/20.JPG,data/processed/MMOTU_OTU_2D_experimental/train/masks/20_binary.PNG
184,184.JPG,184_binary.PNG,train,5,0,benign,train,train_internal,data/processed/MMOTU_OTU_2D_experimental/train/images/184.JPG,data/processed/MMOTU_OTU_2D_experimental/train/masks/184_binary.PNG
645,645.JPG,645_binary.PNG,train,0,0,benign,train,train_internal,data/processed/MMOTU_OTU_2D_experimental/train/images/645.JPG,data/processed/MMOTU_OTU_2D_experimental/train/masks/645_binary.PNG
1385,1385.JPG,1385_binary.PNG,train,1,0,benign,train,train_internal,data/processed/MMOTU_OTU_2D_experimental/train/images/1385.JPG,data/processed/MMOTU_OTU_2D_experimental/train/masks/1385_binary.PNG
1156,1156.JPG,1156_binary.PNG,train,2,0,benign,train,train_internal,data/processed/MMOTU_OTU_2D_experimental/train/images/1156.JPG,data/processed/MMOTU_OTU_2D_experimental/train/masks/1156_binary.PNG
57,57.JPG,57_binary.PNG,train,2,0,benign,train,train_internal,data/processed/MMOTU_OTU_2D_experimental/train/images/57.JPG,data/processed/MMOTU_OTU_2D_experimental/train/masks/57_binary.PNG
613,613.JPG,613_binary.PNG,train,1,0,benign,train,train_internal,data/processed/MMOTU_OTU_2D_experimental/train/images/613.JPG,data/processed/MMOTU_OTU_2D_experimental/train/masks/613_binary.PNG
547,547.JPG,547_binary.PNG,train,1,0,benign,train,train_internal,data/processed/MMOTU_OTU_2D_experimental/train/images/547.JPG,data/processed/MMOTU_OTU_2D_experimental/train/masks/547_binary.PNG
757,757.JPG,757_binary.PNG,train,1,0,benign,train,train_internal,data/processed/MMOTU_OTU_2D_experimental/train/images/757.JPG,data/processed/MMOTU_OTU_2D_experimental/train/masks/757_binary.PNG
861,861.JPG,861_binary.PNG,train,2,0,benign,train,train_internal,data/processed/MMOTU_OTU_2D_experimental/train/images/861.JPG,data/processed/MMOTU_OTU_2D_experimental/train/masks/861_binary.PNG
809,809.JPG,809_binary.PNG,train,5,0,benign,train,train_internal,data/processed/MMOTU_OTU_2D_experimental/train/images/809.JPG,data/processed/MMOTU_OTU_2D_experimental/train/masks/809_binary.PNG
502,502.JPG,502_binary.PNG,train,5,0,benign,train,train_internal,data/processed/MMOTU_OTU_2D_experimental/train/images/502.JPG,data/processed/MMOTU_OTU_2D_experimental/train/masks/502_binary.PNG
670,670.JPG,670_binary.PNG,train,4,0,benign,train,train_internal,data/processed/MMOTU_OTU_2D_experimental/train/images/670.JPG,data/processed/MMOTU_OTU_2D_experimental/train/masks/670_binary.PNG
1324,1324.JPG,1324_binary.PNG,train,5,0,benign,train,train_internal,data/processed/MMOTU_OTU_2D_experimental/train/images/1324.JPG,data/processed/MMOTU_OTU_2D_experimental/train/masks/1324_binary.PNG
1350,1350.JPG,1350_binary.PNG,train,0,0,benign,train,train_internal,data/processed/MMOTU_OTU_2D_experimental/train/images/1350.JPG,data/processed/MMOTU_OTU_2D_experimental/train/masks/1350_binary.PNG
1386,1386.JPG,1386_binary.PNG,train,1,0,benign,train,train_internal,data/processed/MMOTU_OTU_2D_experimental/train/images/1386.JPG,data/processed/MMOTU_OTU_2D_experimental/train/masks/1386_binary.PNG
1036,1036.JPG,1036_binary.PNG,train,0,0,benign,train,train_internal,data/processed/MMOTU_OTU_2D_experimental/train/images/1036.JPG,data/processed/MMOTU_OTU_2D_experimental/train/masks/1036_binary.PNG
49,49.JPG,49_binary.PNG,train,2,0,benign,train,train_internal,data/processed/MMOTU_OTU_2D_experimental/train/images/49.JPG,data/processed/MMOTU_OTU_2D_experimental/train/masks/49_binary.PNG
819,819.JPG,819_binary.PNG,train,2,0,benign,train,train_internal,data/processed/MMOTU_OTU_2D_experimental/train/images/819.JPG,data/processed/MMOTU_OTU_2D_experimental/train/masks/819_binary.PNG
265,265.JPG,265_binary.PNG,train,5,0,benign,train,train_internal,data/processed/MMOTU_OTU_2D_experimental/train/images/265.JPG,data/processed/MMOTU_OTU_2D_experimental/train/masks/265_binary.PNG
647,647.JPG,647_binary.PNG,train,0,0,benign,train,train_internal,data/processed/MMOTU_OTU_2D_experimental/train/images/647.JPG,data/processed/MMOTU_OTU_2D_experimental/train/masks/647_binary.PNG
1292,1292.JPG,1292_binary.PNG,train,1,0,benign,train,train_internal,data/processed/MMOTU_OTU_2D_experimental/train/images/1292.JPG,data/processed/MMOTU_OTU_2D_experimental/train/masks/1292_binary.PNG
250,250.JPG,250_binary.PNG,train,1,0,benign,train,train_internal,data/processed/MMOTU_OTU_2D_experimental/train/images/250.JPG,data/processed/MMOTU_OTU_2D_experimental/train/masks/250_binary.PNG
10,10.JPG,10_binary.PNG,train,0,0,benign,train,train_internal,data/processed/MMOTU_OTU_2D_experimental/train/images/10.JPG,data/processed/MMOTU_OTU_2D_experimental/train/masks/10_binary.PNG
659,659.JPG,659_binary.PNG,train,5,0,benign,train,train_internal,data/processed/MMOTU_OTU_2D_experimental/train/images/659.JPG,data/processed/MMOTU_OTU_2D_experimental/train/masks/659_binary.PNG
893,893.JPG,893_binary.PNG,train,1,0,benign,train,train_internal,data/processed/MMOTU_OTU_2D_experimental/train/images/893.JPG,data/processed/MMOTU_OTU_2D_experimental/train/masks/893_binary.PNG
588,588.JPG,588_binary.PNG,train,5,0,benign,train,train_internal,data/processed/MMOTU_OTU_2D_experimental/train/images/588.JPG,data/processed/MMOTU_OTU_2D_experimental/train/masks/588_binary.PNG
733,733.JPG,733_binary.PNG,train,0,0,benign,train,train_internal,data/processed/MMOTU_OTU_2D_experimental/train/images/733.JPG,data/processed/MMOTU_OTU_2D_experimental/train/masks/733_binary.PNG
275,275.JPG,275_binary.PNG,train,5,0,benign,train,train_internal,data/processed/MMOTU_OTU_2D_experimental/train/images/275.JPG,data/processed/MMOTU_OTU_2D_experimental/train/masks/275_binary.PNG
902,902.JPG,902_binary.PNG,train,0,0,benign,train,train_internal,data/processed/MMOTU_OTU_2D_experimental/train/images/902.JPG,data/processed/MMOTU_OTU_2D_experimental/train/masks/902_binary.PNG
1155,1155.JPG,1155_binary.PNG,train,2,0,benign,train,train_internal,data/processed/MMOTU_OTU_2D_experimental/train/images/1155.JPG,data/processed/MMOTU_OTU_2D_experimental/train/masks/1155_binary.PNG
684,684.JPG,684_binary.PNG,train,4,0,benign,train,train_internal,data/processed/MMOTU_OTU_2D_experimental/train/images/684.JPG,data/processed/MMOTU_OTU_2D_experimental/train/masks/684_binary.PNG
811,811.JPG,811_binary.PNG,train,2,0,benign,train,train_internal,data/processed/MMOTU_OTU_2D_experimental/train/images/811.JPG,data/processed/MMOTU_OTU_2D_experimental/train/masks/811_binary.PNG
1094,1094.JPG,1094_binary.PNG,train,5,0,benign,train,train_internal,data/processed/MMOTU_OTU_2D_experimental/train/images/1094.JPG,data/processed/MMOTU_OTU_2D_experimental/train/masks/1094_binary.PNG
75,75.JPG,75_binary.PNG,train,5,0,benign,train,train_internal,data/processed/MMOTU_OTU_2D_experimental/train/images/75.JPG,data/processed/MMOTU_OTU_2D_experimental/train/masks/75_binary.PNG
706,706.JPG,706_binary.PNG,train,2,0,benign,train,train_internal,data/processed/MMOTU_OTU_2D_experimental/train/images/706.JPG,data/processed/MMOTU_OTU_2D_experimental/train/masks/706_binary.PNG
764,764.JPG,764_binary.PNG,train,2,0,benign,train,train_internal,data/processed/MMOTU_OTU_2D_experimental/train/images/764.JPG,data/processed/MMOTU_OTU_2D_experimental/train/masks/764_binary.PNG
28,28.JPG,28_binary.PNG,train,0,0,benign,train,train_internal,data/processed/MMOTU_OTU_2D_experimental/train/images/28.JPG,data/processed/MMOTU_OTU_2D_experimental/train/masks/28_binary.PNG
113,113.JPG,113_binary.PNG,train,5,0,benign,train,train_internal,data/processed/MMOTU_OTU_2D_experimental/train/images/113.JPG,data/processed/MMOTU_OTU_2D_experimental/train/masks/113_binary.PNG
439,439.JPG,439_binary.PNG,train,2,0,benign,train,train_internal,data/processed/MMOTU_OTU_2D_experimental/train/images/439.JPG,data/processed/MMOTU_OTU_2D_experimental/train/masks/439_binary.PNG
2,2.JPG,2_binary.PNG,train,4,0,benign,train,train_internal,data/processed/MMOTU_OTU_2D_experimental/train/images/2.JPG,data/processed/MMOTU_OTU_2D_experimental/train/masks/2_binary.PNG
1019,1019.JPG,1019_binary.PNG,train,2,0,benign,train,train_internal,data/processed/MMOTU_OTU_2D_experimental/train/images/1019.JPG,data/processed/MMOTU_OTU_2D_experimental/train/masks/1019_binary.PNG
705,705.JPG,705_binary.PNG,train,5,0,benign,train,train_internal,data/processed/MMOTU_OTU_2D_experimental/train/images/705.JPG,data/processed/MMOTU_OTU_2D_experimental/train/masks/705_binary.PNG
976,976.JPG,976_binary.PNG,train,3,0,benign,train,train_internal,data/processed/MMOTU_OTU_2D_experimental/train/images/976.JPG,data/processed/MMOTU_OTU_2D_experimental/train/masks/976_binary.PNG
571,571.JPG,571_binary.PNG,train,1,0,benign,train,train_internal,data/processed/MMOTU_OTU_2D_experimental/train/images/571.JPG,data/processed/MMOTU_OTU_2D_experimental/train/masks/571_binary.PNG
1342,1342.JPG,1342_binary.PNG,train,5,0,benign,train,train_internal,data/processed/MMOTU_OTU_2D_experimental/train/images/1342.JPG,data/processed/MMOTU_OTU_2D_experimental/train/masks/1342_binary.PNG
552,552.JPG,552_binary.PNG,train,5,0,benign,train,train_internal,data/processed/MMOTU_OTU_2D_experimental/train/images/552.JPG,data/processed/MMOTU_OTU_2D_experimental/train/masks/552_binary.PNG
298,298.JPG,298_binary.PNG,train,6,1,malignant,train,train_internal,data/processed/MMOTU_OTU_2D_experimental/train/images/298.JPG,data/processed/MMOTU_OTU_2D_experimental/train/masks/298_binary.PNG
943,943.JPG,943_binary.PNG,train,2,0,benign,train,train_internal,data/processed/MMOTU_OTU_2D_experimental/train/images/943.JPG,data/processed/MMOTU_OTU_2D_experimental/train/masks/943_binary.PNG
858,858.JPG,858_binary.PNG,train,2,0,benign,train,train_internal,data/processed/MMOTU_OTU_2D_experimental/train/images/858.JPG,data/processed/MMOTU_OTU_2D_experimental/train/masks/858_binary.PNG
1191,1191.JPG,1191_binary.PNG,train,3,0,benign,train,train_internal,data/processed/MMOTU_OTU_2D_experimental/train/images/1191.JPG,data/processed/MMOTU_OTU_2D_experimental/train/masks/1191_binary.PNG
35,35.JPG,35_binary.PNG,train,0,0,benign,train,train_internal,data/processed/MMOTU_OTU_2D_experimental/train/images/35.JPG,data/processed/MMOTU_OTU_2D_experimental/train/masks/35_binary.PNG
1034,1034.JPG,1034_binary.PNG,train,5,0,benign,train,train_internal,data/processed/MMOTU_OTU_2D_experimental/train/images/1034.JPG,data/processed/MMOTU_OTU_2D_experimental/train/masks/1034_binary.PNG
567,567.JPG,567_binary.PNG,train,5,0,benign,train,train_internal,data/processed/MMOTU_OTU_2D_experimental/train/images/567.JPG,data/processed/MMOTU_OTU_2D_experimental/train/masks/567_binary.PNG
467,467.JPG,467_binary.PNG,train,6,1,malignant,train,train_internal,data/processed/MMOTU_OTU_2D_experimental/train/images/467.JPG,data/processed/MMOTU_OTU_2D_experimental/train/masks/467_binary.PNG
1303,1303.JPG,1303_binary.PNG,train,4,0,benign,train,train_internal,data/processed/MMOTU_OTU_2D_experimental/train/images/1303.JPG,data/processed/MMOTU_OTU_2D_experimental/train/masks/1303_binary.PNG
18,18.JPG,18_binary.PNG,train,0,0,benign,train,train_internal,data/processed/MMOTU_OTU_2D_experimental/train/images/18.JPG,data/processed/MMOTU_OTU_2D_experimental/train/masks/18_binary.PNG
411,411.JPG,411_binary.PNG,train,4,0,benign,train,train_internal,data/processed/MMOTU_OTU_2D_experimental/train/images/411.JPG,data/processed/MMOTU_OTU_2D_experimental/train/masks/411_binary.PNG
95,95.JPG,95_binary.PNG,train,1,0,benign,train,train_internal,data/processed/MMOTU_OTU_2D_experimental/train/images/95.JPG,data/processed/MMOTU_OTU_2D_experimental/train/masks/95_binary.PNG
738,738.JPG,738_binary.PNG,train,2,0,benign,train,train_internal,data/processed/MMOTU_OTU_2D_experimental/train/images/738.JPG,data/processed/MMOTU_OTU_2D_experimental/train/masks/738_binary.PNG
1058,1058.JPG,1058_binary.PNG,train,2,0,benign,train,train_internal,data/processed/MMOTU_OTU_2D_experimental/train/images/1058.JPG,data/processed/MMOTU_OTU_2D_experimental/train/masks/1058_binary.PNG
803,803.JPG,803_binary.PNG,train,0,0,benign,train,train_internal,data/processed/MMOTU_OTU_2D_experimental/train/images/803.JPG,data/processed/MMOTU_OTU_2D_experimental/train/masks/803_binary.PNG
678,678.JPG,678_binary.PNG,train,0,0,benign,train,train_internal,data/processed/MMOTU_OTU_2D_experimental/train/images/678.JPG,data/processed/MMOTU_OTU_2D_experimental/train/masks/678_binary.PNG
867,867.JPG,867_binary.PNG,train,1,0,benign,train,train_internal,data/processed/MMOTU_OTU_2D_experimental/train/images/867.JPG,data/processed/MMOTU_OTU_2D_experimental/train/masks/867_binary.PNG
221,221.JPG,221_binary.PNG,train,5,0,benign,train,train_internal,data/processed/MMOTU_OTU_2D_experimental/train/images/221.JPG,data/processed/MMOTU_OTU_2D_experimental/train/masks/221_binary.PNG
1297,1297.JPG,1297_binary.PNG,train,0,0,benign,train,train_internal,data/processed/MMOTU_OTU_2D_experimental/train/images/1297.JPG,data/processed/MMOTU_OTU_2D_experimental/train/masks/1297_binary.PNG
722,722.JPG,722_binary.PNG,train,0,0,benign,train,train_internal,data/processed/MMOTU_OTU_2D_experimental/train/images/722.JPG,data/processed/MMOTU_OTU_2D_experimental/train/masks/722_binary.PNG
1097,1097.JPG,1097_binary.PNG,train,2,0,benign,train,train_internal,data/processed/MMOTU_OTU_2D_experimental/train/images/1097.JPG,data/processed/MMOTU_OTU_2D_experimental/train/masks/1097_binary.PNG
1098,1098.JPG,1098_binary.PNG,train,0,0,benign,train,train_internal,data/processed/MMOTU_OTU_2D_experimental/train/images/1098.JPG,data/processed/MMOTU_OTU_2D_experimental/train/masks/1098_binary.PNG
695,695.JPG,695_binary.PNG,train,6,1,malignant,train,train_internal,data/processed/MMOTU_OTU_2D_experimental/train/images/695.JPG,data/processed/MMOTU_OTU_2D_experimental/train/masks/695_binary.PNG
1029,1029.JPG,1029_binary.PNG,train,1,0,benign,train,train_internal,data/processed/MMOTU_OTU_2D_experimental/train/images/1029.JPG,data/processed/MMOTU_OTU_2D_experimental/train/masks/1029_binary.PNG
892,892.JPG,892_binary.PNG,train,1,0,benign,train,train_internal,data/processed/MMOTU_OTU_2D_experimental/train/images/892.JPG,data/processed/MMOTU_OTU_2D_experimental/train/masks/892_binary.PNG
160,160.JPG,160_binary.PNG,train,0,0,benign,train,train_internal,data/processed/MMOTU_OTU_2D_experimental/train/images/160.JPG,data/processed/MMOTU_OTU_2D_experimental/train/masks/160_binary.PNG
992,992.JPG,992_binary.PNG,train,2,0,benign,train,train_internal,data/processed/MMOTU_OTU_2D_experimental/train/images/992.JPG,data/processed/MMOTU_OTU_2D_experimental/train/masks/992_binary.PNG
1380,1380.JPG,1380_binary.PNG,train,1,0,benign,train,train_internal,data/processed/MMOTU_OTU_2D_experimental/train/images/1380.JPG,data/processed/MMOTU_OTU_2D_experimental/train/masks/1380_binary.PNG
1209,1209.JPG,1209_binary.PNG,train,0,0,benign,train,train_internal,data/processed/MMOTU_OTU_2D_experimental/train/images/1209.JPG,data/processed/MMOTU_OTU_2D_experimental/train/masks/1209_binary.PNG
1363,1363.JPG,1363_binary.PNG,train,5,0,benign,train,train_internal,data/processed/MMOTU_OTU_2D_experimental/train/images/1363.JPG,data/processed/MMOTU_OTU_2D_experimental/train/masks/1363_binary.PNG
1145,1145.JPG,1145_binary.PNG,train,0,0,benign,train,train_internal,data/processed/MMOTU_OTU_2D_experimental/train/images/1145.JPG,data/processed/MMOTU_OTU_2D_experimental/train/masks/1145_binary.PNG
461,461.JPG,461_binary.PNG,train,2,0,benign,train,train_internal,data/processed/MMOTU_OTU_2D_experimental/train/images/461.JPG,data/processed/MMOTU_OTU_2D_experimental/train/masks/461_binary.PNG
889,889.JPG,889_binary.PNG,train,5,0,benign,train,train_internal,data/processed/MMOTU_OTU_2D_experimental/train/images/889.JPG,data/processed/MMOTU_OTU_2D_experimental/train/masks/889_binary.PNG
918,918.JPG,918_binary.PNG,train,2,0,benign,train,train_internal,data/processed/MMOTU_OTU_2D_experimental/train/images/918.JPG,data/processed/MMOTU_OTU_2D_experimental/train/masks/918_binary.PNG
853,853.JPG,853_binary.PNG,train,6,1,malignant,train,train_internal,data/processed/MMOTU_OTU_2D_experimental/train/images/853.JPG,data/processed/MMOTU_OTU_2D_experimental/train/masks/853_binary.PNG
1247,1247.JPG,1247_binary.PNG,train,0,0,benign,train,train_internal,data/processed/MMOTU_OTU_2D_experimental/train/images/1247.JPG,data/processed/MMOTU_OTU_2D_experimental/train/masks/1247_binary.PNG
1253,1253.JPG,1253_binary.PNG,train,0,0,benign,train,train_internal,data/processed/MMOTU_OTU_2D_experimental/train/images/1253.JPG,data/processed/MMOTU_OTU_2D_experimental/train/masks/1253_binary.PNG
624,624.JPG,624_binary.PNG,train,3,0,benign,train,train_internal,data/processed/MMOTU_OTU_2D_experimental/train/images/624.JPG,data/processed/MMOTU_OTU_2D_experimental/train/masks/624_binary.PNG
77,77.JPG,77_binary.PNG,train,6,1,malignant,train,train_internal,data/processed/MMOTU_OTU_2D_experimental/train/images/77.JPG,data/processed/MMOTU_OTU_2D_experimental/train/masks/77_binary.PNG
178,178.JPG,178_binary.PNG,train,1,0,benign,train,train_internal,data/processed/MMOTU_OTU_2D_experimental/train/images/178.JPG,data/processed/MMOTU_OTU_2D_experimental/train/masks/178_binary.PNG
1165,1165.JPG,1165_binary.PNG,train,0,0,benign,train,train_internal,data/processed/MMOTU_OTU_2D_experimental/train/images/1165.JPG,data/processed/MMOTU_OTU_2D_experimental/train/masks/1165_binary.PNG
963,963.JPG,963_binary.PNG,train,5,0,benign,train,train_internal,data/processed/MMOTU_OTU_2D_experimental/train/images/963.JPG,data/processed/MMOTU_OTU_2D_experimental/train/masks/963_binary.PNG
1174,1174.JPG,1174_binary.PNG,train,6,1,malignant,train,train_internal,data/processed/MMOTU_OTU_2D_experimental/train/images/1174.JPG,data/processed/MMOTU_OTU_2D_experimental/train/masks/1174_binary.PNG
251,251.JPG,251_binary.PNG,train,1,0,benign,train,train_internal,data/processed/MMOTU_OTU_2D_experimental/train/images/251.JPG,data/processed/MMOTU_OTU_2D_experimental/train/masks/251_binary.PNG
1028,1028.JPG,1028_binary.PNG,train,1,0,benign,train,train_internal,data/processed/MMOTU_OTU_2D_experimental/train/images/1028.JPG,data/processed/MMOTU_OTU_2D_experimental/train/masks/1028_binary.PNG
52,52.JPG,52_binary.PNG,train,2,0,benign,train,train_internal,data/processed/MMOTU_OTU_2D_experimental/train/images/52.JPG,data/processed/MMOTU_OTU_2D_experimental/train/masks/52_binary.PNG
1320,1320.JPG,1320_binary.PNG,train,6,1,malignant,train,train_internal,data/processed/MMOTU_OTU_2D_experimental/train/images/1320.JPG,data/processed/MMOTU_OTU_2D_experimental/train/masks/1320_binary.PNG
161,161.JPG,161_binary.PNG,train,0,0,benign,train,train_internal,data/processed/MMOTU_OTU_2D_experimental/train/images/161.JPG,data/processed/MMOTU_OTU_2D_experimental/train/masks/161_binary.PNG
1402,1402.JPG,1402_binary.PNG,train,2,0,benign,train,train_internal,data/processed/MMOTU_OTU_2D_experimental/train/images/1402.JPG,data/processed/MMOTU_OTU_2D_experimental/train/masks/1402_binary.PNG
529,529.JPG,529_binary.PNG,train,5,0,benign,train,train_internal,data/processed/MMOTU_OTU_2D_experimental/train/images/529.JPG,data/processed/MMOTU_OTU_2D_experimental/train/masks/529_binary.PNG
238,238.JPG,238_binary.PNG,train,2,0,benign,train,train_internal,data/processed/MMOTU_OTU_2D_experimental/train/images/238.JPG,data/processed/MMOTU_OTU_2D_experimental/train/masks/238_binary.PNG
750,750.JPG,750_binary.PNG,train,6,1,malignant,train,train_internal,data/processed/MMOTU_OTU_2D_experimental/train/images/750.JPG,data/processed/MMOTU_OTU_2D_experimental/train/masks/750_binary.PNG
205,205.JPG,205_binary.PNG,train,0,0,benign,train,train_internal,data/processed/MMOTU_OTU_2D_experimental/train/images/205.JPG,data/processed/MMOTU_OTU_2D_experimental/train/masks/205_binary.PNG
591,591.JPG,591_binary.PNG,train,5,0,benign,train,train_internal,data/processed/MMOTU_OTU_2D_experimental/train/images/591.JPG,data/processed/MMOTU_OTU_2D_experimental/train/masks/591_binary.PNG
980,980.JPG,980_binary.PNG,train,5,0,benign,train,train_internal,data/processed/MMOTU_OTU_2D_experimental/train/images/980.JPG,data/processed/MMOTU_OTU_2D_experimental/train/masks/980_binary.PNG
841,841.JPG,841_binary.PNG,train,2,0,benign,train,train_internal,data/processed/MMOTU_OTU_2D_experimental/train/images/841.JPG,data/processed/MMOTU_OTU_2D_experimental/train/masks/841_binary.PNG
731,731.JPG,731_binary.PNG,train,0,0,benign,train,train_internal,data/processed/MMOTU_OTU_2D_experimental/train/images/731.JPG,data/processed/MMOTU_OTU_2D_experimental/train/masks/731_binary.PNG
1420,1420.JPG,1420_binary.PNG,train,7,1,malignant,train,train_internal,data/processed/MMOTU_OTU_2D_experimental/train/images/1420.JPG,data/processed/MMOTU_OTU_2D_experimental/train/masks/1420_binary.PNG
1377,1377.JPG,1377_binary.PNG,train,1,0,benign,train,train_internal,data/processed/MMOTU_OTU_2D_experimental/train/images/1377.JPG,data/processed/MMOTU_OTU_2D_experimental/train/masks/1377_binary.PNG
569,569.JPG,569_binary.PNG,train,1,0,benign,train,train_internal,data/processed/MMOTU_OTU_2D_experimental/train/images/569.JPG,data/processed/MMOTU_OTU_2D_experimental/train/masks/569_binary.PNG
1220,1220.JPG,1220_binary.PNG,train,4,0,benign,train,train_internal,data/processed/MMOTU_OTU_2D_experimental/train/images/1220.JPG,data/processed/MMOTU_OTU_2D_experimental/train/masks/1220_binary.PNG
58,58.JPG,58_binary.PNG,train,1,0,benign,train,train_internal,data/processed/MMOTU_OTU_2D_experimental/train/images/58.JPG,data/processed/MMOTU_OTU_2D_experimental/train/masks/58_binary.PNG
1442,1442.JPG,1442_binary.PNG,train,7,1,malignant,train,train_internal,data/processed/MMOTU_OTU_2D_experimental/train/images/1442.JPG,data/processed/MMOTU_OTU_2D_experimental/train/masks/1442_binary.PNG
1043,1043.JPG,1043_binary.PNG,train,2,0,benign,train,train_internal,data/processed/MMOTU_OTU_2D_experimental/train/images/1043.JPG,data/processed/MMOTU_OTU_2D_experimental/train/masks/1043_binary.PNG
319,319.JPG,319_binary.PNG,train,1,0,benign,train,train_internal,data/processed/MMOTU_OTU_2D_experimental/train/images/319.JPG,data/processed/MMOTU_OTU_2D_experimental/train/masks/319_binary.PNG
23,23.JPG,23_binary.PNG,train,6,1,malignant,train,train_internal,data/processed/MMOTU_OTU_2D_experimental/train/images/23.JPG,data/processed/MMOTU_OTU_2D_experimental/train/masks/23_binary.PNG
1136,1136.JPG,1136_binary.PNG,train,5,0,benign,train,train_internal,data/processed/MMOTU_OTU_2D_experimental/train/images/1136.JPG,data/processed/MMOTU_OTU_2D_experimental/train/masks/1136_binary.PNG
1438,1438.JPG,1438_binary.PNG,train,7,1,malignant,train,train_internal,data/processed/MMOTU_OTU_2D_experimental/train/images/1438.JPG,data/processed/MMOTU_OTU_2D_experimental/train/masks/1438_binary.PNG
132,132.JPG,132_binary.PNG,train,1,0,benign,train,train_internal,data/processed/MMOTU_OTU_2D_experimental/train/images/132.JPG,data/processed/MMOTU_OTU_2D_experimental/train/masks/132_binary.PNG
1418,1418.JPG,1418_binary.PNG,train,7,1,malignant,train,train_internal,data/processed/MMOTU_OTU_2D_experimental/train/images/1418.JPG,data/processed/MMOTU_OTU_2D_experimental/train/masks/1418_binary.PNG
1116,1116.JPG,1116_binary.PNG,train,1,0,benign,train,train_internal,data/processed/MMOTU_OTU_2D_experimental/train/images/1116.JPG,data/processed/MMOTU_OTU_2D_experimental/train/masks/1116_binary.PNG
657,657.JPG,657_binary.PNG,train,5,0,benign,train,train_internal,data/processed/MMOTU_OTU_2D_experimental/train/images/657.JPG,data/processed/MMOTU_OTU_2D_experimental/train/masks/657_binary.PNG
1463,1463.JPG,1463_binary.PNG,train,7,1,malignant,train,train_internal,data/processed/MMOTU_OTU_2D_experimental/train/images/1463.JPG,data/processed/MMOTU_OTU_2D_experimental/train/masks/1463_binary.PNG
772,772.JPG,772_binary.PNG,train,1,0,benign,train,train_internal,data/processed/MMOTU_OTU_2D_experimental/train/images/772.JPG,data/processed/MMOTU_OTU_2D_experimental/train/masks/772_binary.PNG
428,428.JPG,428_binary.PNG,train,3,0,benign,train,train_internal,data/processed/MMOTU_OTU_2D_experimental/train/images/428.JPG,data/processed/MMOTU_OTU_2D_experimental/train/masks/428_binary.PNG
1120,1120.JPG,1120_binary.PNG,train,5,0,benign,train,train_internal,data/processed/MMOTU_OTU_2D_experimental/train/images/1120.JPG,data/processed/MMOTU_OTU_2D_experimental/train/masks/1120_binary.PNG
417,417.JPG,417_binary.PNG,train,1,0,benign,train,train_internal,data/processed/MMOTU_OTU_2D_experimental/train/images/417.JPG,data/processed/MMOTU_OTU_2D_experimental/train/masks/417_binary.PNG
1260,1260.JPG,1260_binary.PNG,train,2,0,benign,train,train_internal,data/processed/MMOTU_OTU_2D_experimental/train/images/1260.JPG,data/processed/MMOTU_OTU_2D_experimental/train/masks/1260_binary.PNG
68,68.JPG,68_binary.PNG,train,2,0,benign,train,train_internal,data/processed/MMOTU_OTU_2D_experimental/train/images/68.JPG,data/processed/MMOTU_OTU_2D_experimental/train/masks/68_binary.PNG
1417,1417.JPG,1417_binary.PNG,train,7,1,malignant,train,train_internal,data/processed/MMOTU_OTU_2D_experimental/train/images/1417.JPG,data/processed/MMOTU_OTU_2D_experimental/train/masks/1417_binary.PNG
717,717.JPG,717_binary.PNG,train,0,0,benign,train,train_internal,data/processed/MMOTU_OTU_2D_experimental/train/images/717.JPG,data/processed/MMOTU_OTU_2D_experimental/train/masks/717_binary.PNG
566,566.JPG,566_binary.PNG,train,5,0,benign,train,train_internal,data/processed/MMOTU_OTU_2D_experimental/train/images/566.JPG,data/processed/MMOTU_OTU_2D_experimental/train/masks/566_binary.PNG
924,924.JPG,924_binary.PNG,train,2,0,benign,train,train_internal,data/processed/MMOTU_OTU_2D_experimental/train/images/924.JPG,data/processed/MMOTU_OTU_2D_experimental/train/masks/924_binary.PNG
1101,1101.JPG,1101_binary.PNG,train,0,0,benign,train,train_internal,data/processed/MMOTU_OTU_2D_experimental/train/images/1101.JPG,data/processed/MMOTU_OTU_2D_experimental/train/masks/1101_binary.PNG
479,479.JPG,479_binary.PNG,train,1,0,benign,train,train_internal,data/processed/MMOTU_OTU_2D_experimental/train/images/479.JPG,data/processed/MMOTU_OTU_2D_experimental/train/masks/479_binary.PNG
637,637.JPG,637_binary.PNG,train,2,0,benign,train,train_internal,data/processed/MMOTU_OTU_2D_experimental/train/images/637.JPG,data/processed/MMOTU_OTU_2D_experimental/train/masks/637_binary.PNG
484,484.JPG,484_binary.PNG,train,5,0,benign,train,train_internal,data/processed/MMOTU_OTU_2D_experimental/train/images/484.JPG,data/processed/MMOTU_OTU_2D_experimental/train/masks/484_binary.PNG
283,283.JPG,283_binary.PNG,train,6,1,malignant,train,train_internal,data/processed/MMOTU_OTU_2D_experimental/train/images/283.JPG,data/processed/MMOTU_OTU_2D_experimental/train/masks/283_binary.PNG
719,719.JPG,719_binary.PNG,train,0,0,benign,train,train_internal,data/processed/MMOTU_OTU_2D_experimental/train/images/719.JPG,data/processed/MMOTU_OTU_2D_experimental/train/masks/719_binary.PNG
723,723.JPG,723_binary.PNG,train,0,0,benign,train,train_internal,data/processed/MMOTU_OTU_2D_experimental/train/images/723.JPG,data/processed/MMOTU_OTU_2D_experimental/train/masks/723_binary.PNG
435,435.JPG,435_binary.PNG,train,2,0,benign,train,train_internal,data/processed/MMOTU_OTU_2D_experimental/train/images/435.JPG,data/processed/MMOTU_OTU_2D_experimental/train/masks/435_binary.PNG
449,449.JPG,449_binary.PNG,train,0,0,benign,train,train_internal,data/processed/MMOTU_OTU_2D_experimental/train/images/449.JPG,data/processed/MMOTU_OTU_2D_experimental/train/masks/449_binary.PNG
31,31.JPG,31_binary.PNG,train,0,0,benign,train,train_internal,data/processed/MMOTU_OTU_2D_experimental/train/images/31.JPG,data/processed/MMOTU_OTU_2D_experimental/train/masks/31_binary.PNG
1263,1263.JPG,1263_binary.PNG,train,2,0,benign,train,train_internal,data/processed/MMOTU_OTU_2D_experimental/train/images/1263.JPG,data/processed/MMOTU_OTU_2D_experimental/train/masks/1263_binary.PNG
1298,1298.JPG,1298_binary.PNG,train,3,0,benign,train,train_internal,data/processed/MMOTU_OTU_2D_experimental/train/images/1298.JPG,data/processed/MMOTU_OTU_2D_experimental/train/masks/1298_binary.PNG
463,463.JPG,463_binary.PNG,train,2,0,benign,train,train_internal,data/processed/MMOTU_OTU_2D_experimental/train/images/463.JPG,data/processed/MMOTU_OTU_2D_experimental/train/masks/463_binary.PNG
1299,1299.JPG,1299_binary.PNG,train,3,0,benign,train,train_internal,data/processed/MMOTU_OTU_2D_experimental/train/images/1299.JPG,data/processed/MMOTU_OTU_2D_experimental/train/masks/1299_binary.PNG
846,846.JPG,846_binary.PNG,train,2,0,benign,train,train_internal,data/processed/MMOTU_OTU_2D_experimental/train/images/846.JPG,data/processed/MMOTU_OTU_2D_experimental/train/masks/846_binary.PNG
121,121.JPG,121_binary.PNG,train,5,0,benign,train,train_internal,data/processed/MMOTU_OTU_2D_experimental/train/images/121.JPG,data/processed/MMOTU_OTU_2D_experimental/train/masks/121_binary.PNG
1152,1152.JPG,1152_binary.PNG,train,3,0,benign,train,train_internal,data/processed/MMOTU_OTU_2D_experimental/train/images/1152.JPG,data/processed/MMOTU_OTU_2D_experimental/train/masks/1152_binary.PNG
256,256.JPG,256_binary.PNG,train,5,0,benign,train,train_internal,data/processed/MMOTU_OTU_2D_experimental/train/images/256.JPG,data/processed/MMOTU_OTU_2D_experimental/train/masks/256_binary.PNG
328,328.JPG,328_binary.PNG,train,0,0,benign,train,train_internal,data/processed/MMOTU_OTU_2D_experimental/train/images/328.JPG,data/processed/MMOTU_OTU_2D_experimental/train/masks/328_binary.PNG
1448,1448.JPG,1448_binary.PNG,train,7,1,malignant,train,train_internal,data/processed/MMOTU_OTU_2D_experimental/train/images/1448.JPG,data/processed/MMOTU_OTU_2D_experimental/train/masks/1448_binary.PNG
1453,1453.JPG,1453_binary.PNG,train,7,1,malignant,train,train_internal,data/processed/MMOTU_OTU_2D_experimental/train/images/1453.JPG,data/processed/MMOTU_OTU_2D_experimental/train/masks/1453_binary.PNG
929,929.JPG,929_binary.PNG,train,2,0,benign,train,train_internal,data/processed/MMOTU_OTU_2D_experimental/train/images/929.JPG,data/processed/MMOTU_OTU_2D_experimental/train/masks/929_binary.PNG
727,727.JPG,727_binary.PNG,train,2,0,benign,train,train_internal,data/processed/MMOTU_OTU_2D_experimental/train/images/727.JPG,data/processed/MMOTU_OTU_2D_experimental/train/masks/727_binary.PNG
1455,1455.JPG,1455_binary.PNG,train,7,1,malignant,train,train_internal,data/processed/MMOTU_OTU_2D_experimental/train/images/1455.JPG,data/processed/MMOTU_OTU_2D_experimental/train/masks/1455_binary.PNG
469,469.JPG,469_binary.PNG,train,2,0,benign,train,train_internal,data/processed/MMOTU_OTU_2D_experimental/train/images/469.JPG,data/processed/MMOTU_OTU_2D_experimental/train/masks/469_binary.PNG
674,674.JPG,674_binary.PNG,train,0,0,benign,train,train_internal,data/processed/MMOTU_OTU_2D_experimental/train/images/674.JPG,data/processed/MMOTU_OTU_2D_experimental/train/masks/674_binary.PNG
950,950.JPG,950_binary.PNG,train,2,0,benign,train,train_internal,data/processed/MMOTU_OTU_2D_experimental/train/images/950.JPG,data/processed/MMOTU_OTU_2D_experimental/train/masks/950_binary.PNG
1044,1044.JPG,1044_binary.PNG,train,2,0,benign,train,train_internal,data/processed/MMOTU_OTU_2D_experimental/train/images/1044.JPG,data/processed/MMOTU_OTU_2D_experimental/train/masks/1044_binary.PNG
745,745.JPG,745_binary.PNG,train,2,0,benign,train,train_internal,data/processed/MMOTU_OTU_2D_experimental/train/images/745.JPG,data/processed/MMOTU_OTU_2D_experimental/train/masks/745_binary.PNG
131,131.JPG,131_binary.PNG,train,1,0,benign,train,train_internal,data/processed/MMOTU_OTU_2D_experimental/train/images/131.JPG,data/processed/MMOTU_OTU_2D_experimental/train/masks/131_binary.PNG
1185,1185.JPG,1185_binary.PNG,train,3,0,benign,train,train_internal,data/processed/MMOTU_OTU_2D_experimental/train/images/1185.JPG,data/processed/MMOTU_OTU_2D_experimental/train/masks/1185_binary.PNG
314,314.JPG,314_binary.PNG,train,0,0,benign,train,train_internal,data/processed/MMOTU_OTU_2D_experimental/train/images/314.JPG,data/processed/MMOTU_OTU_2D_experimental/train/masks/314_binary.PNG
127,127.JPG,127_binary.PNG,train,5,0,benign,train,train_internal,data/processed/MMOTU_OTU_2D_experimental/train/images/127.JPG,data/processed/MMOTU_OTU_2D_experimental/train/masks/127_binary.PNG
7,7.JPG,7_binary.PNG,train,0,0,benign,train,train_internal,data/processed/MMOTU_OTU_2D_experimental/train/images/7.JPG,data/processed/MMOTU_OTU_2D_experimental/train/masks/7_binary.PNG
1233,1233.JPG,1233_binary.PNG,train,1,0,benign,train,train_internal,data/processed/MMOTU_OTU_2D_experimental/train/images/1233.JPG,data/processed/MMOTU_OTU_2D_experimental/train/masks/1233_binary.PNG
1008,1008.JPG,1008_binary.PNG,train,0,0,benign,train,train_internal,data/processed/MMOTU_OTU_2D_experimental/train/images/1008.JPG,data/processed/MMOTU_OTU_2D_experimental/train/masks/1008_binary.PNG
528,528.JPG,528_binary.PNG,train,5,0,benign,train,train_internal,data/processed/MMOTU_OTU_2D_experimental/train/images/528.JPG,data/processed/MMOTU_OTU_2D_experimental/train/masks/528_binary.PNG
150,150.JPG,150_binary.PNG,train,3,0,benign,train,train_internal,data/processed/MMOTU_OTU_2D_experimental/train/images/150.JPG,data/processed/MMOTU_OTU_2D_experimental/train/masks/150_binary.PNG
470,470.JPG,470_binary.PNG,train,4,0,benign,train,train_internal,data/processed/MMOTU_OTU_2D_experimental/train/images/470.JPG,data/processed/MMOTU_OTU_2D_experimental/train/masks/470_binary.PNG
100,100.JPG,100_binary.PNG,train,1,0,benign,train,train_internal,data/processed/MMOTU_OTU_2D_experimental/train/images/100.JPG,data/processed/MMOTU_OTU_2D_experimental/train/masks/100_binary.PNG
207,207.JPG,207_binary.PNG,train,0,0,benign,train,train_internal,data/processed/MMOTU_OTU_2D_experimental/train/images/207.JPG,data/processed/MMOTU_OTU_2D_experimental/train/masks/207_binary.PNG
1274,1274.JPG,1274_binary.PNG,train,5,0,benign,train,train_internal,data/processed/MMOTU_OTU_2D_experimental/train/images/1274.JPG,data/processed/MMOTU_OTU_2D_experimental/train/masks/1274_binary.PNG
1004,1004.JPG,1004_binary.PNG,train,5,0,benign,train,train_internal,data/processed/MMOTU_OTU_2D_experimental/train/images/1004.JPG,data/processed/MMOTU_OTU_2D_experimental/train/masks/1004_binary.PNG
406,406.JPG,406_binary.PNG,train,1,0,benign,train,train_internal,data/processed/MMOTU_OTU_2D_experimental/train/images/406.JPG,data/processed/MMOTU_OTU_2D_experimental/train/masks/406_binary.PNG
14,14.JPG,14_binary.PNG,train,0,0,benign,train,train_internal,data/processed/MMOTU_OTU_2D_experimental/train/images/14.JPG,data/processed/MMOTU_OTU_2D_experimental/train/masks/14_binary.PNG
1330,1330.JPG,1330_binary.PNG,train,0,0,benign,train,train_internal,data/processed/MMOTU_OTU_2D_experimental/train/images/1330.JPG,data/processed/MMOTU_OTU_2D_experimental/train/masks/1330_binary.PNG
300,300.JPG,300_binary.PNG,train,6,1,malignant,train,train_internal,data/processed/MMOTU_OTU_2D_experimental/train/images/300.JPG,data/processed/MMOTU_OTU_2D_experimental/train/masks/300_binary.PNG
188,188.JPG,188_binary.PNG,train,0,0,benign,train,train_internal,data/processed/MMOTU_OTU_2D_experimental/train/images/188.JPG,data/processed/MMOTU_OTU_2D_experimental/train/masks/188_binary.PNG
855,855.JPG,855_binary.PNG,train,6,1,malignant,train,train_internal,data/processed/MMOTU_OTU_2D_experimental/train/images/855.JPG,data/processed/MMOTU_OTU_2D_experimental/train/masks/855_binary.PNG
1121,1121.JPG,1121_binary.PNG,train,5,0,benign,train,train_internal,data/processed/MMOTU_OTU_2D_experimental/train/images/1121.JPG,data/processed/MMOTU_OTU_2D_experimental/train/masks/1121_binary.PNG
1068,1068.JPG,1068_binary.PNG,train,5,0,benign,train,train_internal,data/processed/MMOTU_OTU_2D_experimental/train/images/1068.JPG,data/processed/MMOTU_OTU_2D_experimental/train/masks/1068_binary.PNG
1045,1045.JPG,1045_binary.PNG,train,0,0,benign,train,train_internal,data/processed/MMOTU_OTU_2D_experimental/train/images/1045.JPG,data/processed/MMOTU_OTU_2D_experimental/train/masks/1045_binary.PNG
753,753.JPG,753_binary.PNG,train,2,0,benign,train,train_internal,data/processed/MMOTU_OTU_2D_experimental/train/images/753.JPG,data/processed/MMOTU_OTU_2D_experimental/train/masks/753_binary.PNG
839,839.JPG,839_binary.PNG,train,3,0,benign,train,train_internal,data/processed/MMOTU_OTU_2D_experimental/train/images/839.JPG,data/processed/MMOTU_OTU_2D_experimental/train/masks/839_binary.PNG
1349,1349.JPG,1349_binary.PNG,train,0,0,benign,train,train_internal,data/processed/MMOTU_OTU_2D_experimental/train/images/1349.JPG,data/processed/MMOTU_OTU_2D_experimental/train/masks/1349_binary.PNG
4,4.JPG,4_binary.PNG,train,4,0,benign,train,train_internal,data/processed/MMOTU_OTU_2D_experimental/train/images/4.JPG,data/processed/MMOTU_OTU_2D_experimental/train/masks/4_binary.PNG
838,838.JPG,838_binary.PNG,train,3,0,benign,train,train_internal,data/processed/MMOTU_OTU_2D_experimental/train/images/838.JPG,data/processed/MMOTU_OTU_2D_experimental/train/masks/838_binary.PNG
544,544.JPG,544_binary.PNG,train,5,0,benign,train,train_internal,data/processed/MMOTU_OTU_2D_experimental/train/images/544.JPG,data/processed/MMOTU_OTU_2D_experimental/train/masks/544_binary.PNG
397,397.JPG,397_binary.PNG,train,6,1,malignant,train,train_internal,data/processed/MMOTU_OTU_2D_experimental/train/images/397.JPG,data/processed/MMOTU_OTU_2D_experimental/train/masks/397_binary.PNG
104,104.JPG,104_binary.PNG,train,1,0,benign,train,train_internal,data/processed/MMOTU_OTU_2D_experimental/train/images/104.JPG,data/processed/MMOTU_OTU_2D_experimental/train/masks/104_binary.PNG
1053,1053.JPG,1053_binary.PNG,train,1,0,benign,train,train_internal,data/processed/MMOTU_OTU_2D_experimental/train/images/1053.JPG,data/processed/MMOTU_OTU_2D_experimental/train/masks/1053_binary.PNG
1048,1048.JPG,1048_binary.PNG,train,0,0,benign,train,train_internal,data/processed/MMOTU_OTU_2D_experimental/train/images/1048.JPG,data/processed/MMOTU_OTU_2D_experimental/train/masks/1048_binary.PNG
460,460.JPG,460_binary.PNG,train,1,0,benign,train,train_internal,data/processed/MMOTU_OTU_2D_experimental/train/images/460.JPG,data/processed/MMOTU_OTU_2D_experimental/train/masks/460_binary.PNG
25,25.JPG,25_binary.PNG,train,6,1,malignant,train,train_internal,data/processed/MMOTU_OTU_2D_experimental/train/images/25.JPG,data/processed/MMOTU_OTU_2D_experimental/train/masks/25_binary.PNG
522,522.JPG,522_binary.PNG,train,5,0,benign,train,train_internal,data/processed/MMOTU_OTU_2D_experimental/train/images/522.JPG,data/processed/MMOTU_OTU_2D_experimental/train/masks/522_binary.PNG
1371,1371.JPG,1371_binary.PNG,train,5,0,benign,train,train_internal,data/processed/MMOTU_OTU_2D_experimental/train/images/1371.JPG,data/processed/MMOTU_OTU_2D_experimental/train/masks/1371_binary.PNG
320,320.JPG,320_binary.PNG,train,1,0,benign,train,train_internal,data/processed/MMOTU_OTU_2D_experimental/train/images/320.JPG,data/processed/MMOTU_OTU_2D_experimental/train/masks/320_binary.PNG
1266,1266.JPG,1266_binary.PNG,train,0,0,benign,train,train_internal,data/processed/MMOTU_OTU_2D_experimental/train/images/1266.JPG,data/processed/MMOTU_OTU_2D_experimental/train/masks/1266_binary.PNG
698,698.JPG,698_binary.PNG,train,6,1,malignant,train,train_internal,data/processed/MMOTU_OTU_2D_experimental/train/images/698.JPG,data/processed/MMOTU_OTU_2D_experimental/train/masks/698_binary.PNG
348,348.JPG,348_binary.PNG,train,2,0,benign,train,train_internal,data/processed/MMOTU_OTU_2D_experimental/train/images/348.JPG,data/processed/MMOTU_OTU_2D_experimental/train/masks/348_binary.PNG
822,822.JPG,822_binary.PNG,train,6,1,malignant,train,train_internal,data/processed/MMOTU_OTU_2D_experimental/train/images/822.JPG,data/processed/MMOTU_OTU_2D_experimental/train/masks/822_binary.PNG
1279,1279.JPG,1279_binary.PNG,train,0,0,benign,train,train_internal,data/processed/MMOTU_OTU_2D_experimental/train/images/1279.JPG,data/processed/MMOTU_OTU_2D_experimental/train/masks/1279_binary.PNG
730,730.JPG,730_binary.PNG,train,1,0,benign,train,train_internal,data/processed/MMOTU_OTU_2D_experimental/train/images/730.JPG,data/processed/MMOTU_OTU_2D_experimental/train/masks/730_binary.PNG
658,658.JPG,658_binary.PNG,train,5,0,benign,train,train_internal,data/processed/MMOTU_OTU_2D_experimental/train/images/658.JPG,data/processed/MMOTU_OTU_2D_experimental/train/masks/658_binary.PNG
376,376.JPG,376_binary.PNG,train,0,0,benign,train,train_internal,data/processed/MMOTU_OTU_2D_experimental/train/images/376.JPG,data/processed/MMOTU_OTU_2D_experimental/train/masks/376_binary.PNG
108,108.JPG,108_binary.PNG,train,4,0,benign,train,train_internal,data/processed/MMOTU_OTU_2D_experimental/train/images/108.JPG,data/processed/MMOTU_OTU_2D_experimental/train/masks/108_binary.PNG
81,81.JPG,81_binary.PNG,train,0,0,benign,train,train_internal,data/processed/MMOTU_OTU_2D_experimental/train/images/81.JPG,data/processed/MMOTU_OTU_2D_experimental/train/masks/81_binary.PNG
509,509.JPG,509_binary.PNG,train,5,0,benign,train,train_internal,data/processed/MMOTU_OTU_2D_experimental/train/images/509.JPG,data/processed/MMOTU_OTU_2D_experimental/train/masks/509_binary.PNG
833,833.JPG,833_binary.PNG,train,3,0,benign,train,train_internal,data/processed/MMOTU_OTU_2D_experimental/train/images/833.JPG,data/processed/MMOTU_OTU_2D_experimental/train/masks/833_binary.PNG
742,742.JPG,742_binary.PNG,train,2,0,benign,train,train_internal,data/processed/MMOTU_OTU_2D_experimental/train/images/742.JPG,data/processed/MMOTU_OTU_2D_experimental/train/masks/742_binary.PNG
557,557.JPG,557_binary.PNG,train,5,0,benign,train,train_internal,data/processed/MMOTU_OTU_2D_experimental/train/images/557.JPG,data/processed/MMOTU_OTU_2D_experimental/train/masks/557_binary.PNG
374,374.JPG,374_binary.PNG,train,0,0,benign,train,train_internal,data/processed/MMOTU_OTU_2D_experimental/train/images/374.JPG,data/processed/MMOTU_OTU_2D_experimental/train/masks/374_binary.PNG
433,433.JPG,433_binary.PNG,train,2,0,benign,train,train_internal,data/processed/MMOTU_OTU_2D_experimental/train/images/433.JPG,data/processed/MMOTU_OTU_2D_experimental/train/masks/433_binary.PNG
1161,1161.JPG,1161_binary.PNG,train,0,0,benign,train,train_internal,data/processed/MMOTU_OTU_2D_experimental/train/images/1161.JPG,data/processed/MMOTU_OTU_2D_experimental/train/masks/1161_binary.PNG
167,167.JPG,167_binary.PNG,train,2,0,benign,train,train_internal,data/processed/MMOTU_OTU_2D_experimental/train/images/167.JPG,data/processed/MMOTU_OTU_2D_experimental/train/masks/167_binary.PNG
1197,1197.JPG,1197_binary.PNG,train,6,1,malignant,train,train_internal,data/processed/MMOTU_OTU_2D_experimental/train/images/1197.JPG,data/processed/MMOTU_OTU_2D_experimental/train/masks/1197_binary.PNG
414,414.JPG,414_binary.PNG,train,6,1,malignant,train,train_internal,data/processed/MMOTU_OTU_2D_experimental/train/images/414.JPG,data/processed/MMOTU_OTU_2D_experimental/train/masks/414_binary.PNG
987,987.JPG,987_binary.PNG,train,5,0,benign,train,train_internal,data/processed/MMOTU_OTU_2D_experimental/train/images/987.JPG,data/processed/MMOTU_OTU_2D_experimental/train/masks/987_binary.PNG
786,786.JPG,786_binary.PNG,train,6,1,malignant,train,train_internal,data/processed/MMOTU_OTU_2D_experimental/train/images/786.JPG,data/processed/MMOTU_OTU_2D_experimental/train/masks/786_binary.PNG
106,106.JPG,106_binary.PNG,train,5,0,benign,train,train_internal,data/processed/MMOTU_OTU_2D_experimental/train/images/106.JPG,data/processed/MMOTU_OTU_2D_experimental/train/masks/106_binary.PNG
366,366.JPG,366_binary.PNG,train,3,0,benign,train,train_internal,data/processed/MMOTU_OTU_2D_experimental/train/images/366.JPG,data/processed/MMOTU_OTU_2D_experimental/train/masks/366_binary.PNG
195,195.JPG,195_binary.PNG,train,0,0,benign,train,train_internal,data/processed/MMOTU_OTU_2D_experimental/train/images/195.JPG,data/processed/MMOTU_OTU_2D_experimental/train/masks/195_binary.PNG
541,541.JPG,541_binary.PNG,train,0,0,benign,train,train_internal,data/processed/MMOTU_OTU_2D_experimental/train/images/541.JPG,data/processed/MMOTU_OTU_2D_experimental/train/masks/541_binary.PNG
146,146.JPG,146_binary.PNG,train,5,0,benign,train,train_internal,data/processed/MMOTU_OTU_2D_experimental/train/images/146.JPG,data/processed/MMOTU_OTU_2D_experimental/train/masks/146_binary.PNG
845,845.JPG,845_binary.PNG,train,0,0,benign,train,train_internal,data/processed/MMOTU_OTU_2D_experimental/train/images/845.JPG,data/processed/MMOTU_OTU_2D_experimental/train/masks/845_binary.PNG
236,236.JPG,236_binary.PNG,train,2,0,benign,train,train_internal,data/processed/MMOTU_OTU_2D_experimental/train/images/236.JPG,data/processed/MMOTU_OTU_2D_experimental/train/masks/236_binary.PNG
1328,1328.JPG,1328_binary.PNG,train,0,0,benign,train,train_internal,data/processed/MMOTU_OTU_2D_experimental/train/images/1328.JPG,data/processed/MMOTU_OTU_2D_experimental/train/masks/1328_binary.PNG
805,805.JPG,805_binary.PNG,train,0,0,benign,train,train_internal,data/processed/MMOTU_OTU_2D_experimental/train/images/805.JPG,data/processed/MMOTU_OTU_2D_experimental/train/masks/805_binary.PNG
622,622.JPG,622_binary.PNG,train,3,0,benign,train,train_internal,data/processed/MMOTU_OTU_2D_experimental/train/images/622.JPG,data/processed/MMOTU_OTU_2D_experimental/train/masks/622_binary.PNG
758,758.JPG,758_binary.PNG,train,1,0,benign,train,train_internal,data/processed/MMOTU_OTU_2D_experimental/train/images/758.JPG,data/processed/MMOTU_OTU_2D_experimental/train/masks/758_binary.PNG
1105,1105.JPG,1105_binary.PNG,train,2,0,benign,train,train_internal,data/processed/MMOTU_OTU_2D_experimental/train/images/1105.JPG,data/processed/MMOTU_OTU_2D_experimental/train/masks/1105_binary.PNG
1462,1462.JPG,1462_binary.PNG,train,7,1,malignant,train,train_internal,data/processed/MMOTU_OTU_2D_experimental/train/images/1462.JPG,data/processed/MMOTU_OTU_2D_experimental/train/masks/1462_binary.PNG
1405,1405.JPG,1405_binary.PNG,train,5,0,benign,train,train_internal,data/processed/MMOTU_OTU_2D_experimental/train/images/1405.JPG,data/processed/MMOTU_OTU_2D_experimental/train/masks/1405_binary.PNG
1115,1115.JPG,1115_binary.PNG,train,5,0,benign,train,train_internal,data/processed/MMOTU_OTU_2D_experimental/train/images/1115.JPG,data/processed/MMOTU_OTU_2D_experimental/train/masks/1115_binary.PNG
1147,1147.JPG,1147_binary.PNG,train,0,0,benign,train,train_internal,data/processed/MMOTU_OTU_2D_experimental/train/images/1147.JPG,data/processed/MMOTU_OTU_2D_experimental/train/masks/1147_binary.PNG
572,572.JPG,572_binary.PNG,train,5,0,benign,train,train_internal,data/processed/MMOTU_OTU_2D_experimental/train/images/572.JPG,data/processed/MMOTU_OTU_2D_experimental/train/masks/572_binary.PNG
675,675.JPG,675_binary.PNG,train,0,0,benign,train,train_internal,data/processed/MMOTU_OTU_2D_experimental/train/images/675.JPG,data/processed/MMOTU_OTU_2D_experimental/train/masks/675_binary.PNG
87,87.JPG,87_binary.PNG,train,5,0,benign,train,train_internal,data/processed/MMOTU_OTU_2D_experimental/train/images/87.JPG,data/processed/MMOTU_OTU_2D_experimental/train/masks/87_binary.PNG
185,185.JPG,185_binary.PNG,train,5,0,benign,train,train_internal,data/processed/MMOTU_OTU_2D_experimental/train/images/185.JPG,data/processed/MMOTU_OTU_2D_experimental/train/masks/185_binary.PNG
1400,1400.JPG,1400_binary.PNG,train,2,0,benign,train,train_internal,data/processed/MMOTU_OTU_2D_experimental/train/images/1400.JPG,data/processed/MMOTU_OTU_2D_experimental/train/masks/1400_binary.PNG
549,549.JPG,549_binary.PNG,train,5,0,benign,train,train_internal,data/processed/MMOTU_OTU_2D_experimental/train/images/549.JPG,data/processed/MMOTU_OTU_2D_experimental/train/masks/549_binary.PNG
783,783.JPG,783_binary.PNG,train,5,0,benign,train,train_internal,data/processed/MMOTU_OTU_2D_experimental/train/images/783.JPG,data/processed/MMOTU_OTU_2D_experimental/train/masks/783_binary.PNG
1268,1268.JPG,1268_binary.PNG,train,5,0,benign,train,train_internal,data/processed/MMOTU_OTU_2D_experimental/train/images/1268.JPG,data/processed/MMOTU_OTU_2D_experimental/train/masks/1268_binary.PNG
409,409.JPG,409_binary.PNG,train,1,0,benign,train,train_internal,data/processed/MMOTU_OTU_2D_experimental/train/images/409.JPG,data/processed/MMOTU_OTU_2D_experimental/train/masks/409_binary.PNG
1419,1419.JPG,1419_binary.PNG,train,7,1,malignant,train,train_internal,data/processed/MMOTU_OTU_2D_experimental/train/images/1419.JPG,data/processed/MMOTU_OTU_2D_experimental/train/masks/1419_binary.PNG
713,713.JPG,713_binary.PNG,train,2,0,benign,train,train_internal,data/processed/MMOTU_OTU_2D_experimental/train/images/713.JPG,data/processed/MMOTU_OTU_2D_experimental/train/masks/713_binary.PNG
1351,1351.JPG,1351_binary.PNG,train,0,0,benign,train,train_internal,data/processed/MMOTU_OTU_2D_experimental/train/images/1351.JPG,data/processed/MMOTU_OTU_2D_experimental/train/masks/1351_binary.PNG
1139,1139.JPG,1139_binary.PNG,train,0,0,benign,train,train_internal,data/processed/MMOTU_OTU_2D_experimental/train/images/1139.JPG,data/processed/MMOTU_OTU_2D_experimental/train/masks/1139_binary.PNG
1275,1275.JPG,1275_binary.PNG,train,5,0,benign,train,train_internal,data/processed/MMOTU_OTU_2D_experimental/train/images/1275.JPG,data/processed/MMOTU_OTU_2D_experimental/train/masks/1275_binary.PNG
664,664.JPG,664_binary.PNG,train,5,0,benign,train,train_internal,data/processed/MMOTU_OTU_2D_experimental/train/images/664.JPG,data/processed/MMOTU_OTU_2D_experimental/train/masks/664_binary.PNG
1398,1398.JPG,1398_binary.PNG,train,5,0,benign,train,train_internal,data/processed/MMOTU_OTU_2D_experimental/train/images/1398.JPG,data/processed/MMOTU_OTU_2D_experimental/train/masks/1398_binary.PNG
739,739.JPG,739_binary.PNG,train,2,0,benign,train,train_internal,data/processed/MMOTU_OTU_2D_experimental/train/images/739.JPG,data/processed/MMOTU_OTU_2D_experimental/train/masks/739_binary.PNG
988,988.JPG,988_binary.PNG,train,5,0,benign,train,train_internal,data/processed/MMOTU_OTU_2D_experimental/train/images/988.JPG,data/processed/MMOTU_OTU_2D_experimental/train/masks/988_binary.PNG
1112,1112.JPG,1112_binary.PNG,train,4,0,benign,train,train_internal,data/processed/MMOTU_OTU_2D_experimental/train/images/1112.JPG,data/processed/MMOTU_OTU_2D_experimental/train/masks/1112_binary.PNG
257,257.JPG,257_binary.PNG,train,5,0,benign,train,train_internal,data/processed/MMOTU_OTU_2D_experimental/train/images/257.JPG,data/processed/MMOTU_OTU_2D_experimental/train/masks/257_binary.PNG
1015,1015.JPG,1015_binary.PNG,train,5,0,benign,train,train_internal,data/processed/MMOTU_OTU_2D_experimental/train/images/1015.JPG,data/processed/MMOTU_OTU_2D_experimental/train/masks/1015_binary.PNG
378,378.JPG,378_binary.PNG,train,0,0,benign,train,train_internal,data/processed/MMOTU_OTU_2D_experimental/train/images/378.JPG,data/processed/MMOTU_OTU_2D_experimental/train/masks/378_binary.PNG
86,86.JPG,86_binary.PNG,train,0,0,benign,train,train_internal,data/processed/MMOTU_OTU_2D_experimental/train/images/86.JPG,data/processed/MMOTU_OTU_2D_experimental/train/masks/86_binary.PNG
37,37.JPG,37_binary.PNG,train,0,0,benign,train,train_internal,data/processed/MMOTU_OTU_2D_experimental/train/images/37.JPG,data/processed/MMOTU_OTU_2D_experimental/train/masks/37_binary.PNG
955,955.JPG,955_binary.PNG,train,5,0,benign,train,train_internal,data/processed/MMOTU_OTU_2D_experimental/train/images/955.JPG,data/processed/MMOTU_OTU_2D_experimental/train/masks/955_binary.PNG
381,381.JPG,381_binary.PNG,train,2,0,benign,train,train_internal,data/processed/MMOTU_OTU_2D_experimental/train/images/381.JPG,data/processed/MMOTU_OTU_2D_experimental/train/masks/381_binary.PNG
368,368.JPG,368_binary.PNG,train,3,0,benign,train,train_internal,data/processed/MMOTU_OTU_2D_experimental/train/images/368.JPG,data/processed/MMOTU_OTU_2D_experimental/train/masks/368_binary.PNG
760,760.JPG,760_binary.PNG,train,1,0,benign,train,train_internal,data/processed/MMOTU_OTU_2D_experimental/train/images/760.JPG,data/processed/MMOTU_OTU_2D_experimental/train/masks/760_binary.PNG
1421,1421.JPG,1421_binary.PNG,train,7,1,malignant,train,train_internal,data/processed/MMOTU_OTU_2D_experimental/train/images/1421.JPG,data/processed/MMOTU_OTU_2D_experimental/train/masks/1421_binary.PNG
1431,1431.JPG,1431_binary.PNG,train,7,1,malignant,train,train_internal,data/processed/MMOTU_OTU_2D_experimental/train/images/1431.JPG,data/processed/MMOTU_OTU_2D_experimental/train/masks/1431_binary.PNG
1052,1052.JPG,1052_binary.PNG,train,1,0,benign,train,train_internal,data/processed/MMOTU_OTU_2D_experimental/train/images/1052.JPG,data/processed/MMOTU_OTU_2D_experimental/train/masks/1052_binary.PNG
618,618.JPG,618_binary.PNG,train,1,0,benign,train,train_internal,data/processed/MMOTU_OTU_2D_experimental/train/images/618.JPG,data/processed/MMOTU_OTU_2D_experimental/train/masks/618_binary.PNG
1205,1205.JPG,1205_binary.PNG,train,0,0,benign,train,train_internal,data/processed/MMOTU_OTU_2D_experimental/train/images/1205.JPG,data/processed/MMOTU_OTU_2D_experimental/train/masks/1205_binary.PNG
1236,1236.JPG,1236_binary.PNG,train,4,0,benign,train,train_internal,data/processed/MMOTU_OTU_2D_experimental/train/images/1236.JPG,data/processed/MMOTU_OTU_2D_experimental/train/masks/1236_binary.PNG
1450,1450.JPG,1450_binary.PNG,train,7,1,malignant,train,train_internal,data/processed/MMOTU_OTU_2D_experimental/train/images/1450.JPG,data/processed/MMOTU_OTU_2D_experimental/train/masks/1450_binary.PNG
1368,1368.JPG,1368_binary.PNG,train,0,0,benign,train,train_internal,data/processed/MMOTU_OTU_2D_experimental/train/images/1368.JPG,data/processed/MMOTU_OTU_2D_experimental/train/masks/1368_binary.PNG
1204,1204.JPG,1204_binary.PNG,train,5,0,benign,train,train_internal,data/processed/MMOTU_OTU_2D_experimental/train/images/1204.JPG,data/processed/MMOTU_OTU_2D_experimental/train/masks/1204_binary.PNG
1387,1387.JPG,1387_binary.PNG,train,1,0,benign,train,train_internal,data/processed/MMOTU_OTU_2D_experimental/train/images/1387.JPG,data/processed/MMOTU_OTU_2D_experimental/train/masks/1387_binary.PNG
40,40.JPG,40_binary.PNG,train,0,0,benign,train,train_internal,data/processed/MMOTU_OTU_2D_experimental/train/images/40.JPG,data/processed/MMOTU_OTU_2D_experimental/train/masks/40_binary.PNG
260,260.JPG,260_binary.PNG,train,2,0,benign,train,train_internal,data/processed/MMOTU_OTU_2D_experimental/train/images/260.JPG,data/processed/MMOTU_OTU_2D_experimental/train/masks/260_binary.PNG
788,788.JPG,788_binary.PNG,train,6,1,malignant,train,train_internal,data/processed/MMOTU_OTU_2D_experimental/train/images/788.JPG,data/processed/MMOTU_OTU_2D_experimental/train/masks/788_binary.PNG
1409,1409.JPG,1409_binary.PNG,train,6,1,malignant,train,train_internal,data/processed/MMOTU_OTU_2D_experimental/train/images/1409.JPG,data/processed/MMOTU_OTU_2D_experimental/train/masks/1409_binary.PNG
956,956.JPG,956_binary.PNG,train,5,0,benign,train,train_internal,data/processed/MMOTU_OTU_2D_experimental/train/images/956.JPG,data/processed/MMOTU_OTU_2D_experimental/train/masks/956_binary.PNG
396,396.JPG,396_binary.PNG,train,0,0,benign,train,train_internal,data/processed/MMOTU_OTU_2D_experimental/train/images/396.JPG,data/processed/MMOTU_OTU_2D_experimental/train/masks/396_binary.PNG
790,790.JPG,790_binary.PNG,train,5,0,benign,train,train_internal,data/processed/MMOTU_OTU_2D_experimental/train/images/790.JPG,data/processed/MMOTU_OTU_2D_experimental/train/masks/790_binary.PNG
294,294.JPG,294_binary.PNG,train,0,0,benign,train,train_internal,data/processed/MMOTU_OTU_2D_experimental/train/images/294.JPG,data/processed/MMOTU_OTU_2D_experimental/train/masks/294_binary.PNG
850,850.JPG,850_binary.PNG,train,4,0,benign,train,train_internal,data/processed/MMOTU_OTU_2D_experimental/train/images/850.JPG,data/processed/MMOTU_OTU_2D_experimental/train/masks/850_binary.PNG
1128,1128.JPG,1128_binary.PNG,train,1,0,benign,train,train_internal,data/processed/MMOTU_OTU_2D_experimental/train/images/1128.JPG,data/processed/MMOTU_OTU_2D_experimental/train/masks/1128_binary.PNG
1264,1264.JPG,1264_binary.PNG,train,0,0,benign,train,train_internal,data/processed/MMOTU_OTU_2D_experimental/train/images/1264.JPG,data/processed/MMOTU_OTU_2D_experimental/train/masks/1264_binary.PNG
212,212.JPG,212_binary.PNG,train,6,1,malignant,train,train_internal,data/processed/MMOTU_OTU_2D_experimental/train/images/212.JPG,data/processed/MMOTU_OTU_2D_experimental/train/masks/212_binary.PNG
446,446.JPG,446_binary.PNG,train,0,0,benign,train,train_internal,data/processed/MMOTU_OTU_2D_experimental/train/images/446.JPG,data/processed/MMOTU_OTU_2D_experimental/train/masks/446_binary.PNG
736,736.JPG,736_binary.PNG,train,2,0,benign,train,train_internal,data/processed/MMOTU_OTU_2D_experimental/train/images/736.JPG,data/processed/MMOTU_OTU_2D_experimental/train/masks/736_binary.PNG
765,765.JPG,765_binary.PNG,train,2,0,benign,train,train_internal,data/processed/MMOTU_OTU_2D_experimental/train/images/765.JPG,data/processed/MMOTU_OTU_2D_experimental/train/masks/765_binary.PNG
726,726.JPG,726_binary.PNG,train,2,0,benign,train,train_internal,data/processed/MMOTU_OTU_2D_experimental/train/images/726.JPG,data/processed/MMOTU_OTU_2D_experimental/train/masks/726_binary.PNG
1261,1261.JPG,1261_binary.PNG,train,2,0,benign,train,train_internal,data/processed/MMOTU_OTU_2D_experimental/train/images/1261.JPG,data/processed/MMOTU_OTU_2D_experimental/train/masks/1261_binary.PNG
1102,1102.JPG,1102_binary.PNG,train,0,0,benign,train,train_internal,data/processed/MMOTU_OTU_2D_experimental/train/images/1102.JPG,data/processed/MMOTU_OTU_2D_experimental/train/masks/1102_binary.PNG
189,189.JPG,189_binary.PNG,train,0,0,benign,train,train_internal,data/processed/MMOTU_OTU_2D_experimental/train/images/189.JPG,data/processed/MMOTU_OTU_2D_experimental/train/masks/189_binary.PNG
1240,1240.JPG,1240_binary.PNG,train,2,0,benign,train,train_internal,data/processed/MMOTU_OTU_2D_experimental/train/images/1240.JPG,data/processed/MMOTU_OTU_2D_experimental/train/masks/1240_binary.PNG
1187,1187.JPG,1187_binary.PNG,train,3,0,benign,train,train_internal,data/processed/MMOTU_OTU_2D_experimental/train/images/1187.JPG,data/processed/MMOTU_OTU_2D_experimental/train/masks/1187_binary.PNG
362,362.JPG,362_binary.PNG,train,3,0,benign,train,train_internal,data/processed/MMOTU_OTU_2D_experimental/train/images/362.JPG,data/processed/MMOTU_OTU_2D_experimental/train/masks/362_binary.PNG
663,663.JPG,663_binary.PNG,train,5,0,benign,train,train_internal,data/processed/MMOTU_OTU_2D_experimental/train/images/663.JPG,data/processed/MMOTU_OTU_2D_experimental/train/masks/663_binary.PNG
887,887.JPG,887_binary.PNG,train,5,0,benign,train,train_internal,data/processed/MMOTU_OTU_2D_experimental/train/images/887.JPG,data/processed/MMOTU_OTU_2D_experimental/train/masks/887_binary.PNG
241,241.JPG,241_binary.PNG,train,0,0,benign,train,train_internal,data/processed/MMOTU_OTU_2D_experimental/train/images/241.JPG,data/processed/MMOTU_OTU_2D_experimental/train/masks/241_binary.PNG
641,641.JPG,641_binary.PNG,train,0,0,benign,train,train_internal,data/processed/MMOTU_OTU_2D_experimental/train/images/641.JPG,data/processed/MMOTU_OTU_2D_experimental/train/masks/641_binary.PNG
327,327.JPG,327_binary.PNG,train,0,0,benign,train,train_internal,data/processed/MMOTU_OTU_2D_experimental/train/images/327.JPG,data/processed/MMOTU_OTU_2D_experimental/train/masks/327_binary.PNG
505,505.JPG,505_binary.PNG,train,2,0,benign,train,train_internal,data/processed/MMOTU_OTU_2D_experimental/train/images/505.JPG,data/processed/MMOTU_OTU_2D_experimental/train/masks/505_binary.PNG
1047,1047.JPG,1047_binary.PNG,train,0,0,benign,train,train_internal,data/processed/MMOTU_OTU_2D_experimental/train/images/1047.JPG,data/processed/MMOTU_OTU_2D_experimental/train/masks/1047_binary.PNG
1397,1397.JPG,1397_binary.PNG,train,5,0,benign,train,train_internal,data/processed/MMOTU_OTU_2D_experimental/train/images/1397.JPG,data/processed/MMOTU_OTU_2D_experimental/train/masks/1397_binary.PNG
337,337.JPG,337_binary.PNG,train,2,0,benign,train,train_internal,data/processed/MMOTU_OTU_2D_experimental/train/images/337.JPG,data/processed/MMOTU_OTU_2D_experimental/train/masks/337_binary.PNG
1021,1021.JPG,1021_binary.PNG,train,2,0,benign,train,train_internal,data/processed/MMOTU_OTU_2D_experimental/train/images/1021.JPG,data/processed/MMOTU_OTU_2D_experimental/train/masks/1021_binary.PNG
1064,1064.JPG,1064_binary.PNG,train,2,0,benign,train,train_internal,data/processed/MMOTU_OTU_2D_experimental/train/images/1064.JPG,data/processed/MMOTU_OTU_2D_experimental/train/masks/1064_binary.PNG
1125,1125.JPG,1125_binary.PNG,train,1,0,benign,train,train_internal,data/processed/MMOTU_OTU_2D_experimental/train/images/1125.JPG,data/processed/MMOTU_OTU_2D_experimental/train/masks/1125_binary.PNG
565,565.JPG,565_binary.PNG,train,1,0,benign,train,train_internal,data/processed/MMOTU_OTU_2D_experimental/train/images/565.JPG,data/processed/MMOTU_OTU_2D_experimental/train/masks/565_binary.PNG
1060,1060.JPG,1060_binary.PNG,train,1,0,benign,train,train_internal,data/processed/MMOTU_OTU_2D_experimental/train/images/1060.JPG,data/processed/MMOTU_OTU_2D_experimental/train/masks/1060_binary.PNG
466,466.JPG,466_binary.PNG,train,2,0,benign,train,train_internal,data/processed/MMOTU_OTU_2D_experimental/train/images/466.JPG,data/processed/MMOTU_OTU_2D_experimental/train/masks/466_binary.PNG
287,287.JPG,287_binary.PNG,train,2,0,benign,train,train_internal,data/processed/MMOTU_OTU_2D_experimental/train/images/287.JPG,data/processed/MMOTU_OTU_2D_experimental/train/masks/287_binary.PNG
97,97.JPG,97_binary.PNG,train,5,0,benign,train,train_internal,data/processed/MMOTU_OTU_2D_experimental/train/images/97.JPG,data/processed/MMOTU_OTU_2D_experimental/train/masks/97_binary.PNG
677,677.JPG,677_binary.PNG,train,0,0,benign,train,train_internal,data/processed/MMOTU_OTU_2D_experimental/train/images/677.JPG,data/processed/MMOTU_OTU_2D_experimental/train/masks/677_binary.PNG
141,141.JPG,141_binary.PNG,train,5,0,benign,train,train_internal,data/processed/MMOTU_OTU_2D_experimental/train/images/141.JPG,data/processed/MMOTU_OTU_2D_experimental/train/masks/141_binary.PNG
922,922.JPG,922_binary.PNG,train,5,0,benign,train,train_internal,data/processed/MMOTU_OTU_2D_experimental/train/images/922.JPG,data/processed/MMOTU_OTU_2D_experimental/train/masks/922_binary.PNG
1100,1100.JPG,1100_binary.PNG,train,2,0,benign,train,train_internal,data/processed/MMOTU_OTU_2D_experimental/train/images/1100.JPG,data/processed/MMOTU_OTU_2D_experimental/train/masks/1100_binary.PNG
989,989.JPG,989_binary.PNG,train,5,0,benign,train,train_internal,data/processed/MMOTU_OTU_2D_experimental/train/images/989.JPG,data/processed/MMOTU_OTU_2D_experimental/train/masks/989_binary.PNG
1149,1149.JPG,1149_binary.PNG,train,3,0,benign,train,train_internal,data/processed/MMOTU_OTU_2D_experimental/train/images/1149.JPG,data/processed/MMOTU_OTU_2D_experimental/train/masks/1149_binary.PNG
405,405.JPG,405_binary.PNG,train,1,0,benign,train,train_internal,data/processed/MMOTU_OTU_2D_experimental/train/images/405.JPG,data/processed/MMOTU_OTU_2D_experimental/train/masks/405_binary.PNG
202,202.JPG,202_binary.PNG,train,5,0,benign,train,train_internal,data/processed/MMOTU_OTU_2D_experimental/train/images/202.JPG,data/processed/MMOTU_OTU_2D_experimental/train/masks/202_binary.PNG
233,233.JPG,233_binary.PNG,train,2,0,benign,train,train_internal,data/processed/MMOTU_OTU_2D_experimental/train/images/233.JPG,data/processed/MMOTU_OTU_2D_experimental/train/masks/233_binary.PNG
138,138.JPG,138_binary.PNG,train,1,0,benign,train,train_internal,data/processed/MMOTU_OTU_2D_experimental/train/images/138.JPG,data/processed/MMOTU_OTU_2D_experimental/train/masks/138_binary.PNG
175,175.JPG,175_binary.PNG,train,5,0,benign,train,train_internal,data/processed/MMOTU_OTU_2D_experimental/train/images/175.JPG,data/processed/MMOTU_OTU_2D_experimental/train/masks/175_binary.PNG
156,156.JPG,156_binary.PNG,train,5,0,benign,train,train_internal,data/processed/MMOTU_OTU_2D_experimental/train/images/156.JPG,data/processed/MMOTU_OTU_2D_experimental/train/masks/156_binary.PNG
252,252.JPG,252_binary.PNG,train,1,0,benign,train,train_internal,data/processed/MMOTU_OTU_2D_experimental/train/images/252.JPG,data/processed/MMOTU_OTU_2D_experimental/train/masks/252_binary.PNG
1203,1203.JPG,1203_binary.PNG,train,5,0,benign,train,train_internal,data/processed/MMOTU_OTU_2D_experimental/train/images/1203.JPG,data/processed/MMOTU_OTU_2D_experimental/train/masks/1203_binary.PNG
1000,1000.JPG,1000_binary.PNG,train,2,0,benign,train,train_internal,data/processed/MMOTU_OTU_2D_experimental/train/images/1000.JPG,data/processed/MMOTU_OTU_2D_experimental/train/masks/1000_binary.PNG
432,432.JPG,432_binary.PNG,train,0,0,benign,train,train_internal,data/processed/MMOTU_OTU_2D_experimental/train/images/432.JPG,data/processed/MMOTU_OTU_2D_experimental/train/masks/432_binary.PNG
462,462.JPG,462_binary.PNG,train,2,0,benign,train,train_internal,data/processed/MMOTU_OTU_2D_experimental/train/images/462.JPG,data/processed/MMOTU_OTU_2D_experimental/train/masks/462_binary.PNG
550,550.JPG,550_binary.PNG,train,5,0,benign,train,train_internal,data/processed/MMOTU_OTU_2D_experimental/train/images/550.JPG,data/processed/MMOTU_OTU_2D_experimental/train/masks/550_binary.PNG
1057,1057.JPG,1057_binary.PNG,train,2,0,benign,train,train_internal,data/processed/MMOTU_OTU_2D_experimental/train/images/1057.JPG,data/processed/MMOTU_OTU_2D_experimental/train/masks/1057_binary.PNG
964,964.JPG,964_binary.PNG,train,5,0,benign,train,train_internal,data/processed/MMOTU_OTU_2D_experimental/train/images/964.JPG,data/processed/MMOTU_OTU_2D_experimental/train/masks/964_binary.PNG
938,938.JPG,938_binary.PNG,train,2,0,benign,train,train_internal,data/processed/MMOTU_OTU_2D_experimental/train/images/938.JPG,data/processed/MMOTU_OTU_2D_experimental/train/masks/938_binary.PNG
939,939.JPG,939_binary.PNG,train,2,0,benign,train,train_internal,data/processed/MMOTU_OTU_2D_experimental/train/images/939.JPG,data/processed/MMOTU_OTU_2D_experimental/train/masks/939_binary.PNG
1332,1332.JPG,1332_binary.PNG,train,2,0,benign,train,train_internal,data/processed/MMOTU_OTU_2D_experimental/train/images/1332.JPG,data/processed/MMOTU_OTU_2D_experimental/train/masks/1332_binary.PNG
531,531.JPG,531_binary.PNG,train,5,0,benign,train,train_internal,data/processed/MMOTU_OTU_2D_experimental/train/images/531.JPG,data/processed/MMOTU_OTU_2D_experimental/train/masks/531_binary.PNG
425,425.JPG,425_binary.PNG,train,1,0,benign,train,train_internal,data/processed/MMOTU_OTU_2D_experimental/train/images/425.JPG,data/processed/MMOTU_OTU_2D_experimental/train/masks/425_binary.PNG
1426,1426.JPG,1426_binary.PNG,train,7,1,malignant,train,train_internal,data/processed/MMOTU_OTU_2D_experimental/train/images/1426.JPG,data/processed/MMOTU_OTU_2D_experimental/train/masks/1426_binary.PNG
9,9.JPG,9_binary.PNG,train,0,0,benign,train,train_internal,data/processed/MMOTU_OTU_2D_experimental/train/images/9.JPG,data/processed/MMOTU_OTU_2D_experimental/train/masks/9_binary.PNG
1201,1201.JPG,1201_binary.PNG,train,0,0,benign,train,train_internal,data/processed/MMOTU_OTU_2D_experimental/train/images/1201.JPG,data/processed/MMOTU_OTU_2D_experimental/train/masks/1201_binary.PNG
364,364.JPG,364_binary.PNG,train,1,0,benign,train,train_internal,data/processed/MMOTU_OTU_2D_experimental/train/images/364.JPG,data/processed/MMOTU_OTU_2D_experimental/train/masks/364_binary.PNG
1202,1202.JPG,1202_binary.PNG,train,5,0,benign,train,train_internal,data/processed/MMOTU_OTU_2D_experimental/train/images/1202.JPG,data/processed/MMOTU_OTU_2D_experimental/train/masks/1202_binary.PNG
246,246.JPG,246_binary.PNG,train,5,0,benign,train,train_internal,data/processed/MMOTU_OTU_2D_experimental/train/images/246.JPG,data/processed/MMOTU_OTU_2D_experimental/train/masks/246_binary.PNG
975,975.JPG,975_binary.PNG,train,0,0,benign,train,train_internal,data/processed/MMOTU_OTU_2D_experimental/train/images/975.JPG,data/processed/MMOTU_OTU_2D_experimental/train/masks/975_binary.PNG
972,972.JPG,972_binary.PNG,train,0,0,benign,train,train_internal,data/processed/MMOTU_OTU_2D_experimental/train/images/972.JPG,data/processed/MMOTU_OTU_2D_experimental/train/masks/972_binary.PNG
909,909.JPG,909_binary.PNG,train,0,0,benign,train,train_internal,data/processed/MMOTU_OTU_2D_experimental/train/images/909.JPG,data/processed/MMOTU_OTU_2D_experimental/train/masks/909_binary.PNG
1031,1031.JPG,1031_binary.PNG,train,5,0,benign,train,train_internal,data/processed/MMOTU_OTU_2D_experimental/train/images/1031.JPG,data/processed/MMOTU_OTU_2D_experimental/train/masks/1031_binary.PNG
1412,1412.JPG,1412_binary.PNG,train,1,0,benign,train,train_internal,data/processed/MMOTU_OTU_2D_experimental/train/images/1412.JPG,data/processed/MMOTU_OTU_2D_experimental/train/masks/1412_binary.PNG
30,30.JPG,30_binary.PNG,train,0,0,benign,train,train_internal,data/processed/MMOTU_OTU_2D_experimental/train/images/30.JPG,data/processed/MMOTU_OTU_2D_experimental/train/masks/30_binary.PNG
1425,1425.JPG,1425_binary.PNG,train,7,1,malignant,train,train_internal,data/processed/MMOTU_OTU_2D_experimental/train/images/1425.JPG,data/processed/MMOTU_OTU_2D_experimental/train/masks/1425_binary.PNG
153,153.JPG,153_binary.PNG,train,3,0,benign,train,train_internal,data/processed/MMOTU_OTU_2D_experimental/train/images/153.JPG,data/processed/MMOTU_OTU_2D_experimental/train/masks/153_binary.PNG
967,967.JPG,967_binary.PNG,train,1,0,benign,train,train_internal,data/processed/MMOTU_OTU_2D_experimental/train/images/967.JPG,data/processed/MMOTU_OTU_2D_experimental/train/masks/967_binary.PNG
34,34.JPG,34_binary.PNG,train,0,0,benign,train,train_internal,data/processed/MMOTU_OTU_2D_experimental/train/images/34.JPG,data/processed/MMOTU_OTU_2D_experimental/train/masks/34_binary.PNG
208,208.JPG,208_binary.PNG,train,0,0,benign,train,train_internal,data/processed/MMOTU_OTU_2D_experimental/train/images/208.JPG,data/processed/MMOTU_OTU_2D_experimental/train/masks/208_binary.PNG
274,274.JPG,274_binary.PNG,train,5,0,benign,train,train_internal,data/processed/MMOTU_OTU_2D_experimental/train/images/274.JPG,data/processed/MMOTU_OTU_2D_experimental/train/masks/274_binary.PNG
1345,1345.JPG,1345_binary.PNG,train,0,0,benign,train,train_internal,data/processed/MMOTU_OTU_2D_experimental/train/images/1345.JPG,data/processed/MMOTU_OTU_2D_experimental/train/masks/1345_binary.PNG
395,395.JPG,395_binary.PNG,train,0,0,benign,train,train_internal,data/processed/MMOTU_OTU_2D_experimental/train/images/395.JPG,data/processed/MMOTU_OTU_2D_experimental/train/masks/395_binary.PNG
648,648.JPG,648_binary.PNG,train,5,0,benign,train,train_internal,data/processed/MMOTU_OTU_2D_experimental/train/images/648.JPG,data/processed/MMOTU_OTU_2D_experimental/train/masks/648_binary.PNG
80,80.JPG,80_binary.PNG,train,0,0,benign,train,train_internal,data/processed/MMOTU_OTU_2D_experimental/train/images/80.JPG,data/processed/MMOTU_OTU_2D_experimental/train/masks/80_binary.PNG
420,420.JPG,420_binary.PNG,train,1,0,benign,train,train_internal,data/processed/MMOTU_OTU_2D_experimental/train/images/420.JPG,data/processed/MMOTU_OTU_2D_experimental/train/masks/420_binary.PNG
130,130.JPG,130_binary.PNG,train,1,0,benign,train,train_internal,data/processed/MMOTU_OTU_2D_experimental/train/images/130.JPG,data/processed/MMOTU_OTU_2D_experimental/train/masks/130_binary.PNG
1027,1027.JPG,1027_binary.PNG,train,0,0,benign,train,train_internal,data/processed/MMOTU_OTU_2D_experimental/train/images/1027.JPG,data/processed/MMOTU_OTU_2D_experimental/train/masks/1027_binary.PNG
746,746.JPG,746_binary.PNG,train,2,0,benign,train,train_internal,data/processed/MMOTU_OTU_2D_experimental/train/images/746.JPG,data/processed/MMOTU_OTU_2D_experimental/train/masks/746_binary.PNG
1456,1456.JPG,1456_binary.PNG,train,7,1,malignant,train,train_internal,data/processed/MMOTU_OTU_2D_experimental/train/images/1456.JPG,data/processed/MMOTU_OTU_2D_experimental/train/masks/1456_binary.PNG
959,959.JPG,959_binary.PNG,train,5,0,benign,train,train_internal,data/processed/MMOTU_OTU_2D_experimental/train/images/959.JPG,data/processed/MMOTU_OTU_2D_experimental/train/masks/959_binary.PNG
1434,1434.JPG,1434_binary.PNG,train,7,1,malignant,train,train_internal,data/processed/MMOTU_OTU_2D_experimental/train/images/1434.JPG,data/processed/MMOTU_OTU_2D_experimental/train/masks/1434_binary.PNG
996,996.JPG,996_binary.PNG,train,2,0,benign,train,train_internal,data/processed/MMOTU_OTU_2D_experimental/train/images/996.JPG,data/processed/MMOTU_OTU_2D_experimental/train/masks/996_binary.PNG
426,426.JPG,426_binary.PNG,train,3,0,benign,train,train_internal,data/processed/MMOTU_OTU_2D_experimental/train/images/426.JPG,data/processed/MMOTU_OTU_2D_experimental/train/masks/426_binary.PNG
1051,1051.JPG,1051_binary.PNG,train,1,0,benign,train,train_internal,data/processed/MMOTU_OTU_2D_experimental/train/images/1051.JPG,data/processed/MMOTU_OTU_2D_experimental/train/masks/1051_binary.PNG
1281,1281.JPG,1281_binary.PNG,train,0,0,benign,train,train_internal,data/processed/MMOTU_OTU_2D_experimental/train/images/1281.JPG,data/processed/MMOTU_OTU_2D_experimental/train/masks/1281_binary.PNG
795,795.JPG,795_binary.PNG,train,6,1,malignant,train,train_internal,data/processed/MMOTU_OTU_2D_experimental/train/images/795.JPG,data/processed/MMOTU_OTU_2D_experimental/train/masks/795_binary.PNG
197,197.JPG,197_binary.PNG,train,0,0,benign,train,train_internal,data/processed/MMOTU_OTU_2D_experimental/train/images/197.JPG,data/processed/MMOTU_OTU_2D_experimental/train/masks/197_binary.PNG
247,247.JPG,247_binary.PNG,train,5,0,benign,train,train_internal,data/processed/MMOTU_OTU_2D_experimental/train/images/247.JPG,data/processed/MMOTU_OTU_2D_experimental/train/masks/247_binary.PNG
995,995.JPG,995_binary.PNG,train,5,0,benign,train,train_internal,data/processed/MMOTU_OTU_2D_experimental/train/images/995.JPG,data/processed/MMOTU_OTU_2D_experimental/train/masks/995_binary.PNG
62,62.JPG,62_binary.PNG,train,1,0,benign,train,train_internal,data/processed/MMOTU_OTU_2D_experimental/train/images/62.JPG,data/processed/MMOTU_OTU_2D_experimental/train/masks/62_binary.PNG
986,986.JPG,986_binary.PNG,train,3,0,benign,train,train_internal,data/processed/MMOTU_OTU_2D_experimental/train/images/986.JPG,data/processed/MMOTU_OTU_2D_experimental/train/masks/986_binary.PNG
654,654.JPG,654_binary.PNG,train,2,0,benign,train,train_internal,data/processed/MMOTU_OTU_2D_experimental/train/images/654.JPG,data/processed/MMOTU_OTU_2D_experimental/train/masks/654_binary.PNG
715,715.JPG,715_binary.PNG,train,0,0,benign,train,train_internal,data/processed/MMOTU_OTU_2D_experimental/train/images/715.JPG,data/processed/MMOTU_OTU_2D_experimental/train/masks/715_binary.PNG
1415,1415.JPG,1415_binary.PNG,train,4,0,benign,train,train_internal,data/processed/MMOTU_OTU_2D_experimental/train/images/1415.JPG,data/processed/MMOTU_OTU_2D_experimental/train/masks/1415_binary.PNG
1457,1457.JPG,1457_binary.PNG,train,7,1,malignant,train,train_internal,data/processed/MMOTU_OTU_2D_experimental/train/images/1457.JPG,data/processed/MMOTU_OTU_2D_experimental/train/masks/1457_binary.PNG
459,459.JPG,459_binary.PNG,train,1,0,benign,train,train_internal,data/processed/MMOTU_OTU_2D_experimental/train/images/459.JPG,data/processed/MMOTU_OTU_2D_experimental/train/masks/459_binary.PNG
1227,1227.JPG,1227_binary.PNG,train,2,0,benign,train,train_internal,data/processed/MMOTU_OTU_2D_experimental/train/images/1227.JPG,data/processed/MMOTU_OTU_2D_experimental/train/masks/1227_binary.PNG
204,204.JPG,204_binary.PNG,train,5,0,benign,train,train_internal,data/processed/MMOTU_OTU_2D_experimental/train/images/204.JPG,data/processed/MMOTU_OTU_2D_experimental/train/masks/204_binary.PNG
1395,1395.JPG,1395_binary.PNG,train,2,0,benign,train,train_internal,data/processed/MMOTU_OTU_2D_experimental/train/images/1395.JPG,data/processed/MMOTU_OTU_2D_experimental/train/masks/1395_binary.PNG
213,213.JPG,213_binary.PNG,train,6,1,malignant,train,train_internal,data/processed/MMOTU_OTU_2D_experimental/train/images/213.JPG,data/processed/MMOTU_OTU_2D_experimental/train/masks/213_binary.PNG
928,928.JPG,928_binary.PNG,train,2,0,benign,train,train_internal,data/processed/MMOTU_OTU_2D_experimental/train/images/928.JPG,data/processed/MMOTU_OTU_2D_experimental/train/masks/928_binary.PNG
279,279.JPG,279_binary.PNG,train,6,1,malignant,train,train_internal,data/processed/MMOTU_OTU_2D_experimental/train/images/279.JPG,data/processed/MMOTU_OTU_2D_experimental/train/masks/279_binary.PNG
1290,1290.JPG,1290_binary.PNG,train,1,0,benign,train,train_internal,data/processed/MMOTU_OTU_2D_experimental/train/images/1290.JPG,data/processed/MMOTU_OTU_2D_experimental/train/masks/1290_binary.PNG
318,318.JPG,318_binary.PNG,train,1,0,benign,train,train_internal,data/processed/MMOTU_OTU_2D_experimental/train/images/318.JPG,data/processed/MMOTU_OTU_2D_experimental/train/masks/318_binary.PNG
977,977.JPG,977_binary.PNG,train,3,0,benign,train,train_internal,data/processed/MMOTU_OTU_2D_experimental/train/images/977.JPG,data/processed/MMOTU_OTU_2D_experimental/train/masks/977_binary.PNG
41,41.JPG,41_binary.PNG,train,0,0,benign,train,train_internal,data/processed/MMOTU_OTU_2D_experimental/train/images/41.JPG,data/processed/MMOTU_OTU_2D_experimental/train/masks/41_binary.PNG
317,317.JPG,317_binary.PNG,train,1,0,benign,train,train_internal,data/processed/MMOTU_OTU_2D_experimental/train/images/317.JPG,data/processed/MMOTU_OTU_2D_experimental/train/masks/317_binary.PNG
465,465.JPG,465_binary.PNG,train,2,0,benign,train,train_internal,data/processed/MMOTU_OTU_2D_experimental/train/images/465.JPG,data/processed/MMOTU_OTU_2D_experimental/train/masks/465_binary.PNG
1447,1447.JPG,1447_binary.PNG,train,7,1,malignant,train,train_internal,data/processed/MMOTU_OTU_2D_experimental/train/images/1447.JPG,data/processed/MMOTU_OTU_2D_experimental/train/masks/1447_binary.PNG
827,827.JPG,827_binary.PNG,train,2,0,benign,train,train_internal,data/processed/MMOTU_OTU_2D_experimental/train/images/827.JPG,data/processed/MMOTU_OTU_2D_experimental/train/masks/827_binary.PNG
481,481.JPG,481_binary.PNG,train,0,0,benign,train,train_internal,data/processed/MMOTU_OTU_2D_experimental/train/images/481.JPG,data/processed/MMOTU_OTU_2D_experimental/train/masks/481_binary.PNG
1441,1441.JPG,1441_binary.PNG,train,7,1,malignant,train,train_internal,data/processed/MMOTU_OTU_2D_experimental/train/images/1441.JPG,data/processed/MMOTU_OTU_2D_experimental/train/masks/1441_binary.PNG
1321,1321.JPG,1321_binary.PNG,train,6,1,malignant,train,train_internal,data/processed/MMOTU_OTU_2D_experimental/train/images/1321.JPG,data/processed/MMOTU_OTU_2D_experimental/train/masks/1321_binary.PNG
92,92.JPG,92_binary.PNG,train,1,0,benign,train,train_internal,data/processed/MMOTU_OTU_2D_experimental/train/images/92.JPG,data/processed/MMOTU_OTU_2D_experimental/train/masks/92_binary.PNG
419,419.JPG,419_binary.PNG,train,1,0,benign,train,train_internal,data/processed/MMOTU_OTU_2D_experimental/train/images/419.JPG,data/processed/MMOTU_OTU_2D_experimental/train/masks/419_binary.PNG
486,486.JPG,486_binary.PNG,train,2,0,benign,train,train_internal,data/processed/MMOTU_OTU_2D_experimental/train/images/486.JPG,data/processed/MMOTU_OTU_2D_experimental/train/masks/486_binary.PNG
914,914.JPG,914_binary.PNG,train,5,0,benign,train,train_internal,data/processed/MMOTU_OTU_2D_experimental/train/images/914.JPG,data/processed/MMOTU_OTU_2D_experimental/train/masks/914_binary.PNG
1216,1216.JPG,1216_binary.PNG,train,0,0,benign,train,train_internal,data/processed/MMOTU_OTU_2D_experimental/train/images/1216.JPG,data/processed/MMOTU_OTU_2D_experimental/train/masks/1216_binary.PNG
341,341.JPG,341_binary.PNG,train,1,0,benign,train,train_internal,data/processed/MMOTU_OTU_2D_experimental/train/images/341.JPG,data/processed/MMOTU_OTU_2D_experimental/train/masks/341_binary.PNG
781,781.JPG,781_binary.PNG,train,0,0,benign,train,train_internal,data/processed/MMOTU_OTU_2D_experimental/train/images/781.JPG,data/processed/MMOTU_OTU_2D_experimental/train/masks/781_binary.PNG
1194,1194.JPG,1194_binary.PNG,train,6,1,malignant,train,train_internal,data/processed/MMOTU_OTU_2D_experimental/train/images/1194.JPG,data/processed/MMOTU_OTU_2D_experimental/train/masks/1194_binary.PNG
1251,1251.JPG,1251_binary.PNG,train,0,0,benign,train,train_internal,data/processed/MMOTU_OTU_2D_experimental/train/images/1251.JPG,data/processed/MMOTU_OTU_2D_experimental/train/masks/1251_binary.PNG
491,491.JPG,491_binary.PNG,train,1,0,benign,train,train_internal,data/processed/MMOTU_OTU_2D_experimental/train/images/491.JPG,data/processed/MMOTU_OTU_2D_experimental/train/masks/491_binary.PNG
1283,1283.JPG,1283_binary.PNG,train,0,0,benign,train,train_internal,data/processed/MMOTU_OTU_2D_experimental/train/images/1283.JPG,data/processed/MMOTU_OTU_2D_experimental/train/masks/1283_binary.PNG
1312,1312.JPG,1312_binary.PNG,train,2,0,benign,train,train_internal,data/processed/MMOTU_OTU_2D_experimental/train/images/1312.JPG,data/processed/MMOTU_OTU_2D_experimental/train/masks/1312_binary.PNG
562,562.JPG,562_binary.PNG,train,6,1,malignant,train,train_internal,data/processed/MMOTU_OTU_2D_experimental/train/images/562.JPG,data/processed/MMOTU_OTU_2D_experimental/train/masks/562_binary.PNG
259,259.JPG,259_binary.PNG,train,2,0,benign,train,train_internal,data/processed/MMOTU_OTU_2D_experimental/train/images/259.JPG,data/processed/MMOTU_OTU_2D_experimental/train/masks/259_binary.PNG
628,628.JPG,628_binary.PNG,train,3,0,benign,train,train_internal,data/processed/MMOTU_OTU_2D_experimental/train/images/628.JPG,data/processed/MMOTU_OTU_2D_experimental/train/masks/628_binary.PNG
1449,1449.JPG,1449_binary.PNG,train,7,1,malignant,train,train_internal,data/processed/MMOTU_OTU_2D_experimental/train/images/1449.JPG,data/processed/MMOTU_OTU_2D_experimental/train/masks/1449_binary.PNG
1423,1423.JPG,1423_binary.PNG,train,7,1,malignant,train,train_internal,data/processed/MMOTU_OTU_2D_experimental/train/images/1423.JPG,data/processed/MMOTU_OTU_2D_experimental/train/masks/1423_binary.PNG
999,999.JPG,999_binary.PNG,train,2,0,benign,train,train_internal,data/processed/MMOTU_OTU_2D_experimental/train/images/999.JPG,data/processed/MMOTU_OTU_2D_experimental/train/masks/999_binary.PNG
840,840.JPG,840_binary.PNG,train,2,0,benign,train,train_internal,data/processed/MMOTU_OTU_2D_experimental/train/images/840.JPG,data/processed/MMOTU_OTU_2D_experimental/train/masks/840_binary.PNG
398,398.JPG,398_binary.PNG,train,4,0,benign,train,train_internal,data/processed/MMOTU_OTU_2D_experimental/train/images/398.JPG,data/processed/MMOTU_OTU_2D_experimental/train/masks/398_binary.PNG
1006,1006.JPG,1006_binary.PNG,train,0,0,benign,train,train_internal,data/processed/MMOTU_OTU_2D_experimental/train/images/1006.JPG,data/processed/MMOTU_OTU_2D_experimental/train/masks/1006_binary.PNG
1399,1399.JPG,1399_binary.PNG,train,5,0,benign,train,train_internal,data/processed/MMOTU_OTU_2D_experimental/train/images/1399.JPG,data/processed/MMOTU_OTU_2D_experimental/train/masks/1399_binary.PNG
110,110.JPG,110_binary.PNG,train,4,0,benign,train,train_internal,data/processed/MMOTU_OTU_2D_experimental/train/images/110.JPG,data/processed/MMOTU_OTU_2D_experimental/train/masks/110_binary.PNG
1313,1313.JPG,1313_binary.PNG,train,2,0,benign,train,train_internal,data/processed/MMOTU_OTU_2D_experimental/train/images/1313.JPG,data/processed/MMOTU_OTU_2D_experimental/train/masks/1313_binary.PNG
642,642.JPG,642_binary.PNG,train,0,0,benign,train,train_internal,data/processed/MMOTU_OTU_2D_experimental/train/images/642.JPG,data/processed/MMOTU_OTU_2D_experimental/train/masks/642_binary.PNG
56,56.JPG,56_binary.PNG,train,2,0,benign,train,train_internal,data/processed/MMOTU_OTU_2D_experimental/train/images/56.JPG,data/processed/MMOTU_OTU_2D_experimental/train/masks/56_binary.PNG
1250,1250.JPG,1250_binary.PNG,train,0,0,benign,train,train_internal,data/processed/MMOTU_OTU_2D_experimental/train/images/1250.JPG,data/processed/MMOTU_OTU_2D_experimental/train/masks/1250_binary.PNG
1213,1213.JPG,1213_binary.PNG,train,0,0,benign,train,train_internal,data/processed/MMOTU_OTU_2D_experimental/train/images/1213.JPG,data/processed/MMOTU_OTU_2D_experimental/train/masks/1213_binary.PNG
830,830.JPG,830_binary.PNG,train,6,1,malignant,train,train_internal,data/processed/MMOTU_OTU_2D_experimental/train/images/830.JPG,data/processed/MMOTU_OTU_2D_experimental/train/masks/830_binary.PNG
851,851.JPG,851_binary.PNG,train,4,0,benign,train,train_internal,data/processed/MMOTU_OTU_2D_experimental/train/images/851.JPG,data/processed/MMOTU_OTU_2D_experimental/train/masks/851_binary.PNG
1379,1379.JPG,1379_binary.PNG,train,1,0,benign,train,train_internal,data/processed/MMOTU_OTU_2D_experimental/train/images/1379.JPG,data/processed/MMOTU_OTU_2D_experimental/train/masks/1379_binary.PNG
342,342.JPG,342_binary.PNG,train,1,0,benign,train,train_internal,data/processed/MMOTU_OTU_2D_experimental/train/images/342.JPG,data/processed/MMOTU_OTU_2D_experimental/train/masks/342_binary.PNG
304,304.JPG,304_binary.PNG,train,1,0,benign,train,train_internal,data/processed/MMOTU_OTU_2D_experimental/train/images/304.JPG,data/processed/MMOTU_OTU_2D_experimental/train/masks/304_binary.PNG
1300,1300.JPG,1300_binary.PNG,train,0,0,benign,train,train_internal,data/processed/MMOTU_OTU_2D_experimental/train/images/1300.JPG,data/processed/MMOTU_OTU_2D_experimental/train/masks/1300_binary.PNG
866,866.JPG,866_binary.PNG,train,1,0,benign,train,train_internal,data/processed/MMOTU_OTU_2D_experimental/train/images/866.JPG,data/processed/MMOTU_OTU_2D_experimental/train/masks/866_binary.PNG
1107,1107.JPG,1107_binary.PNG,train,2,0,benign,train,train_internal,data/processed/MMOTU_OTU_2D_experimental/train/images/1107.JPG,data/processed/MMOTU_OTU_2D_experimental/train/masks/1107_binary.PNG
1272,1272.JPG,1272_binary.PNG,train,1,0,benign,train,train_internal,data/processed/MMOTU_OTU_2D_experimental/train/images/1272.JPG,data/processed/MMOTU_OTU_2D_experimental/train/masks/1272_binary.PNG
1287,1287.JPG,1287_binary.PNG,train,0,0,benign,train,train_internal,data/processed/MMOTU_OTU_2D_experimental/train/images/1287.JPG,data/processed/MMOTU_OTU_2D_experimental/train/masks/1287_binary.PNG
66,66.JPG,66_binary.PNG,train,2,0,benign,train,train_internal,data/processed/MMOTU_OTU_2D_experimental/train/images/66.JPG,data/processed/MMOTU_OTU_2D_experimental/train/masks/66_binary.PNG
1280,1280.JPG,1280_binary.PNG,train,0,0,benign,train,train_internal,data/processed/MMOTU_OTU_2D_experimental/train/images/1280.JPG,data/processed/MMOTU_OTU_2D_experimental/train/masks/1280_binary.PNG
1069,1069.JPG,1069_binary.PNG,train,5,0,benign,train,train_internal,data/processed/MMOTU_OTU_2D_experimental/train/images/1069.JPG,data/processed/MMOTU_OTU_2D_experimental/train/masks/1069_binary.PNG
1141,1141.JPG,1141_binary.PNG,train,0,0,benign,train,train_internal,data/processed/MMOTU_OTU_2D_experimental/train/images/1141.JPG,data/processed/MMOTU_OTU_2D_experimental/train/masks/1141_binary.PNG
1293,1293.JPG,1293_binary.PNG,train,1,0,benign,train,train_internal,data/processed/MMOTU_OTU_2D_experimental/train/images/1293.JPG,data/processed/MMOTU_OTU_2D_experimental/train/masks/1293_binary.PNG
1099,1099.JPG,1099_binary.PNG,train,4,0,benign,train,train_internal,data/processed/MMOTU_OTU_2D_experimental/train/images/1099.JPG,data/processed/MMOTU_OTU_2D_experimental/train/masks/1099_binary.PNG
1087,1087.JPG,1087_binary.PNG,train,2,0,benign,train,train_internal,data/processed/MMOTU_OTU_2D_experimental/train/images/1087.JPG,data/processed/MMOTU_OTU_2D_experimental/train/masks/1087_binary.PNG
61,61.JPG,61_binary.PNG,train,1,0,benign,train,train_internal,data/processed/MMOTU_OTU_2D_experimental/train/images/61.JPG,data/processed/MMOTU_OTU_2D_experimental/train/masks/61_binary.PNG
824,824.JPG,824_binary.PNG,train,0,0,benign,train,train_internal,data/processed/MMOTU_OTU_2D_experimental/train/images/824.JPG,data/processed/MMOTU_OTU_2D_experimental/train/masks/824_binary.PNG
1372,1372.JPG,1372_binary.PNG,train,2,0,benign,train,train_internal,data/processed/MMOTU_OTU_2D_experimental/train/images/1372.JPG,data/processed/MMOTU_OTU_2D_experimental/train/masks/1372_binary.PNG
199,199.JPG,199_binary.PNG,train,0,0,benign,train,train_internal,data/processed/MMOTU_OTU_2D_experimental/train/images/199.JPG,data/processed/MMOTU_OTU_2D_experimental/train/masks/199_binary.PNG
447,447.JPG,447_binary.PNG,train,0,0,benign,train,train_internal,data/processed/MMOTU_OTU_2D_experimental/train/images/447.JPG,data/processed/MMOTU_OTU_2D_experimental/train/masks/447_binary.PNG
285,285.JPG,285_binary.PNG,train,5,0,benign,train,train_internal,data/processed/MMOTU_OTU_2D_experimental/train/images/285.JPG,data/processed/MMOTU_OTU_2D_experimental/train/masks/285_binary.PNG
277,277.JPG,277_binary.PNG,train,6,1,malignant,train,train_internal,data/processed/MMOTU_OTU_2D_experimental/train/images/277.JPG,data/processed/MMOTU_OTU_2D_experimental/train/masks/277_binary.PNG
1207,1207.JPG,1207_binary.PNG,train,0,0,benign,train,train_internal,data/processed/MMOTU_OTU_2D_experimental/train/images/1207.JPG,data/processed/MMOTU_OTU_2D_experimental/train/masks/1207_binary.PNG
369,369.JPG,369_binary.PNG,train,3,0,benign,train,train_internal,data/processed/MMOTU_OTU_2D_experimental/train/images/369.JPG,data/processed/MMOTU_OTU_2D_experimental/train/masks/369_binary.PNG
503,503.JPG,503_binary.PNG,train,5,0,benign,train,train_internal,data/processed/MMOTU_OTU_2D_experimental/train/images/503.JPG,data/processed/MMOTU_OTU_2D_experimental/train/masks/503_binary.PNG
734,734.JPG,734_binary.PNG,train,0,0,benign,train,train_internal,data/processed/MMOTU_OTU_2D_experimental/train/images/734.JPG,data/processed/MMOTU_OTU_2D_experimental/train/masks/734_binary.PNG
1249,1249.JPG,1249_binary.PNG,train,0,0,benign,train,train_internal,data/processed/MMOTU_OTU_2D_experimental/train/images/1249.JPG,data/processed/MMOTU_OTU_2D_experimental/train/masks/1249_binary.PNG
103,103.JPG,103_binary.PNG,train,1,0,benign,train,train_internal,data/processed/MMOTU_OTU_2D_experimental/train/images/103.JPG,data/processed/MMOTU_OTU_2D_experimental/train/masks/103_binary.PNG
1294,1294.JPG,1294_binary.PNG,train,4,0,benign,train,train_internal,data/processed/MMOTU_OTU_2D_experimental/train/images/1294.JPG,data/processed/MMOTU_OTU_2D_experimental/train/masks/1294_binary.PNG
483,483.JPG,483_binary.PNG,train,5,0,benign,train,train_internal,data/processed/MMOTU_OTU_2D_experimental/train/images/483.JPG,data/processed/MMOTU_OTU_2D_experimental/train/masks/483_binary.PNG
338,338.JPG,338_binary.PNG,train,1,0,benign,train,train_internal,data/processed/MMOTU_OTU_2D_experimental/train/images/338.JPG,data/processed/MMOTU_OTU_2D_experimental/train/masks/338_binary.PNG
79,79.JPG,79_binary.PNG,train,0,0,benign,train,train_internal,data/processed/MMOTU_OTU_2D_experimental/train/images/79.JPG,data/processed/MMOTU_OTU_2D_experimental/train/masks/79_binary.PNG
1414,1414.JPG,1414_binary.PNG,train,2,0,benign,train,train_internal,data/processed/MMOTU_OTU_2D_experimental/train/images/1414.JPG,data/processed/MMOTU_OTU_2D_experimental/train/masks/1414_binary.PNG
728,728.JPG,728_binary.PNG,train,1,0,benign,train,train_internal,data/processed/MMOTU_OTU_2D_experimental/train/images/728.JPG,data/processed/MMOTU_OTU_2D_experimental/train/masks/728_binary.PNG
958,958.JPG,958_binary.PNG,train,5,0,benign,train,train_internal,data/processed/MMOTU_OTU_2D_experimental/train/images/958.JPG,data/processed/MMOTU_OTU_2D_experimental/train/masks/958_binary.PNG
1151,1151.JPG,1151_binary.PNG,train,3,0,benign,train,train_internal,data/processed/MMOTU_OTU_2D_experimental/train/images/1151.JPG,data/processed/MMOTU_OTU_2D_experimental/train/masks/1151_binary.PNG
1037,1037.JPG,1037_binary.PNG,train,0,0,benign,train,train_internal,data/processed/MMOTU_OTU_2D_experimental/train/images/1037.JPG,data/processed/MMOTU_OTU_2D_experimental/train/masks/1037_binary.PNG
559,559.JPG,559_binary.PNG,train,2,0,benign,train,train_internal,data/processed/MMOTU_OTU_2D_experimental/train/images/559.JPG,data/processed/MMOTU_OTU_2D_experimental/train/masks/559_binary.PNG
116,116.JPG,116_binary.PNG,train,5,0,benign,train,train_internal,data/processed/MMOTU_OTU_2D_experimental/train/images/116.JPG,data/processed/MMOTU_OTU_2D_experimental/train/masks/116_binary.PNG
831,831.JPG,831_binary.PNG,train,6,1,malignant,train,train_internal,data/processed/MMOTU_OTU_2D_experimental/train/images/831.JPG,data/processed/MMOTU_OTU_2D_experimental/train/masks/831_binary.PNG
1168,1168.JPG,1168_binary.PNG,train,0,0,benign,train,train_internal,data/processed/MMOTU_OTU_2D_experimental/train/images/1168.JPG,data/processed/MMOTU_OTU_2D_experimental/train/masks/1168_binary.PNG
500,500.JPG,500_binary.PNG,train,4,0,benign,train,train_internal,data/processed/MMOTU_OTU_2D_experimental/train/images/500.JPG,data/processed/MMOTU_OTU_2D_experimental/train/masks/500_binary.PNG
540,540.JPG,540_binary.PNG,train,0,0,benign,train,train_internal,data/processed/MMOTU_OTU_2D_experimental/train/images/540.JPG,data/processed/MMOTU_OTU_2D_experimental/train/masks/540_binary.PNG
109,109.JPG,109_binary.PNG,train,4,0,benign,train,train_internal,data/processed/MMOTU_OTU_2D_experimental/train/images/109.JPG,data/processed/MMOTU_OTU_2D_experimental/train/masks/109_binary.PNG
311,311.JPG,311_binary.PNG,train,4,0,benign,train,train_internal,data/processed/MMOTU_OTU_2D_experimental/train/images/311.JPG,data/processed/MMOTU_OTU_2D_experimental/train/masks/311_binary.PNG
1154,1154.JPG,1154_binary.PNG,train,2,0,benign,train,train_internal,data/processed/MMOTU_OTU_2D_experimental/train/images/1154.JPG,data/processed/MMOTU_OTU_2D_experimental/train/masks/1154_binary.PNG
243,243.JPG,243_binary.PNG,train,5,0,benign,train,train_internal,data/processed/MMOTU_OTU_2D_experimental/train/images/243.JPG,data/processed/MMOTU_OTU_2D_experimental/train/masks/243_binary.PNG
997,997.JPG,997_binary.PNG,train,2,0,benign,train,train_internal,data/processed/MMOTU_OTU_2D_experimental/train/images/997.JPG,data/processed/MMOTU_OTU_2D_experimental/train/masks/997_binary.PNG
1437,1437.JPG,1437_binary.PNG,train,7,1,malignant,train,train_internal,data/processed/MMOTU_OTU_2D_experimental/train/images/1437.JPG,data/processed/MMOTU_OTU_2D_experimental/train/masks/1437_binary.PNG
171,171.JPG,171_binary.PNG,train,2,0,benign,train,train_internal,data/processed/MMOTU_OTU_2D_experimental/train/images/171.JPG,data/processed/MMOTU_OTU_2D_experimental/train/masks/171_binary.PNG
561,561.JPG,561_binary.PNG,train,6,1,malignant,train,train_internal,data/processed/MMOTU_OTU_2D_experimental/train/images/561.JPG,data/processed/MMOTU_OTU_2D_experimental/train/masks/561_binary.PNG
128,128.JPG,128_binary.PNG,train,5,0,benign,train,train_internal,data/processed/MMOTU_OTU_2D_experimental/train/images/128.JPG,data/processed/MMOTU_OTU_2D_experimental/train/masks/128_binary.PNG
308,308.JPG,308_binary.PNG,train,2,0,benign,train,train_internal,data/processed/MMOTU_OTU_2D_experimental/train/images/308.JPG,data/processed/MMOTU_OTU_2D_experimental/train/masks/308_binary.PNG
347,347.JPG,347_binary.PNG,train,2,0,benign,validation,val_internal,data/processed/MMOTU_OTU_2D_experimental/validation/images/347.JPG,data/processed/MMOTU_OTU_2D_experimental/validation/masks/347_binary.PNG
1353,1353.JPG,1353_binary.PNG,train,1,0,benign,validation,val_internal,data/processed/MMOTU_OTU_2D_experimental/validation/images/1353.JPG,data/processed/MMOTU_OTU_2D_experimental/validation/masks/1353_binary.PNG
1119,1119.JPG,1119_binary.PNG,train,1,0,benign,validation,val_internal,data/processed/MMOTU_OTU_2D_experimental/validation/images/1119.JPG,data/processed/MMOTU_OTU_2D_experimental/validation/masks/1119_binary.PNG
651,651.JPG,651_binary.PNG,train,5,0,benign,validation,val_internal,data/processed/MMOTU_OTU_2D_experimental/validation/images/651.JPG,data/processed/MMOTU_OTU_2D_experimental/validation/masks/651_binary.PNG
324,324.JPG,324_binary.PNG,train,1,0,benign,validation,val_internal,data/processed/MMOTU_OTU_2D_experimental/validation/images/324.JPG,data/processed/MMOTU_OTU_2D_experimental/validation/masks/324_binary.PNG
404,404.JPG,404_binary.PNG,train,1,0,benign,validation,val_internal,data/processed/MMOTU_OTU_2D_experimental/validation/images/404.JPG,data/processed/MMOTU_OTU_2D_experimental/validation/masks/404_binary.PNG
1090,1090.JPG,1090_binary.PNG,train,6,1,malignant,validation,val_internal,data/processed/MMOTU_OTU_2D_experimental/validation/images/1090.JPG,data/processed/MMOTU_OTU_2D_experimental/validation/masks/1090_binary.PNG
1160,1160.JPG,1160_binary.PNG,train,0,0,benign,validation,val_internal,data/processed/MMOTU_OTU_2D_experimental/validation/images/1160.JPG,data/processed/MMOTU_OTU_2D_experimental/validation/masks/1160_binary.PNG
650,650.JPG,650_binary.PNG,train,5,0,benign,validation,val_internal,data/processed/MMOTU_OTU_2D_experimental/validation/images/650.JPG,data/processed/MMOTU_OTU_2D_experimental/validation/masks/650_binary.PNG
239,239.JPG,239_binary.PNG,train,0,0,benign,validation,val_internal,data/processed/MMOTU_OTU_2D_experimental/validation/images/239.JPG,data/processed/MMOTU_OTU_2D_experimental/validation/masks/239_binary.PNG
91,91.JPG,91_binary.PNG,train,1,0,benign,validation,val_internal,data/processed/MMOTU_OTU_2D_experimental/validation/images/91.JPG,data/processed/MMOTU_OTU_2D_experimental/validation/masks/91_binary.PNG
330,330.JPG,330_binary.PNG,train,0,0,benign,validation,val_internal,data/processed/MMOTU_OTU_2D_experimental/validation/images/330.JPG,data/processed/MMOTU_OTU_2D_experimental/validation/masks/330_binary.PNG
755,755.JPG,755_binary.PNG,train,2,0,benign,validation,val_internal,data/processed/MMOTU_OTU_2D_experimental/validation/images/755.JPG,data/processed/MMOTU_OTU_2D_experimental/validation/masks/755_binary.PNG
1022,1022.JPG,1022_binary.PNG,train,2,0,benign,validation,val_internal,data/processed/MMOTU_OTU_2D_experimental/validation/images/1022.JPG,data/processed/MMOTU_OTU_2D_experimental/validation/masks/1022_binary.PNG
22,22.JPG,22_binary.PNG,train,6,1,malignant,validation,val_internal,data/processed/MMOTU_OTU_2D_experimental/validation/images/22.JPG,data/processed/MMOTU_OTU_2D_experimental/validation/masks/22_binary.PNG
17,17.JPG,17_binary.PNG,train,0,0,benign,validation,val_internal,data/processed/MMOTU_OTU_2D_experimental/validation/images/17.JPG,data/processed/MMOTU_OTU_2D_experimental/validation/masks/17_binary.PNG
633,633.JPG,633_binary.PNG,train,5,0,benign,validation,val_internal,data/processed/MMOTU_OTU_2D_experimental/validation/images/633.JPG,data/processed/MMOTU_OTU_2D_experimental/validation/masks/633_binary.PNG
455,455.JPG,455_binary.PNG,train,1,0,benign,validation,val_internal,data/processed/MMOTU_OTU_2D_experimental/validation/images/455.JPG,data/processed/MMOTU_OTU_2D_experimental/validation/masks/455_binary.PNG
1256,1256.JPG,1256_binary.PNG,train,1,0,benign,validation,val_internal,data/processed/MMOTU_OTU_2D_experimental/validation/images/1256.JPG,data/processed/MMOTU_OTU_2D_experimental/validation/masks/1256_binary.PNG
413,413.JPG,413_binary.PNG,train,6,1,malignant,validation,val_internal,data/processed/MMOTU_OTU_2D_experimental/validation/images/413.JPG,data/processed/MMOTU_OTU_2D_experimental/validation/masks/413_binary.PNG
1016,1016.JPG,1016_binary.PNG,train,2,0,benign,validation,val_internal,data/processed/MMOTU_OTU_2D_experimental/validation/images/1016.JPG,data/processed/MMOTU_OTU_2D_experimental/validation/masks/1016_binary.PNG
885,885.JPG,885_binary.PNG,train,0,0,benign,validation,val_internal,data/processed/MMOTU_OTU_2D_experimental/validation/images/885.JPG,data/processed/MMOTU_OTU_2D_experimental/validation/masks/885_binary.PNG
1178,1178.JPG,1178_binary.PNG,train,5,0,benign,validation,val_internal,data/processed/MMOTU_OTU_2D_experimental/validation/images/1178.JPG,data/processed/MMOTU_OTU_2D_experimental/validation/masks/1178_binary.PNG
13,13.JPG,13_binary.PNG,train,0,0,benign,validation,val_internal,data/processed/MMOTU_OTU_2D_experimental/validation/images/13.JPG,data/processed/MMOTU_OTU_2D_experimental/validation/masks/13_binary.PNG
673,673.JPG,673_binary.PNG,train,0,0,benign,validation,val_internal,data/processed/MMOTU_OTU_2D_experimental/validation/images/673.JPG,data/processed/MMOTU_OTU_2D_experimental/validation/masks/673_binary.PNG
1056,1056.JPG,1056_binary.PNG,train,2,0,benign,validation,val_internal,data/processed/MMOTU_OTU_2D_experimental/validation/images/1056.JPG,data/processed/MMOTU_OTU_2D_experimental/validation/masks/1056_binary.PNG
619,619.JPG,619_binary.PNG,train,1,0,benign,validation,val_internal,data/processed/MMOTU_OTU_2D_experimental/validation/images/619.JPG,data/processed/MMOTU_OTU_2D_experimental/validation/masks/619_binary.PNG
1007,1007.JPG,1007_binary.PNG,train,0,0,benign,validation,val_internal,data/processed/MMOTU_OTU_2D_experimental/validation/images/1007.JPG,data/processed/MMOTU_OTU_2D_experimental/validation/masks/1007_binary.PNG
29,29.JPG,29_binary.PNG,train,0,0,benign,validation,val_internal,data/processed/MMOTU_OTU_2D_experimental/validation/images/29.JPG,data/processed/MMOTU_OTU_2D_experimental/validation/masks/29_binary.PNG
1077,1077.JPG,1077_binary.PNG,train,2,0,benign,validation,val_internal,data/processed/MMOTU_OTU_2D_experimental/validation/images/1077.JPG,data/processed/MMOTU_OTU_2D_experimental/validation/masks/1077_binary.PNG
489,489.JPG,489_binary.PNG,train,2,0,benign,validation,val_internal,data/processed/MMOTU_OTU_2D_experimental/validation/images/489.JPG,data/processed/MMOTU_OTU_2D_experimental/validation/masks/489_binary.PNG
471,471.JPG,471_binary.PNG,train,0,0,benign,validation,val_internal,data/processed/MMOTU_OTU_2D_experimental/validation/images/471.JPG,data/processed/MMOTU_OTU_2D_experimental/validation/masks/471_binary.PNG
349,349.JPG,349_binary.PNG,train,2,0,benign,validation,val_internal,data/processed/MMOTU_OTU_2D_experimental/validation/images/349.JPG,data/processed/MMOTU_OTU_2D_experimental/validation/masks/349_binary.PNG
1114,1114.JPG,1114_binary.PNG,train,5,0,benign,validation,val_internal,data/processed/MMOTU_OTU_2D_experimental/validation/images/1114.JPG,data/processed/MMOTU_OTU_2D_experimental/validation/masks/1114_binary.PNG
910,910.JPG,910_binary.PNG,train,0,0,benign,validation,val_internal,data/processed/MMOTU_OTU_2D_experimental/validation/images/910.JPG,data/processed/MMOTU_OTU_2D_experimental/validation/masks/910_binary.PNG
843,843.JPG,843_binary.PNG,train,0,0,benign,validation,val_internal,data/processed/MMOTU_OTU_2D_experimental/validation/images/843.JPG,data/processed/MMOTU_OTU_2D_experimental/validation/masks/843_binary.PNG
895,895.JPG,895_binary.PNG,train,6,1,malignant,validation,val_internal,data/processed/MMOTU_OTU_2D_experimental/validation/images/895.JPG,data/processed/MMOTU_OTU_2D_experimental/validation/masks/895_binary.PNG
482,482.JPG,482_binary.PNG,train,5,0,benign,validation,val_internal,data/processed/MMOTU_OTU_2D_experimental/validation/images/482.JPG,data/processed/MMOTU_OTU_2D_experimental/validation/masks/482_binary.PNG
1026,1026.JPG,1026_binary.PNG,train,0,0,benign,validation,val_internal,data/processed/MMOTU_OTU_2D_experimental/validation/images/1026.JPG,data/processed/MMOTU_OTU_2D_experimental/validation/masks/1026_binary.PNG
667,667.JPG,667_binary.PNG,train,1,0,benign,validation,val_internal,data/processed/MMOTU_OTU_2D_experimental/validation/images/667.JPG,data/processed/MMOTU_OTU_2D_experimental/validation/masks/667_binary.PNG
848,848.JPG,848_binary.PNG,train,1,0,benign,validation,val_internal,data/processed/MMOTU_OTU_2D_experimental/validation/images/848.JPG,data/processed/MMOTU_OTU_2D_experimental/validation/masks/848_binary.PNG
215,215.JPG,215_binary.PNG,train,6,1,malignant,validation,val_internal,data/processed/MMOTU_OTU_2D_experimental/validation/images/215.JPG,data/processed/MMOTU_OTU_2D_experimental/validation/masks/215_binary.PNG
510,510.JPG,510_binary.PNG,train,5,0,benign,validation,val_internal,data/processed/MMOTU_OTU_2D_experimental/validation/images/510.JPG,data/processed/MMOTU_OTU_2D_experimental/validation/masks/510_binary.PNG
190,190.JPG,190_binary.PNG,train,0,0,benign,validation,val_internal,data/processed/MMOTU_OTU_2D_experimental/validation/images/190.JPG,data/processed/MMOTU_OTU_2D_experimental/validation/masks/190_binary.PNG
926,926.JPG,926_binary.PNG,train,2,0,benign,validation,val_internal,data/processed/MMOTU_OTU_2D_experimental/validation/images/926.JPG,data/processed/MMOTU_OTU_2D_experimental/validation/masks/926_binary.PNG
6,6.JPG,6_binary.PNG,train,0,0,benign,validation,val_internal,data/processed/MMOTU_OTU_2D_experimental/validation/images/6.JPG,data/processed/MMOTU_OTU_2D_experimental/validation/masks/6_binary.PNG
169,169.JPG,169_binary.PNG,train,2,0,benign,validation,val_internal,data/processed/MMOTU_OTU_2D_experimental/validation/images/169.JPG,data/processed/MMOTU_OTU_2D_experimental/validation/masks/169_binary.PNG
635,635.JPG,635_binary.PNG,train,2,0,benign,validation,val_internal,data/processed/MMOTU_OTU_2D_experimental/validation/images/635.JPG,data/processed/MMOTU_OTU_2D_experimental/validation/masks/635_binary.PNG
946,946.JPG,946_binary.PNG,train,2,0,benign,validation,val_internal,data/processed/MMOTU_OTU_2D_experimental/validation/images/946.JPG,data/processed/MMOTU_OTU_2D_experimental/validation/masks/946_binary.PNG
574,574.JPG,574_binary.PNG,train,5,0,benign,validation,val_internal,data/processed/MMOTU_OTU_2D_experimental/validation/images/574.JPG,data/processed/MMOTU_OTU_2D_experimental/validation/masks/574_binary.PNG
807,807.JPG,807_binary.PNG,train,5,0,benign,validation,val_internal,data/processed/MMOTU_OTU_2D_experimental/validation/images/807.JPG,data/processed/MMOTU_OTU_2D_experimental/validation/masks/807_binary.PNG
196,196.JPG,196_binary.PNG,train,0,0,benign,validation,val_internal,data/processed/MMOTU_OTU_2D_experimental/validation/images/196.JPG,data/processed/MMOTU_OTU_2D_experimental/validation/masks/196_binary.PNG
1296,1296.JPG,1296_binary.PNG,train,0,0,benign,validation,val_internal,data/processed/MMOTU_OTU_2D_experimental/validation/images/1296.JPG,data/processed/MMOTU_OTU_2D_experimental/validation/masks/1296_binary.PNG
1135,1135.JPG,1135_binary.PNG,train,0,0,benign,validation,val_internal,data/processed/MMOTU_OTU_2D_experimental/validation/images/1135.JPG,data/processed/MMOTU_OTU_2D_experimental/validation/masks/1135_binary.PNG
669,669.JPG,669_binary.PNG,train,4,0,benign,validation,val_internal,data/processed/MMOTU_OTU_2D_experimental/validation/images/669.JPG,data/processed/MMOTU_OTU_2D_experimental/validation/masks/669_binary.PNG
135,135.JPG,135_binary.PNG,train,5,0,benign,validation,val_internal,data/processed/MMOTU_OTU_2D_experimental/validation/images/135.JPG,data/processed/MMOTU_OTU_2D_experimental/validation/masks/135_binary.PNG
329,329.JPG,329_binary.PNG,train,0,0,benign,validation,val_internal,data/processed/MMOTU_OTU_2D_experimental/validation/images/329.JPG,data/processed/MMOTU_OTU_2D_experimental/validation/masks/329_binary.PNG
754,754.JPG,754_binary.PNG,train,2,0,benign,validation,val_internal,data/processed/MMOTU_OTU_2D_experimental/validation/images/754.JPG,data/processed/MMOTU_OTU_2D_experimental/validation/masks/754_binary.PNG
869,869.JPG,869_binary.PNG,train,2,0,benign,validation,val_internal,data/processed/MMOTU_OTU_2D_experimental/validation/images/869.JPG,data/processed/MMOTU_OTU_2D_experimental/validation/masks/869_binary.PNG
93,93.JPG,93_binary.PNG,train,1,0,benign,validation,val_internal,data/processed/MMOTU_OTU_2D_experimental/validation/images/93.JPG,data/processed/MMOTU_OTU_2D_experimental/validation/masks/93_binary.PNG
302,302.JPG,302_binary.PNG,train,1,0,benign,validation,val_internal,data/processed/MMOTU_OTU_2D_experimental/validation/images/302.JPG,data/processed/MMOTU_OTU_2D_experimental/validation/masks/302_binary.PNG
151,151.JPG,151_binary.PNG,train,3,0,benign,validation,val_internal,data/processed/MMOTU_OTU_2D_experimental/validation/images/151.JPG,data/processed/MMOTU_OTU_2D_experimental/validation/masks/151_binary.PNG
44,44.JPG,44_binary.PNG,train,4,0,benign,validation,val_internal,data/processed/MMOTU_OTU_2D_experimental/validation/images/44.JPG,data/processed/MMOTU_OTU_2D_experimental/validation/masks/44_binary.PNG
920,920.JPG,920_binary.PNG,train,6,1,malignant,validation,val_internal,data/processed/MMOTU_OTU_2D_experimental/validation/images/920.JPG,data/processed/MMOTU_OTU_2D_experimental/validation/masks/920_binary.PNG
334,334.JPG,334_binary.PNG,train,0,0,benign,validation,val_internal,data/processed/MMOTU_OTU_2D_experimental/validation/images/334.JPG,data/processed/MMOTU_OTU_2D_experimental/validation/masks/334_binary.PNG
814,814.JPG,814_binary.PNG,train,6,1,malignant,validation,val_internal,data/processed/MMOTU_OTU_2D_experimental/validation/images/814.JPG,data/processed/MMOTU_OTU_2D_experimental/validation/masks/814_binary.PNG
1429,1429.JPG,1429_binary.PNG,train,7,1,malignant,validation,val_internal,data/processed/MMOTU_OTU_2D_experimental/validation/images/1429.JPG,data/processed/MMOTU_OTU_2D_experimental/validation/masks/1429_binary.PNG
1005,1005.JPG,1005_binary.PNG,train,5,0,benign,validation,val_internal,data/processed/MMOTU_OTU_2D_experimental/validation/images/1005.JPG,data/processed/MMOTU_OTU_2D_experimental/validation/masks/1005_binary.PNG
1445,1445.JPG,1445_binary.PNG,train,7,1,malignant,validation,val_internal,data/processed/MMOTU_OTU_2D_experimental/validation/images/1445.JPG,data/processed/MMOTU_OTU_2D_experimental/validation/masks/1445_binary.PNG
360,360.JPG,360_binary.PNG,train,3,0,benign,validation,val_internal,data/processed/MMOTU_OTU_2D_experimental/validation/images/360.JPG,data/processed/MMOTU_OTU_2D_experimental/validation/masks/360_binary.PNG
1050,1050.JPG,1050_binary.PNG,train,1,0,benign,validation,val_internal,data/processed/MMOTU_OTU_2D_experimental/validation/images/1050.JPG,data/processed/MMOTU_OTU_2D_experimental/validation/masks/1050_binary.PNG
1010,1010.JPG,1010_binary.PNG,train,4,0,benign,validation,val_internal,data/processed/MMOTU_OTU_2D_experimental/validation/images/1010.JPG,data/processed/MMOTU_OTU_2D_experimental/validation/masks/1010_binary.PNG
771,771.JPG,771_binary.PNG,train,1,0,benign,validation,val_internal,data/processed/MMOTU_OTU_2D_experimental/validation/images/771.JPG,data/processed/MMOTU_OTU_2D_experimental/validation/masks/771_binary.PNG
1198,1198.JPG,1198_binary.PNG,train,0,0,benign,validation,val_internal,data/processed/MMOTU_OTU_2D_experimental/validation/images/1198.JPG,data/processed/MMOTU_OTU_2D_experimental/validation/masks/1198_binary.PNG
107,107.JPG,107_binary.PNG,train,5,0,benign,validation,val_internal,data/processed/MMOTU_OTU_2D_experimental/validation/images/107.JPG,data/processed/MMOTU_OTU_2D_experimental/validation/masks/107_binary.PNG
608,608.JPG,608_binary.PNG,train,3,0,benign,validation,val_internal,data/processed/MMOTU_OTU_2D_experimental/validation/images/608.JPG,data/processed/MMOTU_OTU_2D_experimental/validation/masks/608_binary.PNG
451,451.JPG,451_binary.PNG,train,0,0,benign,validation,val_internal,data/processed/MMOTU_OTU_2D_experimental/validation/images/451.JPG,data/processed/MMOTU_OTU_2D_experimental/validation/masks/451_binary.PNG
1389,1389.JPG,1389_binary.PNG,train,5,0,benign,validation,val_internal,data/processed/MMOTU_OTU_2D_experimental/validation/images/1389.JPG,data/processed/MMOTU_OTU_2D_experimental/validation/masks/1389_binary.PNG
605,605.JPG,605_binary.PNG,train,3,0,benign,validation,val_internal,data/processed/MMOTU_OTU_2D_experimental/validation/images/605.JPG,data/processed/MMOTU_OTU_2D_experimental/validation/masks/605_binary.PNG
1211,1211.JPG,1211_binary.PNG,train,0,0,benign,validation,val_internal,data/processed/MMOTU_OTU_2D_experimental/validation/images/1211.JPG,data/processed/MMOTU_OTU_2D_experimental/validation/masks/1211_binary.PNG
716,716.JPG,716_binary.PNG,train,2,0,benign,validation,val_internal,data/processed/MMOTU_OTU_2D_experimental/validation/images/716.JPG,data/processed/MMOTU_OTU_2D_experimental/validation/masks/716_binary.PNG
1011,1011.JPG,1011_binary.PNG,train,4,0,benign,validation,val_internal,data/processed/MMOTU_OTU_2D_experimental/validation/images/1011.JPG,data/processed/MMOTU_OTU_2D_experimental/validation/masks/1011_binary.PNG
1059,1059.JPG,1059_binary.PNG,train,2,0,benign,validation,val_internal,data/processed/MMOTU_OTU_2D_experimental/validation/images/1059.JPG,data/processed/MMOTU_OTU_2D_experimental/validation/masks/1059_binary.PNG
1333,1333.JPG,1333_binary.PNG,train,2,0,benign,validation,val_internal,data/processed/MMOTU_OTU_2D_experimental/validation/images/1333.JPG,data/processed/MMOTU_OTU_2D_experimental/validation/masks/1333_binary.PNG
400,400.JPG,400_binary.PNG,train,2,0,benign,validation,val_internal,data/processed/MMOTU_OTU_2D_experimental/validation/images/400.JPG,data/processed/MMOTU_OTU_2D_experimental/validation/masks/400_binary.PNG
1439,1439.JPG,1439_binary.PNG,train,7,1,malignant,validation,val_internal,data/processed/MMOTU_OTU_2D_experimental/validation/images/1439.JPG,data/processed/MMOTU_OTU_2D_experimental/validation/masks/1439_binary.PNG
1436,1436.JPG,1436_binary.PNG,train,7,1,malignant,validation,val_internal,data/processed/MMOTU_OTU_2D_experimental/validation/images/1436.JPG,data/processed/MMOTU_OTU_2D_experimental/validation/masks/1436_binary.PNG
418,418.JPG,418_binary.PNG,train,1,0,benign,validation,val_internal,data/processed/MMOTU_OTU_2D_experimental/validation/images/418.JPG,data/processed/MMOTU_OTU_2D_experimental/validation/masks/418_binary.PNG
1172,1172.JPG,1172_binary.PNG,train,6,1,malignant,validation,val_internal,data/processed/MMOTU_OTU_2D_experimental/validation/images/1172.JPG,data/processed/MMOTU_OTU_2D_experimental/validation/masks/1172_binary.PNG
416,416.JPG,416_binary.PNG,train,1,0,benign,validation,val_internal,data/processed/MMOTU_OTU_2D_experimental/validation/images/416.JPG,data/processed/MMOTU_OTU_2D_experimental/validation/masks/416_binary.PNG
978,978.JPG,978_binary.PNG,train,3,0,benign,validation,val_internal,data/processed/MMOTU_OTU_2D_experimental/validation/images/978.JPG,data/processed/MMOTU_OTU_2D_experimental/validation/masks/978_binary.PNG
931,931.JPG,931_binary.PNG,train,5,0,benign,validation,val_internal,data/processed/MMOTU_OTU_2D_experimental/validation/images/931.JPG,data/processed/MMOTU_OTU_2D_experimental/validation/masks/931_binary.PNG
303,303.JPG,303_binary.PNG,train,1,0,benign,validation,val_internal,data/processed/MMOTU_OTU_2D_experimental/validation/images/303.JPG,data/processed/MMOTU_OTU_2D_experimental/validation/masks/303_binary.PNG
1215,1215.JPG,1215_binary.PNG,train,0,0,benign,validation,val_internal,data/processed/MMOTU_OTU_2D_experimental/validation/images/1215.JPG,data/processed/MMOTU_OTU_2D_experimental/validation/masks/1215_binary.PNG
881,881.JPG,881_binary.PNG,train,0,0,benign,validation,val_internal,data/processed/MMOTU_OTU_2D_experimental/validation/images/881.JPG,data/processed/MMOTU_OTU_2D_experimental/validation/masks/881_binary.PNG
584,584.JPG,584_binary.PNG,train,2,0,benign,validation,val_internal,data/processed/MMOTU_OTU_2D_experimental/validation/images/584.JPG,data/processed/MMOTU_OTU_2D_experimental/validation/masks/584_binary.PNG
355,355.JPG,355_binary.PNG,train,3,0,benign,validation,val_internal,data/processed/MMOTU_OTU_2D_experimental/validation/images/355.JPG,data/processed/MMOTU_OTU_2D_experimental/validation/masks/355_binary.PNG
756,756.JPG,756_binary.PNG,train,2,0,benign,validation,val_internal,data/processed/MMOTU_OTU_2D_experimental/validation/images/756.JPG,data/processed/MMOTU_OTU_2D_experimental/validation/masks/756_binary.PNG
380,380.JPG,380_binary.PNG,train,2,0,benign,validation,val_internal,data/processed/MMOTU_OTU_2D_experimental/validation/images/380.JPG,data/processed/MMOTU_OTU_2D_experimental/validation/masks/380_binary.PNG
768,768.JPG,768_binary.PNG,train,2,0,benign,validation,val_internal,data/processed/MMOTU_OTU_2D_experimental/validation/images/768.JPG,data/processed/MMOTU_OTU_2D_experimental/validation/masks/768_binary.PNG
1109,1109.JPG,1109_binary.PNG,train,2,0,benign,validation,val_internal,data/processed/MMOTU_OTU_2D_experimental/validation/images/1109.JPG,data/processed/MMOTU_OTU_2D_experimental/validation/masks/1109_binary.PNG
1144,1144.JPG,1144_binary.PNG,train,0,0,benign,validation,val_internal,data/processed/MMOTU_OTU_2D_experimental/validation/images/1144.JPG,data/processed/MMOTU_OTU_2D_experimental/validation/masks/1144_binary.PNG
683,683.JPG,683_binary.PNG,train,4,0,benign,validation,val_internal,data/processed/MMOTU_OTU_2D_experimental/validation/images/683.JPG,data/processed/MMOTU_OTU_2D_experimental/validation/masks/683_binary.PNG
935,935.JPG,935_binary.PNG,train,2,0,benign,validation,val_internal,data/processed/MMOTU_OTU_2D_experimental/validation/images/935.JPG,data/processed/MMOTU_OTU_2D_experimental/validation/masks/935_binary.PNG
309,309.JPG,309_binary.PNG,train,2,0,benign,validation,val_internal,data/processed/MMOTU_OTU_2D_experimental/validation/images/309.JPG,data/processed/MMOTU_OTU_2D_experimental/validation/masks/309_binary.PNG
1322,1322.JPG,1322_binary.PNG,train,6,1,malignant,validation,val_internal,data/processed/MMOTU_OTU_2D_experimental/validation/images/1322.JPG,data/processed/MMOTU_OTU_2D_experimental/validation/masks/1322_binary.PNG
629,629.JPG,629_binary.PNG,train,3,0,benign,validation,val_internal,data/processed/MMOTU_OTU_2D_experimental/validation/images/629.JPG,data/processed/MMOTU_OTU_2D_experimental/validation/masks/629_binary.PNG
99,99.JPG,99_binary.PNG,train,1,0,benign,validation,val_internal,data/processed/MMOTU_OTU_2D_experimental/validation/images/99.JPG,data/processed/MMOTU_OTU_2D_experimental/validation/masks/99_binary.PNG
365,365.JPG,365_binary.PNG,train,1,0,benign,validation,val_internal,data/processed/MMOTU_OTU_2D_experimental/validation/images/365.JPG,data/processed/MMOTU_OTU_2D_experimental/validation/masks/365_binary.PNG
353,353.JPG,353_binary.PNG,train,3,0,benign,validation,val_internal,data/processed/MMOTU_OTU_2D_experimental/validation/images/353.JPG,data/processed/MMOTU_OTU_2D_experimental/validation/masks/353_binary.PNG
1327,1327.JPG,1327_binary.PNG,train,0,0,benign,validation,val_internal,data/processed/MMOTU_OTU_2D_experimental/validation/images/1327.JPG,data/processed/MMOTU_OTU_2D_experimental/validation/masks/1327_binary.PNG
60,60.JPG,60_binary.PNG,train,1,0,benign,validation,val_internal,data/processed/MMOTU_OTU_2D_experimental/validation/images/60.JPG,data/processed/MMOTU_OTU_2D_experimental/validation/masks/60_binary.PNG
797,797.JPG,797_binary.PNG,train,0,0,benign,validation,val_internal,data/processed/MMOTU_OTU_2D_experimental/validation/images/797.JPG,data/processed/MMOTU_OTU_2D_experimental/validation/masks/797_binary.PNG
586,586.JPG,586_binary.PNG,train,2,0,benign,validation,val_internal,data/processed/MMOTU_OTU_2D_experimental/validation/images/586.JPG,data/processed/MMOTU_OTU_2D_experimental/validation/masks/586_binary.PNG
857,857.JPG,857_binary.PNG,train,2,0,benign,validation,val_internal,data/processed/MMOTU_OTU_2D_experimental/validation/images/857.JPG,data/processed/MMOTU_OTU_2D_experimental/validation/masks/857_binary.PNG
1075,1075.JPG,1075_binary.PNG,train,5,0,benign,validation,val_internal,data/processed/MMOTU_OTU_2D_experimental/validation/images/1075.JPG,data/processed/MMOTU_OTU_2D_experimental/validation/masks/1075_binary.PNG
120,120.JPG,120_binary.PNG,train,5,0,benign,validation,val_internal,data/processed/MMOTU_OTU_2D_experimental/validation/images/120.JPG,data/processed/MMOTU_OTU_2D_experimental/validation/masks/120_binary.PNG
280,280.JPG,280_binary.PNG,train,6,1,malignant,validation,val_internal,data/processed/MMOTU_OTU_2D_experimental/validation/images/280.JPG,data/processed/MMOTU_OTU_2D_experimental/validation/masks/280_binary.PNG
223,223.JPG,223_binary.PNG,train,6,1,malignant,validation,val_internal,data/processed/MMOTU_OTU_2D_experimental/validation/images/223.JPG,data/processed/MMOTU_OTU_2D_experimental/validation/masks/223_binary.PNG
1001,1001.JPG,1001_binary.PNG,train,2,0,benign,validation,val_internal,data/processed/MMOTU_OTU_2D_experimental/validation/images/1001.JPG,data/processed/MMOTU_OTU_2D_experimental/validation/masks/1001_binary.PNG
704,704.JPG,704_binary.PNG,train,5,0,benign,validation,val_internal,data/processed/MMOTU_OTU_2D_experimental/validation/images/704.JPG,data/processed/MMOTU_OTU_2D_experimental/validation/masks/704_binary.PNG
401,401.JPG,401_binary.PNG,train,2,0,benign,validation,val_internal,data/processed/MMOTU_OTU_2D_experimental/validation/images/401.JPG,data/processed/MMOTU_OTU_2D_experimental/validation/masks/401_binary.PNG
242,242.JPG,242_binary.PNG,train,5,0,benign,validation,val_internal,data/processed/MMOTU_OTU_2D_experimental/validation/images/242.JPG,data/processed/MMOTU_OTU_2D_experimental/validation/masks/242_binary.PNG
1428,1428.JPG,1428_binary.PNG,train,7,1,malignant,validation,val_internal,data/processed/MMOTU_OTU_2D_experimental/validation/images/1428.JPG,data/processed/MMOTU_OTU_2D_experimental/validation/masks/1428_binary.PNG
111,111.JPG,111_binary.PNG,train,5,0,benign,validation,val_internal,data/processed/MMOTU_OTU_2D_experimental/validation/images/111.JPG,data/processed/MMOTU_OTU_2D_experimental/validation/masks/111_binary.PNG
85,85.JPG,85_binary.PNG,train,0,0,benign,validation,val_internal,data/processed/MMOTU_OTU_2D_experimental/validation/images/85.JPG,data/processed/MMOTU_OTU_2D_experimental/validation/masks/85_binary.PNG
67,67.JPG,67_binary.PNG,train,2,0,benign,validation,val_internal,data/processed/MMOTU_OTU_2D_experimental/validation/images/67.JPG,data/processed/MMOTU_OTU_2D_experimental/validation/masks/67_binary.PNG
533,533.JPG,533_binary.PNG,train,2,0,benign,validation,val_internal,data/processed/MMOTU_OTU_2D_experimental/validation/images/533.JPG,data/processed/MMOTU_OTU_2D_experimental/validation/masks/533_binary.PNG
1334,1334.JPG,1334_binary.PNG,train,2,0,benign,validation,val_internal,data/processed/MMOTU_OTU_2D_experimental/validation/images/1334.JPG,data/processed/MMOTU_OTU_2D_experimental/validation/masks/1334_binary.PNG
775,775.JPG,775_binary.PNG,train,2,0,benign,validation,val_internal,data/processed/MMOTU_OTU_2D_experimental/validation/images/775.JPG,data/processed/MMOTU_OTU_2D_experimental/validation/masks/775_binary.PNG
1129,1129.JPG,1129_binary.PNG,train,1,0,benign,validation,val_internal,data/processed/MMOTU_OTU_2D_experimental/validation/images/1129.JPG,data/processed/MMOTU_OTU_2D_experimental/validation/masks/1129_binary.PNG
42,42.JPG,42_binary.PNG,train,4,0,benign,validation,val_internal,data/processed/MMOTU_OTU_2D_experimental/validation/images/42.JPG,data/processed/MMOTU_OTU_2D_experimental/validation/masks/42_binary.PNG
815,815.JPG,815_binary.PNG,train,1,0,benign,validation,val_internal,data/processed/MMOTU_OTU_2D_experimental/validation/images/815.JPG,data/processed/MMOTU_OTU_2D_experimental/validation/masks/815_binary.PNG
1245,1245.JPG,1245_binary.PNG,train,0,0,benign,validation,val_internal,data/processed/MMOTU_OTU_2D_experimental/validation/images/1245.JPG,data/processed/MMOTU_OTU_2D_experimental/validation/masks/1245_binary.PNG
662,662.JPG,662_binary.PNG,train,5,0,benign,validation,val_internal,data/processed/MMOTU_OTU_2D_experimental/validation/images/662.JPG,data/processed/MMOTU_OTU_2D_experimental/validation/masks/662_binary.PNG
1137,1137.JPG,1137_binary.PNG,train,5,0,benign,validation,val_internal,data/processed/MMOTU_OTU_2D_experimental/validation/images/1137.JPG,data/processed/MMOTU_OTU_2D_experimental/validation/masks/1137_binary.PNG
480,480.JPG,480_binary.PNG,train,3,0,benign,validation,val_internal,data/processed/MMOTU_OTU_2D_experimental/validation/images/480.JPG,data/processed/MMOTU_OTU_2D_experimental/validation/masks/480_binary.PNG
216,216.JPG,216_binary.PNG,train,5,0,benign,validation,val_internal,data/processed/MMOTU_OTU_2D_experimental/validation/images/216.JPG,data/processed/MMOTU_OTU_2D_experimental/validation/masks/216_binary.PNG
616,616.JPG,616_binary.PNG,train,1,0,benign,validation,val_internal,data/processed/MMOTU_OTU_2D_experimental/validation/images/616.JPG,data/processed/MMOTU_OTU_2D_experimental/validation/masks/616_binary.PNG
19,19.JPG,19_binary.PNG,train,0,0,benign,validation,val_internal,data/processed/MMOTU_OTU_2D_experimental/validation/images/19.JPG,data/processed/MMOTU_OTU_2D_experimental/validation/masks/19_binary.PNG
563,563.JPG,563_binary.PNG,train,1,0,benign,validation,val_internal,data/processed/MMOTU_OTU_2D_experimental/validation/images/563.JPG,data/processed/MMOTU_OTU_2D_experimental/validation/masks/563_binary.PNG
11,11.JPG,11_binary.PNG,train,0,0,benign,validation,val_internal,data/processed/MMOTU_OTU_2D_experimental/validation/images/11.JPG,data/processed/MMOTU_OTU_2D_experimental/validation/masks/11_binary.PNG
1103,1103.JPG,1103_binary.PNG,train,0,0,benign,validation,val_internal,data/processed/MMOTU_OTU_2D_experimental/validation/images/1103.JPG,data/processed/MMOTU_OTU_2D_experimental/validation/masks/1103_binary.PNG
873,873.JPG,873_binary.PNG,train,2,0,benign,validation,val_internal,data/processed/MMOTU_OTU_2D_experimental/validation/images/873.JPG,data/processed/MMOTU_OTU_2D_experimental/validation/masks/873_binary.PNG
711,711.JPG,711_binary.PNG,train,2,0,benign,validation,val_internal,data/processed/MMOTU_OTU_2D_experimental/validation/images/711.JPG,data/processed/MMOTU_OTU_2D_experimental/validation/masks/711_binary.PNG
375,375.JPG,375_binary.PNG,train,0,0,benign,validation,val_internal,data/processed/MMOTU_OTU_2D_experimental/validation/images/375.JPG,data/processed/MMOTU_OTU_2D_experimental/validation/masks/375_binary.PNG
384,384.JPG,384_binary.PNG,train,3,0,benign,validation,val_internal,data/processed/MMOTU_OTU_2D_experimental/validation/images/384.JPG,data/processed/MMOTU_OTU_2D_experimental/validation/masks/384_binary.PNG
927,927.JPG,927_binary.PNG,train,2,0,benign,validation,val_internal,data/processed/MMOTU_OTU_2D_experimental/validation/images/927.JPG,data/processed/MMOTU_OTU_2D_experimental/validation/masks/927_binary.PNG
434,434.JPG,434_binary.PNG,train,2,0,benign,validation,val_internal,data/processed/MMOTU_OTU_2D_experimental/validation/images/434.JPG,data/processed/MMOTU_OTU_2D_experimental/validation/masks/434_binary.PNG
849,849.JPG,849_binary.PNG,train,0,0,benign,validation,val_internal,data/processed/MMOTU_OTU_2D_experimental/validation/images/849.JPG,data/processed/MMOTU_OTU_2D_experimental/validation/masks/849_binary.PNG
51,51.JPG,51_binary.PNG,train,2,0,benign,validation,val_internal,data/processed/MMOTU_OTU_2D_experimental/validation/images/51.JPG,data/processed/MMOTU_OTU_2D_experimental/validation/masks/51_binary.PNG
671,671.JPG,671_binary.PNG,train,5,0,benign,validation,val_internal,data/processed/MMOTU_OTU_2D_experimental/validation/images/671.JPG,data/processed/MMOTU_OTU_2D_experimental/validation/masks/671_binary.PNG
820,820.JPG,820_binary.PNG,train,0,0,benign,validation,val_internal,data/processed/MMOTU_OTU_2D_experimental/validation/images/820.JPG,data/processed/MMOTU_OTU_2D_experimental/validation/masks/820_binary.PNG
390,390.JPG,390_binary.PNG,train,0,0,benign,validation,val_internal,data/processed/MMOTU_OTU_2D_experimental/validation/images/390.JPG,data/processed/MMOTU_OTU_2D_experimental/validation/masks/390_binary.PNG
1452,1452.JPG,1452_binary.PNG,train,7,1,malignant,validation,val_internal,data/processed/MMOTU_OTU_2D_experimental/validation/images/1452.JPG,data/processed/MMOTU_OTU_2D_experimental/validation/masks/1452_binary.PNG
117,117.JPG,117_binary.PNG,train,1,0,benign,validation,val_internal,data/processed/MMOTU_OTU_2D_experimental/validation/images/117.JPG,data/processed/MMOTU_OTU_2D_experimental/validation/masks/117_binary.PNG
1242,1242.JPG,1242_binary.PNG,train,2,0,benign,validation,val_internal,data/processed/MMOTU_OTU_2D_experimental/validation/images/1242.JPG,data/processed/MMOTU_OTU_2D_experimental/validation/masks/1242_binary.PNG
1258,1258.JPG,1258_binary.PNG,train,2,0,benign,validation,val_internal,data/processed/MMOTU_OTU_2D_experimental/validation/images/1258.JPG,data/processed/MMOTU_OTU_2D_experimental/validation/masks/1258_binary.PNG
194,194.JPG,194_binary.PNG,train,0,0,benign,validation,val_internal,data/processed/MMOTU_OTU_2D_experimental/validation/images/194.JPG,data/processed/MMOTU_OTU_2D_experimental/validation/masks/194_binary.PNG
908,908.JPG,908_binary.PNG,train,0,0,benign,validation,val_internal,data/processed/MMOTU_OTU_2D_experimental/validation/images/908.JPG,data/processed/MMOTU_OTU_2D_experimental/validation/masks/908_binary.PNG
402,402.JPG,402_binary.PNG,train,2,0,benign,validation,val_internal,data/processed/MMOTU_OTU_2D_experimental/validation/images/402.JPG,data/processed/MMOTU_OTU_2D_experimental/validation/masks/402_binary.PNG
379,379.JPG,379_binary.PNG,train,2,0,benign,validation,val_internal,data/processed/MMOTU_OTU_2D_experimental/validation/images/379.JPG,data/processed/MMOTU_OTU_2D_experimental/validation/masks/379_binary.PNG
437,437.JPG,437_binary.PNG,train,2,0,benign,validation,val_internal,data/processed/MMOTU_OTU_2D_experimental/validation/images/437.JPG,data/processed/MMOTU_OTU_2D_experimental/validation/masks/437_binary.PNG
1355,1355.JPG,1355_binary.PNG,train,1,0,benign,validation,val_internal,data/processed/MMOTU_OTU_2D_experimental/validation/images/1355.JPG,data/processed/MMOTU_OTU_2D_experimental/validation/masks/1355_binary.PNG
1222,1222.JPG,1222_binary.PNG,train,2,0,benign,validation,val_internal,data/processed/MMOTU_OTU_2D_experimental/validation/images/1222.JPG,data/processed/MMOTU_OTU_2D_experimental/validation/masks/1222_binary.PNG
697,697.JPG,697_binary.PNG,train,6,1,malignant,validation,val_internal,data/processed/MMOTU_OTU_2D_experimental/validation/images/697.JPG,data/processed/MMOTU_OTU_2D_experimental/validation/masks/697_binary.PNG
832,832.JPG,832_binary.PNG,train,6,1,malignant,validation,val_internal,data/processed/MMOTU_OTU_2D_experimental/validation/images/832.JPG,data/processed/MMOTU_OTU_2D_experimental/validation/masks/832_binary.PNG
101,101.JPG,101_binary.PNG,train,1,0,benign,validation,val_internal,data/processed/MMOTU_OTU_2D_experimental/validation/images/101.JPG,data/processed/MMOTU_OTU_2D_experimental/validation/masks/101_binary.PNG
568,568.JPG,568_binary.PNG,train,5,0,benign,validation,val_internal,data/processed/MMOTU_OTU_2D_experimental/validation/images/568.JPG,data/processed/MMOTU_OTU_2D_experimental/validation/masks/568_binary.PNG
523,523.JPG,523_binary.PNG,train,5,0,benign,validation,val_internal,data/processed/MMOTU_OTU_2D_experimental/validation/images/523.JPG,data/processed/MMOTU_OTU_2D_experimental/validation/masks/523_binary.PNG
949,949.JPG,949_binary.PNG,train,2,0,benign,validation,val_internal,data/processed/MMOTU_OTU_2D_experimental/validation/images/949.JPG,data/processed/MMOTU_OTU_2D_experimental/validation/masks/949_binary.PNG
1284,1284.JPG,1284_binary.PNG,train,0,0,benign,validation,val_internal,data/processed/MMOTU_OTU_2D_experimental/validation/images/1284.JPG,data/processed/MMOTU_OTU_2D_experimental/validation/masks/1284_binary.PNG
1189,1189.JPG,1189_binary.PNG,train,0,0,benign,validation,val_internal,data/processed/MMOTU_OTU_2D_experimental/validation/images/1189.JPG,data/processed/MMOTU_OTU_2D_experimental/validation/masks/1189_binary.PNG
1177,1177.JPG,1177_binary.PNG,train,6,1,malignant,validation,val_internal,data/processed/MMOTU_OTU_2D_experimental/validation/images/1177.JPG,data/processed/MMOTU_OTU_2D_experimental/validation/masks/1177_binary.PNG
123,123.JPG,123_binary.PNG,train,5,0,benign,validation,val_internal,data/processed/MMOTU_OTU_2D_experimental/validation/images/123.JPG,data/processed/MMOTU_OTU_2D_experimental/validation/masks/123_binary.PNG
599,599.JPG,599_binary.PNG,train,4,0,benign,validation,val_internal,data/processed/MMOTU_OTU_2D_experimental/validation/images/599.JPG,data/processed/MMOTU_OTU_2D_experimental/validation/masks/599_binary.PNG
1278,1278.JPG,1278_binary.PNG,train,0,0,benign,validation,val_internal,data/processed/MMOTU_OTU_2D_experimental/validation/images/1278.JPG,data/processed/MMOTU_OTU_2D_experimental/validation/masks/1278_binary.PNG
898,898.JPG,898_binary.PNG,train,5,0,benign,validation,val_internal,data/processed/MMOTU_OTU_2D_experimental/validation/images/898.JPG,data/processed/MMOTU_OTU_2D_experimental/validation/masks/898_binary.PNG
1391,1391.JPG,1391_binary.PNG,train,2,0,benign,validation,val_internal,data/processed/MMOTU_OTU_2D_experimental/validation/images/1391.JPG,data/processed/MMOTU_OTU_2D_experimental/validation/masks/1391_binary.PNG
408,408.JPG,408_binary.PNG,train,1,0,benign,validation,val_internal,data/processed/MMOTU_OTU_2D_experimental/validation/images/408.JPG,data/processed/MMOTU_OTU_2D_experimental/validation/masks/408_binary.PNG
415,415.JPG,415_binary.PNG,train,1,0,benign,validation,val_internal,data/processed/MMOTU_OTU_2D_experimental/validation/images/415.JPG,data/processed/MMOTU_OTU_2D_experimental/validation/masks/415_binary.PNG
231,231.JPG,231_binary.PNG,train,5,0,benign,validation,val_internal,data/processed/MMOTU_OTU_2D_experimental/validation/images/231.JPG,data/processed/MMOTU_OTU_2D_experimental/validation/masks/231_binary.PNG
702,702.JPG,702_binary.PNG,train,6,1,malignant,validation,val_internal,data/processed/MMOTU_OTU_2D_experimental/validation/images/702.JPG,data/processed/MMOTU_OTU_2D_experimental/validation/masks/702_binary.PNG
1262,1262.JPG,1262_binary.PNG,train,2,0,benign,validation,val_internal,data/processed/MMOTU_OTU_2D_experimental/validation/images/1262.JPG,data/processed/MMOTU_OTU_2D_experimental/validation/masks/1262_binary.PNG
1117,1117.JPG,1117_binary.PNG,train,1,0,benign,validation,val_internal,data/processed/MMOTU_OTU_2D_experimental/validation/images/1117.JPG,data/processed/MMOTU_OTU_2D_experimental/validation/masks/1117_binary.PNG
1035,1035.JPG,1035_binary.PNG,train,5,0,benign,validation,val_internal,data/processed/MMOTU_OTU_2D_experimental/validation/images/1035.JPG,data/processed/MMOTU_OTU_2D_experimental/validation/masks/1035_binary.PNG
393,393.JPG,393_binary.PNG,train,0,0,benign,validation,val_internal,data/processed/MMOTU_OTU_2D_experimental/validation/images/393.JPG,data/processed/MMOTU_OTU_2D_experimental/validation/masks/393_binary.PNG
954,954.JPG,954_binary.PNG,train,4,0,benign,validation,val_internal,data/processed/MMOTU_OTU_2D_experimental/validation/images/954.JPG,data/processed/MMOTU_OTU_2D_experimental/validation/masks/954_binary.PNG
712,712.JPG,712_binary.PNG,train,2,0,benign,validation,val_internal,data/processed/MMOTU_OTU_2D_experimental/validation/images/712.JPG,data/processed/MMOTU_OTU_2D_experimental/validation/masks/712_binary.PNG
332,332.JPG,332_binary.PNG,train,0,0,benign,validation,val_internal,data/processed/MMOTU_OTU_2D_experimental/validation/images/332.JPG,data/processed/MMOTU_OTU_2D_experimental/validation/masks/332_binary.PNG
219,219.JPG,219_binary.PNG,train,0,0,benign,validation,val_internal,data/processed/MMOTU_OTU_2D_experimental/validation/images/219.JPG,data/processed/MMOTU_OTU_2D_experimental/validation/masks/219_binary.PNG
143,143.JPG,143_binary.PNG,train,5,0,benign,validation,val_internal,data/processed/MMOTU_OTU_2D_experimental/validation/images/143.JPG,data/processed/MMOTU_OTU_2D_experimental/validation/masks/143_binary.PNG
1265,1265.JPG,1265_binary.PNG,train,0,0,benign,validation,val_internal,data/processed/MMOTU_OTU_2D_experimental/validation/images/1265.JPG,data/processed/MMOTU_OTU_2D_experimental/validation/masks/1265_binary.PNG
876,876.JPG,876_binary.PNG,train,0,0,benign,validation,val_internal,data/processed/MMOTU_OTU_2D_experimental/validation/images/876.JPG,data/processed/MMOTU_OTU_2D_experimental/validation/masks/876_binary.PNG
982,982.JPG,982_binary.PNG,train,3,0,benign,validation,val_internal,data/processed/MMOTU_OTU_2D_experimental/validation/images/982.JPG,data/processed/MMOTU_OTU_2D_experimental/validation/masks/982_binary.PNG
1407,1407.JPG,1407_binary.PNG,train,5,0,benign,validation,val_internal,data/processed/MMOTU_OTU_2D_experimental/validation/images/1407.JPG,data/processed/MMOTU_OTU_2D_experimental/validation/masks/1407_binary.PNG
680,680.JPG,680_binary.PNG,train,0,0,benign,validation,val_internal,data/processed/MMOTU_OTU_2D_experimental/validation/images/680.JPG,data/processed/MMOTU_OTU_2D_experimental/validation/masks/680_binary.PNG
232,232.JPG,232_binary.PNG,train,2,0,benign,validation,val_internal,data/processed/MMOTU_OTU_2D_experimental/validation/images/232.JPG,data/processed/MMOTU_OTU_2D_experimental/validation/masks/232_binary.PNG
1443,1443.JPG,1443_binary.PNG,train,7,1,malignant,validation,val_internal,data/processed/MMOTU_OTU_2D_experimental/validation/images/1443.JPG,data/processed/MMOTU_OTU_2D_experimental/validation/masks/1443_binary.PNG
763,763.JPG,763_binary.PNG,train,2,0,benign,validation,val_internal,data/processed/MMOTU_OTU_2D_experimental/validation/images/763.JPG,data/processed/MMOTU_OTU_2D_experimental/validation/masks/763_binary.PNG
1269,1269.JPG,1269_binary.PNG,validation,5,0,benign,test,final_validation,data/processed/MMOTU_OTU_2D_experimental/test/images/1269.JPG,data/processed/MMOTU_OTU_2D_experimental/test/masks/1269_binary.PNG
1458,1458.JPG,1458_binary.PNG,validation,7,1,malignant,test,final_validation,data/processed/MMOTU_OTU_2D_experimental/test/images/1458.JPG,data/processed/MMOTU_OTU_2D_experimental/test/masks/1458_binary.PNG
700,700.JPG,700_binary.PNG,validation,6,1,malignant,test,final_validation,data/processed/MMOTU_OTU_2D_experimental/test/images/700.JPG,data/processed/MMOTU_OTU_2D_experimental/test/masks/700_binary.PNG
264,264.JPG,264_binary.PNG,validation,2,0,benign,test,final_validation,data/processed/MMOTU_OTU_2D_experimental/test/images/264.JPG,data/processed/MMOTU_OTU_2D_experimental/test/masks/264_binary.PNG
1017,1017.JPG,1017_binary.PNG,validation,2,0,benign,test,final_validation,data/processed/MMOTU_OTU_2D_experimental/test/images/1017.JPG,data/processed/MMOTU_OTU_2D_experimental/test/masks/1017_binary.PNG
991,991.JPG,991_binary.PNG,validation,2,0,benign,test,final_validation,data/processed/MMOTU_OTU_2D_experimental/test/images/991.JPG,data/processed/MMOTU_OTU_2D_experimental/test/masks/991_binary.PNG
1337,1337.JPG,1337_binary.PNG,validation,2,0,benign,test,final_validation,data/processed/MMOTU_OTU_2D_experimental/test/images/1337.JPG,data/processed/MMOTU_OTU_2D_experimental/test/masks/1337_binary.PNG
359,359.JPG,359_binary.PNG,validation,3,0,benign,test,final_validation,data/processed/MMOTU_OTU_2D_experimental/test/images/359.JPG,data/processed/MMOTU_OTU_2D_experimental/test/masks/359_binary.PNG
1083,1083.JPG,1083_binary.PNG,validation,2,0,benign,test,final_validation,data/processed/MMOTU_OTU_2D_experimental/test/images/1083.JPG,data/processed/MMOTU_OTU_2D_experimental/test/masks/1083_binary.PNG
1071,1071.JPG,1071_binary.PNG,validation,2,0,benign,test,final_validation,data/processed/MMOTU_OTU_2D_experimental/test/images/1071.JPG,data/processed/MMOTU_OTU_2D_experimental/test/masks/1071_binary.PNG
271,271.JPG,271_binary.PNG,validation,5,0,benign,test,final_validation,data/processed/MMOTU_OTU_2D_experimental/test/images/271.JPG,data/processed/MMOTU_OTU_2D_experimental/test/masks/271_binary.PNG
448,448.JPG,448_binary.PNG,validation,0,0,benign,test,final_validation,data/processed/MMOTU_OTU_2D_experimental/test/images/448.JPG,data/processed/MMOTU_OTU_2D_experimental/test/masks/448_binary.PNG
1270,1270.JPG,1270_binary.PNG,validation,1,0,benign,test,final_validation,data/processed/MMOTU_OTU_2D_experimental/test/images/1270.JPG,data/processed/MMOTU_OTU_2D_experimental/test/masks/1270_binary.PNG
747,747.JPG,747_binary.PNG,validation,2,0,benign,test,final_validation,data/processed/MMOTU_OTU_2D_experimental/test/images/747.JPG,data/processed/MMOTU_OTU_2D_experimental/test/masks/747_binary.PNG
1229,1229.JPG,1229_binary.PNG,validation,1,0,benign,test,final_validation,data/processed/MMOTU_OTU_2D_experimental/test/images/1229.JPG,data/processed/MMOTU_OTU_2D_experimental/test/masks/1229_binary.PNG
553,553.JPG,553_binary.PNG,validation,2,0,benign,test,final_validation,data/processed/MMOTU_OTU_2D_experimental/test/images/553.JPG,data/processed/MMOTU_OTU_2D_experimental/test/masks/553_binary.PNG
580,580.JPG,580_binary.PNG,validation,0,0,benign,test,final_validation,data/processed/MMOTU_OTU_2D_experimental/test/images/580.JPG,data/processed/MMOTU_OTU_2D_experimental/test/masks/580_binary.PNG
1218,1218.JPG,1218_binary.PNG,validation,4,0,benign,test,final_validation,data/processed/MMOTU_OTU_2D_experimental/test/images/1218.JPG,data/processed/MMOTU_OTU_2D_experimental/test/masks/1218_binary.PNG
391,391.JPG,391_binary.PNG,validation,0,0,benign,test,final_validation,data/processed/MMOTU_OTU_2D_experimental/test/images/391.JPG,data/processed/MMOTU_OTU_2D_experimental/test/masks/391_binary.PNG
582,582.JPG,582_binary.PNG,validation,0,0,benign,test,final_validation,data/processed/MMOTU_OTU_2D_experimental/test/images/582.JPG,data/processed/MMOTU_OTU_2D_experimental/test/masks/582_binary.PNG
84,84.JPG,84_binary.PNG,validation,0,0,benign,test,final_validation,data/processed/MMOTU_OTU_2D_experimental/test/images/84.JPG,data/processed/MMOTU_OTU_2D_experimental/test/masks/84_binary.PNG
1440,1440.JPG,1440_binary.PNG,validation,7,1,malignant,test,final_validation,data/processed/MMOTU_OTU_2D_experimental/test/images/1440.JPG,data/processed/MMOTU_OTU_2D_experimental/test/masks/1440_binary.PNG
89,89.JPG,89_binary.PNG,validation,1,0,benign,test,final_validation,data/processed/MMOTU_OTU_2D_experimental/test/images/89.JPG,data/processed/MMOTU_OTU_2D_experimental/test/masks/89_binary.PNG
1454,1454.JPG,1454_binary.PNG,validation,7,1,malignant,test,final_validation,data/processed/MMOTU_OTU_2D_experimental/test/images/1454.JPG,data/processed/MMOTU_OTU_2D_experimental/test/masks/1454_binary.PNG
494,494.JPG,494_binary.PNG,validation,6,1,malignant,test,final_validation,data/processed/MMOTU_OTU_2D_experimental/test/images/494.JPG,data/processed/MMOTU_OTU_2D_experimental/test/masks/494_binary.PNG
847,847.JPG,847_binary.PNG,validation,2,0,benign,test,final_validation,data/processed/MMOTU_OTU_2D_experimental/test/images/847.JPG,data/processed/MMOTU_OTU_2D_experimental/test/masks/847_binary.PNG
1277,1277.JPG,1277_binary.PNG,validation,5,0,benign,test,final_validation,data/processed/MMOTU_OTU_2D_experimental/test/images/1277.JPG,data/processed/MMOTU_OTU_2D_experimental/test/masks/1277_binary.PNG
267,267.JPG,267_binary.PNG,validation,2,0,benign,test,final_validation,data/processed/MMOTU_OTU_2D_experimental/test/images/267.JPG,data/processed/MMOTU_OTU_2D_experimental/test/masks/267_binary.PNG
1411,1411.JPG,1411_binary.PNG,validation,0,0,benign,test,final_validation,data/processed/MMOTU_OTU_2D_experimental/test/images/1411.JPG,data/processed/MMOTU_OTU_2D_experimental/test/masks/1411_binary.PNG
693,693.JPG,693_binary.PNG,validation,6,1,malignant,test,final_validation,data/processed/MMOTU_OTU_2D_experimental/test/images/693.JPG,data/processed/MMOTU_OTU_2D_experimental/test/masks/693_binary.PNG
1329,1329.JPG,1329_binary.PNG,validation,0,0,benign,test,final_validation,data/processed/MMOTU_OTU_2D_experimental/test/images/1329.JPG,data/processed/MMOTU_OTU_2D_experimental/test/masks/1329_binary.PNG
258,258.JPG,258_binary.PNG,validation,5,0,benign,test,final_validation,data/processed/MMOTU_OTU_2D_experimental/test/images/258.JPG,data/processed/MMOTU_OTU_2D_experimental/test/masks/258_binary.PNG
1323,1323.JPG,1323_binary.PNG,validation,5,0,benign,test,final_validation,data/processed/MMOTU_OTU_2D_experimental/test/images/1323.JPG,data/processed/MMOTU_OTU_2D_experimental/test/masks/1323_binary.PNG
1188,1188.JPG,1188_binary.PNG,validation,0,0,benign,test,final_validation,data/processed/MMOTU_OTU_2D_experimental/test/images/1188.JPG,data/processed/MMOTU_OTU_2D_experimental/test/masks/1188_binary.PNG
1013,1013.JPG,1013_binary.PNG,validation,4,0,benign,test,final_validation,data/processed/MMOTU_OTU_2D_experimental/test/images/1013.JPG,data/processed/MMOTU_OTU_2D_experimental/test/masks/1013_binary.PNG
862,862.JPG,862_binary.PNG,validation,0,0,benign,test,final_validation,data/processed/MMOTU_OTU_2D_experimental/test/images/862.JPG,data/processed/MMOTU_OTU_2D_experimental/test/masks/862_binary.PNG
1079,1079.JPG,1079_binary.PNG,validation,5,0,benign,test,final_validation,data/processed/MMOTU_OTU_2D_experimental/test/images/1079.JPG,data/processed/MMOTU_OTU_2D_experimental/test/masks/1079_binary.PNG
1352,1352.JPG,1352_binary.PNG,validation,1,0,benign,test,final_validation,data/processed/MMOTU_OTU_2D_experimental/test/images/1352.JPG,data/processed/MMOTU_OTU_2D_experimental/test/masks/1352_binary.PNG
778,778.JPG,778_binary.PNG,validation,0,0,benign,test,final_validation,data/processed/MMOTU_OTU_2D_experimental/test/images/778.JPG,data/processed/MMOTU_OTU_2D_experimental/test/masks/778_binary.PNG
948,948.JPG,948_binary.PNG,validation,2,0,benign,test,final_validation,data/processed/MMOTU_OTU_2D_experimental/test/images/948.JPG,data/processed/MMOTU_OTU_2D_experimental/test/masks/948_binary.PNG
245,245.JPG,245_binary.PNG,validation,5,0,benign,test,final_validation,data/processed/MMOTU_OTU_2D_experimental/test/images/245.JPG,data/processed/MMOTU_OTU_2D_experimental/test/masks/245_binary.PNG
536,536.JPG,536_binary.PNG,validation,2,0,benign,test,final_validation,data/processed/MMOTU_OTU_2D_experimental/test/images/536.JPG,data/processed/MMOTU_OTU_2D_experimental/test/masks/536_binary.PNG
1208,1208.JPG,1208_binary.PNG,validation,0,0,benign,test,final_validation,data/processed/MMOTU_OTU_2D_experimental/test/images/1208.JPG,data/processed/MMOTU_OTU_2D_experimental/test/masks/1208_binary.PNG
535,535.JPG,535_binary.PNG,validation,2,0,benign,test,final_validation,data/processed/MMOTU_OTU_2D_experimental/test/images/535.JPG,data/processed/MMOTU_OTU_2D_experimental/test/masks/535_binary.PNG
331,331.JPG,331_binary.PNG,validation,0,0,benign,test,final_validation,data/processed/MMOTU_OTU_2D_experimental/test/images/331.JPG,data/processed/MMOTU_OTU_2D_experimental/test/masks/331_binary.PNG
48,48.JPG,48_binary.PNG,validation,2,0,benign,test,final_validation,data/processed/MMOTU_OTU_2D_experimental/test/images/48.JPG,data/processed/MMOTU_OTU_2D_experimental/test/masks/48_binary.PNG
784,784.JPG,784_binary.PNG,validation,4,0,benign,test,final_validation,data/processed/MMOTU_OTU_2D_experimental/test/images/784.JPG,data/processed/MMOTU_OTU_2D_experimental/test/masks/784_binary.PNG
1032,1032.JPG,1032_binary.PNG,validation,0,0,benign,test,final_validation,data/processed/MMOTU_OTU_2D_experimental/test/images/1032.JPG,data/processed/MMOTU_OTU_2D_experimental/test/masks/1032_binary.PNG
592,592.JPG,592_binary.PNG,validation,5,0,benign,test,final_validation,data/processed/MMOTU_OTU_2D_experimental/test/images/592.JPG,data/processed/MMOTU_OTU_2D_experimental/test/masks/592_binary.PNG
361,361.JPG,361_binary.PNG,validation,3,0,benign,test,final_validation,data/processed/MMOTU_OTU_2D_experimental/test/images/361.JPG,data/processed/MMOTU_OTU_2D_experimental/test/masks/361_binary.PNG
388,388.JPG,388_binary.PNG,validation,0,0,benign,test,final_validation,data/processed/MMOTU_OTU_2D_experimental/test/images/388.JPG,data/processed/MMOTU_OTU_2D_experimental/test/masks/388_binary.PNG
27,27.JPG,27_binary.PNG,validation,0,0,benign,test,final_validation,data/processed/MMOTU_OTU_2D_experimental/test/images/27.JPG,data/processed/MMOTU_OTU_2D_experimental/test/masks/27_binary.PNG
1130,1130.JPG,1130_binary.PNG,validation,4,0,benign,test,final_validation,data/processed/MMOTU_OTU_2D_experimental/test/images/1130.JPG,data/processed/MMOTU_OTU_2D_experimental/test/masks/1130_binary.PNG
430,430.JPG,430_binary.PNG,validation,3,0,benign,test,final_validation,data/processed/MMOTU_OTU_2D_experimental/test/images/430.JPG,data/processed/MMOTU_OTU_2D_experimental/test/masks/430_binary.PNG
16,16.JPG,16_binary.PNG,validation,0,0,benign,test,final_validation,data/processed/MMOTU_OTU_2D_experimental/test/images/16.JPG,data/processed/MMOTU_OTU_2D_experimental/test/masks/16_binary.PNG
70,70.JPG,70_binary.PNG,validation,2,0,benign,test,final_validation,data/processed/MMOTU_OTU_2D_experimental/test/images/70.JPG,data/processed/MMOTU_OTU_2D_experimental/test/masks/70_binary.PNG
741,741.JPG,741_binary.PNG,validation,2,0,benign,test,final_validation,data/processed/MMOTU_OTU_2D_experimental/test/images/741.JPG,data/processed/MMOTU_OTU_2D_experimental/test/masks/741_binary.PNG
690,690.JPG,690_binary.PNG,validation,5,0,benign,test,final_validation,data/processed/MMOTU_OTU_2D_experimental/test/images/690.JPG,data/processed/MMOTU_OTU_2D_experimental/test/masks/690_binary.PNG
1466,1466.JPG,1466_binary.PNG,validation,7,1,malignant,test,final_validation,data/processed/MMOTU_OTU_2D_experimental/test/images/1466.JPG,data/processed/MMOTU_OTU_2D_experimental/test/masks/1466_binary.PNG
442,442.JPG,442_binary.PNG,validation,5,0,benign,test,final_validation,data/processed/MMOTU_OTU_2D_experimental/test/images/442.JPG,data/processed/MMOTU_OTU_2D_experimental/test/masks/442_binary.PNG
1384,1384.JPG,1384_binary.PNG,validation,5,0,benign,test,final_validation,data/processed/MMOTU_OTU_2D_experimental/test/images/1384.JPG,data/processed/MMOTU_OTU_2D_experimental/test/masks/1384_binary.PNG
548,548.JPG,548_binary.PNG,validation,1,0,benign,test,final_validation,data/processed/MMOTU_OTU_2D_experimental/test/images/548.JPG,data/processed/MMOTU_OTU_2D_experimental/test/masks/548_binary.PNG
1162,1162.JPG,1162_binary.PNG,validation,0,0,benign,test,final_validation,data/processed/MMOTU_OTU_2D_experimental/test/images/1162.JPG,data/processed/MMOTU_OTU_2D_experimental/test/masks/1162_binary.PNG
1023,1023.JPG,1023_binary.PNG,validation,0,0,benign,test,final_validation,data/processed/MMOTU_OTU_2D_experimental/test/images/1023.JPG,data/processed/MMOTU_OTU_2D_experimental/test/masks/1023_binary.PNG
1111,1111.JPG,1111_binary.PNG,validation,5,0,benign,test,final_validation,data/processed/MMOTU_OTU_2D_experimental/test/images/1111.JPG,data/processed/MMOTU_OTU_2D_experimental/test/masks/1111_binary.PNG
191,191.JPG,191_binary.PNG,validation,0,0,benign,test,final_validation,data/processed/MMOTU_OTU_2D_experimental/test/images/191.JPG,data/processed/MMOTU_OTU_2D_experimental/test/masks/191_binary.PNG
1055,1055.JPG,1055_binary.PNG,validation,3,0,benign,test,final_validation,data/processed/MMOTU_OTU_2D_experimental/test/images/1055.JPG,data/processed/MMOTU_OTU_2D_experimental/test/masks/1055_binary.PNG
88,88.JPG,88_binary.PNG,validation,5,0,benign,test,final_validation,data/processed/MMOTU_OTU_2D_experimental/test/images/88.JPG,data/processed/MMOTU_OTU_2D_experimental/test/masks/88_binary.PNG
296,296.JPG,296_binary.PNG,validation,1,0,benign,test,final_validation,data/processed/MMOTU_OTU_2D_experimental/test/images/296.JPG,data/processed/MMOTU_OTU_2D_experimental/test/masks/296_binary.PNG
842,842.JPG,842_binary.PNG,validation,0,0,benign,test,final_validation,data/processed/MMOTU_OTU_2D_experimental/test/images/842.JPG,data/processed/MMOTU_OTU_2D_experimental/test/masks/842_binary.PNG
253,253.JPG,253_binary.PNG,validation,1,0,benign,test,final_validation,data/processed/MMOTU_OTU_2D_experimental/test/images/253.JPG,data/processed/MMOTU_OTU_2D_experimental/test/masks/253_binary.PNG
385,385.JPG,385_binary.PNG,validation,1,0,benign,test,final_validation,data/processed/MMOTU_OTU_2D_experimental/test/images/385.JPG,data/processed/MMOTU_OTU_2D_experimental/test/masks/385_binary.PNG
973,973.JPG,973_binary.PNG,validation,0,0,benign,test,final_validation,data/processed/MMOTU_OTU_2D_experimental/test/images/973.JPG,data/processed/MMOTU_OTU_2D_experimental/test/masks/973_binary.PNG
452,452.JPG,452_binary.PNG,validation,6,1,malignant,test,final_validation,data/processed/MMOTU_OTU_2D_experimental/test/images/452.JPG,data/processed/MMOTU_OTU_2D_experimental/test/masks/452_binary.PNG
1366,1366.JPG,1366_binary.PNG,validation,0,0,benign,test,final_validation,data/processed/MMOTU_OTU_2D_experimental/test/images/1366.JPG,data/processed/MMOTU_OTU_2D_experimental/test/masks/1366_binary.PNG
1085,1085.JPG,1085_binary.PNG,validation,5,0,benign,test,final_validation,data/processed/MMOTU_OTU_2D_experimental/test/images/1085.JPG,data/processed/MMOTU_OTU_2D_experimental/test/masks/1085_binary.PNG
896,896.JPG,896_binary.PNG,validation,6,1,malignant,test,final_validation,data/processed/MMOTU_OTU_2D_experimental/test/images/896.JPG,data/processed/MMOTU_OTU_2D_experimental/test/masks/896_binary.PNG
472,472.JPG,472_binary.PNG,validation,1,0,benign,test,final_validation,data/processed/MMOTU_OTU_2D_experimental/test/images/472.JPG,data/processed/MMOTU_OTU_2D_experimental/test/masks/472_binary.PNG
493,493.JPG,493_binary.PNG,validation,6,1,malignant,test,final_validation,data/processed/MMOTU_OTU_2D_experimental/test/images/493.JPG,data/processed/MMOTU_OTU_2D_experimental/test/masks/493_binary.PNG
234,234.JPG,234_binary.PNG,validation,2,0,benign,test,final_validation,data/processed/MMOTU_OTU_2D_experimental/test/images/234.JPG,data/processed/MMOTU_OTU_2D_experimental/test/masks/234_binary.PNG
679,679.JPG,679_binary.PNG,validation,0,0,benign,test,final_validation,data/processed/MMOTU_OTU_2D_experimental/test/images/679.JPG,data/processed/MMOTU_OTU_2D_experimental/test/masks/679_binary.PNG
699,699.JPG,699_binary.PNG,validation,6,1,malignant,test,final_validation,data/processed/MMOTU_OTU_2D_experimental/test/images/699.JPG,data/processed/MMOTU_OTU_2D_experimental/test/masks/699_binary.PNG
501,501.JPG,501_binary.PNG,validation,4,0,benign,test,final_validation,data/processed/MMOTU_OTU_2D_experimental/test/images/501.JPG,data/processed/MMOTU_OTU_2D_experimental/test/masks/501_binary.PNG
436,436.JPG,436_binary.PNG,validation,2,0,benign,test,final_validation,data/processed/MMOTU_OTU_2D_experimental/test/images/436.JPG,data/processed/MMOTU_OTU_2D_experimental/test/masks/436_binary.PNG
249,249.JPG,249_binary.PNG,validation,1,0,benign,test,final_validation,data/processed/MMOTU_OTU_2D_experimental/test/images/249.JPG,data/processed/MMOTU_OTU_2D_experimental/test/masks/249_binary.PNG
621,621.JPG,621_binary.PNG,validation,5,0,benign,test,final_validation,data/processed/MMOTU_OTU_2D_experimental/test/images/621.JPG,data/processed/MMOTU_OTU_2D_experimental/test/masks/621_binary.PNG
322,322.JPG,322_binary.PNG,validation,1,0,benign,test,final_validation,data/processed/MMOTU_OTU_2D_experimental/test/images/322.JPG,data/processed/MMOTU_OTU_2D_experimental/test/masks/322_binary.PNG
186,186.JPG,186_binary.PNG,validation,5,0,benign,test,final_validation,data/processed/MMOTU_OTU_2D_experimental/test/images/186.JPG,data/processed/MMOTU_OTU_2D_experimental/test/masks/186_binary.PNG
653,653.JPG,653_binary.PNG,validation,2,0,benign,test,final_validation,data/processed/MMOTU_OTU_2D_experimental/test/images/653.JPG,data/processed/MMOTU_OTU_2D_experimental/test/masks/653_binary.PNG
129,129.JPG,129_binary.PNG,validation,5,0,benign,test,final_validation,data/processed/MMOTU_OTU_2D_experimental/test/images/129.JPG,data/processed/MMOTU_OTU_2D_experimental/test/masks/129_binary.PNG
912,912.JPG,912_binary.PNG,validation,0,0,benign,test,final_validation,data/processed/MMOTU_OTU_2D_experimental/test/images/912.JPG,data/processed/MMOTU_OTU_2D_experimental/test/masks/912_binary.PNG
1257,1257.JPG,1257_binary.PNG,validation,2,0,benign,test,final_validation,data/processed/MMOTU_OTU_2D_experimental/test/images/1257.JPG,data/processed/MMOTU_OTU_2D_experimental/test/masks/1257_binary.PNG
39,39.JPG,39_binary.PNG,validation,0,0,benign,test,final_validation,data/processed/MMOTU_OTU_2D_experimental/test/images/39.JPG,data/processed/MMOTU_OTU_2D_experimental/test/masks/39_binary.PNG
506,506.JPG,506_binary.PNG,validation,2,0,benign,test,final_validation,data/processed/MMOTU_OTU_2D_experimental/test/images/506.JPG,data/processed/MMOTU_OTU_2D_experimental/test/masks/506_binary.PNG
1464,1464.JPG,1464_binary.PNG,validation,7,1,malignant,test,final_validation,data/processed/MMOTU_OTU_2D_experimental/test/images/1464.JPG,data/processed/MMOTU_OTU_2D_experimental/test/masks/1464_binary.PNG
1038,1038.JPG,1038_binary.PNG,validation,0,0,benign,test,final_validation,data/processed/MMOTU_OTU_2D_experimental/test/images/1038.JPG,data/processed/MMOTU_OTU_2D_experimental/test/masks/1038_binary.PNG
512,512.JPG,512_binary.PNG,validation,2,0,benign,test,final_validation,data/processed/MMOTU_OTU_2D_experimental/test/images/512.JPG,data/processed/MMOTU_OTU_2D_experimental/test/masks/512_binary.PNG
1181,1181.JPG,1181_binary.PNG,validation,3,0,benign,test,final_validation,data/processed/MMOTU_OTU_2D_experimental/test/images/1181.JPG,data/processed/MMOTU_OTU_2D_experimental/test/masks/1181_binary.PNG
228,228.JPG,228_binary.PNG,validation,6,1,malignant,test,final_validation,data/processed/MMOTU_OTU_2D_experimental/test/images/228.JPG,data/processed/MMOTU_OTU_2D_experimental/test/masks/228_binary.PNG
170,170.JPG,170_binary.PNG,validation,2,0,benign,test,final_validation,data/processed/MMOTU_OTU_2D_experimental/test/images/170.JPG,data/processed/MMOTU_OTU_2D_experimental/test/masks/170_binary.PNG
1033,1033.JPG,1033_binary.PNG,validation,5,0,benign,test,final_validation,data/processed/MMOTU_OTU_2D_experimental/test/images/1033.JPG,data/processed/MMOTU_OTU_2D_experimental/test/masks/1033_binary.PNG
883,883.JPG,883_binary.PNG,validation,0,0,benign,test,final_validation,data/processed/MMOTU_OTU_2D_experimental/test/images/883.JPG,data/processed/MMOTU_OTU_2D_experimental/test/masks/883_binary.PNG
1065,1065.JPG,1065_binary.PNG,validation,2,0,benign,test,final_validation,data/processed/MMOTU_OTU_2D_experimental/test/images/1065.JPG,data/processed/MMOTU_OTU_2D_experimental/test/masks/1065_binary.PNG
639,639.JPG,639_binary.PNG,validation,0,0,benign,test,final_validation,data/processed/MMOTU_OTU_2D_experimental/test/images/639.JPG,data/processed/MMOTU_OTU_2D_experimental/test/masks/639_binary.PNG
981,981.JPG,981_binary.PNG,validation,5,0,benign,test,final_validation,data/processed/MMOTU_OTU_2D_experimental/test/images/981.JPG,data/processed/MMOTU_OTU_2D_experimental/test/masks/981_binary.PNG
144,144.JPG,144_binary.PNG,validation,5,0,benign,test,final_validation,data/processed/MMOTU_OTU_2D_experimental/test/images/144.JPG,data/processed/MMOTU_OTU_2D_experimental/test/masks/144_binary.PNG
98,98.JPG,98_binary.PNG,validation,1,0,benign,test,final_validation,data/processed/MMOTU_OTU_2D_experimental/test/images/98.JPG,data/processed/MMOTU_OTU_2D_experimental/test/masks/98_binary.PNG
63,63.JPG,63_binary.PNG,validation,1,0,benign,test,final_validation,data/processed/MMOTU_OTU_2D_experimental/test/images/63.JPG,data/processed/MMOTU_OTU_2D_experimental/test/masks/63_binary.PNG
382,382.JPG,382_binary.PNG,validation,2,0,benign,test,final_validation,data/processed/MMOTU_OTU_2D_experimental/test/images/382.JPG,data/processed/MMOTU_OTU_2D_experimental/test/masks/382_binary.PNG
1092,1092.JPG,1092_binary.PNG,validation,0,0,benign,test,final_validation,data/processed/MMOTU_OTU_2D_experimental/test/images/1092.JPG,data/processed/MMOTU_OTU_2D_experimental/test/masks/1092_binary.PNG
652,652.JPG,652_binary.PNG,validation,5,0,benign,test,final_validation,data/processed/MMOTU_OTU_2D_experimental/test/images/652.JPG,data/processed/MMOTU_OTU_2D_experimental/test/masks/652_binary.PNG
1285,1285.JPG,1285_binary.PNG,validation,0,0,benign,test,final_validation,data/processed/MMOTU_OTU_2D_experimental/test/images/1285.JPG,data/processed/MMOTU_OTU_2D_experimental/test/masks/1285_binary.PNG
689,689.JPG,689_binary.PNG,validation,5,0,benign,test,final_validation,data/processed/MMOTU_OTU_2D_experimental/test/images/689.JPG,data/processed/MMOTU_OTU_2D_experimental/test/masks/689_binary.PNG
998,998.JPG,998_binary.PNG,validation,2,0,benign,test,final_validation,data/processed/MMOTU_OTU_2D_experimental/test/images/998.JPG,data/processed/MMOTU_OTU_2D_experimental/test/masks/998_binary.PNG
487,487.JPG,487_binary.PNG,validation,2,0,benign,test,final_validation,data/processed/MMOTU_OTU_2D_experimental/test/images/487.JPG,data/processed/MMOTU_OTU_2D_experimental/test/masks/487_binary.PNG
515,515.JPG,515_binary.PNG,validation,5,0,benign,test,final_validation,data/processed/MMOTU_OTU_2D_experimental/test/images/515.JPG,data/processed/MMOTU_OTU_2D_experimental/test/masks/515_binary.PNG
1095,1095.JPG,1095_binary.PNG,validation,2,0,benign,test,final_validation,data/processed/MMOTU_OTU_2D_experimental/test/images/1095.JPG,data/processed/MMOTU_OTU_2D_experimental/test/masks/1095_binary.PNG
1200,1200.JPG,1200_binary.PNG,validation,0,0,benign,test,final_validation,data/processed/MMOTU_OTU_2D_experimental/test/images/1200.JPG,data/processed/MMOTU_OTU_2D_experimental/test/masks/1200_binary.PNG
1444,1444.JPG,1444_binary.PNG,validation,7,1,malignant,test,final_validation,data/processed/MMOTU_OTU_2D_experimental/test/images/1444.JPG,data/processed/MMOTU_OTU_2D_experimental/test/masks/1444_binary.PNG
524,524.JPG,524_binary.PNG,validation,2,0,benign,test,final_validation,data/processed/MMOTU_OTU_2D_experimental/test/images/524.JPG,data/processed/MMOTU_OTU_2D_experimental/test/masks/524_binary.PNG
1341,1341.JPG,1341_binary.PNG,validation,5,0,benign,test,final_validation,data/processed/MMOTU_OTU_2D_experimental/test/images/1341.JPG,data/processed/MMOTU_OTU_2D_experimental/test/masks/1341_binary.PNG
904,904.JPG,904_binary.PNG,validation,2,0,benign,test,final_validation,data/processed/MMOTU_OTU_2D_experimental/test/images/904.JPG,data/processed/MMOTU_OTU_2D_experimental/test/masks/904_binary.PNG
90,90.JPG,90_binary.PNG,validation,1,0,benign,test,final_validation,data/processed/MMOTU_OTU_2D_experimental/test/images/90.JPG,data/processed/MMOTU_OTU_2D_experimental/test/masks/90_binary.PNG
762,762.JPG,762_binary.PNG,validation,1,0,benign,test,final_validation,data/processed/MMOTU_OTU_2D_experimental/test/images/762.JPG,data/processed/MMOTU_OTU_2D_experimental/test/masks/762_binary.PNG
158,158.JPG,158_binary.PNG,validation,5,0,benign,test,final_validation,data/processed/MMOTU_OTU_2D_experimental/test/images/158.JPG,data/processed/MMOTU_OTU_2D_experimental/test/masks/158_binary.PNG
776,776.JPG,776_binary.PNG,validation,2,0,benign,test,final_validation,data/processed/MMOTU_OTU_2D_experimental/test/images/776.JPG,data/processed/MMOTU_OTU_2D_experimental/test/masks/776_binary.PNG
1376,1376.JPG,1376_binary.PNG,validation,4,0,benign,test,final_validation,data/processed/MMOTU_OTU_2D_experimental/test/images/1376.JPG,data/processed/MMOTU_OTU_2D_experimental/test/masks/1376_binary.PNG
145,145.JPG,145_binary.PNG,validation,5,0,benign,test,final_validation,data/processed/MMOTU_OTU_2D_experimental/test/images/145.JPG,data/processed/MMOTU_OTU_2D_experimental/test/masks/145_binary.PNG
993,993.JPG,993_binary.PNG,validation,0,0,benign,test,final_validation,data/processed/MMOTU_OTU_2D_experimental/test/images/993.JPG,data/processed/MMOTU_OTU_2D_experimental/test/masks/993_binary.PNG
802,802.JPG,802_binary.PNG,validation,0,0,benign,test,final_validation,data/processed/MMOTU_OTU_2D_experimental/test/images/802.JPG,data/processed/MMOTU_OTU_2D_experimental/test/masks/802_binary.PNG
800,800.JPG,800_binary.PNG,validation,0,0,benign,test,final_validation,data/processed/MMOTU_OTU_2D_experimental/test/images/800.JPG,data/processed/MMOTU_OTU_2D_experimental/test/masks/800_binary.PNG
520,520.JPG,520_binary.PNG,validation,5,0,benign,test,final_validation,data/processed/MMOTU_OTU_2D_experimental/test/images/520.JPG,data/processed/MMOTU_OTU_2D_experimental/test/masks/520_binary.PNG
971,971.JPG,971_binary.PNG,validation,2,0,benign,test,final_validation,data/processed/MMOTU_OTU_2D_experimental/test/images/971.JPG,data/processed/MMOTU_OTU_2D_experimental/test/masks/971_binary.PNG
953,953.JPG,953_binary.PNG,validation,4,0,benign,test,final_validation,data/processed/MMOTU_OTU_2D_experimental/test/images/953.JPG,data/processed/MMOTU_OTU_2D_experimental/test/masks/953_binary.PNG
1039,1039.JPG,1039_binary.PNG,validation,5,0,benign,test,final_validation,data/processed/MMOTU_OTU_2D_experimental/test/images/1039.JPG,data/processed/MMOTU_OTU_2D_experimental/test/masks/1039_binary.PNG
94,94.JPG,94_binary.PNG,validation,1,0,benign,test,final_validation,data/processed/MMOTU_OTU_2D_experimental/test/images/94.JPG,data/processed/MMOTU_OTU_2D_experimental/test/masks/94_binary.PNG
1123,1123.JPG,1123_binary.PNG,validation,1,0,benign,test,final_validation,data/processed/MMOTU_OTU_2D_experimental/test/images/1123.JPG,data/processed/MMOTU_OTU_2D_experimental/test/masks/1123_binary.PNG
1235,1235.JPG,1235_binary.PNG,validation,0,0,benign,test,final_validation,data/processed/MMOTU_OTU_2D_experimental/test/images/1235.JPG,data/processed/MMOTU_OTU_2D_experimental/test/masks/1235_binary.PNG
687,687.JPG,687_binary.PNG,validation,5,0,benign,test,final_validation,data/processed/MMOTU_OTU_2D_experimental/test/images/687.JPG,data/processed/MMOTU_OTU_2D_experimental/test/masks/687_binary.PNG
148,148.JPG,148_binary.PNG,validation,1,0,benign,test,final_validation,data/processed/MMOTU_OTU_2D_experimental/test/images/148.JPG,data/processed/MMOTU_OTU_2D_experimental/test/masks/148_binary.PNG
1042,1042.JPG,1042_binary.PNG,validation,2,0,benign,test,final_validation,data/processed/MMOTU_OTU_2D_experimental/test/images/1042.JPG,data/processed/MMOTU_OTU_2D_experimental/test/masks/1042_binary.PNG
477,477.JPG,477_binary.PNG,validation,3,0,benign,test,final_validation,data/processed/MMOTU_OTU_2D_experimental/test/images/477.JPG,data/processed/MMOTU_OTU_2D_experimental/test/masks/477_binary.PNG
154,154.JPG,154_binary.PNG,validation,5,0,benign,test,final_validation,data/processed/MMOTU_OTU_2D_experimental/test/images/154.JPG,data/processed/MMOTU_OTU_2D_experimental/test/masks/154_binary.PNG
539,539.JPG,539_binary.PNG,validation,0,0,benign,test,final_validation,data/processed/MMOTU_OTU_2D_experimental/test/images/539.JPG,data/processed/MMOTU_OTU_2D_experimental/test/masks/539_binary.PNG
1089,1089.JPG,1089_binary.PNG,validation,6,1,malignant,test,final_validation,data/processed/MMOTU_OTU_2D_experimental/test/images/1089.JPG,data/processed/MMOTU_OTU_2D_experimental/test/masks/1089_binary.PNG
1413,1413.JPG,1413_binary.PNG,validation,1,0,benign,test,final_validation,data/processed/MMOTU_OTU_2D_experimental/test/images/1413.JPG,data/processed/MMOTU_OTU_2D_experimental/test/masks/1413_binary.PNG
371,371.JPG,371_binary.PNG,validation,3,0,benign,test,final_validation,data/processed/MMOTU_OTU_2D_experimental/test/images/371.JPG,data/processed/MMOTU_OTU_2D_experimental/test/masks/371_binary.PNG
387,387.JPG,387_binary.PNG,validation,0,0,benign,test,final_validation,data/processed/MMOTU_OTU_2D_experimental/test/images/387.JPG,data/processed/MMOTU_OTU_2D_experimental/test/masks/387_binary.PNG
1339,1339.JPG,1339_binary.PNG,validation,5,0,benign,test,final_validation,data/processed/MMOTU_OTU_2D_experimental/test/images/1339.JPG,data/processed/MMOTU_OTU_2D_experimental/test/masks/1339_binary.PNG
626,626.JPG,626_binary.PNG,validation,3,0,benign,test,final_validation,data/processed/MMOTU_OTU_2D_experimental/test/images/626.JPG,data/processed/MMOTU_OTU_2D_experimental/test/masks/626_binary.PNG
714,714.JPG,714_binary.PNG,validation,2,0,benign,test,final_validation,data/processed/MMOTU_OTU_2D_experimental/test/images/714.JPG,data/processed/MMOTU_OTU_2D_experimental/test/masks/714_binary.PNG
636,636.JPG,636_binary.PNG,validation,2,0,benign,test,final_validation,data/processed/MMOTU_OTU_2D_experimental/test/images/636.JPG,data/processed/MMOTU_OTU_2D_experimental/test/masks/636_binary.PNG
1432,1432.JPG,1432_binary.PNG,validation,7,1,malignant,test,final_validation,data/processed/MMOTU_OTU_2D_experimental/test/images/1432.JPG,data/processed/MMOTU_OTU_2D_experimental/test/masks/1432_binary.PNG
152,152.JPG,152_binary.PNG,validation,3,0,benign,test,final_validation,data/processed/MMOTU_OTU_2D_experimental/test/images/152.JPG,data/processed/MMOTU_OTU_2D_experimental/test/masks/152_binary.PNG
73,73.JPG,73_binary.PNG,validation,4,0,benign,test,final_validation,data/processed/MMOTU_OTU_2D_experimental/test/images/73.JPG,data/processed/MMOTU_OTU_2D_experimental/test/masks/73_binary.PNG
83,83.JPG,83_binary.PNG,validation,0,0,benign,test,final_validation,data/processed/MMOTU_OTU_2D_experimental/test/images/83.JPG,data/processed/MMOTU_OTU_2D_experimental/test/masks/83_binary.PNG
181,181.JPG,181_binary.PNG,validation,2,0,benign,test,final_validation,data/processed/MMOTU_OTU_2D_experimental/test/images/181.JPG,data/processed/MMOTU_OTU_2D_experimental/test/masks/181_binary.PNG
594,594.JPG,594_binary.PNG,validation,1,0,benign,test,final_validation,data/processed/MMOTU_OTU_2D_experimental/test/images/594.JPG,data/processed/MMOTU_OTU_2D_experimental/test/masks/594_binary.PNG
960,960.JPG,960_binary.PNG,validation,5,0,benign,test,final_validation,data/processed/MMOTU_OTU_2D_experimental/test/images/960.JPG,data/processed/MMOTU_OTU_2D_experimental/test/masks/960_binary.PNG
1214,1214.JPG,1214_binary.PNG,validation,0,0,benign,test,final_validation,data/processed/MMOTU_OTU_2D_experimental/test/images/1214.JPG,data/processed/MMOTU_OTU_2D_experimental/test/masks/1214_binary.PNG
748,748.JPG,748_binary.PNG,validation,2,0,benign,test,final_validation,data/processed/MMOTU_OTU_2D_experimental/test/images/748.JPG,data/processed/MMOTU_OTU_2D_experimental/test/masks/748_binary.PNG
1291,1291.JPG,1291_binary.PNG,validation,1,0,benign,test,final_validation,data/processed/MMOTU_OTU_2D_experimental/test/images/1291.JPG,data/processed/MMOTU_OTU_2D_experimental/test/masks/1291_binary.PNG
919,919.JPG,919_binary.PNG,validation,2,0,benign,test,final_validation,data/processed/MMOTU_OTU_2D_experimental/test/images/919.JPG,data/processed/MMOTU_OTU_2D_experimental/test/masks/919_binary.PNG
854,854.JPG,854_binary.PNG,validation,6,1,malignant,test,final_validation,data/processed/MMOTU_OTU_2D_experimental/test/images/854.JPG,data/processed/MMOTU_OTU_2D_experimental/test/masks/854_binary.PNG
826,826.JPG,826_binary.PNG,validation,0,0,benign,test,final_validation,data/processed/MMOTU_OTU_2D_experimental/test/images/826.JPG,data/processed/MMOTU_OTU_2D_experimental/test/masks/826_binary.PNG
261,261.JPG,261_binary.PNG,validation,2,0,benign,test,final_validation,data/processed/MMOTU_OTU_2D_experimental/test/images/261.JPG,data/processed/MMOTU_OTU_2D_experimental/test/masks/261_binary.PNG
1374,1374.JPG,1374_binary.PNG,validation,4,0,benign,test,final_validation,data/processed/MMOTU_OTU_2D_experimental/test/images/1374.JPG,data/processed/MMOTU_OTU_2D_experimental/test/masks/1374_binary.PNG
149,149.JPG,149_binary.PNG,validation,1,0,benign,test,final_validation,data/processed/MMOTU_OTU_2D_experimental/test/images/149.JPG,data/processed/MMOTU_OTU_2D_experimental/test/masks/149_binary.PNG
1461,1461.JPG,1461_binary.PNG,validation,7,1,malignant,test,final_validation,data/processed/MMOTU_OTU_2D_experimental/test/images/1461.JPG,data/processed/MMOTU_OTU_2D_experimental/test/masks/1461_binary.PNG
125,125.JPG,125_binary.PNG,validation,2,0,benign,test,final_validation,data/processed/MMOTU_OTU_2D_experimental/test/images/125.JPG,data/processed/MMOTU_OTU_2D_experimental/test/masks/125_binary.PNG
600,600.JPG,600_binary.PNG,validation,4,0,benign,test,final_validation,data/processed/MMOTU_OTU_2D_experimental/test/images/600.JPG,data/processed/MMOTU_OTU_2D_experimental/test/masks/600_binary.PNG
255,255.JPG,255_binary.PNG,validation,1,0,benign,test,final_validation,data/processed/MMOTU_OTU_2D_experimental/test/images/255.JPG,data/processed/MMOTU_OTU_2D_experimental/test/masks/255_binary.PNG
358,358.JPG,358_binary.PNG,validation,3,0,benign,test,final_validation,data/processed/MMOTU_OTU_2D_experimental/test/images/358.JPG,data/processed/MMOTU_OTU_2D_experimental/test/masks/358_binary.PNG
1241,1241.JPG,1241_binary.PNG,validation,2,0,benign,test,final_validation,data/processed/MMOTU_OTU_2D_experimental/test/images/1241.JPG,data/processed/MMOTU_OTU_2D_experimental/test/masks/1241_binary.PNG
210,210.JPG,210_binary.PNG,validation,5,0,benign,test,final_validation,data/processed/MMOTU_OTU_2D_experimental/test/images/210.JPG,data/processed/MMOTU_OTU_2D_experimental/test/masks/210_binary.PNG
1416,1416.JPG,1416_binary.PNG,validation,1,0,benign,test,final_validation,data/processed/MMOTU_OTU_2D_experimental/test/images/1416.JPG,data/processed/MMOTU_OTU_2D_experimental/test/masks/1416_binary.PNG
475,475.JPG,475_binary.PNG,validation,2,0,benign,test,final_validation,data/processed/MMOTU_OTU_2D_experimental/test/images/475.JPG,data/processed/MMOTU_OTU_2D_experimental/test/masks/475_binary.PNG
1108,1108.JPG,1108_binary.PNG,validation,2,0,benign,test,final_validation,data/processed/MMOTU_OTU_2D_experimental/test/images/1108.JPG,data/processed/MMOTU_OTU_2D_experimental/test/masks/1108_binary.PNG
620,620.JPG,620_binary.PNG,validation,5,0,benign,test,final_validation,data/processed/MMOTU_OTU_2D_experimental/test/images/620.JPG,data/processed/MMOTU_OTU_2D_experimental/test/masks/620_binary.PNG
392,392.JPG,392_binary.PNG,validation,0,0,benign,test,final_validation,data/processed/MMOTU_OTU_2D_experimental/test/images/392.JPG,data/processed/MMOTU_OTU_2D_experimental/test/masks/392_binary.PNG
403,403.JPG,403_binary.PNG,validation,1,0,benign,test,final_validation,data/processed/MMOTU_OTU_2D_experimental/test/images/403.JPG,data/processed/MMOTU_OTU_2D_experimental/test/masks/403_binary.PNG
1234,1234.JPG,1234_binary.PNG,validation,0,0,benign,test,final_validation,data/processed/MMOTU_OTU_2D_experimental/test/images/1234.JPG,data/processed/MMOTU_OTU_2D_experimental/test/masks/1234_binary.PNG
534,534.JPG,534_binary.PNG,validation,2,0,benign,test,final_validation,data/processed/MMOTU_OTU_2D_experimental/test/images/534.JPG,data/processed/MMOTU_OTU_2D_experimental/test/masks/534_binary.PNG
266,266.JPG,266_binary.PNG,validation,5,0,benign,test,final_validation,data/processed/MMOTU_OTU_2D_experimental/test/images/266.JPG,data/processed/MMOTU_OTU_2D_experimental/test/masks/266_binary.PNG
606,606.JPG,606_binary.PNG,validation,3,0,benign,test,final_validation,data/processed/MMOTU_OTU_2D_experimental/test/images/606.JPG,data/processed/MMOTU_OTU_2D_experimental/test/masks/606_binary.PNG
779,779.JPG,779_binary.PNG,validation,0,0,benign,test,final_validation,data/processed/MMOTU_OTU_2D_experimental/test/images/779.JPG,data/processed/MMOTU_OTU_2D_experimental/test/masks/779_binary.PNG
5,5.JPG,5_binary.PNG,validation,4,0,benign,test,final_validation,data/processed/MMOTU_OTU_2D_experimental/test/images/5.JPG,data/processed/MMOTU_OTU_2D_experimental/test/masks/5_binary.PNG
770,770.JPG,770_binary.PNG,validation,1,0,benign,test,final_validation,data/processed/MMOTU_OTU_2D_experimental/test/images/770.JPG,data/processed/MMOTU_OTU_2D_experimental/test/masks/770_binary.PNG
632,632.JPG,632_binary.PNG,validation,5,0,benign,test,final_validation,data/processed/MMOTU_OTU_2D_experimental/test/images/632.JPG,data/processed/MMOTU_OTU_2D_experimental/test/masks/632_binary.PNG
930,930.JPG,930_binary.PNG,validation,5,0,benign,test,final_validation,data/processed/MMOTU_OTU_2D_experimental/test/images/930.JPG,data/processed/MMOTU_OTU_2D_experimental/test/masks/930_binary.PNG
916,916.JPG,916_binary.PNG,validation,2,0,benign,test,final_validation,data/processed/MMOTU_OTU_2D_experimental/test/images/916.JPG,data/processed/MMOTU_OTU_2D_experimental/test/masks/916_binary.PNG
1169,1169.JPG,1169_binary.PNG,validation,0,0,benign,test,final_validation,data/processed/MMOTU_OTU_2D_experimental/test/images/1169.JPG,data/processed/MMOTU_OTU_2D_experimental/test/masks/1169_binary.PNG
897,897.JPG,897_binary.PNG,validation,6,1,malignant,test,final_validation,data/processed/MMOTU_OTU_2D_experimental/test/images/897.JPG,data/processed/MMOTU_OTU_2D_experimental/test/masks/897_binary.PNG
707,707.JPG,707_binary.PNG,validation,2,0,benign,test,final_validation,data/processed/MMOTU_OTU_2D_experimental/test/images/707.JPG,data/processed/MMOTU_OTU_2D_experimental/test/masks/707_binary.PNG
96,96.JPG,96_binary.PNG,validation,5,0,benign,test,final_validation,data/processed/MMOTU_OTU_2D_experimental/test/images/96.JPG,data/processed/MMOTU_OTU_2D_experimental/test/masks/96_binary.PNG
292,292.JPG,292_binary.PNG,validation,0,0,benign,test,final_validation,data/processed/MMOTU_OTU_2D_experimental/test/images/292.JPG,data/processed/MMOTU_OTU_2D_experimental/test/masks/292_binary.PNG
1255,1255.JPG,1255_binary.PNG,validation,1,0,benign,test,final_validation,data/processed/MMOTU_OTU_2D_experimental/test/images/1255.JPG,data/processed/MMOTU_OTU_2D_experimental/test/masks/1255_binary.PNG
911,911.JPG,911_binary.PNG,validation,0,0,benign,test,final_validation,data/processed/MMOTU_OTU_2D_experimental/test/images/911.JPG,data/processed/MMOTU_OTU_2D_experimental/test/masks/911_binary.PNG
177,177.JPG,177_binary.PNG,validation,1,0,benign,test,final_validation,data/processed/MMOTU_OTU_2D_experimental/test/images/177.JPG,data/processed/MMOTU_OTU_2D_experimental/test/masks/177_binary.PNG
288,288.JPG,288_binary.PNG,validation,2,0,benign,test,final_validation,data/processed/MMOTU_OTU_2D_experimental/test/images/288.JPG,data/processed/MMOTU_OTU_2D_experimental/test/masks/288_binary.PNG
124,124.JPG,124_binary.PNG,validation,5,0,benign,test,final_validation,data/processed/MMOTU_OTU_2D_experimental/test/images/124.JPG,data/processed/MMOTU_OTU_2D_experimental/test/masks/124_binary.PNG
560,560.JPG,560_binary.PNG,validation,2,0,benign,test,final_validation,data/processed/MMOTU_OTU_2D_experimental/test/images/560.JPG,data/processed/MMOTU_OTU_2D_experimental/test/masks/560_binary.PNG
1238,1238.JPG,1238_binary.PNG,validation,4,0,benign,test,final_validation,data/processed/MMOTU_OTU_2D_experimental/test/images/1238.JPG,data/processed/MMOTU_OTU_2D_experimental/test/masks/1238_binary.PNG
816,816.JPG,816_binary.PNG,validation,2,0,benign,test,final_validation,data/processed/MMOTU_OTU_2D_experimental/test/images/816.JPG,data/processed/MMOTU_OTU_2D_experimental/test/masks/816_binary.PNG
546,546.JPG,546_binary.PNG,validation,1,0,benign,test,final_validation,data/processed/MMOTU_OTU_2D_experimental/test/images/546.JPG,data/processed/MMOTU_OTU_2D_experimental/test/masks/546_binary.PNG
1012,1012.JPG,1012_binary.PNG,validation,4,0,benign,test,final_validation,data/processed/MMOTU_OTU_2D_experimental/test/images/1012.JPG,data/processed/MMOTU_OTU_2D_experimental/test/masks/1012_binary.PNG
685,685.JPG,685_binary.PNG,validation,5,0,benign,test,final_validation,data/processed/MMOTU_OTU_2D_experimental/test/images/685.JPG,data/processed/MMOTU_OTU_2D_experimental/test/masks/685_binary.PNG
445,445.JPG,445_binary.PNG,validation,0,0,benign,test,final_validation,data/processed/MMOTU_OTU_2D_experimental/test/images/445.JPG,data/processed/MMOTU_OTU_2D_experimental/test/masks/445_binary.PNG
386,386.JPG,386_binary.PNG,validation,1,0,benign,test,final_validation,data/processed/MMOTU_OTU_2D_experimental/test/images/386.JPG,data/processed/MMOTU_OTU_2D_experimental/test/masks/386_binary.PNG
952,952.JPG,952_binary.PNG,validation,2,0,benign,test,final_validation,data/processed/MMOTU_OTU_2D_experimental/test/images/952.JPG,data/processed/MMOTU_OTU_2D_experimental/test/masks/952_binary.PNG
821,821.JPG,821_binary.PNG,validation,1,0,benign,test,final_validation,data/processed/MMOTU_OTU_2D_experimental/test/images/821.JPG,data/processed/MMOTU_OTU_2D_experimental/test/masks/821_binary.PNG
363,363.JPG,363_binary.PNG,validation,1,0,benign,test,final_validation,data/processed/MMOTU_OTU_2D_experimental/test/images/363.JPG,data/processed/MMOTU_OTU_2D_experimental/test/masks/363_binary.PNG
464,464.JPG,464_binary.PNG,validation,2,0,benign,test,final_validation,data/processed/MMOTU_OTU_2D_experimental/test/images/464.JPG,data/processed/MMOTU_OTU_2D_experimental/test/masks/464_binary.PNG
1061,1061.JPG,1061_binary.PNG,validation,1,0,benign,test,final_validation,data/processed/MMOTU_OTU_2D_experimental/test/images/1061.JPG,data/processed/MMOTU_OTU_2D_experimental/test/masks/1061_binary.PNG
76,76.JPG,76_binary.PNG,validation,5,0,benign,test,final_validation,data/processed/MMOTU_OTU_2D_experimental/test/images/76.JPG,data/processed/MMOTU_OTU_2D_experimental/test/masks/76_binary.PNG
804,804.JPG,804_binary.PNG,validation,0,0,benign,test,final_validation,data/processed/MMOTU_OTU_2D_experimental/test/images/804.JPG,data/processed/MMOTU_OTU_2D_experimental/test/masks/804_binary.PNG
878,878.JPG,878_binary.PNG,validation,4,0,benign,test,final_validation,data/processed/MMOTU_OTU_2D_experimental/test/images/878.JPG,data/processed/MMOTU_OTU_2D_experimental/test/masks/878_binary.PNG
1307,1307.JPG,1307_binary.PNG,validation,0,0,benign,test,final_validation,data/processed/MMOTU_OTU_2D_experimental/test/images/1307.JPG,data/processed/MMOTU_OTU_2D_experimental/test/masks/1307_binary.PNG
631,631.JPG,631_binary.PNG,validation,5,0,benign,test,final_validation,data/processed/MMOTU_OTU_2D_experimental/test/images/631.JPG,data/processed/MMOTU_OTU_2D_experimental/test/masks/631_binary.PNG
1378,1378.JPG,1378_binary.PNG,validation,1,0,benign,test,final_validation,data/processed/MMOTU_OTU_2D_experimental/test/images/1378.JPG,data/processed/MMOTU_OTU_2D_experimental/test/masks/1378_binary.PNG
26,26.JPG,26_binary.PNG,validation,6,1,malignant,test,final_validation,data/processed/MMOTU_OTU_2D_experimental/test/images/26.JPG,data/processed/MMOTU_OTU_2D_experimental/test/masks/26_binary.PNG
517,517.JPG,517_binary.PNG,validation,2,0,benign,test,final_validation,data/processed/MMOTU_OTU_2D_experimental/test/images/517.JPG,data/processed/MMOTU_OTU_2D_experimental/test/masks/517_binary.PNG
496,496.JPG,496_binary.PNG,validation,1,0,benign,test,final_validation,data/processed/MMOTU_OTU_2D_experimental/test/images/496.JPG,data/processed/MMOTU_OTU_2D_experimental/test/masks/496_binary.PNG
1170,1170.JPG,1170_binary.PNG,validation,0,0,benign,test,final_validation,data/processed/MMOTU_OTU_2D_experimental/test/images/1170.JPG,data/processed/MMOTU_OTU_2D_experimental/test/masks/1170_binary.PNG
825,825.JPG,825_binary.PNG,validation,0,0,benign,test,final_validation,data/processed/MMOTU_OTU_2D_experimental/test/images/825.JPG,data/processed/MMOTU_OTU_2D_experimental/test/masks/825_binary.PNG
316,316.JPG,316_binary.PNG,validation,1,0,benign,test,final_validation,data/processed/MMOTU_OTU_2D_experimental/test/images/316.JPG,data/processed/MMOTU_OTU_2D_experimental/test/masks/316_binary.PNG
691,691.JPG,691_binary.PNG,validation,5,0,benign,test,final_validation,data/processed/MMOTU_OTU_2D_experimental/test/images/691.JPG,data/processed/MMOTU_OTU_2D_experimental/test/masks/691_binary.PNG
773,773.JPG,773_binary.PNG,validation,1,0,benign,test,final_validation,data/processed/MMOTU_OTU_2D_experimental/test/images/773.JPG,data/processed/MMOTU_OTU_2D_experimental/test/masks/773_binary.PNG
1252,1252.JPG,1252_binary.PNG,validation,0,0,benign,test,final_validation,data/processed/MMOTU_OTU_2D_experimental/test/images/1252.JPG,data/processed/MMOTU_OTU_2D_experimental/test/masks/1252_binary.PNG
1388,1388.JPG,1388_binary.PNG,validation,1,0,benign,test,final_validation,data/processed/MMOTU_OTU_2D_experimental/test/images/1388.JPG,data/processed/MMOTU_OTU_2D_experimental/test/masks/1388_binary.PNG
894,894.JPG,894_binary.PNG,validation,1,0,benign,test,final_validation,data/processed/MMOTU_OTU_2D_experimental/test/images/894.JPG,data/processed/MMOTU_OTU_2D_experimental/test/masks/894_binary.PNG
581,581.JPG,581_binary.PNG,validation,0,0,benign,test,final_validation,data/processed/MMOTU_OTU_2D_experimental/test/images/581.JPG,data/processed/MMOTU_OTU_2D_experimental/test/masks/581_binary.PNG
1221,1221.JPG,1221_binary.PNG,validation,5,0,benign,test,final_validation,data/processed/MMOTU_OTU_2D_experimental/test/images/1221.JPG,data/processed/MMOTU_OTU_2D_experimental/test/masks/1221_binary.PNG
970,970.JPG,970_binary.PNG,validation,2,0,benign,test,final_validation,data/processed/MMOTU_OTU_2D_experimental/test/images/970.JPG,data/processed/MMOTU_OTU_2D_experimental/test/masks/970_binary.PNG
638,638.JPG,638_binary.PNG,validation,2,0,benign,test,final_validation,data/processed/MMOTU_OTU_2D_experimental/test/images/638.JPG,data/processed/MMOTU_OTU_2D_experimental/test/masks/638_binary.PNG
1199,1199.JPG,1199_binary.PNG,validation,0,0,benign,test,final_validation,data/processed/MMOTU_OTU_2D_experimental/test/images/1199.JPG,data/processed/MMOTU_OTU_2D_experimental/test/masks/1199_binary.PNG
1082,1082.JPG,1082_binary.PNG,validation,2,0,benign,test,final_validation,data/processed/MMOTU_OTU_2D_experimental/test/images/1082.JPG,data/processed/MMOTU_OTU_2D_experimental/test/masks/1082_binary.PNG
1054,1054.JPG,1054_binary.PNG,validation,3,0,benign,test,final_validation,data/processed/MMOTU_OTU_2D_experimental/test/images/1054.JPG,data/processed/MMOTU_OTU_2D_experimental/test/masks/1054_binary.PNG
1358,1358.JPG,1358_binary.PNG,validation,1,0,benign,test,final_validation,data/processed/MMOTU_OTU_2D_experimental/test/images/1358.JPG,data/processed/MMOTU_OTU_2D_experimental/test/masks/1358_binary.PNG
1175,1175.JPG,1175_binary.PNG,validation,6,1,malignant,test,final_validation,data/processed/MMOTU_OTU_2D_experimental/test/images/1175.JPG,data/processed/MMOTU_OTU_2D_experimental/test/masks/1175_binary.PNG
752,752.JPG,752_binary.PNG,validation,6,1,malignant,test,final_validation,data/processed/MMOTU_OTU_2D_experimental/test/images/752.JPG,data/processed/MMOTU_OTU_2D_experimental/test/masks/752_binary.PNG
1081,1081.JPG,1081_binary.PNG,validation,5,0,benign,test,final_validation,data/processed/MMOTU_OTU_2D_experimental/test/images/1081.JPG,data/processed/MMOTU_OTU_2D_experimental/test/masks/1081_binary.PNG
476,476.JPG,476_binary.PNG,validation,3,0,benign,test,final_validation,data/processed/MMOTU_OTU_2D_experimental/test/images/476.JPG,data/processed/MMOTU_OTU_2D_experimental/test/masks/476_binary.PNG
203,203.JPG,203_binary.PNG,validation,5,0,benign,test,final_validation,data/processed/MMOTU_OTU_2D_experimental/test/images/203.JPG,data/processed/MMOTU_OTU_2D_experimental/test/masks/203_binary.PNG
1306,1306.JPG,1306_binary.PNG,validation,1,0,benign,test,final_validation,data/processed/MMOTU_OTU_2D_experimental/test/images/1306.JPG,data/processed/MMOTU_OTU_2D_experimental/test/masks/1306_binary.PNG
440,440.JPG,440_binary.PNG,validation,2,0,benign,test,final_validation,data/processed/MMOTU_OTU_2D_experimental/test/images/440.JPG,data/processed/MMOTU_OTU_2D_experimental/test/masks/440_binary.PNG
609,609.JPG,609_binary.PNG,validation,3,0,benign,test,final_validation,data/processed/MMOTU_OTU_2D_experimental/test/images/609.JPG,data/processed/MMOTU_OTU_2D_experimental/test/masks/609_binary.PNG
884,884.JPG,884_binary.PNG,validation,5,0,benign,test,final_validation,data/processed/MMOTU_OTU_2D_experimental/test/images/884.JPG,data/processed/MMOTU_OTU_2D_experimental/test/masks/884_binary.PNG
193,193.JPG,193_binary.PNG,validation,5,0,benign,test,final_validation,data/processed/MMOTU_OTU_2D_experimental/test/images/193.JPG,data/processed/MMOTU_OTU_2D_experimental/test/masks/193_binary.PNG
229,229.JPG,229_binary.PNG,validation,6,1,malignant,test,final_validation,data/processed/MMOTU_OTU_2D_experimental/test/images/229.JPG,data/processed/MMOTU_OTU_2D_experimental/test/masks/229_binary.PNG
521,521.JPG,521_binary.PNG,validation,5,0,benign,test,final_validation,data/processed/MMOTU_OTU_2D_experimental/test/images/521.JPG,data/processed/MMOTU_OTU_2D_experimental/test/masks/521_binary.PNG
740,740.JPG,740_binary.PNG,validation,2,0,benign,test,final_validation,data/processed/MMOTU_OTU_2D_experimental/test/images/740.JPG,data/processed/MMOTU_OTU_2D_experimental/test/masks/740_binary.PNG
962,962.JPG,962_binary.PNG,validation,5,0,benign,test,final_validation,data/processed/MMOTU_OTU_2D_experimental/test/images/962.JPG,data/processed/MMOTU_OTU_2D_experimental/test/masks/962_binary.PNG
1347,1347.JPG,1347_binary.PNG,validation,0,0,benign,test,final_validation,data/processed/MMOTU_OTU_2D_experimental/test/images/1347.JPG,data/processed/MMOTU_OTU_2D_experimental/test/masks/1347_binary.PNG
1030,1030.JPG,1030_binary.PNG,validation,0,0,benign,test,final_validation,data/processed/MMOTU_OTU_2D_experimental/test/images/1030.JPG,data/processed/MMOTU_OTU_2D_experimental/test/masks/1030_binary.PNG
1140,1140.JPG,1140_binary.PNG,validation,0,0,benign,test,final_validation,data/processed/MMOTU_OTU_2D_experimental/test/images/1140.JPG,data/processed/MMOTU_OTU_2D_experimental/test/masks/1140_binary.PNG
47,47.JPG,47_binary.PNG,validation,2,0,benign,test,final_validation,data/processed/MMOTU_OTU_2D_experimental/test/images/47.JPG,data/processed/MMOTU_OTU_2D_experimental/test/masks/47_binary.PNG
162,162.JPG,162_binary.PNG,validation,0,0,benign,test,final_validation,data/processed/MMOTU_OTU_2D_experimental/test/images/162.JPG,data/processed/MMOTU_OTU_2D_experimental/test/masks/162_binary.PNG
1176,1176.JPG,1176_binary.PNG,validation,6,1,malignant,test,final_validation,data/processed/MMOTU_OTU_2D_experimental/test/images/1176.JPG,data/processed/MMOTU_OTU_2D_experimental/test/masks/1176_binary.PNG
126,126.JPG,126_binary.PNG,validation,5,0,benign,test,final_validation,data/processed/MMOTU_OTU_2D_experimental/test/images/126.JPG,data/processed/MMOTU_OTU_2D_experimental/test/masks/126_binary.PNG
21,21.JPG,21_binary.PNG,validation,6,1,malignant,test,final_validation,data/processed/MMOTU_OTU_2D_experimental/test/images/21.JPG,data/processed/MMOTU_OTU_2D_experimental/test/masks/21_binary.PNG
323,323.JPG,323_binary.PNG,validation,1,0,benign,test,final_validation,data/processed/MMOTU_OTU_2D_experimental/test/images/323.JPG,data/processed/MMOTU_OTU_2D_experimental/test/masks/323_binary.PNG
102,102.JPG,102_binary.PNG,validation,1,0,benign,test,final_validation,data/processed/MMOTU_OTU_2D_experimental/test/images/102.JPG,data/processed/MMOTU_OTU_2D_experimental/test/masks/102_binary.PNG
672,672.JPG,672_binary.PNG,validation,5,0,benign,test,final_validation,data/processed/MMOTU_OTU_2D_experimental/test/images/672.JPG,data/processed/MMOTU_OTU_2D_experimental/test/masks/672_binary.PNG
1076,1076.JPG,1076_binary.PNG,validation,2,0,benign,test,final_validation,data/processed/MMOTU_OTU_2D_experimental/test/images/1076.JPG,data/processed/MMOTU_OTU_2D_experimental/test/masks/1076_binary.PNG
1157,1157.JPG,1157_binary.PNG,validation,2,0,benign,test,final_validation,data/processed/MMOTU_OTU_2D_experimental/test/images/1157.JPG,data/processed/MMOTU_OTU_2D_experimental/test/masks/1157_binary.PNG
1104,1104.JPG,1104_binary.PNG,validation,0,0,benign,test,final_validation,data/processed/MMOTU_OTU_2D_experimental/test/images/1104.JPG,data/processed/MMOTU_OTU_2D_experimental/test/masks/1104_binary.PNG
1302,1302.JPG,1302_binary.PNG,validation,2,0,benign,test,final_validation,data/processed/MMOTU_OTU_2D_experimental/test/images/1302.JPG,data/processed/MMOTU_OTU_2D_experimental/test/masks/1302_binary.PNG
3,3.JPG,3_binary.PNG,validation,4,0,benign,test,final_validation,data/processed/MMOTU_OTU_2D_experimental/test/images/3.JPG,data/processed/MMOTU_OTU_2D_experimental/test/masks/3_binary.PNG
15,15.JPG,15_binary.PNG,validation,0,0,benign,test,final_validation,data/processed/MMOTU_OTU_2D_experimental/test/images/15.JPG,data/processed/MMOTU_OTU_2D_experimental/test/masks/15_binary.PNG
792,792.JPG,792_binary.PNG,validation,0,0,benign,test,final_validation,data/processed/MMOTU_OTU_2D_experimental/test/images/792.JPG,data/processed/MMOTU_OTU_2D_experimental/test/masks/792_binary.PNG
1230,1230.JPG,1230_binary.PNG,validation,1,0,benign,test,final_validation,data/processed/MMOTU_OTU_2D_experimental/test/images/1230.JPG,data/processed/MMOTU_OTU_2D_experimental/test/masks/1230_binary.PNG
1390,1390.JPG,1390_binary.PNG,validation,5,0,benign,test,final_validation,data/processed/MMOTU_OTU_2D_experimental/test/images/1390.JPG,data/processed/MMOTU_OTU_2D_experimental/test/masks/1390_binary.PNG
558,558.JPG,558_binary.PNG,validation,5,0,benign,test,final_validation,data/processed/MMOTU_OTU_2D_experimental/test/images/558.JPG,data/processed/MMOTU_OTU_2D_experimental/test/masks/558_binary.PNG
1340,1340.JPG,1340_binary.PNG,validation,5,0,benign,test,final_validation,data/processed/MMOTU_OTU_2D_experimental/test/images/1340.JPG,data/processed/MMOTU_OTU_2D_experimental/test/masks/1340_binary.PNG
1295,1295.JPG,1295_binary.PNG,validation,3,0,benign,test,final_validation,data/processed/MMOTU_OTU_2D_experimental/test/images/1295.JPG,data/processed/MMOTU_OTU_2D_experimental/test/masks/1295_binary.PNG
979,979.JPG,979_binary.PNG,validation,3,0,benign,test,final_validation,data/processed/MMOTU_OTU_2D_experimental/test/images/979.JPG,data/processed/MMOTU_OTU_2D_experimental/test/masks/979_binary.PNG
1469,1469.JPG,1469_binary.PNG,validation,7,1,malignant,test,final_validation,data/processed/MMOTU_OTU_2D_experimental/test/images/1469.JPG,data/processed/MMOTU_OTU_2D_experimental/test/masks/1469_binary.PNG
495,495.JPG,495_binary.PNG,validation,1,0,benign,test,final_validation,data/processed/MMOTU_OTU_2D_experimental/test/images/495.JPG,data/processed/MMOTU_OTU_2D_experimental/test/masks/495_binary.PNG
508,508.JPG,508_binary.PNG,validation,5,0,benign,test,final_validation,data/processed/MMOTU_OTU_2D_experimental/test/images/508.JPG,data/processed/MMOTU_OTU_2D_experimental/test/masks/508_binary.PNG
168,168.JPG,168_binary.PNG,validation,2,0,benign,test,final_validation,data/processed/MMOTU_OTU_2D_experimental/test/images/168.JPG,data/processed/MMOTU_OTU_2D_experimental/test/masks/168_binary.PNG
326,326.JPG,326_binary.PNG,validation,0,0,benign,test,final_validation,data/processed/MMOTU_OTU_2D_experimental/test/images/326.JPG,data/processed/MMOTU_OTU_2D_experimental/test/masks/326_binary.PNG
937,937.JPG,937_binary.PNG,validation,2,0,benign,test,final_validation,data/processed/MMOTU_OTU_2D_experimental/test/images/937.JPG,data/processed/MMOTU_OTU_2D_experimental/test/masks/937_binary.PNG
682,682.JPG,682_binary.PNG,validation,4,0,benign,test,final_validation,data/processed/MMOTU_OTU_2D_experimental/test/images/682.JPG,data/processed/MMOTU_OTU_2D_experimental/test/masks/682_binary.PNG
1317,1317.JPG,1317_binary.PNG,validation,6,1,malignant,test,final_validation,data/processed/MMOTU_OTU_2D_experimental/test/images/1317.JPG,data/processed/MMOTU_OTU_2D_experimental/test/masks/1317_binary.PNG
114,114.JPG,114_binary.PNG,validation,5,0,benign,test,final_validation,data/processed/MMOTU_OTU_2D_experimental/test/images/114.JPG,data/processed/MMOTU_OTU_2D_experimental/test/masks/114_binary.PNG
1393,1393.JPG,1393_binary.PNG,validation,5,0,benign,test,final_validation,data/processed/MMOTU_OTU_2D_experimental/test/images/1393.JPG,data/processed/MMOTU_OTU_2D_experimental/test/masks/1393_binary.PNG
965,965.JPG,965_binary.PNG,validation,5,0,benign,test,final_validation,data/processed/MMOTU_OTU_2D_experimental/test/images/965.JPG,data/processed/MMOTU_OTU_2D_experimental/test/masks/965_binary.PNG
377,377.JPG,377_binary.PNG,validation,0,0,benign,test,final_validation,data/processed/MMOTU_OTU_2D_experimental/test/images/377.JPG,data/processed/MMOTU_OTU_2D_experimental/test/masks/377_binary.PNG
644,644.JPG,644_binary.PNG,validation,0,0,benign,test,final_validation,data/processed/MMOTU_OTU_2D_experimental/test/images/644.JPG,data/processed/MMOTU_OTU_2D_experimental/test/masks/644_binary.PNG
1367,1367.JPG,1367_binary.PNG,validation,0,0,benign,test,final_validation,data/processed/MMOTU_OTU_2D_experimental/test/images/1367.JPG,data/processed/MMOTU_OTU_2D_experimental/test/masks/1367_binary.PNG
299,299.JPG,299_binary.PNG,validation,6,1,malignant,test,final_validation,data/processed/MMOTU_OTU_2D_experimental/test/images/299.JPG,data/processed/MMOTU_OTU_2D_experimental/test/masks/299_binary.PNG
870,870.JPG,870_binary.PNG,validation,2,0,benign,test,final_validation,data/processed/MMOTU_OTU_2D_experimental/test/images/870.JPG,data/processed/MMOTU_OTU_2D_experimental/test/masks/870_binary.PNG
1046,1046.JPG,1046_binary.PNG,validation,0,0,benign,test,final_validation,data/processed/MMOTU_OTU_2D_experimental/test/images/1046.JPG,data/processed/MMOTU_OTU_2D_experimental/test/masks/1046_binary.PNG
1133,1133.JPG,1133_binary.PNG,validation,3,0,benign,test,final_validation,data/processed/MMOTU_OTU_2D_experimental/test/images/1133.JPG,data/processed/MMOTU_OTU_2D_experimental/test/masks/1133_binary.PNG
1049,1049.JPG,1049_binary.PNG,validation,0,0,benign,test,final_validation,data/processed/MMOTU_OTU_2D_experimental/test/images/1049.JPG,data/processed/MMOTU_OTU_2D_experimental/test/masks/1049_binary.PNG
718,718.JPG,718_binary.PNG,validation,0,0,benign,test,final_validation,data/processed/MMOTU_OTU_2D_experimental/test/images/718.JPG,data/processed/MMOTU_OTU_2D_experimental/test/masks/718_binary.PNG
443,443.JPG,443_binary.PNG,validation,2,0,benign,test,final_validation,data/processed/MMOTU_OTU_2D_experimental/test/images/443.JPG,data/processed/MMOTU_OTU_2D_experimental/test/masks/443_binary.PNG
1073,1073.JPG,1073_binary.PNG,validation,2,0,benign,test,final_validation,data/processed/MMOTU_OTU_2D_experimental/test/images/1073.JPG,data/processed/MMOTU_OTU_2D_experimental/test/masks/1073_binary.PNG
1401,1401.JPG,1401_binary.PNG,validation,2,0,benign,test,final_validation,data/processed/MMOTU_OTU_2D_experimental/test/images/1401.JPG,data/processed/MMOTU_OTU_2D_experimental/test/masks/1401_binary.PNG
1305,1305.JPG,1305_binary.PNG,validation,2,0,benign,test,final_validation,data/processed/MMOTU_OTU_2D_experimental/test/images/1305.JPG,data/processed/MMOTU_OTU_2D_experimental/test/masks/1305_binary.PNG
136,136.JPG,136_binary.PNG,validation,5,0,benign,test,final_validation,data/processed/MMOTU_OTU_2D_experimental/test/images/136.JPG,data/processed/MMOTU_OTU_2D_experimental/test/masks/136_binary.PNG
64,64.JPG,64_binary.PNG,validation,1,0,benign,test,final_validation,data/processed/MMOTU_OTU_2D_experimental/test/images/64.JPG,data/processed/MMOTU_OTU_2D_experimental/test/masks/64_binary.PNG
1171,1171.JPG,1171_binary.PNG,validation,0,0,benign,test,final_validation,data/processed/MMOTU_OTU_2D_experimental/test/images/1171.JPG,data/processed/MMOTU_OTU_2D_experimental/test/masks/1171_binary.PNG
1365,1365.JPG,1365_binary.PNG,validation,0,0,benign,test,final_validation,data/processed/MMOTU_OTU_2D_experimental/test/images/1365.JPG,data/processed/MMOTU_OTU_2D_experimental/test/masks/1365_binary.PNG
1066,1066.JPG,1066_binary.PNG,validation,5,0,benign,test,final_validation,data/processed/MMOTU_OTU_2D_experimental/test/images/1066.JPG,data/processed/MMOTU_OTU_2D_experimental/test/masks/1066_binary.PNG
159,159.JPG,159_binary.PNG,validation,0,0,benign,test,final_validation,data/processed/MMOTU_OTU_2D_experimental/test/images/159.JPG,data/processed/MMOTU_OTU_2D_experimental/test/masks/159_binary.PNG
554,554.JPG,554_binary.PNG,validation,2,0,benign,test,final_validation,data/processed/MMOTU_OTU_2D_experimental/test/images/554.JPG,data/processed/MMOTU_OTU_2D_experimental/test/masks/554_binary.PNG
473,473.JPG,473_binary.PNG,validation,0,0,benign,test,final_validation,data/processed/MMOTU_OTU_2D_experimental/test/images/473.JPG,data/processed/MMOTU_OTU_2D_experimental/test/masks/473_binary.PNG
468,468.JPG,468_binary.PNG,validation,6,1,malignant,test,final_validation,data/processed/MMOTU_OTU_2D_experimental/test/images/468.JPG,data/processed/MMOTU_OTU_2D_experimental/test/masks/468_binary.PNG
8,8.JPG,8_binary.PNG,validation,0,0,benign,test,final_validation,data/processed/MMOTU_OTU_2D_experimental/test/images/8.JPG,data/processed/MMOTU_OTU_2D_experimental/test/masks/8_binary.PNG
1382,1382.JPG,1382_binary.PNG,validation,5,0,benign,test,final_validation,data/processed/MMOTU_OTU_2D_experimental/test/images/1382.JPG,data/processed/MMOTU_OTU_2D_experimental/test/masks/1382_binary.PNG
751,751.JPG,751_binary.PNG,validation,6,1,malignant,test,final_validation,data/processed/MMOTU_OTU_2D_experimental/test/images/751.JPG,data/processed/MMOTU_OTU_2D_experimental/test/masks/751_binary.PNG
1331,1331.JPG,1331_binary.PNG,validation,0,0,benign,test,final_validation,data/processed/MMOTU_OTU_2D_experimental/test/images/1331.JPG,data/processed/MMOTU_OTU_2D_experimental/test/masks/1331_binary.PNG
1002,1002.JPG,1002_binary.PNG,validation,5,0,benign,test,final_validation,data/processed/MMOTU_OTU_2D_experimental/test/images/1002.JPG,data/processed/MMOTU_OTU_2D_experimental/test/masks/1002_binary.PNG
1167,1167.JPG,1167_binary.PNG,validation,0,0,benign,test,final_validation,data/processed/MMOTU_OTU_2D_experimental/test/images/1167.JPG,data/processed/MMOTU_OTU_2D_experimental/test/masks/1167_binary.PNG
985,985.JPG,985_binary.PNG,validation,3,0,benign,test,final_validation,data/processed/MMOTU_OTU_2D_experimental/test/images/985.JPG,data/processed/MMOTU_OTU_2D_experimental/test/masks/985_binary.PNG
301,301.JPG,301_binary.PNG,validation,1,0,benign,test,final_validation,data/processed/MMOTU_OTU_2D_experimental/test/images/301.JPG,data/processed/MMOTU_OTU_2D_experimental/test/masks/301_binary.PNG
863,863.JPG,863_binary.PNG,validation,0,0,benign,test,final_validation,data/processed/MMOTU_OTU_2D_experimental/test/images/863.JPG,data/processed/MMOTU_OTU_2D_experimental/test/masks/863_binary.PNG
1288,1288.JPG,1288_binary.PNG,validation,0,0,benign,test,final_validation,data/processed/MMOTU_OTU_2D_experimental/test/images/1288.JPG,data/processed/MMOTU_OTU_2D_experimental/test/masks/1288_binary.PNG
868,868.JPG,868_binary.PNG,validation,0,0,benign,test,final_validation,data/processed/MMOTU_OTU_2D_experimental/test/images/868.JPG,data/processed/MMOTU_OTU_2D_experimental/test/masks/868_binary.PNG
1018,1018.JPG,1018_binary.PNG,validation,2,0,benign,test,final_validation,data/processed/MMOTU_OTU_2D_experimental/test/images/1018.JPG,data/processed/MMOTU_OTU_2D_experimental/test/masks/1018_binary.PNG
1435,1435.JPG,1435_binary.PNG,validation,7,1,malignant,test,final_validation,data/processed/MMOTU_OTU_2D_experimental/test/images/1435.JPG,data/processed/MMOTU_OTU_2D_experimental/test/masks/1435_binary.PNG
921,921.JPG,921_binary.PNG,validation,6,1,malignant,test,final_validation,data/processed/MMOTU_OTU_2D_experimental/test/images/921.JPG,data/processed/MMOTU_OTU_2D_experimental/test/masks/921_binary.PNG
514,514.JPG,514_binary.PNG,validation,5,0,benign,test,final_validation,data/processed/MMOTU_OTU_2D_experimental/test/images/514.JPG,data/processed/MMOTU_OTU_2D_experimental/test/masks/514_binary.PNG
1430,1430.JPG,1430_binary.PNG,validation,7,1,malignant,test,final_validation,data/processed/MMOTU_OTU_2D_experimental/test/images/1430.JPG,data/processed/MMOTU_OTU_2D_experimental/test/masks/1430_binary.PNG
1325,1325.JPG,1325_binary.PNG,validation,0,0,benign,test,final_validation,data/processed/MMOTU_OTU_2D_experimental/test/images/1325.JPG,data/processed/MMOTU_OTU_2D_experimental/test/masks/1325_binary.PNG
1184,1184.JPG,1184_binary.PNG,validation,3,0,benign,test,final_validation,data/processed/MMOTU_OTU_2D_experimental/test/images/1184.JPG,data/processed/MMOTU_OTU_2D_experimental/test/masks/1184_binary.PNG
1143,1143.JPG,1143_binary.PNG,validation,0,0,benign,test,final_validation,data/processed/MMOTU_OTU_2D_experimental/test/images/1143.JPG,data/processed/MMOTU_OTU_2D_experimental/test/masks/1143_binary.PNG
453,453.JPG,453_binary.PNG,validation,0,0,benign,test,final_validation,data/processed/MMOTU_OTU_2D_experimental/test/images/453.JPG,data/processed/MMOTU_OTU_2D_experimental/test/masks/453_binary.PNG
1381,1381.JPG,1381_binary.PNG,validation,1,0,benign,test,final_validation,data/processed/MMOTU_OTU_2D_experimental/test/images/1381.JPG,data/processed/MMOTU_OTU_2D_experimental/test/masks/1381_binary.PNG
936,936.JPG,936_binary.PNG,validation,2,0,benign,test,final_validation,data/processed/MMOTU_OTU_2D_experimental/test/images/936.JPG,data/processed/MMOTU_OTU_2D_experimental/test/masks/936_binary.PNG
333,333.JPG,333_binary.PNG,validation,0,0,benign,test,final_validation,data/processed/MMOTU_OTU_2D_experimental/test/images/333.JPG,data/processed/MMOTU_OTU_2D_experimental/test/masks/333_binary.PNG
134,134.JPG,134_binary.PNG,validation,5,0,benign,test,final_validation,data/processed/MMOTU_OTU_2D_experimental/test/images/134.JPG,data/processed/MMOTU_OTU_2D_experimental/test/masks/134_binary.PNG
944,944.JPG,944_binary.PNG,validation,2,0,benign,test,final_validation,data/processed/MMOTU_OTU_2D_experimental/test/images/944.JPG,data/processed/MMOTU_OTU_2D_experimental/test/masks/944_binary.PNG
412,412.JPG,412_binary.PNG,validation,6,1,malignant,test,final_validation,data/processed/MMOTU_OTU_2D_experimental/test/images/412.JPG,data/processed/MMOTU_OTU_2D_experimental/test/masks/412_binary.PNG
220,220.JPG,220_binary.PNG,validation,0,0,benign,test,final_validation,data/processed/MMOTU_OTU_2D_experimental/test/images/220.JPG,data/processed/MMOTU_OTU_2D_experimental/test/masks/220_binary.PNG
1336,1336.JPG,1336_binary.PNG,validation,2,0,benign,test,final_validation,data/processed/MMOTU_OTU_2D_experimental/test/images/1336.JPG,data/processed/MMOTU_OTU_2D_experimental/test/masks/1336_binary.PNG
872,872.JPG,872_binary.PNG,validation,2,0,benign,test,final_validation,data/processed/MMOTU_OTU_2D_experimental/test/images/872.JPG,data/processed/MMOTU_OTU_2D_experimental/test/masks/872_binary.PNG
306,306.JPG,306_binary.PNG,validation,2,0,benign,test,final_validation,data/processed/MMOTU_OTU_2D_experimental/test/images/306.JPG,data/processed/MMOTU_OTU_2D_experimental/test/masks/306_binary.PNG
504,504.JPG,504_binary.PNG,validation,2,0,benign,test,final_validation,data/processed/MMOTU_OTU_2D_experimental/test/images/504.JPG,data/processed/MMOTU_OTU_2D_experimental/test/masks/504_binary.PNG
336,336.JPG,336_binary.PNG,validation,2,0,benign,test,final_validation,data/processed/MMOTU_OTU_2D_experimental/test/images/336.JPG,data/processed/MMOTU_OTU_2D_experimental/test/masks/336_binary.PNG
1244,1244.JPG,1244_binary.PNG,validation,2,0,benign,test,final_validation,data/processed/MMOTU_OTU_2D_experimental/test/images/1244.JPG,data/processed/MMOTU_OTU_2D_experimental/test/masks/1244_binary.PNG
837,837.JPG,837_binary.PNG,validation,3,0,benign,test,final_validation,data/processed/MMOTU_OTU_2D_experimental/test/images/837.JPG,data/processed/MMOTU_OTU_2D_experimental/test/masks/837_binary.PNG
732,732.JPG,732_binary.PNG,validation,0,0,benign,test,final_validation,data/processed/MMOTU_OTU_2D_experimental/test/images/732.JPG,data/processed/MMOTU_OTU_2D_experimental/test/masks/732_binary.PNG
1308,1308.JPG,1308_binary.PNG,validation,0,0,benign,test,final_validation,data/processed/MMOTU_OTU_2D_experimental/test/images/1308.JPG,data/processed/MMOTU_OTU_2D_experimental/test/masks/1308_binary.PNG
315,315.JPG,315_binary.PNG,validation,0,0,benign,test,final_validation,data/processed/MMOTU_OTU_2D_experimental/test/images/315.JPG,data/processed/MMOTU_OTU_2D_experimental/test/masks/315_binary.PNG
585,585.JPG,585_binary.PNG,validation,2,0,benign,test,final_validation,data/processed/MMOTU_OTU_2D_experimental/test/images/585.JPG,data/processed/MMOTU_OTU_2D_experimental/test/masks/585_binary.PNG
163,163.JPG,163_binary.PNG,validation,0,0,benign,test,final_validation,data/processed/MMOTU_OTU_2D_experimental/test/images/163.JPG,data/processed/MMOTU_OTU_2D_experimental/test/masks/163_binary.PNG
1273,1273.JPG,1273_binary.PNG,validation,1,0,benign,test,final_validation,data/processed/MMOTU_OTU_2D_experimental/test/images/1273.JPG,data/processed/MMOTU_OTU_2D_experimental/test/masks/1273_binary.PNG
1134,1134.JPG,1134_binary.PNG,validation,3,0,benign,test,final_validation,data/processed/MMOTU_OTU_2D_experimental/test/images/1134.JPG,data/processed/MMOTU_OTU_2D_experimental/test/masks/1134_binary.PNG
661,661.JPG,661_binary.PNG,validation,5,0,benign,test,final_validation,data/processed/MMOTU_OTU_2D_experimental/test/images/661.JPG,data/processed/MMOTU_OTU_2D_experimental/test/masks/661_binary.PNG
1427,1427.JPG,1427_binary.PNG,validation,7,1,malignant,test,final_validation,data/processed/MMOTU_OTU_2D_experimental/test/images/1427.JPG,data/processed/MMOTU_OTU_2D_experimental/test/masks/1427_binary.PNG
1024,1024.JPG,1024_binary.PNG,validation,0,0,benign,test,final_validation,data/processed/MMOTU_OTU_2D_experimental/test/images/1024.JPG,data/processed/MMOTU_OTU_2D_experimental/test/masks/1024_binary.PNG
237,237.JPG,237_binary.PNG,validation,2,0,benign,test,final_validation,data/processed/MMOTU_OTU_2D_experimental/test/images/237.JPG,data/processed/MMOTU_OTU_2D_experimental/test/masks/237_binary.PNG
206,206.JPG,206_binary.PNG,validation,0,0,benign,test,final_validation,data/processed/MMOTU_OTU_2D_experimental/test/images/206.JPG,data/processed/MMOTU_OTU_2D_experimental/test/masks/206_binary.PNG
1062,1062.JPG,1062_binary.PNG,validation,0,0,benign,test,final_validation,data/processed/MMOTU_OTU_2D_experimental/test/images/1062.JPG,data/processed/MMOTU_OTU_2D_experimental/test/masks/1062_binary.PNG
350,350.JPG,350_binary.PNG,validation,2,0,benign,test,final_validation,data/processed/MMOTU_OTU_2D_experimental/test/images/350.JPG,data/processed/MMOTU_OTU_2D_experimental/test/masks/350_binary.PNG
429,429.JPG,429_binary.PNG,validation,3,0,benign,test,final_validation,data/processed/MMOTU_OTU_2D_experimental/test/images/429.JPG,data/processed/MMOTU_OTU_2D_experimental/test/masks/429_binary.PNG
71,71.JPG,71_binary.PNG,validation,0,0,benign,test,final_validation,data/processed/MMOTU_OTU_2D_experimental/test/images/71.JPG,data/processed/MMOTU_OTU_2D_experimental/test/masks/71_binary.PNG
627,627.JPG,627_binary.PNG,validation,3,0,benign,test,final_validation,data/processed/MMOTU_OTU_2D_experimental/test/images/627.JPG,data/processed/MMOTU_OTU_2D_experimental/test/masks/627_binary.PNG
354,354.JPG,354_binary.PNG,validation,3,0,benign,test,final_validation,data/processed/MMOTU_OTU_2D_experimental/test/images/354.JPG,data/processed/MMOTU_OTU_2D_experimental/test/masks/354_binary.PNG
1014,1014.JPG,1014_binary.PNG,validation,5,0,benign,test,final_validation,data/processed/MMOTU_OTU_2D_experimental/test/images/1014.JPG,data/processed/MMOTU_OTU_2D_experimental/test/masks/1014_binary.PNG
431,431.JPG,431_binary.PNG,validation,3,0,benign,test,final_validation,data/processed/MMOTU_OTU_2D_experimental/test/images/431.JPG,data/processed/MMOTU_OTU_2D_experimental/test/masks/431_binary.PNG
694,694.JPG,694_binary.PNG,validation,6,1,malignant,test,final_validation,data/processed/MMOTU_OTU_2D_experimental/test/images/694.JPG,data/processed/MMOTU_OTU_2D_experimental/test/masks/694_binary.PNG
1354,1354.JPG,1354_binary.PNG,validation,1,0,benign,test,final_validation,data/processed/MMOTU_OTU_2D_experimental/test/images/1354.JPG,data/processed/MMOTU_OTU_2D_experimental/test/masks/1354_binary.PNG
225,225.JPG,225_binary.PNG,validation,6,1,malignant,test,final_validation,data/processed/MMOTU_OTU_2D_experimental/test/images/225.JPG,data/processed/MMOTU_OTU_2D_experimental/test/masks/225_binary.PNG
1179,1179.JPG,1179_binary.PNG,validation,5,0,benign,test,final_validation,data/processed/MMOTU_OTU_2D_experimental/test/images/1179.JPG,data/processed/MMOTU_OTU_2D_experimental/test/masks/1179_binary.PNG
254,254.JPG,254_binary.PNG,validation,1,0,benign,test,final_validation,data/processed/MMOTU_OTU_2D_experimental/test/images/254.JPG,data/processed/MMOTU_OTU_2D_experimental/test/masks/254_binary.PNG
1267,1267.JPG,1267_binary.PNG,validation,5,0,benign,test,final_validation,data/processed/MMOTU_OTU_2D_experimental/test/images/1267.JPG,data/processed/MMOTU_OTU_2D_experimental/test/masks/1267_binary.PNG
791,791.JPG,791_binary.PNG,validation,0,0,benign,test,final_validation,data/processed/MMOTU_OTU_2D_experimental/test/images/791.JPG,data/processed/MMOTU_OTU_2D_experimental/test/masks/791_binary.PNG
1468,1468.JPG,1468_binary.PNG,validation,7,1,malignant,test,final_validation,data/processed/MMOTU_OTU_2D_experimental/test/images/1468.JPG,data/processed/MMOTU_OTU_2D_experimental/test/masks/1468_binary.PNG
1224,1224.JPG,1224_binary.PNG,validation,2,0,benign,test,final_validation,data/processed/MMOTU_OTU_2D_experimental/test/images/1224.JPG,data/processed/MMOTU_OTU_2D_experimental/test/masks/1224_binary.PNG
281,281.JPG,281_binary.PNG,validation,6,1,malignant,test,final_validation,data/processed/MMOTU_OTU_2D_experimental/test/images/281.JPG,data/processed/MMOTU_OTU_2D_experimental/test/masks/281_binary.PNG
344,344.JPG,344_binary.PNG,validation,1,0,benign,test,final_validation,data/processed/MMOTU_OTU_2D_experimental/test/images/344.JPG,data/processed/MMOTU_OTU_2D_experimental/test/masks/344_binary.PNG
1132,1132.JPG,1132_binary.PNG,validation,4,0,benign,test,final_validation,data/processed/MMOTU_OTU_2D_experimental/test/images/1132.JPG,data/processed/MMOTU_OTU_2D_experimental/test/masks/1132_binary.PNG
1311,1311.JPG,1311_binary.PNG,validation,2,0,benign,test,final_validation,data/processed/MMOTU_OTU_2D_experimental/test/images/1311.JPG,data/processed/MMOTU_OTU_2D_experimental/test/masks/1311_binary.PNG
1357,1357.JPG,1357_binary.PNG,validation,1,0,benign,test,final_validation,data/processed/MMOTU_OTU_2D_experimental/test/images/1357.JPG,data/processed/MMOTU_OTU_2D_experimental/test/masks/1357_binary.PNG
227,227.JPG,227_binary.PNG,validation,6,1,malignant,test,final_validation,data/processed/MMOTU_OTU_2D_experimental/test/images/227.JPG,data/processed/MMOTU_OTU_2D_experimental/test/masks/227_binary.PNG
295,295.JPG,295_binary.PNG,validation,0,0,benign,test,final_validation,data/processed/MMOTU_OTU_2D_experimental/test/images/295.JPG,data/processed/MMOTU_OTU_2D_experimental/test/masks/295_binary.PNG
573,573.JPG,573_binary.PNG,validation,5,0,benign,test,final_validation,data/processed/MMOTU_OTU_2D_experimental/test/images/573.JPG,data/processed/MMOTU_OTU_2D_experimental/test/masks/573_binary.PNG
649,649.JPG,649_binary.PNG,validation,5,0,benign,test,final_validation,data/processed/MMOTU_OTU_2D_experimental/test/images/649.JPG,data/processed/MMOTU_OTU_2D_experimental/test/masks/649_binary.PNG
217,217.JPG,217_binary.PNG,validation,5,0,benign,test,final_validation,data/processed/MMOTU_OTU_2D_experimental/test/images/217.JPG,data/processed/MMOTU_OTU_2D_experimental/test/masks/217_binary.PNG
610,610.JPG,610_binary.PNG,validation,3,0,benign,test,final_validation,data/processed/MMOTU_OTU_2D_experimental/test/images/610.JPG,data/processed/MMOTU_OTU_2D_experimental/test/masks/610_binary.PNG
1122,1122.JPG,1122_binary.PNG,validation,1,0,benign,test,final_validation,data/processed/MMOTU_OTU_2D_experimental/test/images/1122.JPG,data/processed/MMOTU_OTU_2D_experimental/test/masks/1122_binary.PNG
806,806.JPG,806_binary.PNG,validation,5,0,benign,test,final_validation,data/processed/MMOTU_OTU_2D_experimental/test/images/806.JPG,data/processed/MMOTU_OTU_2D_experimental/test/masks/806_binary.PNG
1360,1360.JPG,1360_binary.PNG,validation,5,0,benign,test,final_validation,data/processed/MMOTU_OTU_2D_experimental/test/images/1360.JPG,data/processed/MMOTU_OTU_2D_experimental/test/masks/1360_binary.PNG
947,947.JPG,947_binary.PNG,validation,2,0,benign,test,final_validation,data/processed/MMOTU_OTU_2D_experimental/test/images/947.JPG,data/processed/MMOTU_OTU_2D_experimental/test/masks/947_binary.PNG
966,966.JPG,966_binary.PNG,validation,1,0,benign,test,final_validation,data/processed/MMOTU_OTU_2D_experimental/test/images/966.JPG,data/processed/MMOTU_OTU_2D_experimental/test/masks/966_binary.PNG
923,923.JPG,923_binary.PNG,validation,5,0,benign,test,final_validation,data/processed/MMOTU_OTU_2D_experimental/test/images/923.JPG,data/processed/MMOTU_OTU_2D_experimental/test/masks/923_binary.PNG
882,882.JPG,882_binary.PNG,validation,0,0,benign,test,final_validation,data/processed/MMOTU_OTU_2D_experimental/test/images/882.JPG,data/processed/MMOTU_OTU_2D_experimental/test/masks/882_binary.PNG
1190,1190.JPG,1190_binary.PNG,validation,0,0,benign,test,final_validation,data/processed/MMOTU_OTU_2D_experimental/test/images/1190.JPG,data/processed/MMOTU_OTU_2D_experimental/test/masks/1190_binary.PNG
179,179.JPG,179_binary.PNG,validation,4,0,benign,test,final_validation,data/processed/MMOTU_OTU_2D_experimental/test/images/179.JPG,data/processed/MMOTU_OTU_2D_experimental/test/masks/179_binary.PNG
383,383.JPG,383_binary.PNG,validation,3,0,benign,test,final_validation,data/processed/MMOTU_OTU_2D_experimental/test/images/383.JPG,data/processed/MMOTU_OTU_2D_experimental/test/masks/383_binary.PNG
248,248.JPG,248_binary.PNG,validation,1,0,benign,test,final_validation,data/processed/MMOTU_OTU_2D_experimental/test/images/248.JPG,data/processed/MMOTU_OTU_2D_experimental/test/masks/248_binary.PNG
269,269.JPG,269_binary.PNG,validation,2,0,benign,test,final_validation,data/processed/MMOTU_OTU_2D_experimental/test/images/269.JPG,data/processed/MMOTU_OTU_2D_experimental/test/masks/269_binary.PNG
906,906.JPG,906_binary.PNG,validation,0,0,benign,test,final_validation,data/processed/MMOTU_OTU_2D_experimental/test/images/906.JPG,data/processed/MMOTU_OTU_2D_experimental/test/masks/906_binary.PNG
1078,1078.JPG,1078_binary.PNG,validation,5,0,benign,test,final_validation,data/processed/MMOTU_OTU_2D_experimental/test/images/1078.JPG,data/processed/MMOTU_OTU_2D_experimental/test/masks/1078_binary.PNG
877,877.JPG,877_binary.PNG,validation,4,0,benign,test,final_validation,data/processed/MMOTU_OTU_2D_experimental/test/images/877.JPG,data/processed/MMOTU_OTU_2D_experimental/test/masks/877_binary.PNG
925,925.JPG,925_binary.PNG,validation,2,0,benign,test,final_validation,data/processed/MMOTU_OTU_2D_experimental/test/images/925.JPG,data/processed/MMOTU_OTU_2D_experimental/test/masks/925_binary.PNG
640,640.JPG,640_binary.PNG,validation,0,0,benign,test,final_validation,data/processed/MMOTU_OTU_2D_experimental/test/images/640.JPG,data/processed/MMOTU_OTU_2D_experimental/test/masks/640_binary.PNG
137,137.JPG,137_binary.PNG,validation,1,0,benign,test,final_validation,data/processed/MMOTU_OTU_2D_experimental/test/images/137.JPG,data/processed/MMOTU_OTU_2D_experimental/test/masks/137_binary.PNG
810,810.JPG,810_binary.PNG,validation,2,0,benign,test,final_validation,data/processed/MMOTU_OTU_2D_experimental/test/images/810.JPG,data/processed/MMOTU_OTU_2D_experimental/test/masks/810_binary.PNG
1124,1124.JPG,1124_binary.PNG,validation,1,0,benign,test,final_validation,data/processed/MMOTU_OTU_2D_experimental/test/images/1124.JPG,data/processed/MMOTU_OTU_2D_experimental/test/masks/1124_binary.PNG
1173,1173.JPG,1173_binary.PNG,validation,6,1,malignant,test,final_validation,data/processed/MMOTU_OTU_2D_experimental/test/images/1173.JPG,data/processed/MMOTU_OTU_2D_experimental/test/masks/1173_binary.PNG
1232,1232.JPG,1232_binary.PNG,validation,1,0,benign,test,final_validation,data/processed/MMOTU_OTU_2D_experimental/test/images/1232.JPG,data/processed/MMOTU_OTU_2D_experimental/test/masks/1232_binary.PNG
325,325.JPG,325_binary.PNG,validation,1,0,benign,test,final_validation,data/processed/MMOTU_OTU_2D_experimental/test/images/325.JPG,data/processed/MMOTU_OTU_2D_experimental/test/masks/325_binary.PNG
1335,1335.JPG,1335_binary.PNG,validation,2,0,benign,test,final_validation,data/processed/MMOTU_OTU_2D_experimental/test/images/1335.JPG,data/processed/MMOTU_OTU_2D_experimental/test/masks/1335_binary.PNG
511,511.JPG,511_binary.PNG,validation,2,0,benign,test,final_validation,data/processed/MMOTU_OTU_2D_experimental/test/images/511.JPG,data/processed/MMOTU_OTU_2D_experimental/test/masks/511_binary.PNG
1088,1088.JPG,1088_binary.PNG,validation,6,1,malignant,test,final_validation,data/processed/MMOTU_OTU_2D_experimental/test/images/1088.JPG,data/processed/MMOTU_OTU_2D_experimental/test/masks/1088_binary.PNG
701,701.JPG,701_binary.PNG,validation,6,1,malignant,test,final_validation,data/processed/MMOTU_OTU_2D_experimental/test/images/701.JPG,data/processed/MMOTU_OTU_2D_experimental/test/masks/701_binary.PNG
817,817.JPG,817_binary.PNG,validation,2,0,benign,test,final_validation,data/processed/MMOTU_OTU_2D_experimental/test/images/817.JPG,data/processed/MMOTU_OTU_2D_experimental/test/masks/817_binary.PNG
856,856.JPG,856_binary.PNG,validation,2,0,benign,test,final_validation,data/processed/MMOTU_OTU_2D_experimental/test/images/856.JPG,data/processed/MMOTU_OTU_2D_experimental/test/masks/856_binary.PNG
1410,1410.JPG,1410_binary.PNG,validation,2,0,benign,test,final_validation,data/processed/MMOTU_OTU_2D_experimental/test/images/1410.JPG,data/processed/MMOTU_OTU_2D_experimental/test/masks/1410_binary.PNG
890,890.JPG,890_binary.PNG,validation,5,0,benign,test,final_validation,data/processed/MMOTU_OTU_2D_experimental/test/images/890.JPG,data/processed/MMOTU_OTU_2D_experimental/test/masks/890_binary.PNG
441,441.JPG,441_binary.PNG,validation,2,0,benign,test,final_validation,data/processed/MMOTU_OTU_2D_experimental/test/images/441.JPG,data/processed/MMOTU_OTU_2D_experimental/test/masks/441_binary.PNG
352,352.JPG,352_binary.PNG,validation,3,0,benign,test,final_validation,data/processed/MMOTU_OTU_2D_experimental/test/images/352.JPG,data/processed/MMOTU_OTU_2D_experimental/test/masks/352_binary.PNG
614,614.JPG,614_binary.PNG,validation,1,0,benign,test,final_validation,data/processed/MMOTU_OTU_2D_experimental/test/images/614.JPG,data/processed/MMOTU_OTU_2D_experimental/test/masks/614_binary.PNG
268,268.JPG,268_binary.PNG,validation,2,0,benign,test,final_validation,data/processed/MMOTU_OTU_2D_experimental/test/images/268.JPG,data/processed/MMOTU_OTU_2D_experimental/test/masks/268_binary.PNG
1467,1467.JPG,1467_binary.PNG,validation,7,1,malignant,test,final_validation,data/processed/MMOTU_OTU_2D_experimental/test/images/1467.JPG,data/processed/MMOTU_OTU_2D_experimental/test/masks/1467_binary.PNG
793,793.JPG,793_binary.PNG,validation,6,1,malignant,test,final_validation,data/processed/MMOTU_OTU_2D_experimental/test/images/793.JPG,data/processed/MMOTU_OTU_2D_experimental/test/masks/793_binary.PNG
1091,1091.JPG,1091_binary.PNG,validation,0,0,benign,test,final_validation,data/processed/MMOTU_OTU_2D_experimental/test/images/1091.JPG,data/processed/MMOTU_OTU_2D_experimental/test/masks/1091_binary.PNG
240,240.JPG,240_binary.PNG,validation,0,0,benign,test,final_validation,data/processed/MMOTU_OTU_2D_experimental/test/images/240.JPG,data/processed/MMOTU_OTU_2D_experimental/test/masks/240_binary.PNG
1373,1373.JPG,1373_binary.PNG,validation,2,0,benign,test,final_validation,data/processed/MMOTU_OTU_2D_experimental/test/images/1373.JPG,data/processed/MMOTU_OTU_2D_experimental/test/masks/1373_binary.PNG
1369,1369.JPG,1369_binary.PNG,validation,0,0,benign,test,final_validation,data/processed/MMOTU_OTU_2D_experimental/test/images/1369.JPG,data/processed/MMOTU_OTU_2D_experimental/test/masks/1369_binary.PNG
1359,1359.JPG,1359_binary.PNG,validation,5,0,benign,test,final_validation,data/processed/MMOTU_OTU_2D_experimental/test/images/1359.JPG,data/processed/MMOTU_OTU_2D_experimental/test/masks/1359_binary.PNG
1217,1217.JPG,1217_binary.PNG,validation,0,0,benign,test,final_validation,data/processed/MMOTU_OTU_2D_experimental/test/images/1217.JPG,data/processed/MMOTU_OTU_2D_experimental/test/masks/1217_binary.PNG
735,735.JPG,735_binary.PNG,validation,0,0,benign,test,final_validation,data/processed/MMOTU_OTU_2D_experimental/test/images/735.JPG,data/processed/MMOTU_OTU_2D_experimental/test/masks/735_binary.PNG
339,339.JPG,339_binary.PNG,validation,1,0,benign,test,final_validation,data/processed/MMOTU_OTU_2D_experimental/test/images/339.JPG,data/processed/MMOTU_OTU_2D_experimental/test/masks/339_binary.PNG
399,399.JPG,399_binary.PNG,validation,2,0,benign,test,final_validation,data/processed/MMOTU_OTU_2D_experimental/test/images/399.JPG,data/processed/MMOTU_OTU_2D_experimental/test/masks/399_binary.PNG
1025,1025.JPG,1025_binary.PNG,validation,0,0,benign,test,final_validation,data/processed/MMOTU_OTU_2D_experimental/test/images/1025.JPG,data/processed/MMOTU_OTU_2D_experimental/test/masks/1025_binary.PNG
844,844.JPG,844_binary.PNG,validation,0,0,benign,test,final_validation,data/processed/MMOTU_OTU_2D_experimental/test/images/844.JPG,data/processed/MMOTU_OTU_2D_experimental/test/masks/844_binary.PNG
155,155.JPG,155_binary.PNG,validation,5,0,benign,test,final_validation,data/processed/MMOTU_OTU_2D_experimental/test/images/155.JPG,data/processed/MMOTU_OTU_2D_experimental/test/masks/155_binary.PNG
370,370.JPG,370_binary.PNG,validation,3,0,benign,test,final_validation,data/processed/MMOTU_OTU_2D_experimental/test/images/370.JPG,data/processed/MMOTU_OTU_2D_experimental/test/masks/370_binary.PNG
313,313.JPG,313_binary.PNG,validation,0,0,benign,test,final_validation,data/processed/MMOTU_OTU_2D_experimental/test/images/313.JPG,data/processed/MMOTU_OTU_2D_experimental/test/masks/313_binary.PNG
602,602.JPG,602_binary.PNG,validation,5,0,benign,test,final_validation,data/processed/MMOTU_OTU_2D_experimental/test/images/602.JPG,data/processed/MMOTU_OTU_2D_experimental/test/masks/602_binary.PNG
656,656.JPG,656_binary.PNG,validation,2,0,benign,test,final_validation,data/processed/MMOTU_OTU_2D_experimental/test/images/656.JPG,data/processed/MMOTU_OTU_2D_experimental/test/masks/656_binary.PNG
1364,1364.JPG,1364_binary.PNG,validation,5,0,benign,test,final_validation,data/processed/MMOTU_OTU_2D_experimental/test/images/1364.JPG,data/processed/MMOTU_OTU_2D_experimental/test/masks/1364_binary.PNG
623,623.JPG,623_binary.PNG,validation,3,0,benign,test,final_validation,data/processed/MMOTU_OTU_2D_experimental/test/images/623.JPG,data/processed/MMOTU_OTU_2D_experimental/test/masks/623_binary.PNG
12,12.JPG,12_binary.PNG,validation,0,0,benign,test,final_validation,data/processed/MMOTU_OTU_2D_experimental/test/images/12.JPG,data/processed/MMOTU_OTU_2D_experimental/test/masks/12_binary.PNG
1271,1271.JPG,1271_binary.PNG,validation,1,0,benign,test,final_validation,data/processed/MMOTU_OTU_2D_experimental/test/images/1271.JPG,data/processed/MMOTU_OTU_2D_experimental/test/masks/1271_binary.PNG
36,36.JPG,36_binary.PNG,validation,0,0,benign,test,final_validation,data/processed/MMOTU_OTU_2D_experimental/test/images/36.JPG,data/processed/MMOTU_OTU_2D_experimental/test/masks/36_binary.PNG
864,864.JPG,864_binary.PNG,validation,2,0,benign,test,final_validation,data/processed/MMOTU_OTU_2D_experimental/test/images/864.JPG,data/processed/MMOTU_OTU_2D_experimental/test/masks/864_binary.PNG
743,743.JPG,743_binary.PNG,validation,2,0,benign,test,final_validation,data/processed/MMOTU_OTU_2D_experimental/test/images/743.JPG,data/processed/MMOTU_OTU_2D_experimental/test/masks/743_binary.PNG
595,595.JPG,595_binary.PNG,validation,1,0,benign,test,final_validation,data/processed/MMOTU_OTU_2D_experimental/test/images/595.JPG,data/processed/MMOTU_OTU_2D_experimental/test/masks/595_binary.PNG
474,474.JPG,474_binary.PNG,validation,2,0,benign,test,final_validation,data/processed/MMOTU_OTU_2D_experimental/test/images/474.JPG,data/processed/MMOTU_OTU_2D_experimental/test/masks/474_binary.PNG
703,703.JPG,703_binary.PNG,validation,6,1,malignant,test,final_validation,data/processed/MMOTU_OTU_2D_experimental/test/images/703.JPG,data/processed/MMOTU_OTU_2D_experimental/test/masks/703_binary.PNG
1460,1460.JPG,1460_binary.PNG,validation,7,1,malignant,test,final_validation,data/processed/MMOTU_OTU_2D_experimental/test/images/1460.JPG,data/processed/MMOTU_OTU_2D_experimental/test/masks/1460_binary.PNG
112,112.JPG,112_binary.PNG,validation,5,0,benign,test,final_validation,data/processed/MMOTU_OTU_2D_experimental/test/images/112.JPG,data/processed/MMOTU_OTU_2D_experimental/test/masks/112_binary.PNG
201,201.JPG,201_binary.PNG,validation,5,0,benign,test,final_validation,data/processed/MMOTU_OTU_2D_experimental/test/images/201.JPG,data/processed/MMOTU_OTU_2D_experimental/test/masks/201_binary.PNG
345,345.JPG,345_binary.PNG,validation,1,0,benign,test,final_validation,data/processed/MMOTU_OTU_2D_experimental/test/images/345.JPG,data/processed/MMOTU_OTU_2D_experimental/test/masks/345_binary.PNG
917,917.JPG,917_binary.PNG,validation,2,0,benign,test,final_validation,data/processed/MMOTU_OTU_2D_experimental/test/images/917.JPG,data/processed/MMOTU_OTU_2D_experimental/test/masks/917_binary.PNG
945,945.JPG,945_binary.PNG,validation,2,0,benign,test,final_validation,data/processed/MMOTU_OTU_2D_experimental/test/images/945.JPG,data/processed/MMOTU_OTU_2D_experimental/test/masks/945_binary.PNG
1254,1254.JPG,1254_binary.PNG,validation,0,0,benign,test,final_validation,data/processed/MMOTU_OTU_2D_experimental/test/images/1254.JPG,data/processed/MMOTU_OTU_2D_experimental/test/masks/1254_binary.PNG
1315,1315.JPG,1315_binary.PNG,validation,5,0,benign,test,final_validation,data/processed/MMOTU_OTU_2D_experimental/test/images/1315.JPG,data/processed/MMOTU_OTU_2D_experimental/test/masks/1315_binary.PNG
356,356.JPG,356_binary.PNG,validation,3,0,benign,test,final_validation,data/processed/MMOTU_OTU_2D_experimental/test/images/356.JPG,data/processed/MMOTU_OTU_2D_experimental/test/masks/356_binary.PNG
532,532.JPG,532_binary.PNG,validation,2,0,benign,test,final_validation,data/processed/MMOTU_OTU_2D_experimental/test/images/532.JPG,data/processed/MMOTU_OTU_2D_experimental/test/masks/532_binary.PNG
180,180.JPG,180_binary.PNG,validation,2,0,benign,test,final_validation,data/processed/MMOTU_OTU_2D_experimental/test/images/180.JPG,data/processed/MMOTU_OTU_2D_experimental/test/masks/180_binary.PNG
394,394.JPG,394_binary.PNG,validation,0,0,benign,test,final_validation,data/processed/MMOTU_OTU_2D_experimental/test/images/394.JPG,data/processed/MMOTU_OTU_2D_experimental/test/masks/394_binary.PNG
1096,1096.JPG,1096_binary.PNG,validation,0,0,benign,test,final_validation,data/processed/MMOTU_OTU_2D_experimental/test/images/1096.JPG,data/processed/MMOTU_OTU_2D_experimental/test/masks/1096_binary.PNG
551,551.JPG,551_binary.PNG,validation,5,0,benign,test,final_validation,data/processed/MMOTU_OTU_2D_experimental/test/images/551.JPG,data/processed/MMOTU_OTU_2D_experimental/test/masks/551_binary.PNG
1086,1086.JPG,1086_binary.PNG,validation,2,0,benign,test,final_validation,data/processed/MMOTU_OTU_2D_experimental/test/images/1086.JPG,data/processed/MMOTU_OTU_2D_experimental/test/masks/1086_binary.PNG
457,457.JPG,457_binary.PNG,validation,1,0,benign,test,final_validation,data/processed/MMOTU_OTU_2D_experimental/test/images/457.JPG,data/processed/MMOTU_OTU_2D_experimental/test/masks/457_binary.PNG
488,488.JPG,488_binary.PNG,validation,2,0,benign,test,final_validation,data/processed/MMOTU_OTU_2D_experimental/test/images/488.JPG,data/processed/MMOTU_OTU_2D_experimental/test/masks/488_binary.PNG
164,164.JPG,164_binary.PNG,validation,2,0,benign,test,final_validation,data/processed/MMOTU_OTU_2D_experimental/test/images/164.JPG,data/processed/MMOTU_OTU_2D_experimental/test/masks/164_binary.PNG
1319,1319.JPG,1319_binary.PNG,validation,6,1,malignant,test,final_validation,data/processed/MMOTU_OTU_2D_experimental/test/images/1319.JPG,data/processed/MMOTU_OTU_2D_experimental/test/masks/1319_binary.PNG
957,957.JPG,957_binary.PNG,validation,5,0,benign,test,final_validation,data/processed/MMOTU_OTU_2D_experimental/test/images/957.JPG,data/processed/MMOTU_OTU_2D_experimental/test/masks/957_binary.PNG
1404,1404.JPG,1404_binary.PNG,validation,5,0,benign,test,final_validation,data/processed/MMOTU_OTU_2D_experimental/test/images/1404.JPG,data/processed/MMOTU_OTU_2D_experimental/test/masks/1404_binary.PNG
934,934.JPG,934_binary.PNG,validation,2,0,benign,test,final_validation,data/processed/MMOTU_OTU_2D_experimental/test/images/934.JPG,data/processed/MMOTU_OTU_2D_experimental/test/masks/934_binary.PNG
